{"clustering_alg": {"affinity_propagation": {"clustering": {"adjusted_mutual_info_score": 0.32126509948274146, "adjusted_rand_score": 0.027453400155237073, "completeness_score": 0.21133586462104956, "fowlkes_mallows_score": 0.12729641240179113, "homogeneity_score": 0.7734060498718796, "v_measure_score": 0.3319619767317173}, "classification": {"f1_score": 0.0002380691564730587, "hamming_loss": 0.9944, "jaccard_score": 0.00012069977279419703, "accuracy_score": 0.0056, "recall_score": 0.00012095691753530426, "precision_score": 0.007714951154816588}, "found_clusters": 164, "expected_clusters": 4, "time": 46.651}, "agglomerative": {"clustering": {"adjusted_mutual_info_score": 0.44934642716368095, "adjusted_rand_score": 0.40678917338233084, "completeness_score": 0.45204905036754023, "fowlkes_mallows_score": 0.5585795892695113, "homogeneity_score": 0.44738979605877405, "v_measure_score": 0.44970735532727474}, "classification": {"f1_score": 0.6162663253665288, "hamming_loss": 0.3726, "jaccard_score": 0.4696440868951658, "accuracy_score": 0.6274, "recall_score": 0.6223755504452174, "precision_score": 0.6322676881224514}, "found_clusters": 4, "expected_clusters": 4, "time": 1.1101}, "birch": {"clustering": {"adjusted_mutual_info_score": 0.44025684049951624, "adjusted_rand_score": 0.3623804581348215, "completeness_score": 0.5178661781243887, "fowlkes_mallows_score": 0.5667477548358361, "homogeneity_score": 0.38330063460928204, "v_measure_score": 0.4405364953811844}, "classification": {"f1_score": 0.19716929799941604, "hamming_loss": 0.7562, "jaccard_score": 0.1420160014764192, "accuracy_score": 0.2438, "recall_score": 0.25091354566460367, "precision_score": 0.1693878729915535}, "found_clusters": 3, "expected_clusters": 4, "time": 0.0968}, "dbscan": {"clustering": {"adjusted_mutual_info_score": 1.4119090169393487e-15, "adjusted_rand_score": 0.0, "completeness_score": 1.0, "fowlkes_mallows_score": 0.5023491922380172, "homogeneity_score": 6.429458182794264e-16, "v_measure_score": 1.285891636558852e-15}, "classification": {"f1_score": 0.11294318005883264, "hamming_loss": 0.7082, "jaccard_score": 0.07295, "accuracy_score": 0.2918, "recall_score": 0.25, "precision_score": 0.07295}, "found_clusters": 1, "expected_clusters": 4, "time": 0.3801}, "k_means": {"clustering": {"adjusted_mutual_info_score": 0.5980965424789509, "adjusted_rand_score": 0.614201820781304, "completeness_score": 0.5986557992806241, "fowlkes_mallows_score": 0.7116720997725332, "homogeneity_score": 0.5980619711274168, "v_measure_score": 0.5983587378710885}, "classification": {"f1_score": 0.8315078794542388, "hamming_loss": 0.1684, "jaccard_score": 0.7148048071485812, "accuracy_score": 0.8316, "recall_score": 0.8312403321622346, "precision_score": 0.8330254206798102}, "found_clusters": 4, "expected_clusters": 4, "time": 0.1207}, "mini_batch_k_means": {"clustering": {"adjusted_mutual_info_score": 0.5712621482922222, "adjusted_rand_score": 0.5916202318928979, "completeness_score": 0.5741806255617103, "fowlkes_mallows_score": 0.6958833774954823, "homogeneity_score": 0.5689295017235679, "v_measure_score": 0.5715430025555639}, "classification": {"f1_score": 0.8174054376194008, "hamming_loss": 0.1792, "jaccard_score": 0.6939797567863284, "accuracy_score": 0.8208, "recall_score": 0.8179858957752456, "precision_score": 0.8267432156012083}, "found_clusters": 4, "expected_clusters": 4, "time": 0.049}, "mean_shift": {"clustering": {"adjusted_mutual_info_score": 1.4119090169393487e-15, "adjusted_rand_score": 0.0, "completeness_score": 1.0, "fowlkes_mallows_score": 0.5023491922380172, "homogeneity_score": 6.429458182794264e-16, "v_measure_score": 1.285891636558852e-15}, "classification": {"f1_score": 0.11294318005883264, "hamming_loss": 0.7082, "jaccard_score": 0.07295, "accuracy_score": 0.2918, "recall_score": 0.25, "precision_score": 0.07295}, "found_clusters": 1, "expected_clusters": 4, "time": 105.3273}, "optics": {"clustering": {"adjusted_mutual_info_score": 0.09802617108065247, "adjusted_rand_score": 0.0009913567859949656, "completeness_score": 0.16381083018969456, "fowlkes_mallows_score": 0.44894857680150285, "homogeneity_score": 0.09506111408373819, "v_measure_score": 0.12030689583237722}, "classification": {"f1_score": 0.00010919414719371041, "hamming_loss": 0.999, "jaccard_score": 5.482456140350877e-05, "accuracy_score": 0.001, "recall_score": 5.482456140350877e-05, "precision_score": 0.013157894736842105}, "found_clusters": 76, "expected_clusters": 4, "time": 5.9095}, "spectral_clustering": {"clustering": {"adjusted_mutual_info_score": 0.5521212620280331, "adjusted_rand_score": 0.5594352980485827, "completeness_score": 0.5518536059362522, "fowlkes_mallows_score": 0.6702914057188745, "homogeneity_score": 0.5529735447115866, "v_measure_score": 0.5524130076953723}, "classification": {"f1_score": 0.8026064275062118, "hamming_loss": 0.1982, "jaccard_score": 0.6740359938748165, "accuracy_score": 0.8018, "recall_score": 0.8031809455643961, "precision_score": 0.8038352171337179}, "found_clusters": 4, "expected_clusters": 4, "time": 3.9687}, "gaussian_mixture_model": {"clustering": {"adjusted_mutual_info_score": 0.6976106192572396, "adjusted_rand_score": 0.7424873965881514, "completeness_score": 0.6985454934932361, "fowlkes_mallows_score": 0.807638924364133, "homogeneity_score": 0.6970720705946216, "v_measure_score": 0.6978080042609981}, "classification": {"f1_score": 0.8884702755171533, "hamming_loss": 0.1086, "jaccard_score": 0.8025428640272636, "accuracy_score": 0.8914, "recall_score": 0.8886610076009133, "precision_score": 0.8905588526055013}, "found_clusters": 4, "expected_clusters": 4, "time": 0.047}}, "classification_alg": {"KNeighborsClassifier": {"clustering": {"adjusted_mutual_info_score": 0.6818527296049571, "adjusted_rand_score": 0.7267789675880174, "completeness_score": 0.6851913056616145, "fowlkes_mallows_score": 0.795864035205207, "homogeneity_score": 0.6806147647675862, "v_measure_score": 0.6828953676814825}, "classification": {"f1_score": 0.8800598579663598, "hamming_loss": 0.116, "jaccard_score": 0.7891997033568112, "accuracy_score": 0.884, "recall_score": 0.8795621673494385, "precision_score": 0.885463906082046}, "time": 0.049}, "DecisionTreeClassifier": {"clustering": {"adjusted_mutual_info_score": 0.692009742817718, "adjusted_rand_score": 0.7428793777884892, "completeness_score": 0.6941721026668672, "fowlkes_mallows_score": 0.8076102480661856, "homogeneity_score": 0.6918664161460509, "v_measure_score": 0.6930173416421762}, "classification": {"f1_score": 0.8874285598174636, "hamming_loss": 0.109, "jaccard_score": 0.8009215670145186, "accuracy_score": 0.891, "recall_score": 0.8870411838146914, "precision_score": 0.8889174884224319}, "time": 0.016}, "RandomForestClassifier": {"clustering": {"adjusted_mutual_info_score": 0.7501826942430235, "adjusted_rand_score": 0.7992050699675386, "completeness_score": 0.7518693949386517, "fowlkes_mallows_score": 0.8496836936844118, "homogeneity_score": 0.7501317245318581, "v_measure_score": 0.7509995545767354}, "classification": {"f1_score": 0.9129538852815816, "hamming_loss": 0.084, "jaccard_score": 0.8425297690700259, "accuracy_score": 0.916, "recall_score": 0.912484103095154, "precision_score": 0.9140226556362895}, "time": 0.614}, "LinearSVC": {"clustering": {"adjusted_mutual_info_score": 0.669662145002225, "adjusted_rand_score": 0.7118448217661448, "completeness_score": 0.6726530461172285, "fowlkes_mallows_score": 0.7846331722255804, "homogeneity_score": 0.66884606696052, "v_measure_score": 0.6707441547126045}, "classification": {"f1_score": 0.8731526246165736, "hamming_loss": 0.123, "jaccard_score": 0.7781498456633615, "accuracy_score": 0.877, "recall_score": 0.8727352801243964, "precision_score": 0.8761694945796413}, "time": 0.019}, "LogisticRegression": {"clustering": {"adjusted_mutual_info_score": 0.7055700915981943, "adjusted_rand_score": 0.7514083313402656, "completeness_score": 0.7078060692796985, "fowlkes_mallows_score": 0.8140154160436407,