{"clustering_alg": {"affinity_propagation": {"clustering": {"adjusted_mutual_info_score": -6.442854247857139e-16, "adjusted_rand_score": 0.0, "completeness_score": 1.0, "fowlkes_mallows_score": 0.49986315390767394, "homogeneity_score": 3.203487593428738e-16, "v_measure_score": 6.406975186857475e-16}, "classification": {"f1_score": 0.0, "hamming_loss": 1.0, "jaccard_score": 0.0, "accuracy_score": 0.0, "recall_score": 0.0, "precision_score": 0.0}, "found_clusters": 1, "expected_clusters": 4, "time": 149.5177}, "agglomerative": {"clustering": {"adjusted_mutual_info_score": 0.5507662252929098, "adjusted_rand_score": 0.49046347851144895, "completeness_score": 0.5655962505944819, "fowlkes_mallows_score": 0.6268457191582839, "homogeneity_score": 0.5372629877089072, "v_measure_score": 0.5510656679973397}, "classification": {"f1_score": 0.7583725625066617, "hamming_loss": 0.2382, "jaccard_score": 0.6137035975190738, "accuracy_score": 0.7618, "recall_score": 0.7618675026808228, "precision_score": 0.8161955784567922}, "found_clusters": 4, "expected_clusters": 4, "time": 0.648}, "birch": {"clustering": {"adjusted_mutual_info_score": 0.15499576043549404, "adjusted_rand_score": 0.02615692822986514, "completeness_score": 0.3709470338159023, "fowlkes_mallows_score": 0.4722714321392356, "homogeneity_score": 0.09842931373031687, "v_measure_score": 0.15557691460028497}, "classification": {"f1_score": 0.1456357772372683, "hamming_loss": 0.7302, "jaccard_score": 0.08924102786717565, "accuracy_score": 0.2698, "recall_score": 0.2700857597253754, "precision_score": 0.31723579936475166}, "found_clusters": 3, "expected_clusters": 4, "time": 0.08}, "dbscan": {"clustering": {"adjusted_mutual_info_score": -9.814957379810529e-05, "adjusted_rand_score": 1.4156650944884937e-06, "completeness_score": 0.07889845551148243, "fowlkes_mallows_score": 0.4996642707455798, "homogeneity_score": 0.00020088117378517262, "v_measure_score": 0.0004007420293812845}, "classification": {"f1_score": 0.07992315081652258, "hamming_loss": 0.7504, "jaccard_score": 0.04993997599039616, "accuracy_score": 0.2496, "recall_score": 0.2, "precision_score": 0.04993997599039616}, "found_clusters": 2, "expected_clusters": 4, "time": 0.079}, "k_means": {"clustering": {"adjusted_mutual_info_score": 0.5790549798484964, "adjusted_rand_score": 0.555544046853387, "completeness_score": 0.5882367798837417, "fowlkes_mallows_score": 0.6715110285266694, "homogeneity_score": 0.5706940812578487, "v_measure_score": 0.5793326589424793}, "classification": {"f1_score": 0.8047116794682182, "hamming_loss": 0.1934, "jaccard_score": 0.6767816836080202, "accuracy_score": 0.8066, "recall_score": 0.8064893981224488, "precision_score": 0.8377495087736382}, "found_clusters": 4, "expected_clusters": 4, "time": 0.074}, "mini_batch_k_means": {"clustering": {"adjusted_mutual_info_score": 0.5607625975368628, "adjusted_rand_score": 0.5339093139189774, "completeness_score": 0.570750630887204, "fowlkes_mallows_score": 0.6559220641052796, "homogeneity_score": 0.5516791725435642, "v_measure_score": 0.5610528779869329}, "classification": {"f1_score": 0.7876508051962542, "hamming_loss": 0.2082, "jaccard_score": 0.6551423681539026, "accuracy_score": 0.7918, "recall_score": 0.7917744174622328, "precision_score": 0.8247333030080504}, "found_clusters": 4, "expected_clusters": 4, "time": 0.037}, "mean_shift": {"clustering": {"adjusted_mutual_info_score": -6.442854247857139e-16, "adjusted_rand_score": 0.0, "completeness_score": 1.0, "fowlkes_mallows_score": 0.49986315390767394, "homogeneity_score": 3.203487593428738e-16, "v_measure_score": 6.406975186857475e-16}, "classification": {"f1_score": 0.0998719590268886, "hamming_loss": 0.7504, "jaccard_score": 0.0624, "accuracy_score": 0.2496, "recall_score": 0.25, "precision_score": 0.0624}, "found_clusters": 1, "expected_clusters": 4, "time": 44.9716}, "optics": {"clustering": {"adjusted_mutual_info_score": 0.20464767374369738, "adjusted_rand_score": 0.0026828857961743637, "completeness_score": 0.17036256395167235, "fowlkes_mallows_score": 0.2707231788389628, "homogeneity_score": 0.4037307568933277, "v_measure_score": 0.2396147260144375}, "classification": {"f1_score": 3.842744448816423e-05, "hamming_loss": 0.9986, "jaccard_score": 1.926834582749524e-05, "accuracy_score": 0.0014, "recall_score": 1.932520402815164e-05, "precision_score": 0.003601532567049808}, "found_clusters": 290, "expected_clusters": 4, "time": 4.3889}, "spectral_clustering": {"clustering": {"adjusted_mutual_info_score": 0.5548345003530318, "adjusted_rand_score": 0.41522617378340443, "completeness_score": 0.5940191094876316, "fowlkes_mallows_score": 0.5915754036107357, "homogeneity_score": 0.5210425049846359, "v_measure_score": 0.5551427845763692}, "classification": {"f1_score": 0.7307851052383103, "hamming_loss": 0.271, "jaccard_score": 0.589570496274674, "accuracy_score": 0.729, "recall_score": 0.7281719566751559, "precision_score": 0.8515030101785029}, "found_clusters": 4, "expected_clusters": 4, "time": 3.2284}, "gaussian_mixture_model": {"clustering": {"adjusted_mutual_info_score": 0.7626036715816266, "adjusted_rand_score": 0.7843446591624202, "completeness_score": 0.7633773209833921, "fowlkes_mallows_score": 0.8383534361772791, "homogeneity_score": 0.7621397823522307, "v_measure_score": 0.7627580497062599}, "classification": {"f1_score": 0.913627931553758, "hamming_loss": 0.0876, "jaccard_score": 0.8447174109097403, "accuracy_score": 0.9124, "recall_score": 0.9124791836972492, "precision_score": 0.9166704577498314}, "found_clusters": 4, "expected_clusters": 4, "time": 0.039}}, "classification_alg": {"KNeighborsClassifier": {"clustering": {"adjusted_mutual_info_score": 0.7308867864401384, "adjusted_rand_score": 0.7460210738502608, "completeness_score": 0.7322160089487794, "fowlkes_mallows_score": 0.8096581196550641, "homogeneity_score": 0.7313159982982839, "v_measure_score": 0.731765726889177}, "classification": {"f1_score": 0.9004402107367656, "hamming_loss": 0.103, "jaccard_score": 0.8237860290520407, "accuracy_score": 0.897, "recall_score": 0.8995175440713298, "precision_score": 0.9017677096076677}, "time": 0.028}, "DecisionTreeClassifier": {"clustering": {"adjusted_mutual_info_score": 0.6692610542492643, "adjusted_rand_score": 0.6929519865545501, "completeness_score": 0.6700571539743188, "fowlkes_mallows_score": 0.7696664641907417, "homogeneity_score": 0.6706233234692581, "v_measure_score": 0.6703401191750722}, "classification": {"f1_score": 0.8729398822435182, "hamming_loss": 0.129, "jaccard_score": 0.7802737221037993, "accuracy_score": 0.871, "recall_score": 0.8750998092799654, "precision_score": 0.8715560749761995}, "time": 0.008}, "RandomForestClassifier": {"clustering": {"adjusted_mutual_info_score": 0.7348801285218908, "adjusted_rand_score": 0.7546798874286251, "completeness_score": 0.7362302700656365, "fowlkes_mallows_score": 0.8161541854901637, "homogeneity_score": 0.7352624955352989, "v_measure_score": 0.7357460645564493}, "classification": {"f1_score": 0.9038171399240109, "hamming_loss": 0.099, "jaccard_score": 0.8285236334564294, "accuracy_score": 0.901, "recall_score": 0.903024538412873, "precision_score": 0.9050954560174516}, "time": 0.343}, "LinearSVC": {"clustering": {"adjusted_mutual_info_score": 0.7162259357905392, "adjusted_rand_score": 0.7139611971213491, "completeness_score": 0.7195155800178654, "fowlkes_mallows_score": 0.7862062194495059, "homogeneity_score": 0.7148104300007571, "v_measure_score": 0.7171552876436187}, "classification": {"f1_score": 0.8894603122327784, "hamming_loss": 0.116, "jaccard_score": 0.8068105084208259, "accuracy_score": 0.884, "recall_score": 0.8858360159622454, "precision_score": 0.8971076970459008}, "time": 0.064}, "LogisticRegression": {"clustering": {"adjusted_mutual_info_score": 0.7102977262610005, "adjusted_rand_score": 0.7156345960711888, "completeness_score": 0.7119715056996413, "fowlkes_mallows_score": 0.7869664283921368, "homogeneity_score": 0.7105185908219707,