{"clustering_alg": {"affinity_propagation": {"clustering": {"adjusted_mutual_info_score": 0.27149074135188767, "adjusted_rand_score": 0.07062162961574024, "completeness_score": 0.20149103673298785, "fowlkes_mallows_score": 0.1958463945360364, "homogeneity_score": 0.49474570881518254, "v_measure_score": 0.28635899046058333}, "classification": {"f1_score": 0.004948287007110536, "hamming_loss": 0.975, "jaccard_score": 0.002644797395891795, "accuracy_score": 0.025, "recall_score": 0.002691271812405251, "precision_score": 0.03190104166666667}, "found_clusters": 32, "expected_clusters": 4, "time": 5.5187}, "agglomerative": {"clustering": {"adjusted_mutual_info_score": 0.36283662326645855, "adjusted_rand_score": 0.2399659102251989, "completeness_score": 0.3824732081908634, "fowlkes_mallows_score": 0.4557131729485939, "homogeneity_score": 0.34910206067263644, "v_measure_score": 0.3650265141929444}, "classification": {"f1_score": 0.5588128915418371, "hamming_loss": 0.441, "jaccard_score": 0.4051066721268326, "accuracy_score": 0.559, "recall_score": 0.578817761164491, "precision_score": 0.6619211963965804}, "found_clusters": 4, "expected_clusters": 4, "time": 0.027}, "birch": {"clustering": {"adjusted_mutual_info_score": 0.39974552481276904, "adjusted_rand_score": 0.31850619457325613, "completeness_score": 0.6248176219864457, "fowlkes_mallows_score": 0.5945311429973145, "homogeneity_score": 0.294846948260478, "v_measure_score": 0.4006364385932779}, "classification": {"f1_score": 0.3548737036441324, "hamming_loss": 0.467, "jaccard_score": 0.2798692625358757, "accuracy_score": 0.533, "recall_score": 0.484202657807309, "precision_score": 0.28447770722918964}, "found_clusters": 2, "expected_clusters": 4, "time": 0.019}, "dbscan": {"clustering": {"adjusted_mutual_info_score": 3.134307062189705e-16, "adjusted_rand_score": 0.0, "completeness_score": 1.0, "fowlkes_mallows_score": 0.5038252076264543, "homogeneity_score": 0.0, "v_measure_score": 0.0}, "classification": {"f1_score": 0.11568024596464259, "hamming_loss": 0.699, "jaccard_score": 0.07525, "accuracy_score": 0.301, "recall_score": 0.25, "precision_score": 0.07525}, "found_clusters": 1, "expected_clusters": 4, "time": 0.083}, "k_means": {"clustering": {"adjusted_mutual_info_score": 0.35689301667957946, "adjusted_rand_score": 0.28665219745551845, "completeness_score": 0.36233095714432473, "fowlkes_mallows_score": 0.47199276925135836, "homogeneity_score": 0.35577577714097286, "v_measure_score": 0.35902344792394164}, "classification": {"f1_score": 0.5831286655654291, "hamming_loss": 0.415, "jaccard_score": 0.4272160713180754, "accuracy_score": 0.585, "recall_score": 0.5951677623392081, "precision_score": 0.614394502139219}, "found_clusters": 4, "expected_clusters": 4, "time": 0.05}, "mini_batch_k_means": {"clustering": {"adjusted_mutual_info_score": 0.3676070065402031, "adjusted_rand_score": 0.29393002107448557, "completeness_score": 0.37553433353773735, "fowlkes_mallows_score": 0.4798816693499438, "homogeneity_score": 0.36407471460571544, "v_measure_score": 0.3697157455025642}, "classification": {"f1_score": 0.5832094964770744, "hamming_loss": 0.412, "jaccard_score": 0.4282216697822596, "accuracy_score": 0.588, "recall_score": 0.6004160871727666, "precision_score": 0.6283290699065969}, "found_clusters": 4, "expected_clusters": 4, "time": 0.028}, "mean_shift": {"clustering": {"adjusted_mutual_info_score": 3.134307062189705e-16, "adjusted_rand_score": 0.0, "completeness_score": 1.0, "fowlkes_mallows_score": 0.5038252076264543, "homogeneity_score": 0.0, "v_measure_score": 0.0}, "classification": {"f1_score": 0.11568024596464259, "hamming_loss": 0.699, "jaccard_score": 0.07525, "accuracy_score": 0.301, "recall_score": 0.25, "precision_score": 0.07525}, "found_clusters": 1, "expected_clusters": 4, "time": 6.1498}, "optics": {"clustering": {"adjusted_mutual_info_score": 0.14069763129089277, "adjusted_rand_score": 0.015565929807740127, "completeness_score": 0.1453818723064439, "fowlkes_mallows_score": 0.2874405339397186, "homogeneity_score": 0.2660463058690586, "v_measure_score": 0.18801974254158949}, "classification": {"f1_score": 0.000968852711650738, "hamming_loss": 0.992, "jaccard_score": 0.0004925710909571236, "accuracy_score": 0.008, "recall_score": 0.0005007034278013225, "precision_score": 0.015255009107468125}, "found_clusters": 61, "expected_clusters": 4, "time": 0.716}, "spectral_clustering": {"clustering": {"adjusted_mutual_info_score": 0.3174338106580788, "adjusted_rand_score": 0.20574298471892316, "completeness_score": 0.33653524042926247, "fowlkes_mallows_score": 0.43145597349048714, "homogeneity_score": 0.3046325858717205, "v_measure_score": 0.3197902212916145}, "classification": {"f1_score": 0.5450995480134915, "hamming_loss": 0.455, "jaccard_score": 0.38979977007993777, "accuracy_score": 0.545, "recall_score": 0.5696576151066756, "precision_score": 0.660386904334914}, "found_clusters": 4, "expected_clusters": 4, "time": 0.246}, "gaussian_mixture_model": {"clustering": {"adjusted_mutual_info_score": 0.36239008442198367, "adjusted_rand_score": 0.2741742791814208, "completeness_score": 0.3704829116156689, "fowlkes_mallows_score": 0.46659164801242575, "homogeneity_score": 0.3587406367072437, "v_measure_score": 0.36451723455124885}, "classification": {"f1_score": 0.5870855969880863, "hamming_loss": 0.414, "jaccard_score": 0.4308221700515381, "accuracy_score": 0.586, "recall_score": 0.5967969771676152, "precision_score": 0.63228805132066}, "found_clusters": 4, "expected_clusters": 4, "time": 0.016}}, "classification_alg": {"KNeighborsClassifier": {"clustering": {"adjusted_mutual_info_score": 0.2965434756274318, "adjusted_rand_score": 0.29118858860449814, "completeness_score": 0.3105487736211564, "fowlkes_mallows_score": 0.47360711334836153, "homogeneity_score": 0.306370288652838, "v_measure_score": 0.30844538038554686}, "classification": {"f1_score": 0.5787370830509553, "hamming_loss": 0.405, "jaccard_score": 0.42475695926400153, "accuracy_score": 0.595, "recall_score": 0.5838175367711298, "precision_score": 0.5784652447264822}, "time": 0.007}, "DecisionTreeClassifier": {"clustering": {"adjusted_mutual_info_score": 0.241497054302221, "adjusted_rand_score": 0.2211488997240364, "completeness_score": 0.25331233628019073, "fowlkes_mallows_score": 0.41644979996046555, "homogeneity_score": 0.2550435919856544, "v_measure_score": 0.2541750161528253}, "classification": {"f1_score": 0.5393045213134758, "hamming_loss": 0.45, "jaccard_score": 0.38181286604129444, "accuracy_score": 0.55, "recall_score": 0.5373583876372611, "precision_score": 0.5434997438319485}, "time": 0.002}, "RandomForestClassifier": {"clustering": {"adjusted_mutual_info_score": 0.31467822838319126, "adjusted_rand_score": 0.2968714083457172, "completeness_score": 0.3258876536619744, "fowlkes_mallows_score": 0.47431461187072566, "homogeneity_score": 0.32644906674993546, "v_measure_score": 0.3261681186246937}, "classification": {"f1_score": 0.5978645142267432, "hamming_loss": 0.39, "jaccard_score": 0.44169256785687516, "accuracy_score": 0.61, "recall_score": 0.5987669193249743, "precision_score": 0.5972956881276634}, "time": 0.258}, "LinearSVC": {"clustering": {"adjusted_mutual_info_score": 0.3103312249541017, "adjusted_rand_score": 0.30937358706346463, "completeness_score": 0.3327957690011938, "fowlkes_mallows_score": 0.4985411200678892, "homogeneity_score": 0.31252769479352543, "v_measure_score": 0.3223434459096846}, "classification": {"f1_score": 0.5631123261463876, "hamming_loss": 0.4, "jaccard_score": 0.4128192204301075, "accuracy_score": 0.6, "recall_score": 0.5758707196291937, "precision_score": 0.579741278985191}, "time": 0.006}, "LogisticRegression": {"clustering": {"adjusted_mutual_info_score": 0.31064447015769237, "adjusted_rand_score": 0.28301076861845204, "completeness_score": 0.3210411288319181, "fowlkes_mallows_score": 0.4627310476091648, "homogeneity_score": 0.32329790336623304, "v_measure_score": 0.32216556396282103},