{"clustering_alg": {"affinity_propagation": {"clustering": {"adjusted_mutual_info_score": 2.5627634168138465e-18, "adjusted_rand_score": 0.0, "completeness_score": 1.0, "fowlkes_mallows_score": 0.49925469978284154, "homogeneity_score": 1.6017271353280239e-16, "v_measure_score": 3.203454270656047e-16}, "classification": {"f1_score": 0.0, "hamming_loss": 1.0, "jaccard_score": 0.0, "accuracy_score": 0.0, "recall_score": 0.0, "precision_score": 0.0}, "found_clusters": 1, "expected_clusters": 4, "time": 8.0139}, "agglomerative": {"clustering": {"adjusted_mutual_info_score": 0.5578689869536569, "adjusted_rand_score": 0.44305962764079976, "completeness_score": 0.5695548033722402, "fowlkes_mallows_score": 0.5888850572458699, "homogeneity_score": 0.5494789766207367, "v_measure_score": 0.5593368065946457}, "classification": {"f1_score": 0.653583728883459, "hamming_loss": 0.343, "jaccard_score": 0.5033516737220279, "accuracy_score": 0.657, "recall_score": 0.6565396157306259, "precision_score": 0.6871127200128744}, "found_clusters": 4, "expected_clusters": 4, "time": 0.0333}, "birch": {"clustering": {"adjusted_mutual_info_score": 0.4193628649446057, "adjusted_rand_score": 0.3226263969516311, "completeness_score": 0.5082812168773726, "fowlkes_mallows_score": 0.5460422723586238, "homogeneity_score": 0.3590724370861663, "v_measure_score": 0.4208428117764121}, "classification": {"f1_score": 0.2451806013243915, "hamming_loss": 0.701, "jaccard_score": 0.16932885531610709, "accuracy_score": 0.299, "recall_score": 0.29948396735638094, "precision_score": 0.24643590392442166}, "found_clusters": 3, "expected_clusters": 4, "time": 0.021}, "dbscan": {"clustering": {"adjusted_mutual_info_score": 0.007314675397601007, "adjusted_rand_score": 0.0002158234276852125, "completeness_score": 0.09449943925564469, "fowlkes_mallows_score": 0.49246927938861634, "homogeneity_score": 0.0050214457268569525, "v_measure_score": 0.009536165308901117}, "classification": {"f1_score": 0.08084074373484236, "hamming_loss": 0.75, "jaccard_score": 0.050658561296859174, "accuracy_score": 0.25, "recall_score": 0.199203187250996, "precision_score": 0.05070993914807302}, "found_clusters": 2, "expected_clusters": 4, "time": 0.008}, "k_means": {"clustering": {"adjusted_mutual_info_score": 0.47167786414967544, "adjusted_rand_score": 0.3483138495114152, "completeness_score": 0.4746494421198938, "fowlkes_mallows_score": 0.5119060004475637, "homogeneity_score": 0.47216648250250415, "v_measure_score": 0.4734047066158197}, "classification": {"f1_score": 0.6030115478786915, "hamming_loss": 0.395, "jaccard_score": 0.4331611187565173, "accuracy_score": 0.605, "recall_score": 0.6049054427451483, "precision_score": 0.605747893419663}, "found_clusters": 4, "expected_clusters": 4, "time": 0.041}, "mini_batch_k_means": {"clustering": {"adjusted_mutual_info_score": 0.4698287301844075, "adjusted_rand_score": 0.34919322416676113, "completeness_score": 0.4724032206906988, "fowlkes_mallows_score": 0.512203294891636, "homogeneity_score": 0.47072003832811743, "v_measure_score": 0.47156012753029847}, "classification": {"f1_score": 0.6062189275018052, "hamming_loss": 0.392, "jaccard_score": 0.43648928526316766, "accuracy_score": 0.608, "recall_score": 0.6079299254594526, "precision_score": 0.6075921780785101}, "found_clusters": 4, "expected_clusters": 4, "time": 0.032}, "mean_shift": {"clustering": {"adjusted_mutual_info_score": 2.5627634168138465e-18, "adjusted_rand_score": 0.0, "completeness_score": 1.0, "fowlkes_mallows_score": 0.49925469978284154, "homogeneity_score": 1.6017271353280239e-16, "v_measure_score": 3.203454270656047e-16}, "classification": {"f1_score": 0.1003197442046363, "hamming_loss": 0.749, "jaccard_score": 0.06275, "accuracy_score": 0.251, "recall_score": 0.25, "precision_score": 0.06275}, "found_clusters": 1, "expected_clusters": 4, "time": 6.5383}, "optics": {"clustering": {"adjusted_mutual_info_score": 0.3048042297236432, "adjusted_rand_score": 0.04217595716676403, "completeness_score": 0.25255714647999755, "fowlkes_mallows_score": 0.267903178084861, "homogeneity_score": 0.5173896745968575, "v_measure_score": 0.33942723382282386}, "classification": {"f1_score": 0.0006428801028608164, "hamming_loss": 0.995, "jaccard_score": 0.0003278688524590164, "accuracy_score": 0.005, "recall_score": 0.0003278688524590164, "precision_score": 0.01639344262295082}, "found_clusters": 61, "expected_clusters": 4, "time": 0.8037}, "spectral_clustering": {"clustering": {"adjusted_mutual_info_score": 0.5389463392629884, "adjusted_rand_score": 0.4221990340971203, "completeness_score": 0.5511298550177398, "fowlkes_mallows_score": 0.5742970579449659, "homogeneity_score": 0.5302321805254427, "v_measure_score": 0.5404790905793875}, "classification": {"f1_score": 0.6574900947419162, "hamming_loss": 0.339, "jaccard_score": 0.5004123340868885, "accuracy_score": 0.661, "recall_score": 0.6608487983549672, "precision_score": 0.6956235933181042}, "found_clusters": 4, "expected_clusters": 4, "time": 0.363}, "gaussian_mixture_model": {"clustering": {"adjusted_mutual_info_score": 0.8879286020805442, "adjusted_rand_score": 0.9121806580790126, "completeness_score": 0.8883245589760758, "fowlkes_mallows_score": 0.9340722044743305, "homogeneity_score": 0.8882633247483603, "v_measure_score": 0.8882939408069281}, "classification": {"f1_score": 0.965987282463186, "hamming_loss": 0.034, "jaccard_score": 0.9345414186104528, "accuracy_score": 0.966, "recall_score": 0.9660594717902583, "precision_score": 0.966099917763158}, "found_clusters": 4, "expected_clusters": 4, "time": 0.029}}, "classification_alg": {"KNeighborsClassifier": {"clustering": {"adjusted_mutual_info_score": 0.8684251472934574, "adjusted_rand_score": 0.8673039176892857, "completeness_score": 0.8685332811930161, "fowlkes_mallows_score": 0.9002842958166584, "homogeneity_score": 0.8727073598309123, "v_measure_score": 0.8706153174893879}, "classification": {"f1_score": 0.9510399087820748, "hamming_loss": 0.05, "jaccard_score": 0.9077713868566295, "accuracy_score": 0.95, "recall_score": 0.9573979591836735, "precision_score": 0.950373427672956}, "time": 0.007}, "DecisionTreeClassifier": {"clustering": {"adjusted_mutual_info_score": 0.7773980878868152, "adjusted_rand_score": 0.7853012488533346, "completeness_score": 0.7791542591213482, "fowlkes_mallows_score": 0.8386333990390831, "homogeneity_score": 0.7830615896755886, "v_measure_score": 0.7811030379955837}, "classification": {"f1_score": 0.9153277128676066, "hamming_loss": 0.085, "jaccard_score": 0.8444104770795515, "accuracy_score": 0.915, "recall_score": 0.9216945499129885, "precision_score": 0.9158322903629537}, "time": 0.002}, "RandomForestClassifier": {"clustering": {"adjusted_mutual_info_score": 0.8150812578984222, "adjusted_rand_score": 0.82176785458558, "completeness_score": 0.8160858697372606, "fowlkes_mallows_score": 0.8660420118979234, "homogeneity_score": 0.8202424352649325, "v_measure_score": 0.8181588732924765}, "classification": {"f1_score": 0.9307607075464218, "hamming_loss": 0.07, "jaccard_score": 0.8725744416873449, "accuracy_score": 0.93, "recall_score": 0.9363950522069293, "precision_score": 0.9292163980977006}, "time": 0.182}, "LinearSVC": {"clustering": {"adjusted_mutual_info_score": 0.6314289502526134, "adjusted_rand_score": 0.624041622600228, "completeness_score": 0.6359727261074848, "fowlkes_mallows_score": 0.7174120172764357, "homogeneity_score": 0.6391620248057754, "v_measure_score": 0.637563387005143}, "classification": {"f1_score": 0.8405768256167192, "hamming_loss": 0.16, "jaccard_score": 0.727618168204746, "accuracy_score": 0.84, "recall_score": 0.8471197199810157, "precision_score": 0.8406341259908218}, "time": 0.022}, "LogisticRegression": {"clustering": {"adjusted_mutual_info_score": 0.6712865682169536, "adjusted_rand_score": 0.6703640939602983, "completeness_score": 0.6755200346225425, "fowlkes_mallows_score": 0.7523836325711682, "homogeneity_score": 0.6780080813995902,