{"clustering_alg": {"affinity_propagation": {"clustering": {"adjusted_mutual_info_score": 0.34190095057538405, "adjusted_rand_score": 0.0721075272355555, "completeness_score": 0.24701783885577047, "fowlkes_mallows_score": 0.20240862555144915, "homogeneity_score": 0.7000624538416255, "v_measure_score": 0.3651811060697016}, "classification": {"f1_score": 0.005418804171870117, "hamming_loss": 0.957, "jaccard_score": 0.002904854197634289, "accuracy_score": 0.043, "recall_score": 0.0029585559824472623, "precision_score": 0.037696205660610556}, "found_clusters": 58, "expected_clusters": 4, "time": 2.5579}, "agglomerative": {"clustering": {"adjusted_mutual_info_score": 0.43561610741288087, "adjusted_rand_score": 0.42134950946678773, "completeness_score": 0.44075755364435076, "fowlkes_mallows_score": 0.5684149511940265, "homogeneity_score": 0.43423124375999966, "v_measure_score": 0.4374700596930171}, "classification": {"f1_score": 0.7162547643394964, "hamming_loss": 0.279, "jaccard_score": 0.5616189795900459, "accuracy_score": 0.721, "recall_score": 0.72208834733748, "precision_score": 0.7283631192820804}, "found_clusters": 4, "expected_clusters": 4, "time": 0.049}, "birch": {"clustering": {"adjusted_mutual_info_score": 0.29066767500427365, "adjusted_rand_score": 0.21010149465108052, "completeness_score": 0.3488465825631854, "fowlkes_mallows_score": 0.4650146445655885, "homogeneity_score": 0.25176300933328716, "v_measure_score": 0.29245841760342484}, "classification": {"f1_score": 0.23652795292139553, "hamming_loss": 0.713, "jaccard_score": 0.14984927349749141, "accuracy_score": 0.287, "recall_score": 0.28604176912381685, "precision_score": 0.21345697862403448}, "found_clusters": 3, "expected_clusters": 4, "time": 0.111}, "dbscan": {"clustering": {"adjusted_mutual_info_score": 0.00914591517645021, "adjusted_rand_score": 5.740777609427859e-05, "completeness_score": 0.22694632347501664, "fowlkes_mallows_score": 0.4963282170459501, "homogeneity_score": 0.006004666710280921, "v_measure_score": 0.011699774553498212}, "classification": {"f1_score": 0.0, "hamming_loss": 1.0, "jaccard_score": 0.0, "accuracy_score": 0.0, "recall_score": 0.0, "precision_score": 0.0}, "found_clusters": 2, "expected_clusters": 4, "time": 0.011}, "k_means": {"clustering": {"adjusted_mutual_info_score": 0.2510214434695812, "adjusted_rand_score": 0.20836321221405274, "completeness_score": 0.2539601058263049, "fowlkes_mallows_score": 0.4067638588621715, "homogeneity_score": 0.2529775174400318, "v_measure_score": 0.25346785936617083}, "classification": {"f1_score": 0.47234596880213897, "hamming_loss": 0.532, "jaccard_score": 0.322491047931191, "accuracy_score": 0.468, "recall_score": 0.46912758663053933, "precision_score": 0.4781274235793932}, "found_clusters": 4, "expected_clusters": 4, "time": 0.089}, "mini_batch_k_means": {"clustering": {"adjusted_mutual_info_score": 0.27179180739215963, "adjusted_rand_score": 0.2098892133107344, "completeness_score": 0.2757495413473644, "fowlkes_mallows_score": 0.4098413510298282, "homogeneity_score": 0.272627352519317, "v_measure_score": 0.27417955882810957}, "classification": {"f1_score": 0.5216229260378179, "hamming_loss": 0.489, "jaccard_score": 0.3644763023870586, "accuracy_score": 0.511, "recall_score": 0.5119538378401042, "precision_score": 0.5407953043249947}, "found_clusters": 4, "expected_clusters": 4, "time": 0.041}, "mean_shift": {"clustering": {"adjusted_mutual_info_score": -6.368650782872319e-16, "adjusted_rand_score": 0.0, "completeness_score": 1.0, "fowlkes_mallows_score": 0.4992747492866781, "homogeneity_score": 1.6017733357346625e-16, "v_measure_score": 3.2035466714693245e-16}, "classification": {"f1_score": 0.09935897435897435, "hamming_loss": 0.752, "jaccard_score": 0.062, "accuracy_score": 0.248, "recall_score": 0.25, "precision_score": 0.062}, "found_clusters": 1, "expected_clusters": 4, "time": 7.8257}, "optics": {"clustering": {"adjusted_mutual_info_score": 0.14272260478232654, "adjusted_rand_score": 0.0033532380023179077, "completeness_score": 0.21609141811569352, "fowlkes_mallows_score": 0.42359470669130694, "homogeneity_score": 0.14122624541731024, "v_measure_score": 0.17081595880614925}, "classification": {"f1_score": 0.0038610038610038607, "hamming_loss": 0.989, "jaccard_score": 0.0020161290322580645, "accuracy_score": 0.011, "recall_score": 0.0020161290322580645, "precision_score": 0.045454545454545456}, "found_clusters": 22, "expected_clusters": 4, "time": 0.842}, "spectral_clustering": {"clustering": {"adjusted_mutual_info_score": 0.47897159285584184, "adjusted_rand_score": 0.43223109628843487, "completeness_score": 0.5289338260925189, "fowlkes_mallows_score": 0.6028622717039154, "homogeneity_score": 0.44077082493523506, "v_measure_score": 0.480844551206091}, "classification": {"f1_score": 0.5688167039219671, "hamming_loss": 0.36, "jaccard_score": 0.4644503308052388, "accuracy_score": 0.64, "recall_score": 0.6424902853701665, "precision_score": 0.5234346418139506}, "found_clusters": 4, "expected_clusters": 4, "time": 3.0913}, "gaussian_mixture_model": {"clustering": {"adjusted_mutual_info_score": 0.8140794491881942, "adjusted_rand_score": 0.8574271007132895, "completeness_score": 0.8146855234173055, "fowlkes_mallows_score": 0.8929669994297784, "homogeneity_score": 0.8146855234173055, "v_measure_score": 0.8146855234173054}, "classification": {"f1_score": 0.9439399285636108, "hamming_loss": 0.056, "jaccard_score": 0.8945765016385916, "accuracy_score": 0.944, "recall_score": 0.944146042283545, "precision_score": 0.9438501584064255}, "found_clusters": 4, "expected_clusters": 4, "time": 0.03}}, "classification_alg": {"KNeighborsClassifier": {"clustering": {"adjusted_mutual_info_score": 0.6903440237281051, "adjusted_rand_score": 0.7175273986888048, "completeness_score": 0.6956196164698797, "fowlkes_mallows_score": 0.787897225750355, "homogeneity_score": 0.6953904631112584, "v_measure_score": 0.695505020915342}, "classification": {"f1_score": 0.8844917264305993, "hamming_loss": 0.115, "jaccard_score": 0.7946179915196796, "accuracy_score": 0.885, "recall_score": 0.8893284721050146, "precision_score": 0.8864022971031967}, "time": 0.009}, "DecisionTreeClassifier": {"clustering": {"adjusted_mutual_info_score": 0.5134300153653758, "adjusted_rand_score": 0.5435201356671068, "completeness_score": 0.5209247082805132, "fowlkes_mallows_score": 0.6568165665558401, "homogeneity_score": 0.5221312922668643, "v_measure_score": 0.5215273023989269}, "classification": {"f1_score": 0.7987117552334945, "hamming_loss": 0.2, "jaccard_score": 0.6672986155581806, "accuracy_score": 0.8, "recall_score": 0.7994871701776628, "precision_score": 0.8001344164147872}, "time": 0.004}, "RandomForestClassifier": {"clustering": {"adjusted_mutual_info_score": 0.7045764707214625, "adjusted_rand_score": 0.7512249039717317, "completeness_score": 0.7091577306411269, "fowlkes_mallows_score": 0.8130941518093611, "homogeneity_score": 0.70983571888217, "v_measure_score": 0.7094965627918892}, "classification": {"f1_score": 0.8989384066442345, "hamming_loss": 0.1, "jaccard_score": 0.8170009939459655, "accuracy_score": 0.9, "recall_score": 0.9009716896088383, "precision_score": 0.8992151198337002}, "time": 0.352}, "LinearSVC": {"clustering": {"adjusted_mutual_info_score": 0.6618474197323143, "adjusted_rand_score": 0.6914735992975204, "completeness_score": 0.6665108699453496, "fowlkes_mallows_score": 0.7679900961188423, "homogeneity_score": 0.6684378137312756, "v_measure_score": 0.6674729511060696}, "classification": {"f1_score": 0.8760482430919161, "hamming_loss": 0.125, "jaccard_score": 0.7813254880496259, "accuracy_score": 0.875, "recall_score": 0.8807245035737976, "precision_score": 0.8757735363649005}, "time": 0.062}, "LogisticRegression": {"clustering": {"adjusted_mutual_info_score": 0.6505593612261458, "adjusted_rand_score": 0.6779572682114687, "completeness_score": 0.6553841308009506, "fowlkes_mallows_score": 0.757809863519563, "homogeneity_score": 0.6573633877422104,