{"clustering_alg": {"affinity_propagation": {"clustering": {"adjusted_mutual_info_score": 0.3849387477108014, "adjusted_rand_score": 0.14294091721874447, "completeness_score": 0.28340996175314104, "fowlkes_mallows_score": 0.2908765364604699, "homogeneity_score": 0.6683401771926445, "v_measure_score": 0.39803359370361907}, "classification": {"f1_score": 0.00450002041983174, "hamming_loss": 0.981, "jaccard_score": 0.0023378807607094872, "accuracy_score": 0.019, "recall_score": 0.002366139432731692, "precision_score": 0.0646674430641822}, "found_clusters": 32, "expected_clusters": 4, "time": 5.5557}, "agglomerative": {"clustering": {"adjusted_mutual_info_score": 0.49751330676440964, "adjusted_rand_score": 0.40688215856592197, "completeness_score": 0.5116020478316603, "fowlkes_mallows_score": 0.5652364303161217, "homogeneity_score": 0.4873699239023903, "v_measure_score": 0.4991920858144021}, "classification": {"f1_score": 0.6818265307717559, "hamming_loss": 0.314, "jaccard_score": 0.519876437617294, "accuracy_score": 0.686, "recall_score": 0.6866345491328169, "precision_score": 0.7254311430673174}, "found_clusters": 4, "expected_clusters": 4, "time": 0.033}, "birch": {"clustering": {"adjusted_mutual_info_score": 0.4609599846033571, "adjusted_rand_score": 0.4286138058951534, "completeness_score": 0.5259570227995644, "fowlkes_mallows_score": 0.6002219590058189, "homogeneity_score": 0.41234417359448994, "v_measure_score": 0.46227227407567856}, "classification": {"f1_score": 0.4690069523465973, "hamming_loss": 0.46, "jaccard_score": 0.3593993956959937, "accuracy_score": 0.54, "recall_score": 0.5398800343939144, "precision_score": 0.4195632897436518}, "found_clusters": 3, "expected_clusters": 4, "time": 0.018}, "dbscan": {"clustering": {"adjusted_mutual_info_score": 0.028794416995275213, "adjusted_rand_score": 0.0015732331603195188, "completeness_score": 0.16409055047129825, "fowlkes_mallows_score": 0.4846314541858129, "homogeneity_score": 0.01840573384522145, "v_measure_score": 0.0330988327768074}, "classification": {"f1_score": 0.08203445447087776, "hamming_loss": 0.75, "jaccard_score": 0.05159958720330238, "accuracy_score": 0.25, "recall_score": 0.199203187250996, "precision_score": 0.051652892561983466}, "found_clusters": 3, "expected_clusters": 4, "time": 0.007}, "k_means": {"clustering": {"adjusted_mutual_info_score": 0.5052421629736389, "adjusted_rand_score": 0.4527811955372646, "completeness_score": 0.5209715918775636, "fowlkes_mallows_score": 0.5991147835086092, "homogeneity_score": 0.4935686747892612, "v_measure_score": 0.5069000544466397}, "classification": {"f1_score": 0.7416003742634176, "hamming_loss": 0.252, "jaccard_score": 0.5964936674600037, "accuracy_score": 0.748, "recall_score": 0.7486386479572307, "precision_score": 0.7994183238937831}, "found_clusters": 4, "expected_clusters": 4, "time": 0.031}, "mini_batch_k_means": {"clustering": {"adjusted_mutual_info_score": 0.5041608935394588, "adjusted_rand_score": 0.45209152471621583, "completeness_score": 0.5200482178447506, "fowlkes_mallows_score": 0.5987488890800604, "homogeneity_score": 0.4923552420660652, "v_measure_score": 0.5058229773444941}, "classification": {"f1_score": 0.7400507409416, "hamming_loss": 0.253, "jaccard_score": 0.5943923994967902, "accuracy_score": 0.747, "recall_score": 0.747634535885293, "precision_score": 0.7976463386903478}, "found_clusters": 4, "expected_clusters": 4, "time": 0.022}, "mean_shift": {"clustering": {"adjusted_mutual_info_score": -6.406945441146243e-16, "adjusted_rand_score": 0.0, "completeness_score": 1.0, "fowlkes_mallows_score": 0.4992587097480216, "homogeneity_score": 0.0, "v_measure_score": 0.0}, "classification": {"f1_score": 0.1003197442046363, "hamming_loss": 0.749, "jaccard_score": 0.06275, "accuracy_score": 0.251, "recall_score": 0.25, "precision_score": 0.06275}, "found_clusters": 1, "expected_clusters": 4, "time": 6.3498}, "optics": {"clustering": {"adjusted_mutual_info_score": 0.23697471294821187, "adjusted_rand_score": 0.028887599252307206, "completeness_score": 0.2076261630109901, "fowlkes_mallows_score": 0.2641461445010684, "homogeneity_score": 0.4216043914245831, "v_measure_score": 0.27823220434230383}, "classification": {"f1_score": 0.0008380724334031728, "hamming_loss": 0.993, "jaccard_score": 0.0004307692307692308, "accuracy_score": 0.007, "recall_score": 0.00043249922767995056, "precision_score": 0.013461538461538462}, "found_clusters": 65, "expected_clusters": 4, "time": 0.499}, "spectral_clustering": {"clustering": {"adjusted_mutual_info_score": 0.4427914982139047, "adjusted_rand_score": 0.3423217970484443, "completeness_score": 0.4888362323311282, "fowlkes_mallows_score": 0.5442292489168322, "homogeneity_score": 0.4080089987638465, "v_measure_score": 0.44478038082312826}, "classification": {"f1_score": 0.6331127093519062, "hamming_loss": 0.336, "jaccard_score": 0.48667480617525033, "accuracy_score": 0.664, "recall_score": 0.6646962242332897, "precision_score": 0.7888541610722808}, "found_clusters": 4, "expected_clusters": 4, "time": 0.248}, "gaussian_mixture_model": {"clustering": {"adjusted_mutual_info_score": 0.6521271328891448, "adjusted_rand_score": 0.6616887051560442, "completeness_score": 0.6582730301697384, "fowlkes_mallows_score": 0.7477962871539382, "homogeneity_score": 0.6483424387949862, "v_measure_score": 0.6532699970426201}, "classification": {"f1_score": 0.8477707707006042, "hamming_loss": 0.147, "jaccard_score": 0.7395283349531616, "accuracy_score": 0.853, "recall_score": 0.8534634841407847, "precision_score": 0.8619997380743024}, "found_clusters": 4, "expected_clusters": 4, "time": 0.022}}, "classification_alg": {"KNeighborsClassifier": {"clustering": {"adjusted_mutual_info_score": 0.6261590392324009, "adjusted_rand_score": 0.6194669499606493, "completeness_score": 0.6394285872789537, "fowlkes_mallows_score": 0.7161832535710803, "homogeneity_score": 0.6256198156295633, "v_measure_score": 0.6324488358895787}, "classification": {"f1_score": 0.8294692523135478, "hamming_loss": 0.165, "jaccard_score": 0.713610197368421, "accuracy_score": 0.835, "recall_score": 0.8330232707740307, "precision_score": 0.8517714455098464}, "time": 0.008}, "DecisionTreeClassifier": {"clustering": {"adjusted_mutual_info_score": 0.5151167855124091, "adjusted_rand_score": 0.5165845605919659, "completeness_score": 0.5234697209345406, "fowlkes_mallows_score": 0.6361149549762162, "homogeneity_score": 0.5228784379188199, "v_measure_score": 0.5231739123620175}, "classification": {"f1_score": 0.778321060694206, "hamming_loss": 0.22, "jaccard_score": 0.644557089916984, "accuracy_score": 0.78, "recall_score": 0.7796328460462199, "precision_score": 0.7784511784511784}, "time": 0.002}, "RandomForestClassifier": {"clustering": {"adjusted_mutual_info_score": 0.5854964115136289, "adjusted_rand_score": 0.5898245191667647, "completeness_score": 0.5956705308275996, "fowlkes_mallows_score": 0.6925594007846552, "homogeneity_score": 0.589212971005574, "v_measure_score": 0.5924241542166621}, "classification": {"f1_score": 0.8166698928894052, "hamming_loss": 0.18, "jaccard_score": 0.6945383821544812, "accuracy_score": 0.82, "recall_score": 0.818253405381065, "precision_score": 0.8261844636844636}, "time": 0.136}, "LinearSVC": {"clustering": {"adjusted_mutual_info_score": 0.5751723726313283, "adjusted_rand_score": 0.5588293207179434, "completeness_score": 0.5857569913592731, "fowlkes_mallows_score": 0.6695550010309557, "homogeneity_score": 0.5788361877420835, "v_measure_score": 0.5822760254929596}, "classification": {"f1_score": 0.8029555586158235, "hamming_loss": 0.195, "jaccard_score": 0.6742666731589306, "accuracy_score": 0.805, "recall_score": 0.8041982277544587, "precision_score": 0.8142657600674679}, "time": 0.018}, "LogisticRegression": {"clustering": {"adjusted_mutual_info_score": 0.5797483864656567, "adjusted_rand_score": 0.5777783226603376, "completeness_score": 0.5891875584566683, "fowlkes_mallows_score": 0.6832141726818668,