{"clustering_alg": {"affinity_propagation": {"clustering": {"adjusted_mutual_info_score": 1.604283774579971e-15, "adjusted_rand_score": 0.0, "completeness_score": 1.0, "fowlkes_mallows_score": 0.49985330914792714, "homogeneity_score": 4.805163062825355e-16, "v_measure_score": 9.610326125650707e-16}, "classification": {"f1_score": 0.0, "hamming_loss": 1.0, "jaccard_score": 0.0, "accuracy_score": 0.0, "recall_score": 0.0, "precision_score": 0.0}, "found_clusters": 1, "expected_clusters": 4, "time": 147.634}, "agglomerative": {"clustering": {"adjusted_mutual_info_score": 0.4250166538948685, "adjusted_rand_score": 0.3209679316983135, "completeness_score": 0.43032522126745043, "fowlkes_mallows_score": 0.49599524979726195, "homogeneity_score": 0.4205756041634796, "v_measure_score": 0.42539455718516517}, "classification": {"f1_score": 0.5449593827065475, "hamming_loss": 0.4498, "jaccard_score": 0.37982547009585454, "accuracy_score": 0.5502, "recall_score": 0.5500357623870521, "precision_score": 0.5596174624985109}, "found_clusters": 4, "expected_clusters": 4, "time": 0.6836}, "birch": {"clustering": {"adjusted_mutual_info_score": 0.4838477897524863, "adjusted_rand_score": 0.4348388417123091, "completeness_score": 0.553316176782155, "fowlkes_mallows_score": 0.6072932990601597, "homogeneity_score": 0.43027431066185295, "v_measure_score": 0.48409930673825585}, "classification": {"f1_score": 0.2399621498844991, "hamming_loss": 0.6994, "jaccard_score": 0.15708336661158015, "accuracy_score": 0.3006, "recall_score": 0.30093266544555425, "precision_score": 0.20276855941864524}, "found_clusters": 3, "expected_clusters": 4, "time": 0.082}, "dbscan": {"clustering": {"adjusted_mutual_info_score": 0.00011256746311069616, "adjusted_rand_score": -1.4623363889733643e-06, "completeness_score": 0.032345317268789274, "fowlkes_mallows_score": 0.4989531077994948, "homogeneity_score": 0.0003073876089936741, "v_measure_score": 0.0006089878173712886}, "classification": {"f1_score": 0.07969201154956689, "hamming_loss": 0.7516, "jaccard_score": 0.04975961538461539, "accuracy_score": 0.2484, "recall_score": 0.1998390989541432, "precision_score": 0.04976958525345622}, "found_clusters": 2, "expected_clusters": 4, "time": 0.074}, "k_means": {"clustering": {"adjusted_mutual_info_score": 0.45389655617120295, "adjusted_rand_score": 0.35857629160540355, "completeness_score": 0.4544708820548473, "fowlkes_mallows_score": 0.5190520567014258, "homogeneity_score": 0.45403245627726246, "v_measure_score": 0.45425156337824196}, "classification": {"f1_score": 0.6344049970129839, "hamming_loss": 0.366, "jaccard_score": 0.4655055569241644, "accuracy_score": 0.634, "recall_score": 0.6339264136517414, "precision_score": 0.6356828623342398}, "found_clusters": 4, "expected_clusters": 4, "time": 0.111}, "mini_batch_k_means": {"clustering": {"adjusted_mutual_info_score": 0.43425071615531546, "adjusted_rand_score": 0.32857906189454467, "completeness_score": 0.43615883928184335, "fowlkes_mallows_score": 0.4979032533134302, "homogeneity_score": 0.4330912279950554, "v_measure_score": 0.4346196207892814}, "classification": {"f1_score": 0.5894608064973792, "hamming_loss": 0.411, "jaccard_score": 0.4199414657197531, "accuracy_score": 0.589, "recall_score": 0.5888166737571732, "precision_score": 0.596798672505455}, "found_clusters": 4, "expected_clusters": 4, "time": 0.029}, "mean_shift": {"clustering": {"adjusted_mutual_info_score": 0.23318394872369433, "adjusted_rand_score": 0.19804032078700864, "completeness_score": 0.35168523145085895, "fowlkes_mallows_score": 0.49513185685165123, "homogeneity_score": 0.1746628775863077, "v_measure_score": 0.23340581442262273}, "classification": {"f1_score": 0.25679083074896397, "hamming_loss": 0.6104, "jaccard_score": 0.1756870554587829, "accuracy_score": 0.3896, "recall_score": 0.3906222812635034, "precision_score": 0.19187880203213253}, "found_clusters": 2, "expected_clusters": 4, "time": 45.4105}, "optics": {"clustering": {"adjusted_mutual_info_score": 0.19498637850297318, "adjusted_rand_score": 0.0027054622062958516, "completeness_score": 0.16279477056327543, "fowlkes_mallows_score": 0.2638884224526386, "homogeneity_score": 0.3954854242897043, "v_measure_score": 0.23064747595180934}, "classification": {"f1_score": 4.794783275795934e-05, "hamming_loss": 0.9982, "jaccard_score": 2.4145840878908608e-05, "accuracy_score": 0.0018, "recall_score": 2.4145840878908608e-05, "precision_score": 0.003367003367003367}, "found_clusters": 297, "expected_clusters": 4, "time": 3.2675}, "spectral_clustering": {"clustering": {"adjusted_mutual_info_score": 0.46041945876657314, "adjusted_rand_score": 0.3846490321273803, "completeness_score": 0.4623657910890647, "fowlkes_mallows_score": 0.5398349353188029, "homogeneity_score": 0.45918771099483663, "v_measure_score": 0.46077127106001664}, "classification": {"f1_score": 0.670895729598963, "hamming_loss": 0.3298, "jaccard_score": 0.5063643921260701, "accuracy_score": 0.6702, "recall_score": 0.6700648243469013, "precision_score": 0.6785479390639511}, "found_clusters": 4, "expected_clusters": 4, "time": 2.895}, "gaussian_mixture_model": {"clustering": {"adjusted_mutual_info_score": 0.6706767395472958, "adjusted_rand_score": 0.6979374338728103, "completeness_score": 0.6713393622706604, "fowlkes_mallows_score": 0.7735462731791658, "homogeneity_score": 0.6704429639599963, "v_measure_score": 0.6708908636889924}, "classification": {"f1_score": 0.8739244928945891, "hamming_loss": 0.1262, "jaccard_score": 0.7768049639409516, "accuracy_score": 0.8738, "recall_score": 0.8738179677620515, "precision_score": 0.8758902912018176}, "found_clusters": 4, "expected_clusters": 4, "time": 0.062}}, "classification_alg": {"KNeighborsClassifier": {"clustering": {"adjusted_mutual_info_score": 0.663107849108045, "adjusted_rand_score": 0.6922786578992661, "completeness_score": 0.6640127774933389, "fowlkes_mallows_score": 0.7693613848829612, "homogeneity_score": 0.6644034345074328, "v_measure_score": 0.6642080485587115}, "classification": {"f1_score": 0.8701186481217441, "hamming_loss": 0.129, "jaccard_score": 0.7711204711661638, "accuracy_score": 0.871, "recall_score": 0.8715431814840694, "precision_score": 0.8714096558959956}, "time": 0.028}, "DecisionTreeClassifier": {"clustering": {"adjusted_mutual_info_score": 0.5778034615686697, "adjusted_rand_score": 0.6090709014474027, "completeness_score": 0.5788071293892968, "fowlkes_mallows_score": 0.7069041896594923, "homogeneity_score": 0.579556839926822, "v_measure_score": 0.5791817420461063}, "classification": {"f1_score": 0.8289468398766414, "hamming_loss": 0.17, "jaccard_score": 0.7098931207847211, "accuracy_score": 0.83, "recall_score": 0.8297273005627145, "precision_score": 0.8285562207793619}, "time": 0.007}, "RandomForestClassifier": {"clustering": {"adjusted_mutual_info_score": 0.6664885192545963, "adjusted_rand_score": 0.6951712527027133, "completeness_score": 0.6671022342101753, "fowlkes_mallows_score": 0.7714431455955435, "homogeneity_score": 0.668052864736548, "v_measure_score": 0.6675772110488601}, "classification": {"f1_score": 0.8710462095057743, "hamming_loss": 0.128, "jaccard_score": 0.7730105027143837, "accuracy_score": 0.872, "recall_score": 0.8728857543588227, "precision_score": 0.8719177443253894}, "time": 0.352}, "LinearSVC": {"clustering": {"adjusted_mutual_info_score": 0.5264129102132886, "adjusted_rand_score": 0.5256848588382463, "completeness_score": 0.5280606536551351, "fowlkes_mallows_score": 0.6446463559239867, "homogeneity_score": 0.527859964220103, "v_measure_score": 0.5279602898659916}, "classification": {"f1_score": 0.7866949664632303, "hamming_loss": 0.214, "jaccard_score": 0.6509445570353214, "accuracy_score": 0.786, "recall_score": 0.7859149304664944, "precision_score": 0.7906069549058541}, "time": 0.085}, "LogisticRegression": {"clustering": {"adjusted_mutual_info_score": 0.522176210827375, "adjusted_rand_score": 0.5236014982728174, "completeness_score": 0.5237446057380511,