{"clustering_alg": {"affinity_propagation": {"clustering": {"adjusted_mutual_info_score": 1.2849618491634291e-15, "adjusted_rand_score": 0.0, "completeness_score": 1.0, "fowlkes_mallows_score": 0.4998517883953927, "homogeneity_score": 6.406870009754796e-16, "v_measure_score": 1.2813740019509584e-15}, "classification": {"f1_score": 0.0, "hamming_loss": 1.0, "jaccard_score": 0.0, "accuracy_score": 0.0, "recall_score": 0.0, "precision_score": 0.0}, "found_clusters": 1, "expected_clusters": 4, "time": 144.1732}, "agglomerative": {"clustering": {"adjusted_mutual_info_score": 0.5402966931809933, "adjusted_rand_score": 0.4754895497996383, "completeness_score": 0.5498396927871387, "fowlkes_mallows_score": 0.6133447900917851, "homogeneity_score": 0.5316665424473822, "v_measure_score": 0.5406004308446318}, "classification": {"f1_score": 0.7644108488875662, "hamming_loss": 0.2412, "jaccard_score": 0.6232370776148903, "accuracy_score": 0.7588, "recall_score": 0.7587981221051201, "precision_score": 0.8014061125082745}, "found_clusters": 4, "expected_clusters": 4, "time": 0.744}, "birch": {"clustering": {"adjusted_mutual_info_score": 0.40744458417533985, "adjusted_rand_score": 0.320698417811082, "completeness_score": 0.48010639822814066, "fowlkes_mallows_score": 0.5384485666109744, "homogeneity_score": 0.3543315314537343, "v_measure_score": 0.407739939170238}, "classification": {"f1_score": 0.1636763698651832, "hamming_loss": 0.818, "jaccard_score": 0.12075843516615284, "accuracy_score": 0.182, "recall_score": 0.18228337114561877, "precision_score": 0.1486665244349699}, "found_clusters": 3, "expected_clusters": 4, "time": 0.082}, "dbscan": {"clustering": {"adjusted_mutual_info_score": 0.0013840958685557515, "adjusted_rand_score": 4.293298708296477e-06, "completeness_score": 0.11098188093362465, "fowlkes_mallows_score": 0.4990557262328848, "homogeneity_score": 0.0009526046399007595, "v_measure_score": 0.0018889952311048931}, "classification": {"f1_score": 0.07961538461538462, "hamming_loss": 0.7516, "jaccard_score": 0.04969987995198079, "accuracy_score": 0.2484, "recall_score": 0.19903846153846155, "precision_score": 0.04975961538461539}, "found_clusters": 2, "expected_clusters": 4, "time": 0.072}, "k_means": {"clustering": {"adjusted_mutual_info_score": 0.5324971092997303, "adjusted_rand_score": 0.4762161532624038, "completeness_score": 0.5376331373111626, "fowlkes_mallows_score": 0.610396656105911, "homogeneity_score": 0.5280600870782637, "v_measure_score": 0.5328036151629857}, "classification": {"f1_score": 0.7610869533212057, "hamming_loss": 0.2438, "jaccard_score": 0.6164937254878406, "accuracy_score": 0.7562, "recall_score": 0.7563045710188199, "precision_score": 0.7860018638035504}, "found_clusters": 4, "expected_clusters": 4, "time": 0.093}, "mini_batch_k_means": {"clustering": {"adjusted_mutual_info_score": 0.5324367907073267, "adjusted_rand_score": 0.4775331948251894, "completeness_score": 0.537481358685783, "fowlkes_mallows_score": 0.6113051061036391, "homogeneity_score": 0.528088016677016, "v_measure_score": 0.5327432849927836}, "classification": {"f1_score": 0.7617203633360172, "hamming_loss": 0.243, "jaccard_score": 0.6173302736673218, "accuracy_score": 0.757, "recall_score": 0.7571095588708444, "precision_score": 0.7862374486771353}, "found_clusters": 4, "expected_clusters": 4, "time": 0.045}, "mean_shift": {"clustering": {"adjusted_mutual_info_score": 1.2849618491634291e-15, "adjusted_rand_score": 0.0, "completeness_score": 1.0, "fowlkes_mallows_score": 0.4998517883953927, "homogeneity_score": 6.406870009754796e-16, "v_measure_score": 1.2813740019509584e-15}, "classification": {"f1_score": 0.0998719590268886, "hamming_loss": 0.7504, "jaccard_score": 0.0624, "accuracy_score": 0.2496, "recall_score": 0.25, "precision_score": 0.0624}, "found_clusters": 1, "expected_clusters": 4, "time": 30.6387}, "optics": {"clustering": {"adjusted_mutual_info_score": 0.23656200650471104, "adjusted_rand_score": 0.021407761179938947, "completeness_score": 0.18509983291061494, "fowlkes_mallows_score": 0.2475353077692315, "homogeneity_score": 0.503240439389135, "v_measure_score": 0.270650214707268}, "classification": {"f1_score": 3.907623773983041e-05, "hamming_loss": 0.9984, "jaccard_score": 1.966336322164543e-05, "accuracy_score": 0.0016, "recall_score": 1.966336322164543e-05, "precision_score": 0.003067484662576687}, "found_clusters": 326, "expected_clusters": 4, "time": 3.8689}, "spectral_clustering": {"clustering": {"adjusted_mutual_info_score": 0.5399777426786894, "adjusted_rand_score": 0.4726376873198362, "completeness_score": 0.5483507128033994, "fowlkes_mallows_score": 0.6099630908472676, "homogeneity_score": 0.5324454854698657, "v_measure_score": 0.5402810667780179}, "classification": {"f1_score": 0.7587443231395344, "hamming_loss": 0.246, "jaccard_score": 0.6132870302510091, "accuracy_score": 0.754, "recall_score": 0.7541966458420706, "precision_score": 0.7956525487623207}, "found_clusters": 4, "expected_clusters": 4, "time": 3.3454}, "gaussian_mixture_model": {"clustering": {"adjusted_mutual_info_score": 0.8290443315772803, "adjusted_rand_score": 0.8639597075325425, "completeness_score": 0.8292157788219838, "fowlkes_mallows_score": 0.8979564901064007, "homogeneity_score": 0.8290950685270833, "v_measure_score": 0.8291554192812151}, "classification": {"f1_score": 0.9456916277980338, "hamming_loss": 0.0542, "jaccard_score": 0.8986263297599516, "accuracy_score": 0.9458, "recall_score": 0.9457203386788392, "precision_score": 0.9458492081685026}, "found_clusters": 4, "expected_clusters": 4, "time": 0.043}}, "classification_alg": {"KNeighborsClassifier": {"clustering": {"adjusted_mutual_info_score": 0.7762766778924309, "adjusted_rand_score": 0.8178394226837021, "completeness_score": 0.7773178632386677, "fowlkes_mallows_score": 0.8633320732190397, "homogeneity_score": 0.7766953604931285, "v_measure_score": 0.7770064871855987}, "classification": {"f1_score": 0.9248452404447551, "hamming_loss": 0.074, "jaccard_score": 0.8619477247974321, "accuracy_score": 0.926, "recall_score": 0.9248282836670778, "precision_score": 0.9254562752024418}, "time": 0.03}, "DecisionTreeClassifier": {"clustering": {"adjusted_mutual_info_score": 0.7718633632834214, "adjusted_rand_score": 0.8223365519362404, "completeness_score": 0.7727237927890627, "fowlkes_mallows_score": 0.8666752959427237, "homogeneity_score": 0.7724909992515974, "v_measure_score": 0.7726073784846349}, "classification": {"f1_score": 0.9284104699168642, "hamming_loss": 0.071, "jaccard_score": 0.8675535877307778, "accuracy_score": 0.929, "recall_score": 0.9283339857960837, "precision_score": 0.9289851810648326}, "time": 0.007}, "RandomForestClassifier": {"clustering": {"adjusted_mutual_info_score": 0.7924613492170329, "adjusted_rand_score": 0.8353790837507251, "completeness_score": 0.793332442006517, "fowlkes_mallows_score": 0.8764733511756033, "homogeneity_score": 0.7929441615515777, "v_measure_score": 0.7931382542584222}, "classification": {"f1_score": 0.9332737477081027, "hamming_loss": 0.066, "jaccard_score": 0.8762483437915869, "accuracy_score": 0.934, "recall_score": 0.9331543015089683, "precision_score": 0.9338732620505349}, "time": 0.3261}, "LinearSVC": {"clustering": {"adjusted_mutual_info_score": 0.5578574279461077, "adjusted_rand_score": 0.5346479557435583, "completeness_score": 0.5600207756577158, "fowlkes_mallows_score": 0.6511516269383991, "homogeneity_score": 0.5585831758378426, "v_measure_score": 0.5593010519653988}, "classification": {"f1_score": 0.7868738796194154, "hamming_loss": 0.215, "jaccard_score": 0.6559785052432111, "accuracy_score": 0.785, "recall_score": 0.7843001644996995, "precision_score": 0.79497609045254}, "time": 0.087}, "LogisticRegression": {"clustering": {"adjusted_mutual_info_score": 0.5619408262958437, "adjusted_rand_score": 0.5552369518550329, "completeness_score": 0.5634835658405442, "fowlkes_mallows_score": 0.6662523738671629, "homogeneity_score": 0.563255542129488,