{"clustering_alg": {"affinity_propagation": {"clustering": {"adjusted_mutual_info_score": 1.6000916330527407e-15, "adjusted_rand_score": 0.0, "completeness_score": 1.0, "fowlkes_mallows_score": 0.504747059346346, "homogeneity_score": 3.6289474380713374e-16, "v_measure_score": 7.257894876142672e-16}, "classification": {"f1_score": 0.0, "hamming_loss": 1.0, "jaccard_score": 0.0, "accuracy_score": 0.0, "recall_score": 0.0, "precision_score": 0.0}, "found_clusters": 1, "expected_clusters": 4, "time": 185.0865}, "agglomerative": {"clustering": {"adjusted_mutual_info_score": 0.31308894247727853, "adjusted_rand_score": 0.26182943720367075, "completeness_score": 0.32033526595068573, "fowlkes_mallows_score": 0.45995877570431665, "homogeneity_score": 0.30704232920998165, "v_measure_score": 0.31354797157016423}, "classification": {"f1_score": 0.5821495967203215, "hamming_loss": 0.4216, "jaccard_score": 0.4344413073020593, "accuracy_score": 0.5784, "recall_score": 0.5935810353855142, "precision_score": 0.600273508736572}, "found_clusters": 4, "expected_clusters": 4, "time": 1.3572}, "birch": {"clustering": {"adjusted_mutual_info_score": 0.1449525649635965, "adjusted_rand_score": 0.06982431215990059, "completeness_score": 0.1805714891787639, "fowlkes_mallows_score": 0.378688232752765, "homogeneity_score": 0.12169387225983226, "v_measure_score": 0.145398358801706}, "classification": {"f1_score": 0.1234522619493258, "hamming_loss": 0.8072, "jaccard_score": 0.07686427734594474, "accuracy_score": 0.1928, "recall_score": 0.16426198007640436, "precision_score": 0.09927967617515061}, "found_clusters": 3, "expected_clusters": 4, "time": 0.094}, "dbscan": {"clustering": {"adjusted_mutual_info_score": 5.286017154211232e-05, "adjusted_rand_score": 4.781261768527317e-05, "completeness_score": 0.16382315451053203, "fowlkes_mallows_score": 0.5046813939143144, "homogeneity_score": 0.00022649965033040751, "v_measure_score": 0.0004523738547632029}, "classification": {"f1_score": 0.06947611964964469, "hamming_loss": 0.7898, "jaccard_score": 0.04204, "accuracy_score": 0.2102, "recall_score": 0.19980988593155893, "precision_score": 0.04204840968193639}, "found_clusters": 2, "expected_clusters": 4, "time": 0.4462}, "k_means": {"clustering": {"adjusted_mutual_info_score": 0.38018425088440555, "adjusted_rand_score": 0.31196729916795657, "completeness_score": 0.3829368138136307, "fowlkes_mallows_score": 0.48995423987052705, "homogeneity_score": 0.37827631022483843, "v_measure_score": 0.38059229512536785}, "classification": {"f1_score": 0.64001183199457, "hamming_loss": 0.387, "jaccard_score": 0.49339718988017467, "accuracy_score": 0.613, "recall_score": 0.6284440762757549, "precision_score": 0.658149057985387}, "found_clusters": 4, "expected_clusters": 4, "time": 0.125}, "mini_batch_k_means": {"clustering": {"adjusted_mutual_info_score": 0.36012574535001207, "adjusted_rand_score": 0.33086032789343006, "completeness_score": 0.36101115562796376, "fowlkes_mallows_score": 0.5018150417204199, "homogeneity_score": 0.3600799672861217, "v_measure_score": 0.36054496020728355}, "classification": {"f1_score": 0.653202323204652, "hamming_loss": 0.3602, "jaccard_score": 0.5032747708964153, "accuracy_score": 0.6398, "recall_score": 0.6581785084464838, "precision_score": 0.6570205955660502}, "found_clusters": 4, "expected_clusters": 4, "time": 0.035}, "mean_shift": {"clustering": {"adjusted_mutual_info_score": 1.6000916330527407e-15, "adjusted_rand_score": 0.0, "completeness_score": 1.0, "fowlkes_mallows_score": 0.504747059346346, "homogeneity_score": 3.6289474380713374e-16, "v_measure_score": 7.257894876142672e-16}, "classification": {"f1_score": 0.08691341705221416, "hamming_loss": 0.7896, "jaccard_score": 0.0526, "accuracy_score": 0.2104, "recall_score": 0.25, "precision_score": 0.0526}, "found_clusters": 1, "expected_clusters": 4, "time": 36.0804}, "optics": {"clustering": {"adjusted_mutual_info_score": 0.07370383455304236, "adjusted_rand_score": 0.002860658754899226, "completeness_score": 0.12378824246971529, "fowlkes_mallows_score": 0.4452545152863864, "homogeneity_score": 0.08135164872743268, "v_measure_score": 0.09818058846784207}, "classification": {"f1_score": 0.00016872882495880322, "hamming_loss": 0.998, "jaccard_score": 8.462200706033722e-05, "accuracy_score": 0.002, "recall_score": 8.49299765322385e-05, "precision_score": 0.013235294117647059}, "found_clusters": 85, "expected_clusters": 4, "time": 4.8731}, "spectral_clustering": {"clustering": {"adjusted_mutual_info_score": 0.3426755298890224, "adjusted_rand_score": 0.2487949923440986, "completeness_score": 0.3504362415844508, "fowlkes_mallows_score": 0.4499758561661528, "homogeneity_score": 0.33609276522807047, "v_measure_score": 0.34311466610008384}, "classification": {"f1_score": 0.6027148601697874, "hamming_loss": 0.427, "jaccard_score": 0.44680869311155036, "accuracy_score": 0.573, "recall_score": 0.5809601959677229, "precision_score": 0.6551825812207974}, "found_clusters": 4, "expected_clusters": 4, "time": 3.4609}, "gaussian_mixture_model": {"clustering": {"adjusted_mutual_info_score": 0.4122522212984083, "adjusted_rand_score": 0.3470733834152181, "completeness_score": 0.41383721357496656, "fowlkes_mallows_score": 0.5146668566505911, "homogeneity_score": 0.41144552961635533, "v_measure_score": 0.41263790602449457}, "classification": {"f1_score": 0.661998616584601, "hamming_loss": 0.3634, "jaccard_score": 0.5209674048413988, "accuracy_score": 0.6366, "recall_score": 0.6544075220903082, "precision_score": 0.6717629681646146}, "found_clusters": 4, "expected_clusters": 4, "time": 0.039}}, "classification_alg": {"KNeighborsClassifier": {"clustering": {"adjusted_mutual_info_score": 0.4566692230909527, "adjusted_rand_score": 0.4377485698261614, "completeness_score": 0.45808781182529745, "fowlkes_mallows_score": 0.5808701818184887, "homogeneity_score": 0.4588208857326124, "v_measure_score": 0.4584540557305003}, "classification": {"f1_score": 0.7516900456829314, "hamming_loss": 0.262, "jaccard_score": 0.6140720711201243, "accuracy_score": 0.738, "recall_score": 0.7564388158684869, "precision_score": 0.7512108595617185}, "time": 0.066}, "DecisionTreeClassifier": {"clustering": {"adjusted_mutual_info_score": 0.3570349355638259, "adjusted_rand_score": 0.339510321209269, "completeness_score": 0.3585852728143366, "fowlkes_mallows_score": 0.5073152306001195, "homogeneity_score": 0.35970729018721986, "v_measure_score": 0.3591454051705405}, "classification": {"f1_score": 0.6778144322534319, "hamming_loss": 0.335, "jaccard_score": 0.5252892672921022, "accuracy_score": 0.665, "recall_score": 0.6838255068811269, "precision_score": 0.673458940801656}, "time": 0.024}, "RandomForestClassifier": {"clustering": {"adjusted_mutual_info_score": 0.4790035561256493, "adjusted_rand_score": 0.46005665415945435, "completeness_score": 0.4798212982948774, "fowlkes_mallows_score": 0.5970943281601182, "homogeneity_score": 0.481608347402759, "v_measure_score": 0.48071316201771724}, "classification": {"f1_score": 0.7626101783030641, "hamming_loss": 0.251, "jaccard_score": 0.6298577563070317, "accuracy_score": 0.749, "recall_score": 0.766377700465556, "precision_score": 0.7594807024037176}, "time": 0.6736}, "LinearSVC": {"clustering": {"adjusted_mutual_info_score": 0.4375928211357407, "adjusted_rand_score": 0.4106048962370852, "completeness_score": 0.4380692906119769, "fowlkes_mallows_score": 0.5596875409039778, "homogeneity_score": 0.4408111018004015, "v_measure_score": 0.4394359194418775}, "classification": {"f1_score": 0.714215846839853, "hamming_loss": 0.297, "jaccard_score": 0.5734307472706979, "accuracy_score": 0.703, "recall_score": 0.7276780124513723, "precision_score": 0.70582332517407}, "time": 0.021}, "LogisticRegression": {"clustering": {"adjusted_mutual_info_score": 0.4270727175005137, "adjusted_rand_score": 0.3915807573522891, "completeness_score": 0.42870736906927276, "fowlkes_mallows_score": 0.5465993703110028, "homogeneity_score": 0.4292032987886988,