{"clustering_alg": {"affinity_propagation": {"clustering": {"adjusted_mutual_info_score": -1.281370601507323e-15, "adjusted_rand_score": 0.0, "completeness_score": 1.0, "fowlkes_mallows_score": 0.4998499474782395, "homogeneity_score": 6.40685300762983e-16, "v_measure_score": 1.2813706015259653e-15}, "classification": {"f1_score": 0.0, "hamming_loss": 1.0, "jaccard_score": 0.0, "accuracy_score": 0.0, "recall_score": 0.0, "precision_score": 0.0}, "found_clusters": 1, "expected_clusters": 4, "time": 194.7391}, "agglomerative": {"clustering": {"adjusted_mutual_info_score": 1.0, "adjusted_rand_score": 1.0, "completeness_score": 1.0, "fowlkes_mallows_score": 1.0, "homogeneity_score": 1.0, "v_measure_score": 1.0}, "classification": {"f1_score": 1.0, "hamming_loss": 0.0, "jaccard_score": 1.0, "accuracy_score": 1.0, "recall_score": 1.0, "precision_score": 1.0}, "found_clusters": 4, "expected_clusters": 4, "time": 1.283}, "birch": {"clustering": {"adjusted_mutual_info_score": 0.8570721064109494, "adjusted_rand_score": 0.7141631882897822, "completeness_score": 1.0, "fowlkes_mallows_score": 0.8163876493575091, "homogeneity_score": 0.7500000000000001, "v_measure_score": 0.8571428571428573}, "classification": {"f1_score": 0.16666666666666666, "hamming_loss": 0.75, "jaccard_score": 0.125, "accuracy_score": 0.25, "recall_score": 0.25, "precision_score": 0.125}, "found_clusters": 3, "expected_clusters": 4, "time": 1.1072}, "dbscan": {"clustering": {"adjusted_mutual_info_score": 0.01984800007840632, "adjusted_rand_score": 3.990298246375496e-05, "completeness_score": 0.17903777943214813, "fowlkes_mallows_score": 0.4929845614518137, "homogeneity_score": 0.013809629144181997, "v_measure_score": 0.02564146809136108}, "classification": {"f1_score": 0.0008567407135426227, "hamming_loss": 0.9986, "jaccard_score": 0.0004307692307692308, "accuracy_score": 0.0014, "recall_score": 0.0004307692307692308, "precision_score": 0.07692307692307693}, "found_clusters": 13, "expected_clusters": 4, "time": 0.055}, "k_means": {"clustering": {"adjusted_mutual_info_score": 0.9988261965210549, "adjusted_rand_score": 0.9994665599288661, "completeness_score": 0.9988270168457724, "fowlkes_mallows_score": 0.9995998399359872, "homogeneity_score": 0.9988269015655371, "v_measure_score": 0.9988269592056515}, "classification": {"f1_score": 0.999799999968, "hamming_loss": 0.0002, "jaccard_score": 0.9996001598721024, "accuracy_score": 0.9998, "recall_score": 0.9998, "precision_score": 0.9998001598721024}, "found_clusters": 4, "expected_clusters": 4, "time": 0.05}, "mini_batch_k_means": {"clustering": {"adjusted_mutual_info_score": 0.9988261965210549, "adjusted_rand_score": 0.9994665599288661, "completeness_score": 0.9988270168457724, "fowlkes_mallows_score": 0.9995998399359872, "homogeneity_score": 0.9988269015655371, "v_measure_score": 0.9988269592056515}, "classification": {"f1_score": 0.999799999968, "hamming_loss": 0.0002, "jaccard_score": 0.9996001598721024, "accuracy_score": 0.9998, "recall_score": 0.9998, "precision_score": 0.9998001598721024}, "found_clusters": 4, "expected_clusters": 4, "time": 0.044}, "mean_shift": {"clustering": {"adjusted_mutual_info_score": 0.8570721064109494, "adjusted_rand_score": 0.7141631882897822, "completeness_score": 1.0, "fowlkes_mallows_score": 0.8163876493575091, "homogeneity_score": 0.7500000000000001, "v_measure_score": 0.8571428571428573}, "classification": {"f1_score": 0.16666666666666666, "hamming_loss": 0.75, "jaccard_score": 0.125, "accuracy_score": 0.25, "recall_score": 0.25, "precision_score": 0.125}, "found_clusters": 3, "expected_clusters": 4, "time": 10.8057}, "optics": {"clustering": {"adjusted_mutual_info_score": 0.08278121852593755, "adjusted_rand_score": 0.00019380646493521593, "completeness_score": 0.18287391767030783, "fowlkes_mallows_score": 0.46472203727843486, "homogeneity_score": 0.0706193413166539, "v_measure_score": 0.1018917478238534}, "classification": {"f1_score": 0.00019888623707239457, "hamming_loss": 0.9986, "jaccard_score": 0.0001, "accuracy_score": 0.0014, "recall_score": 0.0001, "precision_score": 0.017857142857142856}, "found_clusters": 56, "expected_clusters": 4, "time": 4.3401}, "spectral_clustering": {"clustering": {"adjusted_mutual_info_score": 1.0, "adjusted_rand_score": 1.0, "completeness_score": 1.0, "fowlkes_mallows_score": 1.0, "homogeneity_score": 1.0, "v_measure_score": 1.0}, "classification": {"f1_score": 1.0, "hamming_loss": 0.0, "jaccard_score": 1.0, "accuracy_score": 1.0, "recall_score": 1.0, "precision_score": 1.0}, "found_clusters": 4, "expected_clusters": 4, "time": 5.5699}, "gaussian_mixture_model": {"clustering": {"adjusted_mutual_info_score": 1.0, "adjusted_rand_score": 1.0, "completeness_score": 1.0, "fowlkes_mallows_score": 1.0, "homogeneity_score": 1.0, "v_measure_score": 1.0}, "classification": {"f1_score": 1.0, "hamming_loss": 0.0, "jaccard_score": 1.0, "accuracy_score": 1.0, "recall_score": 1.0, "precision_score": 1.0}, "found_clusters": 4, "expected_clusters": 4, "time": 0.024}}, "classification_alg": {"KNeighborsClassifier": {"clustering": {"adjusted_mutual_info_score": 1.0, "adjusted_rand_score": 1.0, "completeness_score": 1.0, "fowlkes_mallows_score": 1.0, "homogeneity_score": 1.0, "v_measure_score": 1.0}, "classification": {"f1_score": 1.0, "hamming_loss": 0.0, "jaccard_score": 1.0, "accuracy_score": 1.0, "recall_score": 1.0, "precision_score": 1.0}, "time": 0.048}, "DecisionTreeClassifier": {"clustering": {"adjusted_mutual_info_score": 1.0, "adjusted_rand_score": 1.0, "completeness_score": 1.0, "fowlkes_mallows_score": 1.0, "homogeneity_score": 1.0, "v_measure_score": 1.0}, "classification": {"f1_score": 1.0, "hamming_loss": 0.0, "jaccard_score": 1.0, "accuracy_score": 1.0, "recall_score": 1.0, "precision_score": 1.0}, "time": 0.005}, "RandomForestClassifier": {"clustering": {"adjusted_mutual_info_score": 1.0, "adjusted_rand_score": 1.0, "completeness_score": 1.0, "fowlkes_mallows_score": 1.0, "homogeneity_score": 1.0, "v_measure_score": 1.0}, "classification": {"f1_score": 1.0, "hamming_loss": 0.0, "jaccard_score": 1.0, "accuracy_score": 1.0, "recall_score": 1.0, "precision_score": 1.0}, "time": 0.3296}, "LinearSVC": {"clustering": {"adjusted_mutual_info_score": 1.0, "adjusted_rand_score": 1.0, "completeness_score": 1.0, "fowlkes_mallows_score": 1.0, "homogeneity_score": 1.0, "v_measure_score": 1.0}, "classification": {"f1_score": 1.0, "hamming_loss": 0.0, "jaccard_score": 1.0, "accuracy_score": 1.0, "recall_score": 1.0, "precision_score": 1.0}, "time": 0.006}, "LogisticRegression": {"clustering": {"adjusted_mutual_info_score": 1.0, "adjusted_rand_score": 1.0, "completeness_score": 1.0, "fowlkes_mallows_score": 1.0, "homogeneity_score": 1.0, "v_measure_score": 1.0}, "classification": {"f1_score": 1.0, "hamming_loss": 0.0, "jaccard_score": 1.0, "accuracy_score": 1.0, "recall_score": 1.0, "precision_score": 1.0}, "time": 0.159}, "GaussianNB": {"clustering": {"adjusted_mutual_info_score": 1.0, "adjusted_rand_score": 1.0, "completeness_score": 1.0, "fowlkes_mallows_score": 1.0, "homogeneity_score": 1.0, "v_measure_score": 1.0}, "classification": {"f1_score": 1.0, "hamming_loss": 0.0, "jaccard_score": 1.0, "accuracy_score": 1.0, "recall_score": 1.0, "precision_score": 1.0}, "time": 0.002}}}