{"clustering_alg": {"affinity_propagation": {"clustering": {"adjusted_mutual_info_score": 0.3568399360297426, "adjusted_rand_score": 0.03827736535411535, "completeness_score": 0.23499628747695772, "fowlkes_mallows_score": 0.15339485960569738, "homogeneity_score": 0.8301251786681746, "v_measure_score": 0.3662987580828389}, "classification": {"f1_score": 0.0008391104698217038, "hamming_loss": 0.9838, "jaccard_score": 0.00043295767572897514, "accuracy_score": 0.0162, "recall_score": 0.0004335863451551067, "precision_score": 0.013111534095416414}, "found_clusters": 149, "expected_clusters": 4, "time": 49.6262}, "agglomerative": {"clustering": {"adjusted_mutual_info_score": 0.5403538146981506, "adjusted_rand_score": 0.4442669155764674, "completeness_score": 0.5693975770486536, "fowlkes_mallows_score": 0.6048209738722929, "homogeneity_score": 0.5146976557020224, "v_measure_score": 0.5406676262670262}, "classification": {"f1_score": 0.7411058366516218, "hamming_loss": 0.2592, "jaccard_score": 0.6020997047561469, "accuracy_score": 0.7408, "recall_score": 0.7403469851725205, "precision_score": 0.8388257087238603}, "found_clusters": 4, "expected_clusters": 4, "time": 1.371}, "birch": {"clustering": {"adjusted_mutual_info_score": 0.45602164211000235, "adjusted_rand_score": 0.3740137590212607, "completeness_score": 0.5511994265845376, "fowlkes_mallows_score": 0.5870363653612592, "homogeneity_score": 0.38927524336910774, "v_measure_score": 0.45629786273602513}, "classification": {"f1_score": 0.07188502922495635, "hamming_loss": 0.9014, "jaccard_score": 0.038692719869987735, "accuracy_score": 0.0986, "recall_score": 0.09892046944879672, "precision_score": 0.0590469893910579}, "found_clusters": 3, "expected_clusters": 4, "time": 0.69}, "dbscan": {"clustering": {"adjusted_mutual_info_score": 0.12278033057622115, "adjusted_rand_score": 0.020979096094001358, "completeness_score": 0.14941160273279305, "fowlkes_mallows_score": 0.3852320282931993, "homogeneity_score": 0.13282698355478276, "v_measure_score": 0.14063202881027226}, "classification": {"f1_score": 0.00449675430055177, "hamming_loss": 0.9314, "jaccard_score": 0.00265114220144662, "accuracy_score": 0.0686, "recall_score": 0.0036841695056525287, "precision_score": 0.017567922740747532}, "found_clusters": 75, "expected_clusters": 4, "time": 0.073}, "k_means": {"clustering": {"adjusted_mutual_info_score": 0.5263195922935513, "adjusted_rand_score": 0.5400599245726626, "completeness_score": 0.5321214022847313, "fowlkes_mallows_score": 0.6583807796563355, "homogeneity_score": 0.5212518840008667, "v_measure_score": 0.5266305631048573}, "classification": {"f1_score": 0.7998200816562251, "hamming_loss": 0.1986, "jaccard_score": 0.666823726401658, "accuracy_score": 0.8014, "recall_score": 0.801093715997493, "precision_score": 0.8216223747784984}, "found_clusters": 4, "expected_clusters": 4, "time": 0.162}, "mini_batch_k_means": {"clustering": {"adjusted_mutual_info_score": 0.4542204192397244, "adjusted_rand_score": 0.43570160154744125, "completeness_score": 0.4615290525511744, "fowlkes_mallows_score": 0.582166358085529, "homogeneity_score": 0.44783791440865606, "v_measure_score": 0.4545804187819175}, "classification": {"f1_score": 0.7180288163800749, "hamming_loss": 0.281, "jaccard_score": 0.5705294079986521, "accuracy_score": 0.719, "recall_score": 0.7192833867661291, "precision_score": 0.7526221235389133}, "found_clusters": 4, "expected_clusters": 4, "time": 0.0365}, "mean_shift": {"clustering": {"adjusted_mutual_info_score": 2.5591714027938817e-15, "adjusted_rand_score": 0.0, "completeness_score": 1.0, "fowlkes_mallows_score": 0.4998548298958349, "homogeneity_score": 6.406898164449807e-16, "v_measure_score": 1.2813796328899606e-15}, "classification": {"f1_score": 0.099423169363884, "hamming_loss": 0.7518, "jaccard_score": 0.06205, "accuracy_score": 0.2482, "recall_score": 0.25, "precision_score": 0.06205}, "found_clusters": 1, "expected_clusters": 4, "time": 40.2622}, "optics": {"clustering": {"adjusted_mutual_info_score": 0.12018083029574977, "adjusted_rand_score": 0.0010280727546289566, "completeness_score": 0.17572820290514402, "fowlkes_mallows_score": 0.43546637461543203, "homogeneity_score": 0.1221749749652783, "v_measure_score": 0.14413803131679145}, "classification": {"f1_score": 0.00012355484952784396, "hamming_loss": 0.9986, "jaccard_score": 6.212282570110046e-05, "accuracy_score": 0.0014, "recall_score": 6.212282570110046e-05, "precision_score": 0.011111111111111112}, "found_clusters": 90, "expected_clusters": 4, "time": 5.0547}, "spectral_clustering": {"clustering": {"adjusted_mutual_info_score": 0.6250538750622522, "adjusted_rand_score": 0.6010300754270894, "completeness_score": 0.6359215917776962, "fowlkes_mallows_score": 0.7058995121895254, "homogeneity_score": 0.6150304717120486, "v_measure_score": 0.62530158905025}, "classification": {"f1_score": 0.83348664849231, "hamming_loss": 0.1678, "jaccard_score": 0.7196943009193175, "accuracy_score": 0.8322, "recall_score": 0.8318147852728983, "precision_score": 0.87075019873129}, "found_clusters": 4, "expected_clusters": 4, "time": 5.1957}, "gaussian_mixture_model": {"clustering": {"adjusted_mutual_info_score": 0.8485003756086342, "adjusted_rand_score": 0.8937670862229086, "completeness_score": 0.8486481036477301, "fowlkes_mallows_score": 0.920314190523444, "homogeneity_score": 0.8485495414218461, "v_measure_score": 0.8485988196728609}, "classification": {"f1_score": 0.9590162352114522, "hamming_loss": 0.041, "jaccard_score": 0.9214311071353911, "accuracy_score": 0.959, "recall_score": 0.9590167466425364, "precision_score": 0.9592564621511828}, "found_clusters": 4, "expected_clusters": 4, "time": 0.0355}}, "classification_alg": {"KNeighborsClassifier": {"clustering": {"adjusted_mutual_info_score": 0.769657320788805, "adjusted_rand_score": 0.8186608318280231, "completeness_score": 0.7704731075119998, "fowlkes_mallows_score": 0.8639974521939093, "homogeneity_score": 0.770344941186037, "v_measure_score": 0.770409019018536}, "classification": {"f1_score": 0.9295288367333145, "hamming_loss": 0.071, "jaccard_score": 0.8688118856493546, "accuracy_score": 0.929, "recall_score": 0.9298090638026886, "precision_score": 0.9304220328243139}, "time": 0.047}, "DecisionTreeClassifier": {"clustering": {"adjusted_mutual_info_score": 0.6984889694704614, "adjusted_rand_score": 0.7548887668681296, "completeness_score": 0.6992655648574012, "fowlkes_mallows_score": 0.8161059771247061, "homogeneity_score": 0.6996796275349906, "v_measure_score": 0.6994725349186341}, "classification": {"f1_score": 0.9021690928248904, "hamming_loss": 0.098, "jaccard_score": 0.8219215358843344, "accuracy_score": 0.902, "recall_score": 0.9030399325595135, "precision_score": 0.902533442743083}, "time": 0.016}, "RandomForestClassifier": {"clustering": {"adjusted_mutual_info_score": 0.7753175501696589, "adjusted_rand_score": 0.8242848272750452, "completeness_score": 0.7761124213794192, "fowlkes_mallows_score": 0.868214334028774, "homogeneity_score": 0.7759891368849804, "v_measure_score": 0.7760507742359136}, "classification": {"f1_score": 0.9309846431623052, "hamming_loss": 0.069, "jaccard_score": 0.8710452298320701, "accuracy_score": 0.931, "recall_score": 0.9312969713869076, "precision_score": 0.9319910168292114}, "time": 0.5717}, "LinearSVC": {"clustering": {"adjusted_mutual_info_score": 0.6169614464105306, "adjusted_rand_score": 0.6658611858438909, "completeness_score": 0.6192471850176064, "fowlkes_mallows_score": 0.749759089141713, "homogeneity_score": 0.6171832371109489, "v_measure_score": 0.6182134884113547}, "classification": {"f1_score": 0.8615443936187835, "hamming_loss": 0.138, "jaccard_score": 0.7569640455478011, "accuracy_score": 0.862, "recall_score": 0.8616163425305047, "precision_score": 0.8651442746172834}, "time": 0.2}, "LogisticRegression": {"clustering": {"adjusted_mutual_info_score": 0.6317276465514656, "adjusted_rand_score": 0.6842563282130397,