{"clustering_alg": {"affinity_propagation": {"clustering": {"adjusted_mutual_info_score": 0.28184960403738923, "adjusted_rand_score": 0.02168436746820707, "completeness_score": 0.18661456940289978, "fowlkes_mallows_score": 0.109855481894478, "homogeneity_score": 0.6911445116669804, "v_measure_score": 0.2938793530514162}, "classification": {"f1_score": 0.00030507863906030063, "hamming_loss": 0.9932, "jaccard_score": 0.00015552098313853608, "accuracy_score": 0.0068, "recall_score": 0.0001561175238166888, "precision_score": 0.006689895470383275}, "found_clusters": 175, "expected_clusters": 4, "time": 69.0827}, "agglomerative": {"clustering": {"adjusted_mutual_info_score": 0.4657094930957519, "adjusted_rand_score": 0.3986356144626626, "completeness_score": 0.47333498693546916, "fowlkes_mallows_score": 0.5572134935026741, "homogeneity_score": 0.45901221683581245, "v_measure_score": 0.46606358828636263}, "classification": {"f1_score": 0.6541328880914627, "hamming_loss": 0.3548, "jaccard_score": 0.5086652555884928, "accuracy_score": 0.6452, "recall_score": 0.6685656938074774, "precision_score": 0.6827853426247044}, "found_clusters": 4, "expected_clusters": 4, "time": 1.0595}, "birch": {"clustering": {"adjusted_mutual_info_score": 0.29465721998007116, "adjusted_rand_score": 0.2088240299183842, "completeness_score": 0.3857586867601383, "fowlkes_mallows_score": 0.5015831972720408, "homogeneity_score": 0.23886132159431156, "v_measure_score": 0.29503643336293794}, "classification": {"f1_score": 0.4125159871477732, "hamming_loss": 0.4994, "jaccard_score": 0.2851761356594035, "accuracy_score": 0.5006, "recall_score": 0.46750029631079437, "precision_score": 0.45187032881679595}, "found_clusters": 3, "expected_clusters": 4, "time": 0.103}, "dbscan": {"clustering": {"adjusted_mutual_info_score": 2.1751410306315476e-17, "adjusted_rand_score": 0.0, "completeness_score": 1.0, "fowlkes_mallows_score": 0.503028157726278, "homogeneity_score": 6.837536523917202e-16, "v_measure_score": 1.3675073047834394e-15}, "classification": {"f1_score": 0.09631842402712741, "hamming_loss": 0.7614, "jaccard_score": 0.05965, "accuracy_score": 0.2386, "recall_score": 0.25, "precision_score": 0.05965}, "found_clusters": 1, "expected_clusters": 4, "time": 0.3925}, "k_means": {"clustering": {"adjusted_mutual_info_score": 0.46416081699621886, "adjusted_rand_score": 0.4074878496532081, "completeness_score": 0.46464081162179327, "fowlkes_mallows_score": 0.5574919760127687, "homogeneity_score": 0.46438053039734645, "v_measure_score": 0.46451063454845065}, "classification": {"f1_score": 0.6619938575505859, "hamming_loss": 0.3568, "jaccard_score": 0.5289007765231095, "accuracy_score": 0.6432, "recall_score": 0.6585940051326795, "precision_score": 0.6687598711933851}, "found_clusters": 4, "expected_clusters": 4, "time": 0.188}, "mini_batch_k_means": {"clustering": {"adjusted_mutual_info_score": 0.45752462376718966, "adjusted_rand_score": 0.4039437539774419, "completeness_score": 0.45760816240571645, "fowlkes_mallows_score": 0.5544838820403774, "homogeneity_score": 0.4581490848131395, "v_measure_score": 0.45787846385254277}, "classification": {"f1_score": 0.6550372440653621, "hamming_loss": 0.3588, "jaccard_score": 0.5192848032771453, "accuracy_score": 0.6412, "recall_score": 0.655955139865168, "precision_score": 0.6554666685993903}, "found_clusters": 4, "expected_clusters": 4, "time": 0.047}, "mean_shift": {"clustering": {"adjusted_mutual_info_score": 2.1751410306315476e-17, "adjusted_rand_score": 0.0, "completeness_score": 1.0, "fowlkes_mallows_score": 0.503028157726278, "homogeneity_score": 6.837536523917202e-16, "v_measure_score": 1.3675073047834394e-15}, "classification": {"f1_score": 0.09631842402712741, "hamming_loss": 0.7614, "jaccard_score": 0.05965, "accuracy_score": 0.2386, "recall_score": 0.25, "precision_score": 0.05965}, "found_clusters": 1, "expected_clusters": 4, "time": 66.2796}, "optics": {"clustering": {"adjusted_mutual_info_score": 0.10030740601759007, "adjusted_rand_score": 0.0004311863170057319, "completeness_score": 0.15301101594608651, "fowlkes_mallows_score": 0.4387998703713331, "homogeneity_score": 0.10491635208259059, "v_measure_score": 0.12447967615231617}, "classification": {"f1_score": 0.00016431970231230218, "hamming_loss": 0.9982, "jaccard_score": 8.238314061217306e-05, "accuracy_score": 0.0018, "recall_score": 8.288221070565848e-05, "precision_score": 0.01000874125874126}, "found_clusters": 88, "expected_clusters": 4, "time": 6.0992}, "spectral_clustering": {"clustering": {"adjusted_mutual_info_score": 0.4427567584456115, "adjusted_rand_score": 0.347529954408753, "completeness_score": 0.4490451343079389, "fowlkes_mallows_score": 0.5187144768815659, "homogeneity_score": 0.4373594525852033, "v_measure_score": 0.4431252658909017}, "classification": {"f1_score": 0.6638517064459775, "hamming_loss": 0.3658, "jaccard_score": 0.524287870317428, "accuracy_score": 0.6342, "recall_score": 0.6442193489035685, "precision_score": 0.7080723217643099}, "found_clusters": 4, "expected_clusters": 4, "time": 4.4263}, "gaussian_mixture_model": {"clustering": {"adjusted_mutual_info_score": 0.5235160496464354, "adjusted_rand_score": 0.4709218555590612, "completeness_score": 0.5237681340460332, "fowlkes_mallows_score": 0.6047305349096173, "homogeneity_score": 0.523885869073298, "v_measure_score": 0.523826994944153}, "classification": {"f1_score": 0.6866760007818983, "hamming_loss": 0.3296, "jaccard_score": 0.5686718154103432, "accuracy_score": 0.6704, "recall_score": 0.6814105574812614, "precision_score": 0.6934645172248148}, "found_clusters": 4, "expected_clusters": 4, "time": 0.034}}, "classification_alg": {"KNeighborsClassifier": {"clustering": {"adjusted_mutual_info_score": 0.5913868786109668, "adjusted_rand_score": 0.5921227050187254, "completeness_score": 0.5941676709340338, "fowlkes_mallows_score": 0.695081504377363, "homogeneity_score": 0.5912892019551838, "v_measure_score": 0.5927249417651093}, "classification": {"f1_score": 0.8236100369098416, "hamming_loss": 0.181, "jaccard_score": 0.70998211156991, "accuracy_score": 0.819, "recall_score": 0.8199949706391552, "precision_score": 0.830006625302372}, "time": 0.051}, "DecisionTreeClassifier": {"clustering": {"adjusted_mutual_info_score": 0.4902952241177521, "adjusted_rand_score": 0.4936489845905434, "completeness_score": 0.49375338957963416, "fowlkes_mallows_score": 0.6219199703860593, "homogeneity_score": 0.4901922074520838, "v_measure_score": 0.4919663540446485}, "classification": {"f1_score": 0.7599508198471022, "hamming_loss": 0.243, "jaccard_score": 0.6267745422073426, "accuracy_score": 0.757, "recall_score": 0.7574590480197192, "precision_score": 0.7647645074182309}, "time": 0.019}, "RandomForestClassifier": {"clustering": {"adjusted_mutual_info_score": 0.5899026289713994, "adjusted_rand_score": 0.5956756921600403, "completeness_score": 0.5927367916509785, "fowlkes_mallows_score": 0.6977809081652984, "homogeneity_score": 0.5897620285922425, "v_measure_score": 0.5912456683778117}, "classification": {"f1_score": 0.82120912868085, "hamming_loss": 0.182, "jaccard_score": 0.7081984481555921, "accuracy_score": 0.818, "recall_score": 0.8184426980544751, "precision_score": 0.8256107018522292}, "time": 0.7009}, "LinearSVC": {"clustering": {"adjusted_mutual_info_score": 0.5394265142658499, "adjusted_rand_score": 0.5382218324892524, "completeness_score": 0.5405848881803019, "fowlkes_mallows_score": 0.6537733990656077, "homogeneity_score": 0.541275554455908, "v_measure_score": 0.5409300008553329}, "classification": {"f1_score": 0.7720904964984628, "hamming_loss": 0.23, "jaccard_score": 0.6493098893530732, "accuracy_score": 0.77, "recall_score": 0.7748408494984149, "precision_score": 0.7698148408740542}, "time": 0.021}, "LogisticRegression": {"clustering": {"adjusted_mutual_info_score": 0.5298918029591252, "adjusted_rand_score": 0.5220244755438928, "completeness_score": 0.5322222640853099, "fowlkes_mallows_score": 0.6423631139785004,