{"clustering_alg": {"affinity_propagation": {"clustering": {"adjusted_mutual_info_score": 0.26337853950631773, "adjusted_rand_score": 0.047718066839973296, "completeness_score": 0.19390803672985374, "fowlkes_mallows_score": 0.15961408724312778, "homogeneity_score": 0.5531606013458452, "v_measure_score": 0.28715510392609855}, "classification": {"f1_score": 0.001738673236257777, "hamming_loss": 0.985, "jaccard_score": 0.0008998727312970341, "accuracy_score": 0.015, "recall_score": 0.0009411083915583445, "precision_score": 0.011437908496732027}, "found_clusters": 54, "expected_clusters": 4, "time": 1.8185}, "agglomerative": {"clustering": {"adjusted_mutual_info_score": 0.33256242669685504, "adjusted_rand_score": 0.2799082661443334, "completeness_score": 0.3408937581624094, "fowlkes_mallows_score": 0.4708859849903987, "homogeneity_score": 0.3289058494366736, "v_measure_score": 0.3347925254777971}, "classification": {"f1_score": 0.5361498212695531, "hamming_loss": 0.46, "jaccard_score": 0.40245967386600967, "accuracy_score": 0.54, "recall_score": 0.574337436200544, "precision_score": 0.5338486326605283}, "found_clusters": 4, "expected_clusters": 4, "time": 0.056}, "birch": {"clustering": {"adjusted_mutual_info_score": 0.24176215436663584, "adjusted_rand_score": 0.1256084079242262, "completeness_score": 0.3639910573896647, "fowlkes_mallows_score": 0.4857150384290932, "homogeneity_score": 0.18347788094502185, "v_measure_score": 0.24397478365052366}, "classification": {"f1_score": 0.13933234375734943, "hamming_loss": 0.749, "jaccard_score": 0.08705488927568215, "accuracy_score": 0.251, "recall_score": 0.2613788239391072, "precision_score": 0.11841096082834321}, "found_clusters": 3, "expected_clusters": 4, "time": 0.032}, "dbscan": {"clustering": {"adjusted_mutual_info_score": 0.005261513269595284, "adjusted_rand_score": -0.00028929461153910657, "completeness_score": 0.1181643212661482, "fowlkes_mallows_score": 0.49949057055389334, "homogeneity_score": 0.003996397381672957, "v_measure_score": 0.0077313164058341825}, "classification": {"f1_score": 0.09361046959199384, "hamming_loss": 0.696, "jaccard_score": 0.06110552763819096, "accuracy_score": 0.304, "recall_score": 0.19804560260586318, "precision_score": 0.061290322580645165}, "found_clusters": 2, "expected_clusters": 4, "time": 0.04}, "k_means": {"clustering": {"adjusted_mutual_info_score": 0.380098282474656, "adjusted_rand_score": 0.33037385472492586, "completeness_score": 0.38404747432702124, "fowlkes_mallows_score": 0.5027458015787211, "homogeneity_score": 0.3802558164523322, "v_measure_score": 0.38214224030820443}, "classification": {"f1_score": 0.5880367844089707, "hamming_loss": 0.421, "jaccard_score": 0.44776103835612446, "accuracy_score": 0.579, "recall_score": 0.5876209694644456, "precision_score": 0.5915421499170685}, "found_clusters": 4, "expected_clusters": 4, "time": 1.4067}, "mini_batch_k_means": {"clustering": {"adjusted_mutual_info_score": 0.3345411727522626, "adjusted_rand_score": 0.2957035112198468, "completeness_score": 0.33686117755351086, "fowlkes_mallows_score": 0.4746202810228078, "homogeneity_score": 0.3365892559522768, "v_measure_score": 0.3367251618554927}, "classification": {"f1_score": 0.5531762627244362, "hamming_loss": 0.456, "jaccard_score": 0.4131899395681712, "accuracy_score": 0.544, "recall_score": 0.5690920223543852, "precision_score": 0.5465255469869359}, "found_clusters": 4, "expected_clusters": 4, "time": 0.079}, "mean_shift": {"clustering": {"adjusted_mutual_info_score": 1.538221962089682e-15, "adjusted_rand_score": 0.0, "completeness_score": 1.0, "fowlkes_mallows_score": 0.5037218833202859, "homogeneity_score": 3.2234324436067264e-16, "v_measure_score": 6.446864887213452e-16}, "classification": {"f1_score": 0.11744452945677124, "hamming_loss": 0.693, "jaccard_score": 0.07675, "accuracy_score": 0.307, "recall_score": 0.25, "precision_score": 0.07675}, "found_clusters": 1, "expected_clusters": 4, "time": 8.5865}, "optics": {"clustering": {"adjusted_mutual_info_score": 0.05043726900206075, "adjusted_rand_score": -0.0003132602926372364, "completeness_score": 0.13133301744780446, "fowlkes_mallows_score": 0.4552786037053112, "homogeneity_score": 0.05448067923373653, "v_measure_score": 0.07701382755045695}, "classification": {"f1_score": 0.0033946430471326738, "hamming_loss": 0.993, "jaccard_score": 0.0017140534848032883, "accuracy_score": 0.007, "recall_score": 0.001731318666151383, "precision_score": 0.0875}, "found_clusters": 16, "expected_clusters": 4, "time": 1.4222}, "spectral_clustering": {"clustering": {"adjusted_mutual_info_score": 0.3911222803026632, "adjusted_rand_score": 0.32361158601821255, "completeness_score": 0.39884773901012016, "fowlkes_mallows_score": 0.5025502376978321, "homogeneity_score": 0.38761071224150767, "v_measure_score": 0.3931489475320395}, "classification": {"f1_score": 0.5806768369206277, "hamming_loss": 0.432, "jaccard_score": 0.4442120835543202, "accuracy_score": 0.568, "recall_score": 0.5693989660934511, "precision_score": 0.6011059864360252}, "found_clusters": 4, "expected_clusters": 4, "time": 0.8525}, "gaussian_mixture_model": {"clustering": {"adjusted_mutual_info_score": 0.40891844579053327, "adjusted_rand_score": 0.35405431362130263, "completeness_score": 0.4149871573016433, "fowlkes_mallows_score": 0.5227686326345226, "homogeneity_score": 0.40684781797597314, "v_measure_score": 0.4108771821963221}, "classification": {"f1_score": 0.5934340893979371, "hamming_loss": 0.415, "jaccard_score": 0.46158826169392425, "accuracy_score": 0.585, "recall_score": 0.6199165282903483, "precision_score": 0.5901549533421246}, "found_clusters": 4, "expected_clusters": 4, "time": 0.04}}, "classification_alg": {"KNeighborsClassifier": {"clustering": {"adjusted_mutual_info_score": 0.49136075200149654, "adjusted_rand_score": 0.46079665936975356, "completeness_score": 0.5027221549586677, "fowlkes_mallows_score": 0.5991380230297692, "homogeneity_score": 0.4972057368594172, "v_measure_score": 0.49994872937748314}, "classification": {"f1_score": 0.7675322309308402, "hamming_loss": 0.245, "jaccard_score": 0.6347727272727273, "accuracy_score": 0.755, "recall_score": 0.7615755135801219, "precision_score": 0.7823110190392771}, "time": 0.0121}, "DecisionTreeClassifier": {"clustering": {"adjusted_mutual_info_score": 0.38074195001708083, "adjusted_rand_score": 0.38060376332645846, "completeness_score": 0.3914087019986984, "fowlkes_mallows_score": 0.5376166215221267, "homogeneity_score": 0.3908659660336008, "v_measure_score": 0.39113714574319397}, "classification": {"f1_score": 0.7158540079821726, "hamming_loss": 0.29, "jaccard_score": 0.5647203653140006, "accuracy_score": 0.71, "recall_score": 0.7164734727637954, "precision_score": 0.7159782608695652}, "time": 0.005}, "RandomForestClassifier": {"clustering": {"adjusted_mutual_info_score": 0.49402580755863756, "adjusted_rand_score": 0.49161826967162, "completeness_score": 0.5008258067545461, "fowlkes_mallows_score": 0.6190357594178363, "homogeneity_score": 0.504146088150625, "v_measure_score": 0.5024804625884789}, "classification": {"f1_score": 0.7755095439223758, "hamming_loss": 0.23, "jaccard_score": 0.6428269215061668, "accuracy_score": 0.77, "recall_score": 0.7819781063790281, "precision_score": 0.7721198298440823}, "time": 0.388}, "LinearSVC": {"clustering": {"adjusted_mutual_info_score": 0.42597614114000293, "adjusted_rand_score": 0.40589796201154216, "completeness_score": 0.43497319043953003, "fowlkes_mallows_score": 0.5555599770314937, "homogeneity_score": 0.43620650704366243, "v_measure_score": 0.4355889757472815}, "classification": {"f1_score": 0.6936139840551604, "hamming_loss": 0.31, "jaccard_score": 0.5531836451393348, "accuracy_score": 0.69, "recall_score": 0.7084311540993569, "precision_score": 0.6858773772758853}, "time": 0.008}, "LogisticRegression": {"clustering": {"adjusted_mutual_info_score": 0.4886512424172077, "adjusted_rand_score": 0.4312994026725303, "completeness_score": 0.49994913177594225,