{"clustering_alg": {"affinity_propagation": {"clustering": {"adjusted_mutual_info_score": 0.0, "adjusted_rand_score": 0.0, "completeness_score": 1.0, "fowlkes_mallows_score": 0.4992506897854536, "homogeneity_score": 0.0, "v_measure_score": 0.0}, "classification": {"f1_score": 0.0, "hamming_loss": 1.0, "jaccard_score": 0.0, "accuracy_score": 0.0, "recall_score": 0.0, "precision_score": 0.0}, "found_clusters": 1, "expected_clusters": 4, "time": 6.1936}, "agglomerative": {"clustering": {"adjusted_mutual_info_score": 0.6609634701310114, "adjusted_rand_score": 0.6389944253921896, "completeness_score": 0.6638575808337686, "fowlkes_mallows_score": 0.729670282572585, "homogeneity_score": 0.6602953808586647, "v_measure_score": 0.6620716893798869}, "classification": {"f1_score": 0.8353945496053481, "hamming_loss": 0.163, "jaccard_score": 0.7204667072058376, "accuracy_score": 0.837, "recall_score": 0.8367951167218675, "precision_score": 0.8401974314874558}, "found_clusters": 4, "expected_clusters": 4, "time": 0.022}, "birch": {"clustering": {"adjusted_mutual_info_score": 0.48379459121387774, "adjusted_rand_score": 0.3853821524449628, "completeness_score": 0.5706646996225421, "fowlkes_mallows_score": 0.5849713630432587, "homogeneity_score": 0.4218247252916969, "v_measure_score": 0.48508422177445}, "classification": {"f1_score": 0.16348260723782196, "hamming_loss": 0.749, "jaccard_score": 0.12025890978052221, "accuracy_score": 0.251, "recall_score": 0.25000796812749004, "precision_score": 0.12171957059005252}, "found_clusters": 3, "expected_clusters": 4, "time": 0.018}, "dbscan": {"clustering": {"adjusted_mutual_info_score": -0.0004902673711332128, "adjusted_rand_score": 2.703209549979464e-06, "completeness_score": 0.09650611423131529, "fowlkes_mallows_score": 0.49825422052139573, "homogeneity_score": 0.0010043454708974608, "v_measure_score": 0.001988001677730477}, "classification": {"f1_score": 0.08038430744595676, "hamming_loss": 0.749, "jaccard_score": 0.0503006012024048, "accuracy_score": 0.251, "recall_score": 0.2, "precision_score": 0.0503006012024048}, "found_clusters": 2, "expected_clusters": 4, "time": 0.008}, "k_means": {"clustering": {"adjusted_mutual_info_score": 0.6001836935629248, "adjusted_rand_score": 0.5501304169971137, "completeness_score": 0.6081513885674171, "fowlkes_mallows_score": 0.6660240822675432, "homogeneity_score": 0.5949956313189436, "v_measure_score": 0.6015015844237218}, "classification": {"f1_score": 0.7947030409090526, "hamming_loss": 0.204, "jaccard_score": 0.6604794976640533, "accuracy_score": 0.796, "recall_score": 0.7957188115009839, "precision_score": 0.8163071154780808}, "found_clusters": 4, "expected_clusters": 4, "time": 0.035}, "mini_batch_k_means": {"clustering": {"adjusted_mutual_info_score": 0.5982159187233107, "adjusted_rand_score": 0.5185309983523717, "completeness_score": 0.6082932599681715, "fowlkes_mallows_score": 0.6431730230938397, "homogeneity_score": 0.5910449449254459, "v_measure_score": 0.5995450738906437}, "classification": {"f1_score": 0.7476853993133321, "hamming_loss": 0.247, "jaccard_score": 0.602397679891016, "accuracy_score": 0.753, "recall_score": 0.752570217123474, "precision_score": 0.7785815082751893}, "found_clusters": 4, "expected_clusters": 4, "time": 0.02}, "mean_shift": {"clustering": {"adjusted_mutual_info_score": 0.4721753725673687, "adjusted_rand_score": 0.38399277656636854, "completeness_score": 0.5388537239615657, "fowlkes_mallows_score": 0.5683238750834702, "homogeneity_score": 0.4222215737515302, "v_measure_score": 0.4734606495335058}, "classification": {"f1_score": 0.5046141796387199, "hamming_loss": 0.408, "jaccard_score": 0.3846241743834007, "accuracy_score": 0.592, "recall_score": 0.5916465223443574, "precision_score": 0.4447572908355195}, "found_clusters": 3, "expected_clusters": 4, "time": 3.7279}, "optics": {"clustering": {"adjusted_mutual_info_score": 0.24076254875555955, "adjusted_rand_score": 0.011828632093024127, "completeness_score": 0.22113328124457032, "fowlkes_mallows_score": 0.28891535284386527, "homogeneity_score": 0.39590585069987416, "v_measure_score": 0.2837679339827302}, "classification": {"f1_score": 0.001254250570516645, "hamming_loss": 0.99, "jaccard_score": 0.0006441372247823861, "accuracy_score": 0.01, "recall_score": 0.0006456794921621972, "precision_score": 0.02258064516129032}, "found_clusters": 62, "expected_clusters": 4, "time": 0.5225}, "spectral_clustering": {"clustering": {"adjusted_mutual_info_score": 0.620137666275237, "adjusted_rand_score": 0.5853430685207985, "completeness_score": 0.6290203821695812, "fowlkes_mallows_score": 0.692660329604146, "homogeneity_score": 0.6139450369647625, "v_measure_score": 0.6213912886677865}, "classification": {"f1_score": 0.8124320682893825, "hamming_loss": 0.186, "jaccard_score": 0.6873497222976004, "accuracy_score": 0.814, "recall_score": 0.8138111809788956, "precision_score": 0.834738052965444}, "found_clusters": 4, "expected_clusters": 4, "time": 0.187}, "gaussian_mixture_model": {"clustering": {"adjusted_mutual_info_score": 0.8111101970263374, "adjusted_rand_score": 0.8471075507788591, "completeness_score": 0.811796666583823, "fowlkes_mallows_score": 0.8852253912585092, "homogeneity_score": 0.8116553131621362, "v_measure_score": 0.811725983719182}, "classification": {"f1_score": 0.938879619057046, "hamming_loss": 0.061, "jaccard_score": 0.8864808919766946, "accuracy_score": 0.939, "recall_score": 0.9389075345205523, "precision_score": 0.9390447381401582}, "found_clusters": 4, "expected_clusters": 4, "time": 0.022}}, "classification_alg": {"KNeighborsClassifier": {"clustering": {"adjusted_mutual_info_score": 0.8031815876241373, "adjusted_rand_score": 0.8235275496000488, "completeness_score": 0.8075142155525642, "fowlkes_mallows_score": 0.867354049727019, "homogeneity_score": 0.8054037924642095, "v_measure_score": 0.8064576233165012}, "classification": {"f1_score": 0.9214411260782229, "hamming_loss": 0.075, "jaccard_score": 0.8593339478420086, "accuracy_score": 0.925, "recall_score": 0.9216742252456538, "precision_score": 0.9231123074826223}, "time": 0.006}, "DecisionTreeClassifier": {"clustering": {"adjusted_mutual_info_score": 0.6823775278304228, "adjusted_rand_score": 0.710670180430089, "completeness_score": 0.6876473508166532, "fowlkes_mallows_score": 0.7822465976030877, "homogeneity_score": 0.6876653206931528, "v_measure_score": 0.6876563356375055}, "classification": {"f1_score": 0.8791536733667509, "hamming_loss": 0.12, "jaccard_score": 0.7875905083566372, "accuracy_score": 0.88, "recall_score": 0.8799268852840281, "precision_score": 0.8793306304735333}, "time": 0.001}, "RandomForestClassifier": {"clustering": {"adjusted_mutual_info_score": 0.7504404988688116, "adjusted_rand_score": 0.7765945749880523, "completeness_score": 0.755644973179083, "fowlkes_mallows_score": 0.8320925890453181, "homogeneity_score": 0.7535474661363014, "v_measure_score": 0.7545947620782345}, "classification": {"f1_score": 0.9091744282516094, "hamming_loss": 0.09, "jaccard_score": 0.8354564820450396, "accuracy_score": 0.91, "recall_score": 0.9091030001744287, "precision_score": 0.9117786775071305}, "time": 0.131}, "LinearSVC": {"clustering": {"adjusted_mutual_info_score": 0.7515795467129345, "adjusted_rand_score": 0.7523370237939807, "completeness_score": 0.7579828966039728, "fowlkes_mallows_score": 0.8141666477911662, "homogeneity_score": 0.75347521936708, "v_measure_score": 0.7557223362795601}, "classification": {"f1_score": 0.8999010041843187, "hamming_loss": 0.1, "jaccard_score": 0.8182096916802144, "accuracy_score": 0.9, "recall_score": 0.8994708994708994, "precision_score": 0.9055688922230558}, "time": 0.013}, "LogisticRegression": {"clustering": {"adjusted_mutual_info_score": 0.7618812324746336, "adjusted_rand_score": 0.7764470141544895, "completeness_score": 0.7671069482197393, "fowlkes_mallows_score": 0.8320291972130694, "homogeneity_score": 0.7645895082042371, "v_measure_score": 0.7658461594260335},