{"clustering_alg": {"affinity_propagation": {"clustering": {"adjusted_mutual_info_score": 0.3806192039138202, "adjusted_rand_score": 0.08705392470842187, "completeness_score": 0.2722564598605138, "fowlkes_mallows_score": 0.22689494440945934, "homogeneity_score": 0.7579474169700716, "v_measure_score": 0.40061212182494466}, "classification": {"f1_score": 0.004044801550702662, "hamming_loss": 0.97, "jaccard_score": 0.0021495380129976124, "accuracy_score": 0.03, "recall_score": 0.0022642231098698477, "precision_score": 0.02021563342318059}, "found_clusters": 53, "expected_clusters": 4, "time": 1.7898}, "agglomerative": {"clustering": {"adjusted_mutual_info_score": 0.31886305343862303, "adjusted_rand_score": 0.20829509296023815, "completeness_score": 0.3338550748434076, "fowlkes_mallows_score": 0.4264351279981395, "homogeneity_score": 0.3094137784190739, "v_measure_score": 0.32117009747254416}, "classification": {"f1_score": 0.47519827636377077, "hamming_loss": 0.518, "jaccard_score": 0.3148674071622903, "accuracy_score": 0.482, "recall_score": 0.4818745458022567, "precision_score": 0.5164996919697671}, "found_clusters": 4, "expected_clusters": 4, "time": 0.048}, "birch": {"clustering": {"adjusted_mutual_info_score": 0.3761773065512065, "adjusted_rand_score": 0.3106323406584472, "completeness_score": 0.4354863773937668, "fowlkes_mallows_score": 0.5217429992391003, "homogeneity_score": 0.3334714906338368, "v_measure_score": 0.37771195915513}, "classification": {"f1_score": 0.4718988368750773, "hamming_loss": 0.44, "jaccard_score": 0.3499102057562557, "accuracy_score": 0.56, "recall_score": 0.558814782941289, "precision_score": 0.42015383301615183}, "found_clusters": 3, "expected_clusters": 4, "time": 0.115}, "dbscan": {"clustering": {"adjusted_mutual_info_score": -3.2290818302786404e-16, "adjusted_rand_score": 0.0, "completeness_score": 1.0, "fowlkes_mallows_score": 0.49925469978284154, "homogeneity_score": 0.0, "v_measure_score": 0.0}, "classification": {"f1_score": 0.0, "hamming_loss": 1.0, "jaccard_score": 0.0, "accuracy_score": 0.0, "recall_score": 0.0, "precision_score": 0.0}, "found_clusters": 1, "expected_clusters": 4, "time": 0.011}, "k_means": {"clustering": {"adjusted_mutual_info_score": 0.3658458605313887, "adjusted_rand_score": 0.30587321421254, "completeness_score": 0.3694599647617727, "fowlkes_mallows_score": 0.4808401578164097, "homogeneity_score": 0.3663965721040064, "v_measure_score": 0.36792189193549807}, "classification": {"f1_score": 0.6082161654172853, "hamming_loss": 0.39, "jaccard_score": 0.4390882018235023, "accuracy_score": 0.61, "recall_score": 0.6097273857334099, "precision_score": 0.6134872387645943}, "found_clusters": 4, "expected_clusters": 4, "time": 0.078}, "mini_batch_k_means": {"clustering": {"adjusted_mutual_info_score": 0.35818872687211756, "adjusted_rand_score": 0.2749871394929779, "completeness_score": 0.36481080414600564, "fowlkes_mallows_score": 0.46169790187986237, "homogeneity_score": 0.3559139183800086, "v_measure_score": 0.3603074480805817}, "classification": {"f1_score": 0.48720054326650764, "hamming_loss": 0.504, "jaccard_score": 0.3256392312234746, "accuracy_score": 0.496, "recall_score": 0.4964847963281698, "precision_score": 0.4942205585725471}, "found_clusters": 4, "expected_clusters": 4, "time": 0.041}, "mean_shift": {"clustering": {"adjusted_mutual_info_score": -3.2290818302786404e-16, "adjusted_rand_score": 0.0, "completeness_score": 1.0, "fowlkes_mallows_score": 0.49925469978284154, "homogeneity_score": 0.0, "v_measure_score": 0.0}, "classification": {"f1_score": 0.10063897763578275, "hamming_loss": 0.748, "jaccard_score": 0.063, "accuracy_score": 0.252, "recall_score": 0.25, "precision_score": 0.063}, "found_clusters": 1, "expected_clusters": 4, "time": 7.3139}, "optics": {"clustering": {"adjusted_mutual_info_score": 0.12056405063411359, "adjusted_rand_score": 0.0018476797062144024, "completeness_score": 0.20696809071521058, "fowlkes_mallows_score": 0.43540932095974144, "homogeneity_score": 0.11392800932756157, "v_measure_score": 0.14696010681567787}, "classification": {"f1_score": 0.0028782894736842104, "hamming_loss": 0.993, "jaccard_score": 0.001479602621010357, "accuracy_score": 0.007, "recall_score": 0.001479602621010357, "precision_score": 0.05263157894736842}, "found_clusters": 19, "expected_clusters": 4, "time": 0.8779}, "spectral_clustering": {"clustering": {"adjusted_mutual_info_score": 0.4842213726188525, "adjusted_rand_score": 0.4053047593679727, "completeness_score": 0.5702164571587088, "fowlkes_mallows_score": 0.5968201368901962, "homogeneity_score": 0.4238350921444621, "v_measure_score": 0.4862479110496149}, "classification": {"f1_score": 0.4741782271392526, "hamming_loss": 0.428, "jaccard_score": 0.35244948878998567, "accuracy_score": 0.572, "recall_score": 0.5714803021610251, "precision_score": 0.682594807518588}, "found_clusters": 4, "expected_clusters": 4, "time": 0.5387}, "gaussian_mixture_model": {"clustering": {"adjusted_mutual_info_score": 0.9084989207914792, "adjusted_rand_score": 0.9370740758003806, "completeness_score": 0.9088234792348328, "fowlkes_mallows_score": 0.9527599558487433, "homogeneity_score": 0.9087709245881308, "v_measure_score": 0.9087972011516887}, "classification": {"f1_score": 0.9760181068090654, "hamming_loss": 0.024, "jaccard_score": 0.9532130048145605, "accuracy_score": 0.976, "recall_score": 0.9760234270414994, "precision_score": 0.9760876383567372}, "found_clusters": 4, "expected_clusters": 4, "time": 0.034}}, "classification_alg": {"KNeighborsClassifier": {"clustering": {"adjusted_mutual_info_score": 0.6850773741980881, "adjusted_rand_score": 0.6963224143787782, "completeness_score": 0.6907253012608446, "fowlkes_mallows_score": 0.7716322195531677, "homogeneity_score": 0.6899083134611856, "v_measure_score": 0.6903165656353837}, "classification": {"f1_score": 0.875293420485344, "hamming_loss": 0.125, "jaccard_score": 0.7784490098769036, "accuracy_score": 0.875, "recall_score": 0.8749586791561814, "precision_score": 0.8762241206390142}, "time": 0.0105}, "DecisionTreeClassifier": {"clustering": {"adjusted_mutual_info_score": 0.4804585078826779, "adjusted_rand_score": 0.47741461943849905, "completeness_score": 0.49032062600260473, "fowlkes_mallows_score": 0.6076747399582795, "homogeneity_score": 0.48792623720468625, "v_measure_score": 0.4891205013117472}, "classification": {"f1_score": 0.76026062263747, "hamming_loss": 0.24, "jaccard_score": 0.6142555087230104, "accuracy_score": 0.76, "recall_score": 0.7616583000718061, "precision_score": 0.7656008035547988}, "time": 0.003}, "RandomForestClassifier": {"clustering": {"adjusted_mutual_info_score": 0.6021825278715356, "adjusted_rand_score": 0.6465679624241099, "completeness_score": 0.6104959605280227, "fowlkes_mallows_score": 0.7347647229660601, "homogeneity_score": 0.6071477229098288, "v_measure_score": 0.608817238280621}, "classification": {"f1_score": 0.8550266341483637, "hamming_loss": 0.145, "jaccard_score": 0.7467853058890794, "accuracy_score": 0.855, "recall_score": 0.8529263405419742, "precision_score": 0.85943187805545}, "time": 0.302}, "LinearSVC": {"clustering": {"adjusted_mutual_info_score": 0.4822156528148144, "adjusted_rand_score": 0.47895524304357134, "completeness_score": 0.4920165319938051, "fowlkes_mallows_score": 0.6088047706575054, "homogeneity_score": 0.4896842898429525, "v_measure_score": 0.4908476405461181}, "classification": {"f1_score": 0.7654503592054671, "hamming_loss": 0.235, "jaccard_score": 0.6222680642283676, "accuracy_score": 0.765, "recall_score": 0.7687349999676549, "precision_score": 0.770196493851778}, "time": 0.059}, "LogisticRegression": {"clustering": {"adjusted_mutual_info_score": 0.48593563581829263, "adjusted_rand_score": 0.4971339032289436, "completeness_score": 0.4950255148312331, "fowlkes_mallows_score": 0.6220182435643824, "homogeneity_score": 0.4939607552885371, "v_measure_score": 0.4944925618907127}, "classification": {"f1_score": 0.7755424594517135,