{"clustering_alg": {"affinity_propagation": {"clustering": {"adjusted_mutual_info_score": -1.281370601507323e-15, "adjusted_rand_score": 0.0, "completeness_score": 1.0, "fowlkes_mallows_score": 0.4998499474782395, "homogeneity_score": 6.40685300762983e-16, "v_measure_score": 1.2813706015259653e-15}, "classification": {"f1_score": 0.0, "hamming_loss": 1.0, "jaccard_score": 0.0, "accuracy_score": 0.0, "recall_score": 0.0, "precision_score": 0.0}, "found_clusters": 1, "expected_clusters": 4, "time": 151.2769}, "agglomerative": {"clustering": {"adjusted_mutual_info_score": 0.8460145504453994, "adjusted_rand_score": 0.8552661947543143, "completeness_score": 0.8464695084964404, "fowlkes_mallows_score": 0.8914710756823319, "homogeneity_score": 0.8457600797006851, "v_measure_score": 0.846114645392613}, "classification": {"f1_score": 0.9409641094533231, "hamming_loss": 0.0592, "jaccard_score": 0.8921598938650954, "accuracy_score": 0.9408, "recall_score": 0.9408000000000001, "precision_score": 0.9421698132775422}, "found_clusters": 4, "expected_clusters": 4, "time": 0.698}, "birch": {"clustering": {"adjusted_mutual_info_score": 0.7632060944994691, "adjusted_rand_score": 0.6156526609222598, "completeness_score": 0.9033417097362969, "fowlkes_mallows_score": 0.7519632216032466, "homogeneity_score": 0.6608875810915991, "v_measure_score": 0.7633245598294531}, "classification": {"f1_score": 0.6422558565535057, "hamming_loss": 0.2826, "jaccard_score": 0.5847250824434367, "accuracy_score": 0.7174, "recall_score": 0.7174, "precision_score": 0.6171135356848179}, "found_clusters": 3, "expected_clusters": 4, "time": 0.166}, "dbscan": {"clustering": {"adjusted_mutual_info_score": 0.5612390408603429, "adjusted_rand_score": 0.3289333097727861, "completeness_score": 0.9305197210369752, "fowlkes_mallows_score": 0.6268622118963504, "homogeneity_score": 0.4020633356938685, "v_measure_score": 0.5615077590538822}, "classification": {"f1_score": 0.298509412288752, "hamming_loss": 0.5046, "jaccard_score": 0.26375098742306663, "accuracy_score": 0.4954, "recall_score": 0.39632, "precision_score": 0.2667202572347267}, "found_clusters": 3, "expected_clusters": 4, "time": 0.048}, "k_means": {"clustering": {"adjusted_mutual_info_score": 0.8598856617198902, "adjusted_rand_score": 0.8737400450450795, "completeness_score": 0.860010074696908, "fowlkes_mallows_score": 0.9052895056211943, "homogeneity_score": 0.8599433383854226, "v_measure_score": 0.8599767052464398}, "classification": {"f1_score": 0.9488631393101694, "hamming_loss": 0.0512, "jaccard_score": 0.9057048947270566, "accuracy_score": 0.9488, "recall_score": 0.9487999999999999, "precision_score": 0.9490250189777328}, "found_clusters": 4, "expected_clusters": 4, "time": 0.067}, "mini_batch_k_means": {"clustering": {"adjusted_mutual_info_score": 0.8586203201520302, "adjusted_rand_score": 0.8723355057391572, "completeness_score": 0.8587414188946741, "fowlkes_mallows_score": 0.9042355032749582, "homogeneity_score": 0.8586829539619965, "v_measure_score": 0.8587121854331973}, "classification": {"f1_score": 0.9482753042894281, "hamming_loss": 0.0518, "jaccard_score": 0.9046959848994017, "accuracy_score": 0.9482, "recall_score": 0.9481999999999999, "precision_score": 0.9484375971949577}, "found_clusters": 4, "expected_clusters": 4, "time": 0.036}, "mean_shift": {"clustering": {"adjusted_mutual_info_score": 0.5770293018153215, "adjusted_rand_score": 0.3331999466453248, "completeness_score": 0.9999999999999988, "fowlkes_mallows_score": 0.6323036758870954, "homogeneity_score": 0.40563906222956625, "v_measure_score": 0.5771596324111231}, "classification": {"f1_score": 0.375, "hamming_loss": 0.5, "jaccard_score": 0.3333333333333333, "accuracy_score": 0.5, "recall_score": 0.5, "precision_score": 0.3333333333333333}, "found_clusters": 2, "expected_clusters": 4, "time": 9.7061}, "optics": {"clustering": {"adjusted_mutual_info_score": 0.22964907817443644, "adjusted_rand_score": 0.0037896301267431377, "completeness_score": 0.18334925837258356, "fowlkes_mallows_score": 0.25218543819247735, "homogeneity_score": 0.46569319602544257, "v_measure_score": 0.26310914345230463}, "classification": {"f1_score": 1.580552877396513e-05, "hamming_loss": 0.9994, "jaccard_score": 7.921670521879654e-06, "accuracy_score": 0.0006, "recall_score": 7.947019867549668e-06, "precision_score": 0.0014191106906338694}, "found_clusters": 302, "expected_clusters": 4, "time": 3.1764}, "spectral_clustering": {"clustering": {"adjusted_mutual_info_score": 0.8612007655227578, "adjusted_rand_score": 0.8746097440882713, "completeness_score": 0.8613374378280552, "fowlkes_mallows_score": 0.9059432158951091, "homogeneity_score": 0.8612444789786897, "v_measure_score": 0.861290955895118}, "classification": {"f1_score": 0.9495897333123661, "hamming_loss": 0.0506, "jaccard_score": 0.9068843232973534, "accuracy_score": 0.9494, "recall_score": 0.9494, "precision_score": 0.9499165352287781}, "found_clusters": 4, "expected_clusters": 4, "time": 2.9889}, "gaussian_mixture_model": {"clustering": {"adjusted_mutual_info_score": 0.8579159881782853, "adjusted_rand_score": 0.8717603480723134, "completeness_score": 0.8580363021754895, "fowlkes_mallows_score": 0.9038039337759951, "homogeneity_score": 0.8579803216238218, "v_measure_score": 0.8580083109865462}, "classification": {"f1_score": 0.9480905641873029, "hamming_loss": 0.052, "jaccard_score": 0.9043420740361939, "accuracy_score": 0.948, "recall_score": 0.9480000000000001, "precision_score": 0.9482650579960274}, "found_clusters": 4, "expected_clusters": 4, "time": 0.018}}, "classification_alg": {"KNeighborsClassifier": {"clustering": {"adjusted_mutual_info_score": 0.8296680218611164, "adjusted_rand_score": 0.8415364532896092, "completeness_score": 0.8301948069280222, "fowlkes_mallows_score": 0.8810479703028081, "homogeneity_score": 0.830251861682641, "v_measure_score": 0.8302233333250998}, "classification": {"f1_score": 0.9354371956769186, "hamming_loss": 0.065, "jaccard_score": 0.8831367049973158, "accuracy_score": 0.935, "recall_score": 0.9354963366241562, "precision_score": 0.9353920194079932}, "time": 0.028}, "DecisionTreeClassifier": {"clustering": {"adjusted_mutual_info_score": 0.7936693441238657, "adjusted_rand_score": 0.793895796668749, "completeness_score": 0.794281679480979, "fowlkes_mallows_score": 0.8452801289900516, "homogeneity_score": 0.7944023072508689, "v_measure_score": 0.7943419887863289}, "classification": {"f1_score": 0.9125328919446567, "hamming_loss": 0.088, "jaccard_score": 0.8468698587209151, "accuracy_score": 0.912, "recall_score": 0.9128708316678242, "precision_score": 0.9123842571342893}, "time": 0.005}, "RandomForestClassifier": {"clustering": {"adjusted_mutual_info_score": 0.8238519241580736, "adjusted_rand_score": 0.8332143796277868, "completeness_score": 0.8243825751355086, "fowlkes_mallows_score": 0.8747987682785605, "homogeneity_score": 0.8244698018504928, "v_measure_score": 0.8244261861857901}, "classification": {"f1_score": 0.9313311577963904, "hamming_loss": 0.069, "jaccard_score": 0.8764477115057892, "accuracy_score": 0.931, "recall_score": 0.9315719131508605, "precision_score": 0.9311362984218078}, "time": 0.285}, "LinearSVC": {"clustering": {"adjusted_mutual_info_score": 0.846411822504195, "adjusted_rand_score": 0.8596596369105582, "completeness_score": 0.8469488856414127, "fowlkes_mallows_score": 0.8946597423587944, "homogeneity_score": 0.846876289426546, "v_measure_score": 0.8469125859782668}, "classification": {"f1_score": 0.9430870528333009, "hamming_loss": 0.057, "jaccard_score": 0.8956468038531142, "accuracy_score": 0.943, "recall_score": 0.9438554434795036, "precision_score": 0.943340476299905}, "time": 0.107}, "LogisticRegression": {"clustering": {"adjusted_mutual_info_score": 0.8508765747690651, "adjusted_rand_score": 0.8618154149439544, "completeness_score": 0.8513128304542226, "fowlkes_mallows_score": 0.8962682044542574, "homogeneity_score": 0.851412636650577, "v_measure_score": 0.8513627306273021},