{"clustering_alg": {"affinity_propagation": {"clustering": {"adjusted_mutual_info_score": -3.1726937448728004e-16, "adjusted_rand_score": 0.0, "completeness_score": 1.0, "fowlkes_mallows_score": 0.49985434966015335, "homogeneity_score": 1.6017234172419217e-16, "v_measure_score": 3.203446834483843e-16}, "classification": {"f1_score": 0.0, "hamming_loss": 1.0, "jaccard_score": 0.0, "accuracy_score": 0.0, "recall_score": 0.0, "precision_score": 0.0}, "found_clusters": 1, "expected_clusters": 4, "time": 148.2379}, "agglomerative": {"clustering": {"adjusted_mutual_info_score": 0.5765023029502004, "adjusted_rand_score": 0.5434560149709555, "completeness_score": 0.5871645303041857, "fowlkes_mallows_score": 0.662789287777122, "homogeneity_score": 0.5667609894548247, "v_measure_score": 0.5767823736795022}, "classification": {"f1_score": 0.770689826564045, "hamming_loss": 0.2204, "jaccard_score": 0.6408476494035228, "accuracy_score": 0.7796, "recall_score": 0.7789923914018035, "precision_score": 0.8053938449949442}, "found_clusters": 4, "expected_clusters": 4, "time": 0.7526}, "birch": {"clustering": {"adjusted_mutual_info_score": 0.262576160457925, "adjusted_rand_score": 0.22791967741126837, "completeness_score": 0.3285293914113788, "fowlkes_mallows_score": 0.4898083398937189, "homogeneity_score": 0.21920851371486702, "v_measure_score": 0.262959488211207}, "classification": {"f1_score": 0.11888345961571556, "hamming_loss": 0.8202, "jaccard_score": 0.07316686964645072, "accuracy_score": 0.1798, "recall_score": 0.18020752767705206, "precision_score": 0.08932227098866936}, "found_clusters": 3, "expected_clusters": 4, "time": 0.082}, "dbscan": {"clustering": {"adjusted_mutual_info_score": 0.0007656504761954637, "adjusted_rand_score": 1.4180344647845474e-06, "completeness_score": 0.09715666586060191, "fowlkes_mallows_score": 0.4992558283957017, "homogeneity_score": 0.0006496662033903316, "v_measure_score": 0.0012907017554328252}, "classification": {"f1_score": 0.08043513037913934, "hamming_loss": 0.7486, "jaccard_score": 0.050340408490188226, "accuracy_score": 0.2514, "recall_score": 0.2, "precision_score": 0.050340408490188226}, "found_clusters": 2, "expected_clusters": 4, "time": 0.142}, "k_means": {"clustering": {"adjusted_mutual_info_score": 0.5108230270563605, "adjusted_rand_score": 0.5013499242258793, "completeness_score": 0.5119864542332896, "fowlkes_mallows_score": 0.6265062160045465, "homogeneity_score": 0.5102991338025228, "v_measure_score": 0.5111414015253046}, "classification": {"f1_score": 0.7519726136018033, "hamming_loss": 0.2454, "jaccard_score": 0.6149898248783561, "accuracy_score": 0.7546, "recall_score": 0.75418288908434, "precision_score": 0.753458882833407}, "found_clusters": 4, "expected_clusters": 4, "time": 0.235}, "mini_batch_k_means": {"clustering": {"adjusted_mutual_info_score": 0.5105073167068215, "adjusted_rand_score": 0.499215614389427, "completeness_score": 0.5114988979441765, "fowlkes_mallows_score": 0.624801949139793, "homogeneity_score": 0.5101544504640938, "v_measure_score": 0.5108257895894909}, "classification": {"f1_score": 0.7512666705553936, "hamming_loss": 0.2462, "jaccard_score": 0.6142204124838981, "accuracy_score": 0.7538, "recall_score": 0.7533543911243804, "precision_score": 0.7520015597782297}, "found_clusters": 4, "expected_clusters": 4, "time": 0.044}, "mean_shift": {"clustering": {"adjusted_mutual_info_score": -3.1726937448728004e-16, "adjusted_rand_score": 0.0, "completeness_score": 1.0, "fowlkes_mallows_score": 0.49985434966015335, "homogeneity_score": 1.6017234172419217e-16, "v_measure_score": 3.203446834483843e-16}, "classification": {"f1_score": 0.1004474988013425, "hamming_loss": 0.7486, "jaccard_score": 0.06285, "accuracy_score": 0.2514, "recall_score": 0.25, "precision_score": 0.06285}, "found_clusters": 1, "expected_clusters": 4, "time": 43.3536}, "optics": {"clustering": {"adjusted_mutual_info_score": 0.22629689902830047, "adjusted_rand_score": 0.005268967339665912, "completeness_score": 0.18291476369922938, "fowlkes_mallows_score": 0.265198381670338, "homogeneity_score": 0.44298869874322455, "v_measure_score": 0.2589190762289349}, "classification": {"f1_score": 3.940509564179642e-05, "hamming_loss": 0.9986, "jaccard_score": 1.9813414247543137e-05, "accuracy_score": 0.0014, "recall_score": 1.9813414247543137e-05, "precision_score": 0.0035211267605633804}, "found_clusters": 284, "expected_clusters": 4, "time": 3.4628}, "spectral_clustering": {"clustering": {"adjusted_mutual_info_score": 0.5356321466328149, "adjusted_rand_score": 0.5079550321218524, "completeness_score": 0.5423698432548312, "fowlkes_mallows_score": 0.6347773350939591, "homogeneity_score": 0.529655889223576, "v_measure_score": 0.5359374740997186}, "classification": {"f1_score": 0.7613958893038753, "hamming_loss": 0.2354, "jaccard_score": 0.6220397921931751, "accuracy_score": 0.7646, "recall_score": 0.7640285925623933, "precision_score": 0.7885419052987552}, "found_clusters": 4, "expected_clusters": 4, "time": 3.079}, "gaussian_mixture_model": {"clustering": {"adjusted_mutual_info_score": 0.8437408948567564, "adjusted_rand_score": 0.8786214291268771, "completeness_score": 0.843911780595416, "fowlkes_mallows_score": 0.9089553522870365, "homogeneity_score": 0.8437730988134243, "v_measure_score": 0.8438424340064854}, "classification": {"f1_score": 0.9518275831068106, "hamming_loss": 0.048, "jaccard_score": 0.9092504799827359, "accuracy_score": 0.952, "recall_score": 0.9520140312356734, "precision_score": 0.9518926452530373}, "found_clusters": 4, "expected_clusters": 4, "time": 0.071}}, "classification_alg": {"KNeighborsClassifier": {"clustering": {"adjusted_mutual_info_score": 0.8278277511758582, "adjusted_rand_score": 0.8596601553770055, "completeness_score": 0.8287744449794608, "fowlkes_mallows_score": 0.8947369308291235, "homogeneity_score": 0.8280050278757125, "v_measure_score": 0.8283895577669111}, "classification": {"f1_score": 0.9416697861771194, "hamming_loss": 0.057, "jaccard_score": 0.8917413663350631, "accuracy_score": 0.943, "recall_score": 0.942533642282398, "precision_score": 0.9421634508270054}, "time": 0.029}, "DecisionTreeClassifier": {"clustering": {"adjusted_mutual_info_score": 0.7578338564221757, "adjusted_rand_score": 0.7961105367054948, "completeness_score": 0.7587887723350085, "fowlkes_mallows_score": 0.8470369193075666, "homogeneity_score": 0.7584590112310572, "v_measure_score": 0.7586238559476252}, "classification": {"f1_score": 0.9135382887571641, "hamming_loss": 0.085, "jaccard_score": 0.8444462626988347, "accuracy_score": 0.915, "recall_score": 0.914015453559595, "precision_score": 0.9133500991656727}, "time": 0.007}, "RandomForestClassifier": {"clustering": {"adjusted_mutual_info_score": 0.8194955138438638, "adjusted_rand_score": 0.8563692736077757, "completeness_score": 0.8202079521311375, "fowlkes_mallows_score": 0.8922373447396271, "homogeneity_score": 0.8199607238439118, "v_measure_score": 0.820084319354738}, "classification": {"f1_score": 0.9410055698972903, "hamming_loss": 0.058, "jaccard_score": 0.8903839622743763, "accuracy_score": 0.942, "recall_score": 0.9415750850044644, "precision_score": 0.9410006688386192}, "time": 0.368}, "LinearSVC": {"clustering": {"adjusted_mutual_info_score": 0.7021859190700648, "adjusted_rand_score": 0.7266398350578003, "completeness_score": 0.7039034069259754, "fowlkes_mallows_score": 0.795079014558729, "homogeneity_score": 0.7024147544613736, "v_measure_score": 0.7031582927901185}, "classification": {"f1_score": 0.8802760314447313, "hamming_loss": 0.118, "jaccard_score": 0.7926429086141669, "accuracy_score": 0.882, "recall_score": 0.880911506170917, "precision_score": 0.8816924372172341}, "time": 0.098}, "LogisticRegression": {"clustering": {"adjusted_mutual_info_score": 0.7162803962848345, "adjusted_rand_score": 0.7453611594752396, "completeness_score": 0.7178264402799304, "fowlkes_mallows_score": 0.8090786484295762, "homogeneity_score": 0.7165877610495185,