{"clustering_alg": {"affinity_propagation": {"clustering": {"adjusted_mutual_info_score": -1.281370601507323e-15, "adjusted_rand_score": 0.0, "completeness_score": 1.0, "fowlkes_mallows_score": 0.4998499474782395, "homogeneity_score": 6.40685300762983e-16, "v_measure_score": 1.2813706015259653e-15}, "classification": {"f1_score": 0.0, "hamming_loss": 1.0, "jaccard_score": 0.0, "accuracy_score": 0.0, "recall_score": 0.0, "precision_score": 0.0}, "found_clusters": 1, "expected_clusters": 4, "time": 143.1979}, "agglomerative": {"clustering": {"adjusted_mutual_info_score": 0.7857111610219117, "adjusted_rand_score": 0.7923520423338072, "completeness_score": 0.7870490029514272, "fowlkes_mallows_score": 0.8444588190014837, "homogeneity_score": 0.7846558595565104, "v_measure_score": 0.7858506093039815}, "classification": {"f1_score": 0.9102986041820413, "hamming_loss": 0.0888, "jaccard_score": 0.8421237311299687, "accuracy_score": 0.9112, "recall_score": 0.9112, "precision_score": 0.9129941388703058}, "found_clusters": 4, "expected_clusters": 4, "time": 1.3417}, "birch": {"clustering": {"adjusted_mutual_info_score": 0.6003755607729083, "adjusted_rand_score": 0.5143476059814086, "completeness_score": 0.6866196465600627, "fowlkes_mallows_score": 0.6641675331090954, "homogeneity_score": 0.5336870160568518, "v_measure_score": 0.6005703345957801}, "classification": {"f1_score": 0.16463491630552274, "hamming_loss": 0.798, "jaccard_score": 0.11868177703294155, "accuracy_score": 0.202, "recall_score": 0.202, "precision_score": 0.1389547991149088}, "found_clusters": 3, "expected_clusters": 4, "time": 0.183}, "dbscan": {"clustering": {"adjusted_mutual_info_score": 0.5634698025932195, "adjusted_rand_score": 0.3298763681598045, "completeness_score": 0.9394755954158373, "fowlkes_mallows_score": 0.6278631234708135, "homogeneity_score": 0.402686736854941, "v_measure_score": 0.5637386071367293}, "classification": {"f1_score": 0.10000000000000002, "hamming_loss": 0.7508, "jaccard_score": 0.06666666666666667, "accuracy_score": 0.2492, "recall_score": 0.19936, "precision_score": 0.0667380824852705}, "found_clusters": 3, "expected_clusters": 4, "time": 0.048}, "k_means": {"clustering": {"adjusted_mutual_info_score": 0.829408095778992, "adjusted_rand_score": 0.8475402950070743, "completeness_score": 0.8295523021930206, "fowlkes_mallows_score": 0.885636591963962, "homogeneity_score": 0.8294855868554933, "v_measure_score": 0.829518943182836}, "classification": {"f1_score": 0.9374878516395311, "hamming_loss": 0.0624, "jaccard_score": 0.8859580386963155, "accuracy_score": 0.9376, "recall_score": 0.9376, "precision_score": 0.9374758549286851}, "found_clusters": 4, "expected_clusters": 4, "time": 0.068}, "mini_batch_k_means": {"clustering": {"adjusted_mutual_info_score": 0.8306262594556593, "adjusted_rand_score": 0.8491592923093881, "completeness_score": 0.8307550810299901, "fowlkes_mallows_score": 0.8868491998106437, "homogeneity_score": 0.8307175465592616, "v_measure_score": 0.8307363133706537}, "classification": {"f1_score": 0.9383328814719761, "hamming_loss": 0.0616, "jaccard_score": 0.8873334679045921, "accuracy_score": 0.9384, "recall_score": 0.9384, "precision_score": 0.938321959749669}, "found_clusters": 4, "expected_clusters": 4, "time": 0.041}, "mean_shift": {"clustering": {"adjusted_mutual_info_score": 0.5578428501259789, "adjusted_rand_score": 0.33067193968991837, "completeness_score": 0.9609667934537, "fowlkes_mallows_score": 0.6290322137572295, "homogeneity_score": 0.39312083226421807, "v_measure_score": 0.557978757719618}, "classification": {"f1_score": 0.12991404845873789, "hamming_loss": 0.7456, "jaccard_score": 0.08602510729613733, "accuracy_score": 0.2544, "recall_score": 0.2544, "precision_score": 0.08814900666720651}, "found_clusters": 2, "expected_clusters": 4, "time": 23.7974}, "optics": {"clustering": {"adjusted_mutual_info_score": 0.2199950508318657, "adjusted_rand_score": 0.004258832146559707, "completeness_score": 0.17715620425855516, "fowlkes_mallows_score": 0.25063166000947307, "homogeneity_score": 0.4557827395208715, "v_measure_score": 0.2551422720742624}, "classification": {"f1_score": 2.52956428255233e-05, "hamming_loss": 0.999, "jaccard_score": 1.2698412698412699e-05, "accuracy_score": 0.001, "recall_score": 1.2698412698412699e-05, "precision_score": 0.0031746031746031746}, "found_clusters": 315, "expected_clusters": 4, "time": 3.2473}, "spectral_clustering": {"clustering": {"adjusted_mutual_info_score": 0.829408673770719, "adjusted_rand_score": 0.8463593241749608, "completeness_score": 0.8295242137984888, "fowlkes_mallows_score": 0.8847470449111131, "homogeneity_score": 0.8295148201549918, "v_measure_score": 0.8295195169501465}, "classification": {"f1_score": 0.9372855983789257, "hamming_loss": 0.0628, "jaccard_score": 0.8856625194477107, "accuracy_score": 0.9372, "recall_score": 0.9372, "precision_score": 0.9373859695948389}, "found_clusters": 4, "expected_clusters": 4, "time": 3.1356}, "gaussian_mixture_model": {"clustering": {"adjusted_mutual_info_score": 0.8293581343968526, "adjusted_rand_score": 0.8466713876345529, "completeness_score": 0.8295229119858769, "fowlkes_mallows_score": 0.884987463428076, "homogeneity_score": 0.8294151290631285, "v_measure_score": 0.8294690170231186}, "classification": {"f1_score": 0.9371334272887515, "hamming_loss": 0.0628, "jaccard_score": 0.8854220624658803, "accuracy_score": 0.9372, "recall_score": 0.9372, "precision_score": 0.9372275823794927}, "found_clusters": 4, "expected_clusters": 4, "time": 0.019}}, "classification_alg": {"KNeighborsClassifier": {"clustering": {"adjusted_mutual_info_score": 0.8243961585289251, "adjusted_rand_score": 0.8403207438628929, "completeness_score": 0.8250722435174658, "fowlkes_mallows_score": 0.8801787488848906, "homogeneity_score": 0.8248655576779377, "v_measure_score": 0.8249688876520513}, "classification": {"f1_score": 0.9369125980033629, "hamming_loss": 0.064, "jaccard_score": 0.8845929459970713, "accuracy_score": 0.936, "recall_score": 0.9367442745256083, "precision_score": 0.9371357493051452}, "time": 0.028}, "DecisionTreeClassifier": {"clustering": {"adjusted_mutual_info_score": 0.7864986538067766, "adjusted_rand_score": 0.791897615773685, "completeness_score": 0.7872188877224496, "fowlkes_mallows_score": 0.8438288497108101, "homogeneity_score": 0.787170948440339, "v_measure_score": 0.7871949173515322}, "classification": {"f1_score": 0.9140361804872983, "hamming_loss": 0.087, "jaccard_score": 0.8481295114161056, "accuracy_score": 0.913, "recall_score": 0.914094733060058, "precision_score": 0.9140021318314815}, "time": 0.007}, "RandomForestClassifier": {"clustering": {"adjusted_mutual_info_score": 0.8205630218986337, "adjusted_rand_score": 0.8345135684989747, "completeness_score": 0.8211567548586541, "fowlkes_mallows_score": 0.8758078171639303, "homogeneity_score": 0.8211396130156134, "v_measure_score": 0.8211481838476729}, "classification": {"f1_score": 0.9338291330636653, "hamming_loss": 0.067, "jaccard_score": 0.8797544743140132, "accuracy_score": 0.933, "recall_score": 0.9338560333105188, "precision_score": 0.9338200932938524}, "time": 0.295}, "LinearSVC": {"clustering": {"adjusted_mutual_info_score": 0.839289570000565, "adjusted_rand_score": 0.854604824700412, "completeness_score": 0.8399470254764955, "fowlkes_mallows_score": 0.8909010153085759, "homogeneity_score": 0.8396805015899425, "v_measure_score": 0.8398137423871669}, "classification": {"f1_score": 0.9424773291639842, "hamming_loss": 0.058, "jaccard_score": 0.8940346123822668, "accuracy_score": 0.942, "recall_score": 0.9431906614785992, "precision_score": 0.942633723000498}, "time": 0.109}, "LogisticRegression": {"clustering": {"adjusted_mutual_info_score": 0.8483486668531608, "adjusted_rand_score": 0.8682448975108813, "completeness_score": 0.8488228303489883, "fowlkes_mallows_score": 0.9011189185642048, "homogeneity_score": 0.8488635697769676, "v_measure_score": 0.8488431995741654},