{"clustering_alg": {"affinity_propagation": {"clustering": {"adjusted_mutual_info_score": 0.2646761426431801, "adjusted_rand_score": 0.0460643310041115, "completeness_score": 0.19467989358337123, "fowlkes_mallows_score": 0.158152218789162, "homogeneity_score": 0.5690464662240801, "v_measure_score": 0.2901088958522458}, "classification": {"f1_score": 0.0007929318274145861, "hamming_loss": 0.993, "jaccard_score": 0.0004012983836901665, "accuracy_score": 0.007, "recall_score": 0.00042258685639775124, "precision_score": 0.006417624521072797}, "found_clusters": 58, "expected_clusters": 4, "time": 3.2719}, "agglomerative": {"clustering": {"adjusted_mutual_info_score": 0.4211255336837726, "adjusted_rand_score": 0.3498770259245303, "completeness_score": 0.43528343970332317, "fowlkes_mallows_score": 0.5287779669006424, "homogeneity_score": 0.41156652276463, "v_measure_score": 0.4230928727295152}, "classification": {"f1_score": 0.5818914317961799, "hamming_loss": 0.394, "jaccard_score": 0.45689972908416715, "accuracy_score": 0.606, "recall_score": 0.6447015714662397, "precision_score": 0.5870916308064099}, "found_clusters": 4, "expected_clusters": 4, "time": 0.054}, "birch": {"clustering": {"adjusted_mutual_info_score": 0.4568180414651994, "adjusted_rand_score": 0.3598698005413406, "completeness_score": 0.5269479273141937, "fowlkes_mallows_score": 0.5604368744229986, "homogeneity_score": 0.40527176347123345, "v_measure_score": 0.45816907295791065}, "classification": {"f1_score": 0.23579327339822176, "hamming_loss": 0.705, "jaccard_score": 0.1576420697363519, "accuracy_score": 0.295, "recall_score": 0.34899590458124374, "precision_score": 0.1829596165808767}, "found_clusters": 3, "expected_clusters": 4, "time": 0.029}, "dbscan": {"clustering": {"adjusted_mutual_info_score": 0.002304968309567865, "adjusted_rand_score": -0.0012287521241875817, "completeness_score": 0.042278161343619974, "fowlkes_mallows_score": 0.4993229489160922, "homogeneity_score": 0.002405297647086079, "v_measure_score": 0.004551642343717665}, "classification": {"f1_score": 0.08427773343974462, "hamming_loss": 0.736, "jaccard_score": 0.05338725985844287, "accuracy_score": 0.264, "recall_score": 0.1970149253731343, "precision_score": 0.053604060913705585}, "found_clusters": 2, "expected_clusters": 4, "time": 0.037}, "k_means": {"clustering": {"adjusted_mutual_info_score": 0.4636508947173039, "adjusted_rand_score": 0.39876197778519307, "completeness_score": 0.46604134853727636, "fowlkes_mallows_score": 0.5545341453868347, "homogeneity_score": 0.4648090264460145, "v_measure_score": 0.46542437177637186}, "classification": {"f1_score": 0.6406916153040184, "hamming_loss": 0.361, "jaccard_score": 0.5058691427329929, "accuracy_score": 0.639, "recall_score": 0.6799942798016523, "precision_score": 0.6485088054331026}, "found_clusters": 4, "expected_clusters": 4, "time": 0.127}, "mini_batch_k_means": {"clustering": {"adjusted_mutual_info_score": 0.4160512331434232, "adjusted_rand_score": 0.3580397597633519, "completeness_score": 0.4176523162783329, "fowlkes_mallows_score": 0.5233815903298294, "homogeneity_score": 0.4183040829404403, "v_measure_score": 0.41797794552928014}, "classification": {"f1_score": 0.6197345633887553, "hamming_loss": 0.383, "jaccard_score": 0.4832144139630394, "accuracy_score": 0.617, "recall_score": 0.6512369744959129, "precision_score": 0.6246165668590851}, "found_clusters": 4, "expected_clusters": 4, "time": 0.074}, "mean_shift": {"clustering": {"adjusted_mutual_info_score": -3.5227068854180458e-28, "adjusted_rand_score": 0.0, "completeness_score": 1.0, "fowlkes_mallows_score": 0.5077832646354583, "homogeneity_score": 0.0, "v_measure_score": 0.0}, "classification": {"f1_score": 0.10567823343848581, "hamming_loss": 0.732, "jaccard_score": 0.067, "accuracy_score": 0.268, "recall_score": 0.25, "precision_score": 0.067}, "found_clusters": 1, "expected_clusters": 4, "time": 12.9963}, "optics": {"clustering": {"adjusted_mutual_info_score": 0.07014744432932862, "adjusted_rand_score": 0.014781037495597506, "completeness_score": 0.16569270939030042, "fowlkes_mallows_score": 0.47172957111787556, "homogeneity_score": 0.06630343484247514, "v_measure_score": 0.09470843403250744}, "classification": {"f1_score": 0.007646954443983407, "hamming_loss": 0.987, "jaccard_score": 0.003912544460461651, "accuracy_score": 0.013, "recall_score": 0.0039684178894967715, "precision_score": 0.11904761904761904}, "found_clusters": 15, "expected_clusters": 4, "time": 1.6954}, "spectral_clustering": {"clustering": {"adjusted_mutual_info_score": 0.4335685904156016, "adjusted_rand_score": 0.3430746943053721, "completeness_score": 0.44076949845528113, "fowlkes_mallows_score": 0.5187047521112498, "homogeneity_score": 0.4302808769856052, "v_measure_score": 0.4354620391452081}, "classification": {"f1_score": 0.603201853843268, "hamming_loss": 0.404, "jaccard_score": 0.46672259129390914, "accuracy_score": 0.596, "recall_score": 0.6397786962384318, "precision_score": 0.6358781206945829}, "found_clusters": 4, "expected_clusters": 4, "time": 2.8363}, "gaussian_mixture_model": {"clustering": {"adjusted_mutual_info_score": 0.49244180062053156, "adjusted_rand_score": 0.4148152035982236, "completeness_score": 0.4935166908253718, "fowlkes_mallows_score": 0.5653565926592894, "homogeneity_score": 0.4947162034260019, "v_measure_score": 0.4941157191442124}, "classification": {"f1_score": 0.6702125080514159, "hamming_loss": 0.334, "jaccard_score": 0.537132764389132, "accuracy_score": 0.666, "recall_score": 0.705965668517608, "precision_score": 0.6723490356122069}, "found_clusters": 4, "expected_clusters": 4, "time": 0.042}}, "classification_alg": {"KNeighborsClassifier": {"clustering": {"adjusted_mutual_info_score": 0.5831166215641735, "adjusted_rand_score": 0.546054103371609, "completeness_score": 0.5896081073949749, "fowlkes_mallows_score": 0.6628265916844338, "homogeneity_score": 0.5907124132721456, "v_measure_score": 0.5901597437402074}, "classification": {"f1_score": 0.8055189343357282, "hamming_loss": 0.205, "jaccard_score": 0.6900246704139166, "accuracy_score": 0.795, "recall_score": 0.8053809370298732, "precision_score": 0.806632419219311}, "time": 0.013}, "DecisionTreeClassifier": {"clustering": {"adjusted_mutual_info_score": 0.43838625647801843, "adjusted_rand_score": 0.40889390408524373, "completeness_score": 0.4517586458276229, "fowlkes_mallows_score": 0.5640458183295455, "homogeneity_score": 0.4442828248241849, "v_measure_score": 0.44798954932530793}, "classification": {"f1_score": 0.7151242244992244, "hamming_loss": 0.29, "jaccard_score": 0.5707562920474218, "accuracy_score": 0.71, "recall_score": 0.7077043905892466, "precision_score": 0.7319456254724112}, "time": 0.005}, "RandomForestClassifier": {"clustering": {"adjusted_mutual_info_score": 0.538500169336293, "adjusted_rand_score": 0.5020169842654453, "completeness_score": 0.5438769161439099, "fowlkes_mallows_score": 0.6289051415815438, "homogeneity_score": 0.5486759262427683, "v_measure_score": 0.5462658814294781}, "classification": {"f1_score": 0.7801331788923621, "hamming_loss": 0.23, "jaccard_score": 0.6511550632911393, "accuracy_score": 0.77, "recall_score": 0.7860243549386228, "precision_score": 0.7776611694152924}, "time": 0.297}, "LinearSVC": {"clustering": {"adjusted_mutual_info_score": 0.5093166369408211, "adjusted_rand_score": 0.48785332269492987, "completeness_score": 0.5275196866244509, "fowlkes_mallows_score": 0.6271466626296566, "homogeneity_score": 0.5084212962875715, "v_measure_score": 0.5177944444999218}, "classification": {"f1_score": 0.6806183506793755, "hamming_loss": 0.295, "jaccard_score": 0.5501591859056995, "accuracy_score": 0.705, "recall_score": 0.6897566086395873, "precision_score": 0.684490166345005}, "time": 0.007}, "LogisticRegression": {"clustering": {"adjusted_mutual_info_score": 0.5481590415745443, "adjusted_rand_score": 0.517414982088194, "completeness_score": 0.557806378656664, "fowlkes_mallows_score": 0.6430875735557066,