{"clustering_alg": {"affinity_propagation": {"clustering": {"adjusted_mutual_info_score": 1.2864999444899769e-15, "adjusted_rand_score": 0.0, "completeness_score": 1.0, "fowlkes_mallows_score": 0.4998520285145215, "homogeneity_score": 6.40687223345783e-16, "v_measure_score": 1.2813744466915652e-15}, "classification": {"f1_score": 0.0, "hamming_loss": 1.0, "jaccard_score": 0.0, "accuracy_score": 0.0, "recall_score": 0.0, "precision_score": 0.0}, "found_clusters": 1, "expected_clusters": 4, "time": 147.2359}, "agglomerative": {"clustering": {"adjusted_mutual_info_score": 0.5307683881878248, "adjusted_rand_score": 0.5083806929363055, "completeness_score": 0.5375510220982621, "fowlkes_mallows_score": 0.6354358071115009, "homogeneity_score": 0.5247569956282488, "v_measure_score": 0.5310769657125948}, "classification": {"f1_score": 0.7870882310154006, "hamming_loss": 0.2152, "jaccard_score": 0.6500310600110636, "accuracy_score": 0.7848, "recall_score": 0.7848103524171557, "precision_score": 0.816585655577982}, "found_clusters": 4, "expected_clusters": 4, "time": 0.7051}, "birch": {"clustering": {"adjusted_mutual_info_score": 0.4081304406042912, "adjusted_rand_score": 0.3161263480985946, "completeness_score": 0.4957095044503689, "fowlkes_mallows_score": 0.5470163081422579, "homogeneity_score": 0.3472866631381714, "v_measure_score": 0.40843198653892765}, "classification": {"f1_score": 0.48432005950374735, "hamming_loss": 0.4504, "jaccard_score": 0.3599238736572637, "accuracy_score": 0.5496, "recall_score": 0.5500879021270105, "precision_score": 0.495926413203604}, "found_clusters": 3, "expected_clusters": 4, "time": 0.082}, "dbscan": {"clustering": {"adjusted_mutual_info_score": 0.0008881584781888223, "adjusted_rand_score": 1.9469128455594532e-06, "completeness_score": 0.07351909707362118, "fowlkes_mallows_score": 0.4989543861298431, "homogeneity_score": 0.0006986735507247095, "v_measure_score": 0.0013841927119716475}, "classification": {"f1_score": 0.07967948717948718, "hamming_loss": 0.7514, "jaccard_score": 0.04974984990994597, "accuracy_score": 0.2486, "recall_score": 0.1990392313851081, "precision_score": 0.04980965738328992}, "found_clusters": 2, "expected_clusters": 4, "time": 0.077}, "k_means": {"clustering": {"adjusted_mutual_info_score": 0.5081261185523254, "adjusted_rand_score": 0.5128083606076815, "completeness_score": 0.510793136507347, "fowlkes_mallows_score": 0.6361260751674205, "homogeneity_score": 0.5061226978676092, "v_measure_score": 0.5084471921125259}, "classification": {"f1_score": 0.7847918662341984, "hamming_loss": 0.2168, "jaccard_score": 0.6476275371661592, "accuracy_score": 0.7832, "recall_score": 0.7833166659215238, "precision_score": 0.796662721710806}, "found_clusters": 4, "expected_clusters": 4, "time": 0.129}, "mini_batch_k_means": {"clustering": {"adjusted_mutual_info_score": 0.5023490819982829, "adjusted_rand_score": 0.49526403866032054, "completeness_score": 0.5058603911617737, "fowlkes_mallows_score": 0.623655907324915, "homogeneity_score": 0.4995284486297569, "v_measure_score": 0.5026744805973358}, "classification": {"f1_score": 0.7775361419970811, "hamming_loss": 0.2254, "jaccard_score": 0.6378383853713838, "accuracy_score": 0.7746, "recall_score": 0.7747235250002269, "precision_score": 0.7942709411486997}, "found_clusters": 4, "expected_clusters": 4, "time": 0.028}, "mean_shift": {"clustering": {"adjusted_mutual_info_score": 0.01788548138221579, "adjusted_rand_score": 0.00036059986671895417, "completeness_score": 0.24750152111853782, "fowlkes_mallows_score": 0.4954445180802843, "homogeneity_score": 0.00950269542646637, "v_measure_score": 0.01830266914990284}, "classification": {"f1_score": 0.09690422444372783, "hamming_loss": 0.7596, "jaccard_score": 0.0601, "accuracy_score": 0.2404, "recall_score": 0.24059247397918335, "precision_score": 0.060670300827781146}, "found_clusters": 2, "expected_clusters": 4, "time": 33.9209}, "optics": {"clustering": {"adjusted_mutual_info_score": 0.18308596330813937, "adjusted_rand_score": 0.0026591301307865318, "completeness_score": 0.15157413635735154, "fowlkes_mallows_score": 0.24657235544572542, "homogeneity_score": 0.39167733116300585, "v_measure_score": 0.21856601132719544}, "classification": {"f1_score": 3.637277991574385e-05, "hamming_loss": 0.9986, "jaccard_score": 1.826325521727362e-05, "accuracy_score": 0.0014, "recall_score": 1.8277698753425975e-05, "precision_score": 0.003676470588235294}, "found_clusters": 306, "expected_clusters": 4, "time": 3.9011}, "spectral_clustering": {"clustering": {"adjusted_mutual_info_score": 0.3936997395382101, "adjusted_rand_score": 0.17791797068234233, "completeness_score": 0.4635821923701558, "fowlkes_mallows_score": 0.4662920774833618, "homogeneity_score": 0.34281128502456454, "v_measure_score": 0.3941530072747051}, "classification": {"f1_score": 0.5981422650516687, "hamming_loss": 0.4088, "jaccard_score": 0.4330578212255141, "accuracy_score": 0.5912, "recall_score": 0.5909096401599934, "precision_score": 0.8233671877567557}, "found_clusters": 4, "expected_clusters": 4, "time": 3.2746}, "gaussian_mixture_model": {"clustering": {"adjusted_mutual_info_score": 0.6200268798215909, "adjusted_rand_score": 0.6746961095139415, "completeness_score": 0.6207411391203443, "fowlkes_mallows_score": 0.7561463676560587, "homogeneity_score": 0.6198074769381496, "v_measure_score": 0.6202739566826495}, "classification": {"f1_score": 0.8647134485850466, "hamming_loss": 0.135, "jaccard_score": 0.7626773624079883, "accuracy_score": 0.865, "recall_score": 0.8650487500134781, "precision_score": 0.8662981925231336}, "found_clusters": 4, "expected_clusters": 4, "time": 0.036}}, "classification_alg": {"KNeighborsClassifier": {"clustering": {"adjusted_mutual_info_score": 0.5867177898767105, "adjusted_rand_score": 0.6387902140536648, "completeness_score": 0.588316022220044, "fowlkes_mallows_score": 0.7291588775676764, "homogeneity_score": 0.5878178006638014, "v_measure_score": 0.5880668059162103}, "classification": {"f1_score": 0.8477638441712719, "hamming_loss": 0.152, "jaccard_score": 0.7377836846371806, "accuracy_score": 0.848, "recall_score": 0.8470907103322061, "precision_score": 0.8493326127919522}, "time": 0.028}, "DecisionTreeClassifier": {"clustering": {"adjusted_mutual_info_score": 0.4769197212472311, "adjusted_rand_score": 0.524155556769568, "completeness_score": 0.47871495673931064, "fowlkes_mallows_score": 0.6431214891014327, "homogeneity_score": 0.4785385094441359, "v_measure_score": 0.47862671682975655}, "classification": {"f1_score": 0.7907190906765591, "hamming_loss": 0.209, "jaccard_score": 0.6557139449125715, "accuracy_score": 0.791, "recall_score": 0.7901364430788476, "precision_score": 0.7920420059028408}, "time": 0.007}, "RandomForestClassifier": {"clustering": {"adjusted_mutual_info_score": 0.5789183958044184, "adjusted_rand_score": 0.6347081976951316, "completeness_score": 0.5804719410083203, "fowlkes_mallows_score": 0.7260679323839403, "homogeneity_score": 0.5801135869988914, "v_measure_score": 0.5802927086791196}, "classification": {"f1_score": 0.8454030113414714, "hamming_loss": 0.154, "jaccard_score": 0.7339891826080917, "accuracy_score": 0.846, "recall_score": 0.8450765748418542, "precision_score": 0.8464410619008147}, "time": 0.371}, "LinearSVC": {"clustering": {"adjusted_mutual_info_score": 0.54816120781855, "adjusted_rand_score": 0.5738641666834718, "completeness_score": 0.5499399243191829, "fowlkes_mallows_score": 0.6805095823468381, "homogeneity_score": 0.549332958692677, "v_measure_score": 0.5496362739373136}, "classification": {"f1_score": 0.8156529380425177, "hamming_loss": 0.185, "jaccard_score": 0.6913235384698904, "accuracy_score": 0.815, "recall_score": 0.8145720823532993, "precision_score": 0.8189063137275624}, "time": 0.121}, "LogisticRegression": {"clustering": {"adjusted_mutual_info_score": 0.5663665855597272, "adjusted_rand_score": 0.5985687958770985, "completeness_score": 0.5675933769480638,