{"clustering_alg": {"affinity_propagation": {"clustering": {"adjusted_mutual_info_score": 0.32749711687260163, "adjusted_rand_score": 0.030747026929831077, "completeness_score": 0.21595484505924442, "fowlkes_mallows_score": 0.13462321400055835, "homogeneity_score": 0.7778620183936351, "v_measure_score": 0.33805639215264394}, "classification": {"f1_score": 0.0007130212338750079, "hamming_loss": 0.9852, "jaccard_score": 0.00036557919618650274, "accuracy_score": 0.0148, "recall_score": 0.00036703502013566217, "precision_score": 0.012683067752243319}, "found_clusters": 161, "expected_clusters": 4, "time": 54.9615}, "agglomerative": {"clustering": {"adjusted_mutual_info_score": 0.47146994691994276, "adjusted_rand_score": 0.3724197698299418, "completeness_score": 0.5049448065351119, "fowlkes_mallows_score": 0.5573344733831274, "homogeneity_score": 0.44280192045813627, "v_measure_score": 0.47183603739462454}, "classification": {"f1_score": 0.4487106645793286, "hamming_loss": 0.4986, "jaccard_score": 0.32129804434497733, "accuracy_score": 0.5014, "recall_score": 0.5016763999634193, "precision_score": 0.455966580417574}, "found_clusters": 4, "expected_clusters": 4, "time": 1.115}, "birch": {"clustering": {"adjusted_mutual_info_score": 0.42095773662605124, "adjusted_rand_score": 0.38037269452322603, "completeness_score": 0.4903531456869805, "fowlkes_mallows_score": 0.5749438898558502, "homogeneity_score": 0.3692084964854896, "v_measure_score": 0.42124389638525617}, "classification": {"f1_score": 0.3091691792825409, "hamming_loss": 0.5984, "jaccard_score": 0.22795550784697408, "accuracy_score": 0.4016, "recall_score": 0.40307287865271807, "precision_score": 0.25132954120762396}, "found_clusters": 3, "expected_clusters": 4, "time": 0.745}, "dbscan": {"clustering": {"adjusted_mutual_info_score": 0.19310225165975256, "adjusted_rand_score": 0.030774591572212663, "completeness_score": 0.23079441396328504, "fowlkes_mallows_score": 0.4155119119430587, "homogeneity_score": 0.19007365311773028, "v_measure_score": 0.20846408084803875}, "classification": {"f1_score": 1.8144210182530754e-05, "hamming_loss": 0.9998, "jaccard_score": 9.077705156136529e-06, "accuracy_score": 0.0002, "recall_score": 1.186915444143759e-05, "precision_score": 3.84970742223591e-05}, "found_clusters": 68, "expected_clusters": 4, "time": 0.0737}, "k_means": {"clustering": {"adjusted_mutual_info_score": 0.42083131985598365, "adjusted_rand_score": 0.3813967540889054, "completeness_score": 0.4223743003098311, "fowlkes_mallows_score": 0.537190020679342, "homogeneity_score": 0.4200494843163088, "v_measure_score": 0.4212086844445942}, "classification": {"f1_score": 0.6595340512358454, "hamming_loss": 0.3378, "jaccard_score": 0.5013530006432549, "accuracy_score": 0.6622, "recall_score": 0.6624145949917533, "precision_score": 0.661743667849459}, "found_clusters": 4, "expected_clusters": 4, "time": 0.128}, "mini_batch_k_means": {"clustering": {"adjusted_mutual_info_score": 0.3961057316953058, "adjusted_rand_score": 0.3472835659913418, "completeness_score": 0.40080659478640224, "fowlkes_mallows_score": 0.5152901647312298, "homogeneity_score": 0.3922895766583246, "v_measure_score": 0.3965023538172012}, "classification": {"f1_score": 0.6156638564305456, "hamming_loss": 0.3772, "jaccard_score": 0.45883123225769407, "accuracy_score": 0.6228, "recall_score": 0.6228832112906587, "precision_score": 0.6276174360036463}, "found_clusters": 4, "expected_clusters": 4, "time": 0.034}, "mean_shift": {"clustering": {"adjusted_mutual_info_score": -9.594992939113592e-16, "adjusted_rand_score": 0.0, "completeness_score": 1.0, "fowlkes_mallows_score": 0.49985643067810787, "homogeneity_score": 4.805184765192645e-16, "v_measure_score": 9.610369530385286e-16}, "classification": {"f1_score": 0.10025583626479055, "hamming_loss": 0.7492, "jaccard_score": 0.0627, "accuracy_score": 0.2508, "recall_score": 0.25, "precision_score": 0.0627}, "found_clusters": 1, "expected_clusters": 4, "time": 47.6166}, "optics": {"clustering": {"adjusted_mutual_info_score": 0.10260342372885782, "adjusted_rand_score": 0.0005750545229421778, "completeness_score": 0.1661840777684514, "fowlkes_mallows_score": 0.44363267809341034, "homogeneity_score": 0.10086872363344955, "v_measure_score": 0.12553903740914876}, "classification": {"f1_score": 0.00015835312747426763, "hamming_loss": 0.9984, "jaccard_score": 7.968127490039841e-05, "accuracy_score": 0.0016, "recall_score": 7.980845969672786e-05, "precision_score": 0.01}, "found_clusters": 80, "expected_clusters": 4, "time": 5.2724}, "spectral_clustering": {"clustering": {"adjusted_mutual_info_score": 0.5634999791730663, "adjusted_rand_score": 0.4698084078168622, "completeness_score": 0.595949713334019, "fowlkes_mallows_score": 0.6227163270416487, "homogeneity_score": 0.5349396954170227, "v_measure_score": 0.5637989986781162}, "classification": {"f1_score": 0.7156903789089798, "hamming_loss": 0.2662, "jaccard_score": 0.563483739472737, "accuracy_score": 0.7338, "recall_score": 0.7330130580128088, "precision_score": 0.8198716206360266}, "found_clusters": 4, "expected_clusters": 4, "time": 5.512}, "gaussian_mixture_model": {"clustering": {"adjusted_mutual_info_score": 0.8978413828414993, "adjusted_rand_score": 0.9305866465452017, "completeness_score": 0.897935403885297, "fowlkes_mallows_score": 0.9479315070153222, "homogeneity_score": 0.8978801249782481, "v_measure_score": 0.8979077635809732}, "classification": {"f1_score": 0.9733667969358961, "hamming_loss": 0.0266, "jaccard_score": 0.9481586852041947, "accuracy_score": 0.9734, "recall_score": 0.9733909047825942, "precision_score": 0.9734170957057686}, "found_clusters": 4, "expected_clusters": 4, "time": 0.086}}, "classification_alg": {"KNeighborsClassifier": {"clustering": {"adjusted_mutual_info_score": 0.7884400488499108, "adjusted_rand_score": 0.8168091240794098, "completeness_score": 0.7892447233475006, "fowlkes_mallows_score": 0.8625330040130835, "homogeneity_score": 0.7890153796610858, "v_measure_score": 0.7891300348408401}, "classification": {"f1_score": 0.9261414040895715, "hamming_loss": 0.074, "jaccard_score": 0.8640754895461275, "accuracy_score": 0.926, "recall_score": 0.9261681434342304, "precision_score": 0.9264371127986615}, "time": 0.0401}, "DecisionTreeClassifier": {"clustering": {"adjusted_mutual_info_score": 0.5962638783869274, "adjusted_rand_score": 0.6300760268533289, "completeness_score": 0.5976051359034336, "fowlkes_mallows_score": 0.7223822451401815, "homogeneity_score": 0.5975558478816099, "v_measure_score": 0.5975804908762113}, "classification": {"f1_score": 0.8404698681847571, "hamming_loss": 0.159, "jaccard_score": 0.7264459094947724, "accuracy_score": 0.841, "recall_score": 0.8409850316603573, "precision_score": 0.840458542385601}, "time": 0.02}, "RandomForestClassifier": {"clustering": {"adjusted_mutual_info_score": 0.7251341766622523, "adjusted_rand_score": 0.7608571731546745, "completeness_score": 0.7262336083356802, "fowlkes_mallows_score": 0.8205681545053685, "homogeneity_score": 0.7258280111867047, "v_measure_score": 0.7260307531144754}, "classification": {"f1_score": 0.9017762369549857, "hamming_loss": 0.098, "jaccard_score": 0.8224969497880058, "accuracy_score": 0.902, "recall_score": 0.9016704798245254, "precision_score": 0.9022251368288365}, "time": 0.6395}, "LinearSVC": {"clustering": {"adjusted_mutual_info_score": 0.5806181705008443, "adjusted_rand_score": 0.6136252220638875, "completeness_score": 0.5828122550857247, "fowlkes_mallows_score": 0.7103986737852804, "homogeneity_score": 0.5811655422595681, "v_measure_score": 0.5819877338466772}, "classification": {"f1_score": 0.8337464856670849, "hamming_loss": 0.166, "jaccard_score": 0.7162518223422623, "accuracy_score": 0.834, "recall_score": 0.8333421676880618, "precision_score": 0.8366838643432527}, "time": 0.2311}, "LogisticRegression": {"clustering": {"adjusted_mutual_info_score": 0.5912477660583731, "adjusted_rand_score": 0.6204397893015543,