{"clustering_alg": {"affinity_propagation": {"clustering": {"adjusted_mutual_info_score": 0.3207783972748411, "adjusted_rand_score": 0.06456268423386344, "completeness_score": 0.2311117567844568, "fowlkes_mallows_score": 0.19132292051712907, "homogeneity_score": 0.6591803109973714, "v_measure_score": 0.34223447613521824}, "classification": {"f1_score": 0.002769010105676411, "hamming_loss": 0.978, "jaccard_score": 0.001484795141090865, "accuracy_score": 0.022, "recall_score": 0.001525193519115099, "precision_score": 0.015143992055610725}, "found_clusters": 53, "expected_clusters": 4, "time": 3.1728}, "agglomerative": {"clustering": {"adjusted_mutual_info_score": 0.48911934317666256, "adjusted_rand_score": 0.4375217851981841, "completeness_score": 0.4967783889470957, "fowlkes_mallows_score": 0.5850574895214519, "homogeneity_score": 0.48500125139427824, "v_measure_score": 0.4908191826450964}, "classification": {"f1_score": 0.7387020004310465, "hamming_loss": 0.264, "jaccard_score": 0.5992893525439481, "accuracy_score": 0.736, "recall_score": 0.7634726240238991, "precision_score": 0.7710392337845245}, "found_clusters": 4, "expected_clusters": 4, "time": 0.0835}, "birch": {"clustering": {"adjusted_mutual_info_score": 0.43969575414421697, "adjusted_rand_score": 0.29590051146074486, "completeness_score": 0.5740076587701762, "fowlkes_mallows_score": 0.5662699083042787, "homogeneity_score": 0.3583122804678841, "v_measure_score": 0.44120904115396314}, "classification": {"f1_score": 0.36437903813921274, "hamming_loss": 0.569, "jaccard_score": 0.2926115448357997, "accuracy_score": 0.431, "recall_score": 0.44532184953956566, "precision_score": 0.3503649547707386}, "found_clusters": 3, "expected_clusters": 4, "time": 0.0482}, "dbscan": {"clustering": {"adjusted_mutual_info_score": 0.01048042421076055, "adjusted_rand_score": -0.001698469885238524, "completeness_score": 0.16420121335741955, "fowlkes_mallows_score": 0.49844758661748567, "homogeneity_score": 0.0066861491748394005, "v_measure_score": 0.012849093004055111}, "classification": {"f1_score": 0.0859635210150674, "hamming_loss": 0.729, "jaccard_score": 0.054747474747474746, "accuracy_score": 0.271, "recall_score": 0.2, "precision_score": 0.054747474747474746}, "found_clusters": 2, "expected_clusters": 4, "time": 0.0412}, "k_means": {"clustering": {"adjusted_mutual_info_score": 0.5149227007079358, "adjusted_rand_score": 0.47312003652320284, "completeness_score": 0.5187271332854725, "fowlkes_mallows_score": 0.6088247220726322, "homogeneity_score": 0.5143392213820375, "v_measure_score": 0.5165238585853584}, "classification": {"f1_score": 0.7686014925762379, "hamming_loss": 0.238, "jaccard_score": 0.6347349507739832, "accuracy_score": 0.762, "recall_score": 0.783373208314023, "precision_score": 0.785848772430545}, "found_clusters": 4, "expected_clusters": 4, "time": 0.144}, "mini_batch_k_means": {"clustering": {"adjusted_mutual_info_score": 0.4874199166380718, "adjusted_rand_score": 0.4165833446392518, "completeness_score": 0.4938460257635659, "fowlkes_mallows_score": 0.5688204774943887, "homogeneity_score": 0.4844857842270921, "v_measure_score": 0.4891211276913886}, "classification": {"f1_score": 0.7268722350100689, "hamming_loss": 0.282, "jaccard_score": 0.5869449676339145, "accuracy_score": 0.718, "recall_score": 0.7455337891171554, "precision_score": 0.7577612436695085}, "found_clusters": 4, "expected_clusters": 4, "time": 0.074}, "mean_shift": {"clustering": {"adjusted_mutual_info_score": 4.992056413136634e-16, "adjusted_rand_score": 0.0, "completeness_score": 1.0, "fowlkes_mallows_score": 0.5047244265406091, "homogeneity_score": 2.0181340609399395e-16, "v_measure_score": 4.036268121879878e-16}, "classification": {"f1_score": 0.10660896931549962, "hamming_loss": 0.729, "jaccard_score": 0.06775, "accuracy_score": 0.271, "recall_score": 0.25, "precision_score": 0.06775}, "found_clusters": 1, "expected_clusters": 4, "time": 13.7318}, "optics": {"clustering": {"adjusted_mutual_info_score": 0.11077201106604113, "adjusted_rand_score": 0.008297769499471665, "completeness_score": 0.1893414850214763, "fowlkes_mallows_score": 0.4417348953500418, "homogeneity_score": 0.10946521775066083, "v_measure_score": 0.1387271884788661}, "classification": {"f1_score": 0.0035507246376811595, "hamming_loss": 0.991, "jaccard_score": 0.0018074649773046404, "accuracy_score": 0.009, "recall_score": 0.00181139811398114, "precision_score": 0.09}, "found_clusters": 20, "expected_clusters": 4, "time": 1.7503}, "spectral_clustering": {"clustering": {"adjusted_mutual_info_score": 0.49004888566867016, "adjusted_rand_score": 0.4091491995094156, "completeness_score": 0.5060188719816944, "fowlkes_mallows_score": 0.5724788744308502, "homogeneity_score": 0.47830764933262027, "v_measure_score": 0.4917731909780019}, "classification": {"f1_score": 0.742434113999424, "hamming_loss": 0.269, "jaccard_score": 0.6036069006095435, "accuracy_score": 0.731, "recall_score": 0.7481660552391477, "precision_score": 0.7980476446006509}, "found_clusters": 4, "expected_clusters": 4, "time": 0.486}, "gaussian_mixture_model": {"clustering": {"adjusted_mutual_info_score": 0.5638382285912861, "adjusted_rand_score": 0.5226054735425695, "completeness_score": 0.5660823685537851, "fowlkes_mallows_score": 0.6446716047508491, "homogeneity_score": 0.5644674592741954, "v_measure_score": 0.5652737605229954}, "classification": {"f1_score": 0.7965760666718877, "hamming_loss": 0.21, "jaccard_score": 0.6711142631160825, "accuracy_score": 0.79, "recall_score": 0.8082803102278513, "precision_score": 0.8095109519391953}, "found_clusters": 4, "expected_clusters": 4, "time": 0.032}}, "classification_alg": {"KNeighborsClassifier": {"clustering": {"adjusted_mutual_info_score": 0.5541315559643072, "adjusted_rand_score": 0.5387122962469589, "completeness_score": 0.5653170779372425, "fowlkes_mallows_score": 0.658147901639536, "homogeneity_score": 0.5580989971881162, "v_measure_score": 0.5616848490527165}, "classification": {"f1_score": 0.7998111251298882, "hamming_loss": 0.2, "jaccard_score": 0.6760554099949515, "accuracy_score": 0.8, "recall_score": 0.80446542033902, "precision_score": 0.8118665754535319}, "time": 0.013}, "DecisionTreeClassifier": {"clustering": {"adjusted_mutual_info_score": 0.45243860388314794, "adjusted_rand_score": 0.4728705266814253, "completeness_score": 0.4607528766790936, "fowlkes_mallows_score": 0.6063396358302848, "homogeneity_score": 0.46249832310754063, "v_measure_score": 0.4616239499722365}, "classification": {"f1_score": 0.7668582375478927, "hamming_loss": 0.235, "jaccard_score": 0.6291611523974345, "accuracy_score": 0.765, "recall_score": 0.7683402349033552, "precision_score": 0.7668145996126361}, "time": 0.007}, "RandomForestClassifier": {"clustering": {"adjusted_mutual_info_score": 0.6054221389587228, "adjusted_rand_score": 0.6149465934301337, "completeness_score": 0.6148287022972959, "fowlkes_mallows_score": 0.7142299087061517, "homogeneity_score": 0.6093749482072603, "v_measure_score": 0.6120896771780332}, "classification": {"f1_score": 0.8419615419456891, "hamming_loss": 0.16, "jaccard_score": 0.7350696990136564, "accuracy_score": 0.84, "recall_score": 0.8370594880339457, "precision_score": 0.848313823857302}, "time": 0.4501}, "LinearSVC": {"clustering": {"adjusted_mutual_info_score": 0.6108184785163936, "adjusted_rand_score": 0.6308911096064428, "completeness_score": 0.6218878810963436, "fowlkes_mallows_score": 0.7268133307415241, "homogeneity_score": 0.613008054229905, "v_measure_score": 0.6174160413594891}, "classification": {"f1_score": 0.8355459412734954, "hamming_loss": 0.16, "jaccard_score": 0.7283761745167274, "accuracy_score": 0.84, "recall_score": 0.8314918162877962, "precision_score": 0.8430531909405148}, "time": 0.008}, "LogisticRegression": {"clustering": {"adjusted_mutual_info_score": 0.6257346854443052, "adjusted_rand_score": 0.6375416012862791, "completeness_score": 0.6358042801642189, "fowlkes_mallows_score": 0.7313381745644166,