{"clustering_alg": {"affinity_propagation": {"clustering": {"adjusted_mutual_info_score": 0.22028519956557507, "adjusted_rand_score": 0.014923795920778877, "completeness_score": 0.14830751775461876, "fowlkes_mallows_score": 0.08822726423480026, "homogeneity_score": 0.5574399756128667, "v_measure_score": 0.23428362086237425}, "classification": {"f1_score": 0.00019364627531937917, "hamming_loss": 0.9948, "jaccard_score": 9.807378665386104e-05, "accuracy_score": 0.0052, "recall_score": 9.918956849872222e-05, "precision_score": 0.004180233346900013}, "found_clusters": 189, "expected_clusters": 4, "time": 41.5888}, "agglomerative": {"clustering": {"adjusted_mutual_info_score": 0.2893175448106355, "adjusted_rand_score": 0.26705241197076535, "completeness_score": 0.2923430737659089, "fowlkes_mallows_score": 0.45640621541100207, "homogeneity_score": 0.28727136263360475, "v_measure_score": 0.2897850290924863}, "classification": {"f1_score": 0.6228077984919774, "hamming_loss": 0.38, "jaccard_score": 0.4541339746095648, "accuracy_score": 0.62, "recall_score": 0.6271138628834731, "precision_score": 0.648900591256713}, "found_clusters": 4, "expected_clusters": 4, "time": 0.797}, "birch": {"clustering": {"adjusted_mutual_info_score": 0.34037277945401895, "adjusted_rand_score": 0.30827442523786686, "completeness_score": 0.4074330721246914, "fowlkes_mallows_score": 0.5387684743400449, "homogeneity_score": 0.2927602247228335, "v_measure_score": 0.34070648288629274}, "classification": {"f1_score": 0.08143327438423167, "hamming_loss": 0.9004, "jaccard_score": 0.04429530950948575, "accuracy_score": 0.0996, "recall_score": 0.10353076451164761, "precision_score": 0.07230111161288924}, "found_clusters": 3, "expected_clusters": 4, "time": 0.091}, "dbscan": {"clustering": {"adjusted_mutual_info_score": 3.087530793181875e-05, "adjusted_rand_score": 2.8568189951355577e-05, "completeness_score": 0.1563973991134757, "fowlkes_mallows_score": 0.5022526124463561, "homogeneity_score": 0.00021549619708289544, "v_measure_score": 0.00043039935729146327}, "classification": {"f1_score": 0.08979211914365497, "hamming_loss": 0.7106, "jaccard_score": 0.05789157831566313, "accuracy_score": 0.2894, "recall_score": 0.2, "precision_score": 0.05789157831566313}, "found_clusters": 2, "expected_clusters": 4, "time": 0.346}, "k_means": {"clustering": {"adjusted_mutual_info_score": 0.3277291421419943, "adjusted_rand_score": 0.3218349734962716, "completeness_score": 0.32819518240508017, "fowlkes_mallows_score": 0.4929537406095272, "homogeneity_score": 0.32813990476794436, "v_measure_score": 0.3281675412587248}, "classification": {"f1_score": 0.6573034903250585, "hamming_loss": 0.3444, "jaccard_score": 0.4935353097083274, "accuracy_score": 0.6556, "recall_score": 0.6571710262197362, "precision_score": 0.6621144903849143}, "found_clusters": 4, "expected_clusters": 4, "time": 0.143}, "mini_batch_k_means": {"clustering": {"adjusted_mutual_info_score": 0.31633850369488736, "adjusted_rand_score": 0.3144311628217256, "completeness_score": 0.31650772160337093, "fowlkes_mallows_score": 0.4869941248902426, "homogeneity_score": 0.31706056450621645, "v_measure_score": 0.3167839018532674}, "classification": {"f1_score": 0.6510008520271143, "hamming_loss": 0.3508, "jaccard_score": 0.48629598612900726, "accuracy_score": 0.6492, "recall_score": 0.6539940114381615, "precision_score": 0.6554000650940879}, "found_clusters": 4, "expected_clusters": 4, "time": 0.035}, "mean_shift": {"clustering": {"adjusted_mutual_info_score": 1.5324027352094886e-15, "adjusted_rand_score": 0.0, "completeness_score": 1.0, "fowlkes_mallows_score": 0.5023318300222381, "homogeneity_score": 5.223954109056645e-16, "v_measure_score": 1.0447908218113286e-15}, "classification": {"f1_score": 0.11222273925856986, "hamming_loss": 0.7106, "jaccard_score": 0.07235, "accuracy_score": 0.2894, "recall_score": 0.25, "precision_score": 0.07235}, "found_clusters": 1, "expected_clusters": 4, "time": 59.0394}, "optics": {"clustering": {"adjusted_mutual_info_score": 0.059513208179903056, "adjusted_rand_score": -0.00032923712962260537, "completeness_score": 0.12185321382038637, "fowlkes_mallows_score": 0.4551027189838475, "homogeneity_score": 0.06219583560187007, "v_measure_score": 0.08235589890980223}, "classification": {"f1_score": 0.00024874866671146677, "hamming_loss": 0.9976, "jaccard_score": 0.00012488107589882943, "accuracy_score": 0.0024, "recall_score": 0.00012506954991164284, "precision_score": 0.022848200312989047}, "found_clusters": 71, "expected_clusters": 4, "time": 4.6639}, "spectral_clustering": {"clustering": {"adjusted_mutual_info_score": 0.32317666086467767, "adjusted_rand_score": 0.3105587119503755, "completeness_score": 0.32572680348427263, "fowlkes_mallows_score": 0.48741702715399804, "homogeneity_score": 0.32154197565648285, "v_measure_score": 0.3236208613541926}, "classification": {"f1_score": 0.6574359246265745, "hamming_loss": 0.3456, "jaccard_score": 0.4925973774797857, "accuracy_score": 0.6544, "recall_score": 0.6543281165759333, "precision_score": 0.6748053369669746}, "found_clusters": 4, "expected_clusters": 4, "time": 3.3752}, "gaussian_mixture_model": {"clustering": {"adjusted_mutual_info_score": 0.3569087173869332, "adjusted_rand_score": 0.3500397939770459, "completeness_score": 0.3581188833371979, "fowlkes_mallows_score": 0.5149198566591865, "homogeneity_score": 0.35654255951902275, "v_measure_score": 0.35732898298482046}, "classification": {"f1_score": 0.6808493138008931, "hamming_loss": 0.322, "jaccard_score": 0.5201026740330777, "accuracy_score": 0.678, "recall_score": 0.6791654915616135, "precision_score": 0.6900692123555863}, "found_clusters": 4, "expected_clusters": 4, "time": 0.037}}, "classification_alg": {"KNeighborsClassifier": {"clustering": {"adjusted_mutual_info_score": 0.40713009252538895, "adjusted_rand_score": 0.43729895509887146, "completeness_score": 0.4113944288805846, "fowlkes_mallows_score": 0.5810534191934057, "homogeneity_score": 0.40679183525613094, "v_measure_score": 0.4090801864415486}, "classification": {"f1_score": 0.7334825390089577, "hamming_loss": 0.262, "jaccard_score": 0.5818119422953518, "accuracy_score": 0.738, "recall_score": 0.7312384692046738, "precision_score": 0.74326843917018}, "time": 0.048}, "DecisionTreeClassifier": {"clustering": {"adjusted_mutual_info_score": 0.3252493128525899, "adjusted_rand_score": 0.35790526479093115, "completeness_score": 0.32772051146821174, "fowlkes_mallows_score": 0.5197772979346882, "homogeneity_score": 0.32719551147535314, "v_measure_score": 0.32745780104404604}, "classification": {"f1_score": 0.6797545393167307, "hamming_loss": 0.315, "jaccard_score": 0.5196943904038259, "accuracy_score": 0.685, "recall_score": 0.678994266719676, "precision_score": 0.6813456338401029}, "time": 0.018}, "RandomForestClassifier": {"clustering": {"adjusted_mutual_info_score": 0.3888805541406796, "adjusted_rand_score": 0.4245677320775919, "completeness_score": 0.3921901406776853, "fowlkes_mallows_score": 0.5707127165027067, "homogeneity_score": 0.38959037515650025, "v_measure_score": 0.3908859352327663}, "classification": {"f1_score": 0.7202817887839632, "hamming_loss": 0.274, "jaccard_score": 0.5675393023748742, "accuracy_score": 0.726, "recall_score": 0.7186522472032719, "precision_score": 0.7244194171804129}, "time": 0.6039}, "LinearSVC": {"clustering": {"adjusted_mutual_info_score": 0.3863222933403293, "adjusted_rand_score": 0.423893212776724, "completeness_score": 0.39084672194447295, "fowlkes_mallows_score": 0.5715303843155917, "homogeneity_score": 0.3858699735584671, "v_measure_score": 0.3883424036983545}, "classification": {"f1_score": 0.7137077894674204, "hamming_loss": 0.277, "jaccard_score": 0.5594423663755557, "accuracy_score": 0.723, "recall_score": 0.7134233236910567, "precision_score": 0.7184157754010695}, "time": 0.023}, "LogisticRegression": {"clustering": {"adjusted_mutual_info_score": 0.3773549757858075, "adjusted_rand_score": 0.4168152021220047,