{"clustering_alg": {"affinity_propagation": {"clustering": {"adjusted_mutual_info_score": 0.0, "adjusted_rand_score": 0.0, "completeness_score": 1.0, "fowlkes_mallows_score": 0.49924868477468143, "homogeneity_score": 0.0, "v_measure_score": 0.0}, "classification": {"f1_score": 0.0, "hamming_loss": 1.0, "jaccard_score": 0.0, "accuracy_score": 0.0, "recall_score": 0.0, "precision_score": 0.0}, "found_clusters": 1, "expected_clusters": 4, "time": 8.0624}, "agglomerative": {"clustering": {"adjusted_mutual_info_score": 0.9915639882505808, "adjusted_rand_score": 0.994672057173748, "completeness_score": 0.9915972099228683, "fowlkes_mallows_score": 0.996000064384506, "homogeneity_score": 0.991585765221771, "v_measure_score": 0.9915914875392967}, "classification": {"f1_score": 0.997999967999488, "hamming_loss": 0.002, "jaccard_score": 0.996015873015873, "accuracy_score": 0.998, "recall_score": 0.998, "precision_score": 0.998015873015873}, "found_clusters": 4, "expected_clusters": 4, "time": 0.021}, "birch": {"clustering": {"adjusted_mutual_info_score": 0.8567873240141083, "adjusted_rand_score": 0.7136715391229579, "completeness_score": 1.0, "fowlkes_mallows_score": 0.8159506119058424, "homogeneity_score": 0.75, "v_measure_score": 0.8571428571428571}, "classification": {"f1_score": 0.0, "hamming_loss": 1.0, "jaccard_score": 0.0, "accuracy_score": 0.0, "recall_score": 0.0, "precision_score": 0.0}, "found_clusters": 3, "expected_clusters": 4, "time": 0.03}, "dbscan": {"clustering": {"adjusted_mutual_info_score": 0.8929407390460185, "adjusted_rand_score": 0.9132914175112936, "completeness_score": 0.851072833947636, "fowlkes_mallows_score": 0.9351197425188642, "homogeneity_score": 0.9401225766741744, "v_measure_score": 0.8933841398247951}, "classification": {"f1_score": 0.19381443298969073, "hamming_loss": 0.765, "jaccard_score": 0.188, "accuracy_score": 0.235, "recall_score": 0.188, "precision_score": 0.2}, "found_clusters": 5, "expected_clusters": 4, "time": 0.007}, "k_means": {"clustering": {"adjusted_mutual_info_score": 0.9905636499600708, "adjusted_rand_score": 0.994672, "completeness_score": 0.9905944099194305, "fowlkes_mallows_score": 0.9960000000000001, "homogeneity_score": 0.9905944099194305, "v_measure_score": 0.9905944099194305}, "classification": {"f1_score": 0.998, "hamming_loss": 0.002, "jaccard_score": 0.9960159362549801, "accuracy_score": 0.998, "recall_score": 0.998, "precision_score": 0.998}, "found_clusters": 4, "expected_clusters": 4, "time": 0.016}, "mini_batch_k_means": {"clustering": {"adjusted_mutual_info_score": 0.9905636499600706, "adjusted_rand_score": 0.994672, "completeness_score": 0.9905944099194304, "fowlkes_mallows_score": 0.9960000000000001, "homogeneity_score": 0.9905944099194304, "v_measure_score": 0.9905944099194304}, "classification": {"f1_score": 0.998, "hamming_loss": 0.002, "jaccard_score": 0.9960159362549801, "accuracy_score": 0.998, "recall_score": 0.998, "precision_score": 0.998}, "found_clusters": 4, "expected_clusters": 4, "time": 0.022}, "mean_shift": {"clustering": {"adjusted_mutual_info_score": 0.3688920940012038, "adjusted_rand_score": 0.28100871650689985, "completeness_score": 0.5586032863435898, "fowlkes_mallows_score": 0.5543924531265774, "homogeneity_score": 0.2763934207396236, "v_measure_score": 0.36980810065281794}, "classification": {"f1_score": 0.0, "hamming_loss": 1.0, "jaccard_score": 0.0, "accuracy_score": 0.0, "recall_score": 0.0, "precision_score": 0.0}, "found_clusters": 2, "expected_clusters": 4, "time": 2.9796}, "optics": {"clustering": {"adjusted_mutual_info_score": 0.27160602907510123, "adjusted_rand_score": 0.010737276593639026, "completeness_score": 0.24764145029227236, "fowlkes_mallows_score": 0.29999381933654595, "homogeneity_score": 0.4173990851130029, "v_measure_score": 0.31085417891124756}, "classification": {"f1_score": 0.0016070711128967456, "hamming_loss": 0.988, "jaccard_score": 0.0008421052631578948, "accuracy_score": 0.012, "recall_score": 0.0008421052631578948, "precision_score": 0.017543859649122806}, "found_clusters": 57, "expected_clusters": 4, "time": 0.7449}, "spectral_clustering": {"clustering": {"adjusted_mutual_info_score": 0.9952803707311187, "adjusted_rand_score": 0.9973306577635366, "completeness_score": 0.9952971913902416, "fowlkes_mallows_score": 0.9979959919920162, "homogeneity_score": 0.995294319561939, "v_measure_score": 0.9952957554740187}, "classification": {"f1_score": 0.9989999959999839, "hamming_loss": 0.001, "jaccard_score": 0.998003984063745, "accuracy_score": 0.999, "recall_score": 0.999, "precision_score": 0.999003984063745}, "found_clusters": 4, "expected_clusters": 4, "time": 0.2308}, "gaussian_mixture_model": {"clustering": {"adjusted_mutual_info_score": 0.9952803707311187, "adjusted_rand_score": 0.9973306577635366, "completeness_score": 0.9952971913902416, "fowlkes_mallows_score": 0.9979959919920162, "homogeneity_score": 0.995294319561939, "v_measure_score": 0.9952957554740187}, "classification": {"f1_score": 0.9989999959999839, "hamming_loss": 0.001, "jaccard_score": 0.998003984063745, "accuracy_score": 0.999, "recall_score": 0.999, "precision_score": 0.999003984063745}, "found_clusters": 4, "expected_clusters": 4, "time": 0.007}}, "classification_alg": {"KNeighborsClassifier": {"clustering": {"adjusted_mutual_info_score": 1.0, "adjusted_rand_score": 1.0, "completeness_score": 1.0, "fowlkes_mallows_score": 1.0, "homogeneity_score": 1.0, "v_measure_score": 1.0}, "classification": {"f1_score": 1.0, "hamming_loss": 0.0, "jaccard_score": 1.0, "accuracy_score": 1.0, "recall_score": 1.0, "precision_score": 1.0}, "time": 0.007}, "DecisionTreeClassifier": {"clustering": {"adjusted_mutual_info_score": 1.0, "adjusted_rand_score": 1.0, "completeness_score": 1.0, "fowlkes_mallows_score": 1.0, "homogeneity_score": 1.0, "v_measure_score": 1.0}, "classification": {"f1_score": 1.0, "hamming_loss": 0.0, "jaccard_score": 1.0, "accuracy_score": 1.0, "recall_score": 1.0, "precision_score": 1.0}, "time": 0.001}, "RandomForestClassifier": {"clustering": {"adjusted_mutual_info_score": 1.0, "adjusted_rand_score": 1.0, "completeness_score": 1.0, "fowlkes_mallows_score": 1.0, "homogeneity_score": 1.0, "v_measure_score": 1.0}, "classification": {"f1_score": 1.0, "hamming_loss": 0.0, "jaccard_score": 1.0, "accuracy_score": 1.0, "recall_score": 1.0, "precision_score": 1.0}, "time": 0.123}, "LinearSVC": {"clustering": {"adjusted_mutual_info_score": 0.9691743347441202, "adjusted_rand_score": 0.9740898893944522, "completeness_score": 0.9691136810950317, "fowlkes_mallows_score": 0.9805009899167634, "homogeneity_score": 0.9702603258398889, "v_measure_score": 0.9696866644936042}, "classification": {"f1_score": 0.9897274633123689, "hamming_loss": 0.01, "jaccard_score": 0.9798711755233493, "accuracy_score": 0.99, "recall_score": 0.9907407407407407, "precision_score": 0.9891304347826086}, "time": 0.021}, "LogisticRegression": {"clustering": {"adjusted_mutual_info_score": 1.0, "adjusted_rand_score": 1.0, "completeness_score": 1.0, "fowlkes_mallows_score": 1.0, "homogeneity_score": 1.0, "v_measure_score": 1.0}, "classification": {"f1_score": 1.0, "hamming_loss": 0.0, "jaccard_score": 1.0, "accuracy_score": 1.0, "recall_score": 1.0, "precision_score": 1.0}, "time": 0.026}, "GaussianNB": {"clustering": {"adjusted_mutual_info_score": 1.0, "adjusted_rand_score": 1.0, "completeness_score": 1.0, "fowlkes_mallows_score": 1.0, "homogeneity_score": 1.0, "v_measure_score": 1.0}, "classification": {"f1_score": 1.0, "hamming_loss": 0.0, "jaccard_score": 1.0, "accuracy_score": 1.0, "recall_score": 1.0, "precision_score": 1.0}, "time": 0.002}}}