{"clustering_alg": {"affinity_propagation": {"clustering": {"adjusted_mutual_info_score": 8.788966660187825e-16, "adjusted_rand_score": 0.0, "completeness_score": 1.0, "fowlkes_mallows_score": 0.4998535492663254, "homogeneity_score": 7.608177510550397e-16, "v_measure_score": 1.5216355021100785e-15}, "classification": {"f1_score": 0.0, "hamming_loss": 1.0, "jaccard_score": 0.0, "accuracy_score": 0.0, "recall_score": 0.0, "precision_score": 0.0}, "found_clusters": 1, "expected_clusters": 4, "time": 161.1673}, "agglomerative": {"clustering": {"adjusted_mutual_info_score": 0.38492962192446295, "adjusted_rand_score": 0.28744588843999885, "completeness_score": 0.40134542662439193, "fowlkes_mallows_score": 0.48224050111873773, "homogeneity_score": 0.37057206477239474, "v_measure_score": 0.385345338300434}, "classification": {"f1_score": 0.5679015038102135, "hamming_loss": 0.4292, "jaccard_score": 0.4050395195073536, "accuracy_score": 0.5708, "recall_score": 0.5711798829079879, "precision_score": 0.6581212267989833}, "found_clusters": 4, "expected_clusters": 4, "time": 0.685}, "birch": {"clustering": {"adjusted_mutual_info_score": 0.35665431972302203, "adjusted_rand_score": 0.18046009822837647, "completeness_score": 0.5036755225550174, "fowlkes_mallows_score": 0.5044732253681602, "homogeneity_score": 0.27650200273431985, "v_measure_score": 0.3570143619891347}, "classification": {"f1_score": 0.263198988882022, "hamming_loss": 0.6576, "jaccard_score": 0.17468963335057558, "accuracy_score": 0.3424, "recall_score": 0.3415933503803711, "precision_score": 0.34047597194442747}, "found_clusters": 3, "expected_clusters": 4, "time": 0.081}, "dbscan": {"clustering": {"adjusted_mutual_info_score": 0.0002022657264662269, "adjusted_rand_score": -2.7513086006175707e-07, "completeness_score": 0.030588552995726413, "fowlkes_mallows_score": 0.49875465749233294, "homogeneity_score": 0.0003455400768242612, "v_measure_score": 0.0006833606485438026}, "classification": {"f1_score": 0.08028191574563512, "hamming_loss": 0.7494, "jaccard_score": 0.05022044088176353, "accuracy_score": 0.2506, "recall_score": 0.19984051036682615, "precision_score": 0.050230507115654445}, "found_clusters": 2, "expected_clusters": 4, "time": 0.073}, "k_means": {"clustering": {"adjusted_mutual_info_score": 0.46485620339857997, "adjusted_rand_score": 0.44715055783852103, "completeness_score": 0.467890543416882, "fowlkes_mallows_score": 0.5875021518693985, "homogeneity_score": 0.46255193362001784, "v_measure_score": 0.4652059228190561}, "classification": {"f1_score": 0.7505602402958448, "hamming_loss": 0.2524, "jaccard_score": 0.601905034109754, "accuracy_score": 0.7476, "recall_score": 0.7477010411212452, "precision_score": 0.7661604188837942}, "found_clusters": 4, "expected_clusters": 4, "time": 0.183}, "mini_batch_k_means": {"clustering": {"adjusted_mutual_info_score": 0.44207387849586305, "adjusted_rand_score": 0.3982166197517522, "completeness_score": 0.4458223838555135, "fowlkes_mallows_score": 0.5515398049713752, "homogeneity_score": 0.4391069041985964, "v_measure_score": 0.4424391630831924}, "classification": {"f1_score": 0.7125628574135963, "hamming_loss": 0.2906, "jaccard_score": 0.554979258427085, "accuracy_score": 0.7094, "recall_score": 0.7094294913574409, "precision_score": 0.7349342366063156}, "found_clusters": 4, "expected_clusters": 4, "time": 0.038}, "mean_shift": {"clustering": {"adjusted_mutual_info_score": 8.788966660187825e-16, "adjusted_rand_score": 0.0, "completeness_score": 1.0, "fowlkes_mallows_score": 0.4998535492663254, "homogeneity_score": 7.608177510550397e-16, "v_measure_score": 1.5216355021100785e-15}, "classification": {"f1_score": 0.10025583626479055, "hamming_loss": 0.7492, "jaccard_score": 0.0627, "accuracy_score": 0.2508, "recall_score": 0.25, "precision_score": 0.0627}, "found_clusters": 1, "expected_clusters": 4, "time": 40.3123}, "optics": {"clustering": {"adjusted_mutual_info_score": 0.1741864996403623, "adjusted_rand_score": 0.0034122698976185636, "completeness_score": 0.1490974492907231, "fowlkes_mallows_score": 0.2639857601192448, "homogeneity_score": 0.36510261774325325, "v_measure_score": 0.21173030703353857}, "classification": {"f1_score": 3.117304155366439e-05, "hamming_loss": 0.9988, "jaccard_score": 1.5661216563302638e-05, "accuracy_score": 0.0012, "recall_score": 1.5673735521386812e-05, "precision_score": 0.0028011204481792717}, "found_clusters": 306, "expected_clusters": 4, "time": 3.7042}, "spectral_clustering": {"clustering": {"adjusted_mutual_info_score": 0.40224809131015593, "adjusted_rand_score": 0.3241532832741467, "completeness_score": 0.4336683421556222, "fowlkes_mallows_score": 0.5220845173492331, "homogeneity_score": 0.3757979549100695, "v_measure_score": 0.40266451285765453}, "classification": {"f1_score": 0.6154600429636774, "hamming_loss": 0.3644, "jaccard_score": 0.45974972278166926, "accuracy_score": 0.6356, "recall_score": 0.6361284203061636, "precision_score": 0.7558747645347366}, "found_clusters": 4, "expected_clusters": 4, "time": 3.0312}, "gaussian_mixture_model": {"clustering": {"adjusted_mutual_info_score": 0.6032586453437784, "adjusted_rand_score": 0.6393655633321611, "completeness_score": 0.6050387499937792, "fowlkes_mallows_score": 0.7300913058840236, "homogeneity_score": 0.6020030510102999, "v_measure_score": 0.603517083124584}, "classification": {"f1_score": 0.8489940029679344, "hamming_loss": 0.151, "jaccard_score": 0.7377695859820255, "accuracy_score": 0.849, "recall_score": 0.8490884626049108, "precision_score": 0.8554724800165698}, "found_clusters": 4, "expected_clusters": 4, "time": 0.055}}, "classification_alg": {"KNeighborsClassifier": {"clustering": {"adjusted_mutual_info_score": 0.5475090467584184, "adjusted_rand_score": 0.5841379689383511, "completeness_score": 0.5491403169530733, "fowlkes_mallows_score": 0.6879912208453924, "homogeneity_score": 0.5488299892899847, "v_measure_score": 0.5489851092664001}, "classification": {"f1_score": 0.82086836620372, "hamming_loss": 0.179, "jaccard_score": 0.696474391681155, "accuracy_score": 0.821, "recall_score": 0.8217892515472751, "precision_score": 0.8225991265266636}, "time": 0.028}, "DecisionTreeClassifier": {"clustering": {"adjusted_mutual_info_score": 0.4277998490081668, "adjusted_rand_score": 0.466282203221936, "completeness_score": 0.42971463791821707, "fowlkes_mallows_score": 0.5995075844266164, "homogeneity_score": 0.42961754753891235, "v_measure_score": 0.42966608724375804}, "classification": {"f1_score": 0.7597279901747109, "hamming_loss": 0.24, "jaccard_score": 0.6128357507623214, "accuracy_score": 0.76, "recall_score": 0.7602929361110616, "precision_score": 0.7600754496967662}, "time": 0.008}, "RandomForestClassifier": {"clustering": {"adjusted_mutual_info_score": 0.5331267651435311, "adjusted_rand_score": 0.5740985761795956, "completeness_score": 0.5346828807373968, "fowlkes_mallows_score": 0.680396587074096, "homogeneity_score": 0.5346159225063891, "v_measure_score": 0.5346493995254702}, "classification": {"f1_score": 0.8156707868317598, "hamming_loss": 0.184, "jaccard_score": 0.6893351932416254, "accuracy_score": 0.816, "recall_score": 0.8165890831476806, "precision_score": 0.8160928259031346}, "time": 0.36}, "LinearSVC": {"clustering": {"adjusted_mutual_info_score": 0.5255512160214854, "adjusted_rand_score": 0.5456206825914037, "completeness_score": 0.5274020314005461, "fowlkes_mallows_score": 0.659186030814746, "homogeneity_score": 0.5267970530233039, "v_measure_score": 0.527099368620977}, "classification": {"f1_score": 0.8011604560938977, "hamming_loss": 0.199, "jaccard_score": 0.668599796088917, "accuracy_score": 0.801, "recall_score": 0.8021993927961135, "precision_score": 0.8040703704847587}, "time": 0.115}, "LogisticRegression": {"clustering": {"adjusted_mutual_info_score": 0.5371837507457429, "adjusted_rand_score": 0.5544132063303814, "completeness_score": 0.5389960195949332, "fowlkes_mallows_score": 0.6657783253490829,