{"clustering_alg": {"affinity_propagation": {"clustering": {"adjusted_mutual_info_score": 0.3334701801739096, "adjusted_rand_score": 0.029974271874810644, "completeness_score": 0.21887122184136437, "fowlkes_mallows_score": 0.1353700821275006, "homogeneity_score": 0.8019136051821035, "v_measure_score": 0.34388405064603367}, "classification": {"f1_score": 0.0003755371124580075, "hamming_loss": 0.9928, "jaccard_score": 0.00019233928840360702, "accuracy_score": 0.0072, "recall_score": 0.0001943860371977282, "precision_score": 0.00558699003150804}, "found_clusters": 160, "expected_clusters": 4, "time": 68.9082}, "agglomerative": {"clustering": {"adjusted_mutual_info_score": 0.6649909497549492, "adjusted_rand_score": 0.6413698112489606, "completeness_score": 0.663582153827312, "fowlkes_mallows_score": 0.7342607588395397, "homogeneity_score": 0.6668488416668588, "v_measure_score": 0.665211487298788}, "classification": {"f1_score": 0.8624400639345384, "hamming_loss": 0.1482, "jaccard_score": 0.7660450916892033, "accuracy_score": 0.8518, "recall_score": 0.8674184906044071, "precision_score": 0.8597551245121833}, "found_clusters": 4, "expected_clusters": 4, "time": 1.0748}, "birch": {"clustering": {"adjusted_mutual_info_score": 0.47782596683522555, "adjusted_rand_score": 0.34917474944584387, "completeness_score": 0.576802865117542, "fowlkes_mallows_score": 0.5773406522030803, "homogeneity_score": 0.40823419320815846, "v_measure_score": 0.478095012347355}, "classification": {"f1_score": 0.06502744706644097, "hamming_loss": 0.8878, "jaccard_score": 0.03637484322069953, "accuracy_score": 0.1122, "recall_score": 0.08730158562260515, "precision_score": 0.053105964269459856}, "found_clusters": 3, "expected_clusters": 4, "time": 0.1016}, "dbscan": {"clustering": {"adjusted_mutual_info_score": 0.0007663005320554954, "adjusted_rand_score": -0.0002834970647832848, "completeness_score": 0.13773383045375284, "fowlkes_mallows_score": 0.5098590309803475, "homogeneity_score": 0.0006563089428302742, "v_measure_score": 0.0013063928550287832}, "classification": {"f1_score": 0.07378387202089455, "hamming_loss": 0.774, "jaccard_score": 0.045236188951160924, "accuracy_score": 0.226, "recall_score": 0.2, "precision_score": 0.045236188951160924}, "found_clusters": 2, "expected_clusters": 4, "time": 0.33}, "k_means": {"clustering": {"adjusted_mutual_info_score": 0.6724462971221802, "adjusted_rand_score": 0.6418434109341622, "completeness_score": 0.6700135697702913, "fowlkes_mallows_score": 0.7342572465273294, "homogeneity_score": 0.6753306475214145, "v_measure_score": 0.6726616015520369}, "classification": {"f1_score": 0.8584897447713382, "hamming_loss": 0.149, "jaccard_score": 0.7602511255545531, "accuracy_score": 0.851, "recall_score": 0.8787050472679984, "precision_score": 0.8585826300219463}, "found_clusters": 4, "expected_clusters": 4, "time": 0.111}, "mini_batch_k_means": {"clustering": {"adjusted_mutual_info_score": 0.6565129805012366, "adjusted_rand_score": 0.6333387807602164, "completeness_score": 0.6532551355673332, "fowlkes_mallows_score": 0.7275965762739627, "homogeneity_score": 0.6602590988839773, "v_measure_score": 0.6567384438451717}, "classification": {"f1_score": 0.8551473996050314, "hamming_loss": 0.1528, "jaccard_score": 0.754813642360975, "accuracy_score": 0.8472, "recall_score": 0.8728041201155607, "precision_score": 0.8515090044184024}, "found_clusters": 4, "expected_clusters": 4, "time": 0.06}, "mean_shift": {"clustering": {"adjusted_mutual_info_score": -1.2824704421617325e-15, "adjusted_rand_score": 0.0, "completeness_score": 1.0, "fowlkes_mallows_score": 0.5104726010818711, "homogeneity_score": 3.6600183851894796e-16, "v_measure_score": 7.320036770378956e-16}, "classification": {"f1_score": 0.09216965742251224, "hamming_loss": 0.774, "jaccard_score": 0.0565, "accuracy_score": 0.226, "recall_score": 0.25, "precision_score": 0.0565}, "found_clusters": 1, "expected_clusters": 4, "time": 88.5671}, "optics": {"clustering": {"adjusted_mutual_info_score": 0.10882233471594105, "adjusted_rand_score": 0.010695634524163347, "completeness_score": 0.1770200745976865, "fowlkes_mallows_score": 0.46240174041840393, "homogeneity_score": 0.10575896321630593, "v_measure_score": 0.1324105188464439}, "classification": {"f1_score": 0.00013041210224308813, "hamming_loss": 0.9988, "jaccard_score": 6.555227794165847e-05, "accuracy_score": 0.0012, "recall_score": 6.555227794165847e-05, "precision_score": 0.012345679012345678}, "found_clusters": 81, "expected_clusters": 4, "time": 6.8041}, "spectral_clustering": {"clustering": {"adjusted_mutual_info_score": 0.6541822857488614, "adjusted_rand_score": 0.5875524871889584, "completeness_score": 0.6599963702638258, "fowlkes_mallows_score": 0.6977420746690589, "homogeneity_score": 0.6489222078970875, "v_measure_score": 0.6544124423650952}, "classification": {"f1_score": 0.8253715673829078, "hamming_loss": 0.182, "jaccard_score": 0.7172821905489337, "accuracy_score": 0.818, "recall_score": 0.8544099226770725, "precision_score": 0.849929884722344}, "found_clusters": 4, "expected_clusters": 4, "time": 4.3418}, "gaussian_mixture_model": {"clustering": {"adjusted_mutual_info_score": 0.7570572924907015, "adjusted_rand_score": 0.729541217223413, "completeness_score": 0.7551878017879126, "fowlkes_mallows_score": 0.7995510851711247, "homogeneity_score": 0.7592575048737273, "v_measure_score": 0.7572171851626617}, "classification": {"f1_score": 0.9026283586375836, "hamming_loss": 0.1062, "jaccard_score": 0.8289576432916114, "accuracy_score": 0.8938, "recall_score": 0.9138619705712812, "precision_score": 0.9035880493719521}, "found_clusters": 4, "expected_clusters": 4, "time": 0.036}}, "classification_alg": {"KNeighborsClassifier": {"clustering": {"adjusted_mutual_info_score": 0.7312031164435793, "adjusted_rand_score": 0.7193857684133287, "completeness_score": 0.7289735686469903, "fowlkes_mallows_score": 0.7914391901667353, "homogeneity_score": 0.7352307364470844, "v_measure_score": 0.7320887827772783}, "classification": {"f1_score": 0.8957794977559969, "hamming_loss": 0.112, "jaccard_score": 0.817992575959519, "accuracy_score": 0.888, "recall_score": 0.9037734330960823, "precision_score": 0.8933441401683466}, "time": 0.05}, "DecisionTreeClassifier": {"clustering": {"adjusted_mutual_info_score": 0.6835491545200124, "adjusted_rand_score": 0.6767191147003367, "completeness_score": 0.684073264486212, "fowlkes_mallows_score": 0.7604944298431907, "homogeneity_score": 0.6851187426570903, "v_measure_score": 0.6845956044221526}, "classification": {"f1_score": 0.8755165794532338, "hamming_loss": 0.132, "jaccard_score": 0.7863198977316276, "accuracy_score": 0.868, "recall_score": 0.8762168020005395, "precision_score": 0.8749734177304628}, "time": 0.019}, "RandomForestClassifier": {"clustering": {"adjusted_mutual_info_score": 0.7558765358214928, "adjusted_rand_score": 0.7562945393687105, "completeness_score": 0.7550543744378879, "fowlkes_mallows_score": 0.8192169387554055, "homogeneity_score": 0.7583179780950958, "v_measure_score": 0.7566826572684034}, "classification": {"f1_score": 0.9111142851638816, "hamming_loss": 0.095, "jaccard_score": 0.8415740365909883, "accuracy_score": 0.905, "recall_score": 0.9140712561478741, "precision_score": 0.9087898638871219}, "time": 0.6201}, "LinearSVC": {"clustering": {"adjusted_mutual_info_score": 0.6887027266940465, "adjusted_rand_score": 0.656424350390638, "completeness_score": 0.6883318466616271, "fowlkes_mallows_score": 0.7451857036844346, "homogeneity_score": 0.6911354238808181, "v_measure_score": 0.6897307863289562}, "classification": {"f1_score": 0.8636637054061048, "hamming_loss": 0.146, "jaccard_score": 0.7727939304523327, "accuracy_score": 0.854, "recall_score": 0.8676960138920756, "precision_score": 0.8602789429595695}, "time": 0.02}, "LogisticRegression": {"clustering": {"adjusted_mutual_info_score": 0.709143529010841, "adjusted_rand_score": 0.6834563555015886, "completeness_score": 0.7087538725357854,