{"clustering_alg": {"affinity_propagation": {"clustering": {"adjusted_mutual_info_score": 0.37995493283829673, "adjusted_rand_score": 0.08217115253758227, "completeness_score": 0.27122907481801, "fowlkes_mallows_score": 0.22100584053560487, "homogeneity_score": 0.7678763262484076, "v_measure_score": 0.40086479259806246}, "classification": {"f1_score": 0.0031188000191690233, "hamming_loss": 0.976, "jaccard_score": 0.0016959561602418744, "accuracy_score": 0.024, "recall_score": 0.0017134387351778657, "precision_score": 0.017420634920634923}, "found_clusters": 56, "expected_clusters": 4, "time": 2.5855}, "agglomerative": {"clustering": {"adjusted_mutual_info_score": 0.3259386118399251, "adjusted_rand_score": 0.25004767934600786, "completeness_score": 0.33372758405108593, "fowlkes_mallows_score": 0.4453267017097829, "homogeneity_score": 0.3228013145063618, "v_measure_score": 0.3281735291635345}, "classification": {"f1_score": 0.5351511377009059, "hamming_loss": 0.481, "jaccard_score": 0.37693739737762794, "accuracy_score": 0.519, "recall_score": 0.5195714291566367, "precision_score": 0.5801363990020534}, "found_clusters": 4, "expected_clusters": 4, "time": 0.057}, "birch": {"clustering": {"adjusted_mutual_info_score": 0.1663538792571825, "adjusted_rand_score": 0.0841380387108335, "completeness_score": 0.2166744402607499, "fowlkes_mallows_score": 0.40793514667183894, "homogeneity_score": 0.1379446115705546, "v_measure_score": 0.16857002659436912}, "classification": {"f1_score": 0.3246536283740301, "hamming_loss": 0.599, "jaccard_score": 0.20905601154592873, "accuracy_score": 0.401, "recall_score": 0.4007777037001762, "precision_score": 0.3293790987941612}, "found_clusters": 3, "expected_clusters": 4, "time": 0.114}, "dbscan": {"clustering": {"adjusted_mutual_info_score": 2.5627928781664366e-18, "adjusted_rand_score": 0.0, "completeness_score": 1.0, "fowlkes_mallows_score": 0.49926271968099445, "homogeneity_score": 1.6017455486733905e-16, "v_measure_score": 3.2034910973467805e-16}, "classification": {"f1_score": 0.0, "hamming_loss": 1.0, "jaccard_score": 0.0, "accuracy_score": 0.0, "recall_score": 0.0, "precision_score": 0.0}, "found_clusters": 1, "expected_clusters": 4, "time": 0.009}, "k_means": {"clustering": {"adjusted_mutual_info_score": 0.4150685867616847, "adjusted_rand_score": 0.3923304135513797, "completeness_score": 0.41981134472284, "fowlkes_mallows_score": 0.5464899844103441, "homogeneity_score": 0.41420345878964754, "v_measure_score": 0.41698854814327}, "classification": {"f1_score": 0.7096614872294981, "hamming_loss": 0.291, "jaccard_score": 0.5510397386958729, "accuracy_score": 0.709, "recall_score": 0.708741822831297, "precision_score": 0.7261215067525929}, "found_clusters": 4, "expected_clusters": 4, "time": 0.066}, "mini_batch_k_means": {"clustering": {"adjusted_mutual_info_score": 0.3049103759406751, "adjusted_rand_score": 0.2732468654897119, "completeness_score": 0.30849472573428666, "fowlkes_mallows_score": 0.45642907317057646, "homogeneity_score": 0.3058885633899335, "v_measure_score": 0.3071861170011515}, "classification": {"f1_score": 0.592484082128854, "hamming_loss": 0.408, "jaccard_score": 0.42886802412217084, "accuracy_score": 0.592, "recall_score": 0.5921941997237964, "precision_score": 0.5997160406478663}, "found_clusters": 4, "expected_clusters": 4, "time": 0.041}, "mean_shift": {"clustering": {"adjusted_mutual_info_score": 2.5627928781664366e-18, "adjusted_rand_score": 0.0, "completeness_score": 1.0, "fowlkes_mallows_score": 0.49926271968099445, "homogeneity_score": 1.6017455486733905e-16, "v_measure_score": 3.2034910973467805e-16}, "classification": {"f1_score": 0.09967974379503602, "hamming_loss": 0.751, "jaccard_score": 0.06225, "accuracy_score": 0.249, "recall_score": 0.25, "precision_score": 0.06225}, "found_clusters": 1, "expected_clusters": 4, "time": 8.8497}, "optics": {"clustering": {"adjusted_mutual_info_score": 0.14202890428939077, "adjusted_rand_score": 0.005360306269342927, "completeness_score": 0.22566372974343132, "fowlkes_mallows_score": 0.43102783386340204, "homogeneity_score": 0.13616881478062828, "v_measure_score": 0.16984852845980422}, "classification": {"f1_score": 0.0014765596160944998, "hamming_loss": 0.996, "jaccard_score": 0.0007499062617172854, "accuracy_score": 0.004, "recall_score": 0.000764964620386307, "precision_score": 0.021164021164021163}, "found_clusters": 21, "expected_clusters": 4, "time": 2.3467}, "spectral_clustering": {"clustering": {"adjusted_mutual_info_score": 0.43893330228032346, "adjusted_rand_score": 0.30650497954015044, "completeness_score": 0.4902519870416891, "fowlkes_mallows_score": 0.5278901386790225, "homogeneity_score": 0.40066314116235013, "v_measure_score": 0.440953116342685}, "classification": {"f1_score": 0.6360562356659271, "hamming_loss": 0.356, "jaccard_score": 0.48597229200209974, "accuracy_score": 0.644, "recall_score": 0.6430013750014723, "precision_score": 0.8051318527397365}, "found_clusters": 4, "expected_clusters": 4, "time": 3.2309}, "gaussian_mixture_model": {"clustering": {"adjusted_mutual_info_score": 0.9029506908229266, "adjusted_rand_score": 0.9319818043846341, "completeness_score": 0.9032827910781163, "fowlkes_mallows_score": 0.9489370598827545, "homogeneity_score": 0.9032513247155625, "v_measure_score": 0.9032670576227975}, "classification": {"f1_score": 0.9740183608799241, "hamming_loss": 0.026, "jaccard_score": 0.9495153915615965, "accuracy_score": 0.974, "recall_score": 0.9740583646584297, "precision_score": 0.9740800283222644}, "found_clusters": 4, "expected_clusters": 4, "time": 0.05}}, "classification_alg": {"KNeighborsClassifier": {"clustering": {"adjusted_mutual_info_score": 0.658568959060532, "adjusted_rand_score": 0.6921548385114679, "completeness_score": 0.6642817660618622, "fowlkes_mallows_score": 0.768450948480251, "homogeneity_score": 0.6642137224235016, "v_measure_score": 0.664247742500133}, "classification": {"f1_score": 0.8751680948059553, "hamming_loss": 0.125, "jaccard_score": 0.7783503093488044, "accuracy_score": 0.875, "recall_score": 0.8765641711229947, "precision_score": 0.8764093137254902}, "time": 0.01}, "DecisionTreeClassifier": {"clustering": {"adjusted_mutual_info_score": 0.5791185790190579, "adjusted_rand_score": 0.6223372085209328, "completeness_score": 0.5871220087359856, "fowlkes_mallows_score": 0.7163406016670022, "homogeneity_score": 0.5851459462110851, "v_measure_score": 0.5861323119741563}, "classification": {"f1_score": 0.8447173393981905, "hamming_loss": 0.155, "jaccard_score": 0.7312662735644486, "accuracy_score": 0.845, "recall_score": 0.8471836007130125, "precision_score": 0.8511363636363636}, "time": 0.004}, "RandomForestClassifier": {"clustering": {"adjusted_mutual_info_score": 0.7430881513131942, "adjusted_rand_score": 0.7848471240168653, "completeness_score": 0.7480911963092488, "fowlkes_mallows_score": 0.8383083122032585, "homogeneity_score": 0.7466416730793431, "v_measure_score": 0.7473657318537961}, "classification": {"f1_score": 0.914673050338314, "hamming_loss": 0.085, "jaccard_score": 0.8429577563886075, "accuracy_score": 0.915, "recall_score": 0.9143226381461675, "precision_score": 0.9163689813725168}, "time": 0.522}, "LinearSVC": {"clustering": {"adjusted_mutual_info_score": 0.5312328376874788, "adjusted_rand_score": 0.5620450399929868, "completeness_score": 0.5389460552258215, "fowlkes_mallows_score": 0.6705214591341078, "homogeneity_score": 0.5391094275095668, "v_measure_score": 0.5390277289886916}, "classification": {"f1_score": 0.8087925131464457, "hamming_loss": 0.19, "jaccard_score": 0.6813841257877437, "accuracy_score": 0.81, "recall_score": 0.8084803921568628, "precision_score": 0.8102397798742138}, "time": 0.056}, "LogisticRegression": {"clustering": {"adjusted_mutual_info_score": 0.6064949974076375, "adjusted_rand_score": 0.6415033724065612, "completeness_score": 0.6147339692523054, "fowlkes_mallows_score": 0.7310261555350657, "homogeneity_score": 0.6113953743937167,