{"clustering_alg": {"affinity_propagation": {"clustering": {"adjusted_mutual_info_score": 0.0, "adjusted_rand_score": 0.0, "completeness_score": 1.0, "fowlkes_mallows_score": 0.49924868477468143, "homogeneity_score": 0.0, "v_measure_score": 0.0}, "classification": {"f1_score": 0.0, "hamming_loss": 1.0, "jaccard_score": 0.0, "accuracy_score": 0.0, "recall_score": 0.0, "precision_score": 0.0}, "found_clusters": 1, "expected_clusters": 4, "time": 10.6018}, "agglomerative": {"clustering": {"adjusted_mutual_info_score": 0.6979109539401481, "adjusted_rand_score": 0.6615246073982549, "completeness_score": 0.6989874345874363, "fowlkes_mallows_score": 0.745920215499612, "homogeneity_score": 0.6988042198429947, "v_measure_score": 0.6988958152078314}, "classification": {"f1_score": 0.8195316554597954, "hamming_loss": 0.179, "jaccard_score": 0.7240419766835954, "accuracy_score": 0.821, "recall_score": 0.821, "precision_score": 0.8183552755548207}, "found_clusters": 4, "expected_clusters": 4, "time": 0.053}, "birch": {"clustering": {"adjusted_mutual_info_score": 0.7673489697729815, "adjusted_rand_score": 0.6702238906124498, "completeness_score": 0.8868835725734927, "fowlkes_mallows_score": 0.7806063046170671, "homogeneity_score": 0.6770997459659848, "v_measure_score": 0.7679220546312484}, "classification": {"f1_score": 0.02423589993425688, "hamming_loss": 0.974, "jaccard_score": 0.012699968071168265, "accuracy_score": 0.026, "recall_score": 0.026000000000000002, "precision_score": 0.022775041923074005}, "found_clusters": 3, "expected_clusters": 4, "time": 0.065}, "dbscan": {"clustering": {"adjusted_mutual_info_score": 0.5045918488172058, "adjusted_rand_score": 0.30997576980477143, "completeness_score": 0.7364747935259949, "fowlkes_mallows_score": 0.5977776643691635, "homogeneity_score": 0.3854107969821242, "v_measure_score": 0.5060147657330035}, "classification": {"f1_score": 0.10154798761609907, "hamming_loss": 0.754, "jaccard_score": 0.06804979253112034, "accuracy_score": 0.246, "recall_score": 0.1968, "precision_score": 0.06842837273991656}, "found_clusters": 3, "expected_clusters": 4, "time": 0.025}, "k_means": {"clustering": {"adjusted_mutual_info_score": 0.7333410730001569, "adjusted_rand_score": 0.6868084269047016, "completeness_score": 0.7342368261442438, "fowlkes_mallows_score": 0.7648790320644199, "homogeneity_score": 0.7341838586213502, "v_measure_score": 0.734210341427499}, "classification": {"f1_score": 0.8282312231223122, "hamming_loss": 0.171, "jaccard_score": 0.7397323999064852, "accuracy_score": 0.829, "recall_score": 0.829, "precision_score": 0.8275446178471388}, "found_clusters": 4, "expected_clusters": 4, "time": 0.043}, "mini_batch_k_means": {"clustering": {"adjusted_mutual_info_score": 0.7309880271527814, "adjusted_rand_score": 0.6770638762452437, "completeness_score": 0.7330453536642784, "fowlkes_mallows_score": 0.7579171485228013, "homogeneity_score": 0.7306911947892183, "v_measure_score": 0.7318663811046509}, "classification": {"f1_score": 0.8133192524321556, "hamming_loss": 0.185, "jaccard_score": 0.7240686698371523, "accuracy_score": 0.815, "recall_score": 0.815, "precision_score": 0.8145370342011065}, "found_clusters": 4, "expected_clusters": 4, "time": 0.036}, "mean_shift": {"clustering": {"adjusted_mutual_info_score": 0.5765052673248838, "adjusted_rand_score": 0.33266533066132264, "completeness_score": 0.9999999999999988, "fowlkes_mallows_score": 0.6316949117560324, "homogeneity_score": 0.40563906222956586, "v_measure_score": 0.5771596324111227}, "classification": {"f1_score": 0.125, "hamming_loss": 0.75, "jaccard_score": 0.08333333333333333, "accuracy_score": 0.25, "recall_score": 0.25, "precision_score": 0.08333333333333333}, "found_clusters": 2, "expected_clusters": 4, "time": 6.0379}, "optics": {"clustering": {"adjusted_mutual_info_score": 0.18660422933225831, "adjusted_rand_score": 0.006172547238253646, "completeness_score": 0.19154919693659359, "fowlkes_mallows_score": 0.3253190761308561, "homogeneity_score": 0.28009425710695085, "v_measure_score": 0.22751012255301992}, "classification": {"f1_score": 0.0008003201280512204, "hamming_loss": 0.995, "jaccard_score": 0.00040816326530612246, "accuracy_score": 0.005, "recall_score": 0.00040816326530612246, "precision_score": 0.02040816326530612}, "found_clusters": 49, "expected_clusters": 4, "time": 0.819}, "spectral_clustering": {"clustering": {"adjusted_mutual_info_score": 0.7260591479439447, "adjusted_rand_score": 0.5984389737164734, "completeness_score": 0.7650983850245575, "fowlkes_mallows_score": 0.7165746248677093, "homogeneity_score": 0.6925118359269339, "v_measure_score": 0.7269977661548263}, "classification": {"f1_score": 0.6268952981607956, "hamming_loss": 0.347, "jaccard_score": 0.5286806367367243, "accuracy_score": 0.653, "recall_score": 0.653, "precision_score": 0.676673616589654}, "found_clusters": 4, "expected_clusters": 4, "time": 0.4307}, "gaussian_mixture_model": {"clustering": {"adjusted_mutual_info_score": 0.756515468723164, "adjusted_rand_score": 0.607001137512183, "completeness_score": 0.8102491150705889, "fowlkes_mallows_score": 0.7288360469473285, "homogeneity_score": 0.7109567829030753, "v_measure_score": 0.7573624385337775}, "classification": {"f1_score": 0.5858890225891453, "hamming_loss": 0.37, "jaccard_score": 0.4981745641745642, "accuracy_score": 0.63, "recall_score": 0.63, "precision_score": 0.6172230832489879}, "found_clusters": 4, "expected_clusters": 4, "time": 0.011}}, "classification_alg": {"KNeighborsClassifier": {"clustering": {"adjusted_mutual_info_score": 0.7416581202938758, "adjusted_rand_score": 0.7031843106585158, "completeness_score": 0.7448756043813648, "fowlkes_mallows_score": 0.7775943943677049, "homogeneity_score": 0.7470822423153615, "v_measure_score": 0.7459772915157404}, "classification": {"f1_score": 0.7993231758622295, "hamming_loss": 0.185, "jaccard_score": 0.7076170805966064, "accuracy_score": 0.815, "recall_score": 0.8041236213876868, "precision_score": 0.8086084905660378}, "time": 0.007}, "DecisionTreeClassifier": {"clustering": {"adjusted_mutual_info_score": 0.6874396592167502, "adjusted_rand_score": 0.6622698202906253, "completeness_score": 0.6905426300039743, "fowlkes_mallows_score": 0.7466023002741115, "homogeneity_score": 0.6947813273132066, "v_measure_score": 0.6926554940544716}, "classification": {"f1_score": 0.7605191466830634, "hamming_loss": 0.22, "jaccard_score": 0.664376362054228, "accuracy_score": 0.78, "recall_score": 0.7590656847689515, "precision_score": 0.764006734006734}, "time": 0.003}, "RandomForestClassifier": {"clustering": {"adjusted_mutual_info_score": 0.7337998772811466, "adjusted_rand_score": 0.7131595798796125, "completeness_score": 0.7368260621222908, "fowlkes_mallows_score": 0.7849999550351247, "homogeneity_score": 0.7396753031147374, "v_measure_score": 0.7382479334933104}, "classification": {"f1_score": 0.8024780163109935, "hamming_loss": 0.18, "jaccard_score": 0.7110330126424007, "accuracy_score": 0.82, "recall_score": 0.8066627111545442, "precision_score": 0.8068385248836376}, "time": 0.2988}, "LinearSVC": {"clustering": {"adjusted_mutual_info_score": 0.7358485060590125, "adjusted_rand_score": 0.7209651087236993, "completeness_score": 0.7406313740091754, "fowlkes_mallows_score": 0.7912640644518334, "homogeneity_score": 0.7399193408376178, "v_measure_score": 0.7402751862062839}, "classification": {"f1_score": 0.8080065627563576, "hamming_loss": 0.17, "jaccard_score": 0.7185683288299354, "accuracy_score": 0.83, "recall_score": 0.8074218204662851, "precision_score": 0.8088022232759075}, "time": 0.036}, "LogisticRegression": {"clustering": {"adjusted_mutual_info_score": 0.7767836505901204, "adjusted_rand_score": 0.7491990224490113, "completeness_score": 0.7788232430717327, "fowlkes_mallows_score": 0.8119790476470343, "homogeneity_score": 0.7822089026811255, "v_measure_score": 0.7805124013661973}, "classification": {"f1_score": 0.8343009951572562, "hamming_loss": 0.15,