{"clustering_alg": {"affinity_propagation": {"clustering": {"adjusted_mutual_info_score": 6.442766317541833e-16, "adjusted_rand_score": 0.0, "completeness_score": 1.0, "fowlkes_mallows_score": 0.4998537093451935, "homogeneity_score": 3.2034438730818536e-16, "v_measure_score": 6.406887746163706e-16}, "classification": {"f1_score": 0.0, "hamming_loss": 1.0, "jaccard_score": 0.0, "accuracy_score": 0.0, "recall_score": 0.0, "precision_score": 0.0}, "found_clusters": 1, "expected_clusters": 4, "time": 145.9199}, "agglomerative": {"clustering": {"adjusted_mutual_info_score": 0.636898504617196, "adjusted_rand_score": 0.52751124716136, "completeness_score": 0.664288731442097, "fowlkes_mallows_score": 0.6611985275714122, "homogeneity_score": 0.6121308273260894, "v_measure_score": 0.6371441239171712}, "classification": {"f1_score": 0.7857348712556524, "hamming_loss": 0.2136, "jaccard_score": 0.6597094770462812, "accuracy_score": 0.7864, "recall_score": 0.7866590417928732, "precision_score": 0.867985472114605}, "found_clusters": 4, "expected_clusters": 4, "time": 0.705}, "birch": {"clustering": {"adjusted_mutual_info_score": 0.40779027344515456, "adjusted_rand_score": 0.22126189753279066, "completeness_score": 0.5427906920663522, "fowlkes_mallows_score": 0.5181079191965089, "homogeneity_score": 0.326978802011052, "v_measure_score": 0.4081105429499254}, "classification": {"f1_score": 0.05350864933994365, "hamming_loss": 0.902, "jaccard_score": 0.02965810511231925, "accuracy_score": 0.098, "recall_score": 0.0974689297103182, "precision_score": 0.0380683644866969}, "found_clusters": 3, "expected_clusters": 4, "time": 0.083}, "dbscan": {"clustering": {"adjusted_mutual_info_score": -0.00013846037966005199, "adjusted_rand_score": 1.2978076522894389e-06, "completeness_score": 0.04282447280246415, "fowlkes_mallows_score": 0.49945488003703065, "homogeneity_score": 0.0002009306070114705, "v_measure_score": 0.00039998450372461956}, "classification": {"f1_score": 0.08034543419158804, "hamming_loss": 0.7488, "jaccard_score": 0.050270162097258354, "accuracy_score": 0.2512, "recall_score": 0.19984089101034208, "precision_score": 0.05028022417934348}, "found_clusters": 2, "expected_clusters": 4, "time": 0.073}, "k_means": {"clustering": {"adjusted_mutual_info_score": 0.6899661977676376, "adjusted_rand_score": 0.6522125260314112, "completeness_score": 0.6987115959004335, "fowlkes_mallows_score": 0.7422636977594903, "homogeneity_score": 0.6818349555209211, "v_measure_score": 0.6901701205544074}, "classification": {"f1_score": 0.8385092946859194, "hamming_loss": 0.1572, "jaccard_score": 0.7236463129541962, "accuracy_score": 0.8428, "recall_score": 0.842815630836673, "precision_score": 0.8637788087714547}, "found_clusters": 4, "expected_clusters": 4, "time": 0.063}, "mini_batch_k_means": {"clustering": {"adjusted_mutual_info_score": 0.6900782394913902, "adjusted_rand_score": 0.6528265226312283, "completeness_score": 0.6987368561026518, "fowlkes_mallows_score": 0.7426855211316666, "homogeneity_score": 0.6820294323030456, "v_measure_score": 0.6902820633710077}, "classification": {"f1_score": 0.8389307956523488, "hamming_loss": 0.1568, "jaccard_score": 0.724248266444049, "accuracy_score": 0.8432, "recall_score": 0.8432172372623757, "precision_score": 0.8639313586236227}, "found_clusters": 4, "expected_clusters": 4, "time": 0.034}, "mean_shift": {"clustering": {"adjusted_mutual_info_score": 6.442766317541833e-16, "adjusted_rand_score": 0.0, "completeness_score": 1.0, "fowlkes_mallows_score": 0.4998537093451935, "homogeneity_score": 3.2034438730818536e-16, "v_measure_score": 6.406887746163706e-16}, "classification": {"f1_score": 0.1004474988013425, "hamming_loss": 0.7486, "jaccard_score": 0.06285, "accuracy_score": 0.2514, "recall_score": 0.25, "precision_score": 0.06285}, "found_clusters": 1, "expected_clusters": 4, "time": 77.8894}, "optics": {"clustering": {"adjusted_mutual_info_score": 0.25372656920085573, "adjusted_rand_score": 0.02231667634151885, "completeness_score": 0.19616527216424712, "fowlkes_mallows_score": 0.24697819860822331, "homogeneity_score": 0.5361753651402151, "v_measure_score": 0.2872406120125433}, "classification": {"f1_score": 2.887898981293634e-05, "hamming_loss": 0.9988, "jaccard_score": 1.4508418509840336e-05, "accuracy_score": 0.0012, "recall_score": 1.4508418509840336e-05, "precision_score": 0.00303951367781155}, "found_clusters": 329, "expected_clusters": 4, "time": 3.3984}, "spectral_clustering": {"clustering": {"adjusted_mutual_info_score": 0.6534121938489668, "adjusted_rand_score": 0.5584465142711867, "completeness_score": 0.6812449396198325, "fowlkes_mallows_score": 0.6819248228906406, "homogeneity_score": 0.6281972626215954, "v_measure_score": 0.653646576399389}, "classification": {"f1_score": 0.7537645952937573, "hamming_loss": 0.2304, "jaccard_score": 0.6144729595436864, "accuracy_score": 0.7696, "recall_score": 0.7694668026215864, "precision_score": 0.8335930649206191}, "found_clusters": 4, "expected_clusters": 4, "time": 2.9561}, "gaussian_mixture_model": {"clustering": {"adjusted_mutual_info_score": 0.9317728142263009, "adjusted_rand_score": 0.9563957571445637, "completeness_score": 0.9318361926237595, "fowlkes_mallows_score": 0.967291058976783, "homogeneity_score": 0.9317981008071657, "v_measure_score": 0.9318171463261731}, "classification": {"f1_score": 0.9834054895872799, "hamming_loss": 0.0166, "jaccard_score": 0.9674472334890034, "accuracy_score": 0.9834, "recall_score": 0.9833987760283016, "precision_score": 0.9834443983264269}, "found_clusters": 4, "expected_clusters": 4, "time": 0.036}}, "classification_alg": {"KNeighborsClassifier": {"clustering": {"adjusted_mutual_info_score": 0.9058543727472996, "adjusted_rand_score": 0.9350943857298777, "completeness_score": 0.9066488325256521, "fowlkes_mallows_score": 0.9513646133563047, "homogeneity_score": 0.9056754999393574, "v_measure_score": 0.9061619048619799}, "classification": {"f1_score": 0.974754639224695, "hamming_loss": 0.025, "jaccard_score": 0.9510532424597978, "accuracy_score": 0.975, "recall_score": 0.974170679164292, "precision_score": 0.975559216472715}, "time": 0.027}, "DecisionTreeClassifier": {"clustering": {"adjusted_mutual_info_score": 0.8670209159514919, "adjusted_rand_score": 0.9000103427104195, "completeness_score": 0.8675119429128647, "fowlkes_mallows_score": 0.9250412018100297, "homogeneity_score": 0.8673982440496475, "v_measure_score": 0.8674550897555786}, "classification": {"f1_score": 0.9608491643264544, "hamming_loss": 0.039, "jaccard_score": 0.925417053783486, "accuracy_score": 0.961, "recall_score": 0.9607681369381353, "precision_score": 0.9609483099896046}, "time": 0.006}, "RandomForestClassifier": {"clustering": {"adjusted_mutual_info_score": 0.8978906840745019, "adjusted_rand_score": 0.9297354375629158, "completeness_score": 0.8984662568430779, "fowlkes_mallows_score": 0.9473350228558907, "homogeneity_score": 0.8979821507763165, "v_measure_score": 0.8982241385813602}, "classification": {"f1_score": 0.9728405573764405, "hamming_loss": 0.027, "jaccard_score": 0.9474001026576395, "accuracy_score": 0.973, "recall_score": 0.9725594570533855, "precision_score": 0.9732323871456139}, "time": 0.29}, "LinearSVC": {"clustering": {"adjusted_mutual_info_score": 0.7183752873091787, "adjusted_rand_score": 0.7512885214508604, "completeness_score": 0.7202035456435342, "fowlkes_mallows_score": 0.8137596035239336, "homogeneity_score": 0.7183905641288255, "v_measure_score": 0.7192959124854322}, "classification": {"f1_score": 0.8908685216582439, "hamming_loss": 0.106, "jaccard_score": 0.8065498411350656, "accuracy_score": 0.894, "recall_score": 0.8909106843176414, "precision_score": 0.8918667302210891}, "time": 0.045}, "LogisticRegression": {"clustering": {"adjusted_mutual_info_score": 0.8465923038226753, "adjusted_rand_score": 0.8725986135067443, "completeness_score": 0.8480972443859892, "fowlkes_mallows_score": 0.9045939226806003, "homogeneity_score": 0.8460926295640778,