{"clustering_alg": {"affinity_propagation": {"clustering": {"adjusted_mutual_info_score": 0.39615491409002795, "adjusted_rand_score": 0.13432685117895418, "completeness_score": 0.28957583333403364, "fowlkes_mallows_score": 0.2821833228154895, "homogeneity_score": 0.687115232179478, "v_measure_score": 0.4074409462326094}, "classification": {"f1_score": 0.006366596074898264, "hamming_loss": 0.973, "jaccard_score": 0.003280385981634135, "accuracy_score": 0.027, "recall_score": 0.003728697404801784, "precision_score": 0.02260726005560905}, "found_clusters": 29, "expected_clusters": 4, "time": 5.7807}, "agglomerative": {"clustering": {"adjusted_mutual_info_score": 0.4619516398631211, "adjusted_rand_score": 0.40558208506612986, "completeness_score": 0.47893314592559705, "fowlkes_mallows_score": 0.5666170566547855, "homogeneity_score": 0.44952426429307896, "v_measure_score": 0.46376294205475066}, "classification": {"f1_score": 0.7193293780064771, "hamming_loss": 0.28, "jaccard_score": 0.5739094641588884, "accuracy_score": 0.72, "recall_score": 0.719278210448295, "precision_score": 0.7868273035023687}, "found_clusters": 4, "expected_clusters": 4, "time": 0.02}, "birch": {"clustering": {"adjusted_mutual_info_score": 0.40215575429442235, "adjusted_rand_score": 0.2564774369758684, "completeness_score": 0.5163198622806243, "fowlkes_mallows_score": 0.5287144518326692, "homogeneity_score": 0.331465647660814, "v_measure_score": 0.4037396146645895}, "classification": {"f1_score": 0.31212103697943483, "hamming_loss": 0.603, "jaccard_score": 0.22863654578240833, "accuracy_score": 0.397, "recall_score": 0.3944262632011636, "precision_score": 0.30998875393612235}, "found_clusters": 3, "expected_clusters": 4, "time": 0.018}, "dbscan": {"clustering": {"adjusted_mutual_info_score": 0.005398764482694427, "adjusted_rand_score": 8.915073435796783e-05, "completeness_score": 0.1544510406162478, "fowlkes_mallows_score": 0.49633609422775893, "homogeneity_score": 0.004086453567374488, "v_measure_score": 0.007962242738363772}, "classification": {"f1_score": 0.08089887640449436, "hamming_loss": 0.748, "jaccard_score": 0.05070422535211268, "accuracy_score": 0.252, "recall_score": 0.2, "precision_score": 0.05070422535211268}, "found_clusters": 2, "expected_clusters": 4, "time": 0.009}, "k_means": {"clustering": {"adjusted_mutual_info_score": 0.47364882644766493, "adjusted_rand_score": 0.47509859581017383, "completeness_score": 0.481723341588355, "fowlkes_mallows_score": 0.6109505538391489, "homogeneity_score": 0.4692166763057533, "v_measure_score": 0.47538776575949887}, "classification": {"f1_score": 0.761837355893288, "hamming_loss": 0.236, "jaccard_score": 0.6193759982988698, "accuracy_score": 0.764, "recall_score": 0.7636867205236266, "precision_score": 0.7866432714331306}, "found_clusters": 4, "expected_clusters": 4, "time": 0.0537}, "mini_batch_k_means": {"clustering": {"adjusted_mutual_info_score": 0.5406129242810883, "adjusted_rand_score": 0.5749825050476797, "completeness_score": 0.5423243878772303, "fowlkes_mallows_score": 0.6810389056381345, "homogeneity_score": 0.5418978370768305, "v_measure_score": 0.542111028570991}, "classification": {"f1_score": 0.8163085832239543, "hamming_loss": 0.184, "jaccard_score": 0.6918114026136097, "accuracy_score": 0.816, "recall_score": 0.8159294020286505, "precision_score": 0.8176726998995889}, "found_clusters": 4, "expected_clusters": 4, "time": 0.024}, "mean_shift": {"clustering": {"adjusted_mutual_info_score": -6.406945441146243e-16, "adjusted_rand_score": 0.0, "completeness_score": 1.0, "fowlkes_mallows_score": 0.4992587097480216, "homogeneity_score": 0.0, "v_measure_score": 0.0}, "classification": {"f1_score": 0.10063897763578275, "hamming_loss": 0.748, "jaccard_score": 0.063, "accuracy_score": 0.252, "recall_score": 0.25, "precision_score": 0.063}, "found_clusters": 1, "expected_clusters": 4, "time": 5.9457}, "optics": {"clustering": {"adjusted_mutual_info_score": 0.19828324721568233, "adjusted_rand_score": 0.011579977742618227, "completeness_score": 0.18560347234993263, "fowlkes_mallows_score": 0.2772824328823768, "homogeneity_score": 0.34086798000142915, "v_measure_score": 0.24034078360225827}, "classification": {"f1_score": 0.0010472832101660495, "hamming_loss": 0.992, "jaccard_score": 0.0005335233045274856, "accuracy_score": 0.008, "recall_score": 0.0005394211121874552, "precision_score": 0.020312079634113533}, "found_clusters": 59, "expected_clusters": 4, "time": 0.668}, "spectral_clustering": {"clustering": {"adjusted_mutual_info_score": 0.4362928837310072, "adjusted_rand_score": 0.23865133443481404, "completeness_score": 0.5089907779433737, "fowlkes_mallows_score": 0.5012008902148197, "homogeneity_score": 0.3849941620295346, "v_measure_score": 0.43839324192868057}, "classification": {"f1_score": 0.6099272588446298, "hamming_loss": 0.389, "jaccard_score": 0.45769711639196264, "accuracy_score": 0.611, "recall_score": 0.610807316695869, "precision_score": 0.8235553590491349}, "found_clusters": 4, "expected_clusters": 4, "time": 0.2631}, "gaussian_mixture_model": {"clustering": {"adjusted_mutual_info_score": 0.5754737575880046, "adjusted_rand_score": 0.6026629766099141, "completeness_score": 0.5792544819849255, "fowlkes_mallows_score": 0.7028921613471759, "homogeneity_score": 0.5744921242065645, "v_measure_score": 0.576863474225399}, "classification": {"f1_score": 0.8263402430863159, "hamming_loss": 0.172, "jaccard_score": 0.7077796731865484, "accuracy_score": 0.828, "recall_score": 0.8281055945435833, "precision_score": 0.8338918909820654}, "found_clusters": 4, "expected_clusters": 4, "time": 0.019}}, "classification_alg": {"KNeighborsClassifier": {"clustering": {"adjusted_mutual_info_score": 0.6187814679537369, "adjusted_rand_score": 0.6712843254768364, "completeness_score": 0.6235597265488575, "fowlkes_mallows_score": 0.753723896978294, "homogeneity_score": 0.6267607185872638, "v_measure_score": 0.6251561250784652}, "classification": {"f1_score": 0.8464929331674615, "hamming_loss": 0.145, "jaccard_score": 0.741951496779083, "accuracy_score": 0.855, "recall_score": 0.8489597211945943, "precision_score": 0.8458406397789467}, "time": 0.006}, "DecisionTreeClassifier": {"clustering": {"adjusted_mutual_info_score": 0.5076293597733252, "adjusted_rand_score": 0.535016455130787, "completeness_score": 0.5156433952694374, "fowlkes_mallows_score": 0.652325546467231, "homogeneity_score": 0.5161216689773652, "v_measure_score": 0.5158824212717416}, "classification": {"f1_score": 0.7665761960957915, "hamming_loss": 0.22, "jaccard_score": 0.6358782386767461, "accuracy_score": 0.78, "recall_score": 0.7670955482032255, "precision_score": 0.7732053509832966}, "time": 0.002}, "RandomForestClassifier": {"clustering": {"adjusted_mutual_info_score": 0.5352465009399872, "adjusted_rand_score": 0.5816565198699838, "completeness_score": 0.5421638489142309, "fowlkes_mallows_score": 0.6868554707736336, "homogeneity_score": 0.5438921670664667, "v_measure_score": 0.5430266327925728}, "classification": {"f1_score": 0.7993310855810856, "hamming_loss": 0.19, "jaccard_score": 0.6758119345884264, "accuracy_score": 0.81, "recall_score": 0.8012008367408499, "precision_score": 0.8017114626392046}, "time": 0.172}, "LinearSVC": {"clustering": {"adjusted_mutual_info_score": 0.5949111205476293, "adjusted_rand_score": 0.6485518516676086, "completeness_score": 0.6035648439280317, "fowlkes_mallows_score": 0.7379115475826178, "homogeneity_score": 0.5999089088978274, "v_measure_score": 0.6017313233790915}, "classification": {"f1_score": 0.8337814870710171, "hamming_loss": 0.155, "jaccard_score": 0.7218185203923884, "accuracy_score": 0.845, "recall_score": 0.8334971432320164, "precision_score": 0.8363498708893445}, "time": 0.015}, "LogisticRegression": {"clustering": {"adjusted_mutual_info_score": 0.6014580725008832, "adjusted_rand_score": 0.6444511402698152, "completeness_score": 0.6100210433878076, "fowlkes_mallows_score": 0.7349092082650446,