{"clustering_alg": {"affinity_propagation": {"clustering": {"adjusted_mutual_info_score": -6.39662494166516e-16, "adjusted_rand_score": 0.0, "completeness_score": 1.0, "fowlkes_mallows_score": 0.4998524287128132, "homogeneity_score": 3.2034379715871146e-16, "v_measure_score": 6.406875943174228e-16}, "classification": {"f1_score": 0.0, "hamming_loss": 1.0, "jaccard_score": 0.0, "accuracy_score": 0.0, "recall_score": 0.0, "precision_score": 0.0}, "found_clusters": 1, "expected_clusters": 4, "time": 151.5695}, "agglomerative": {"clustering": {"adjusted_mutual_info_score": 0.581206617500731, "adjusted_rand_score": 0.5049674557273985, "completeness_score": 0.6057761506770778, "fowlkes_mallows_score": 0.6440694537952519, "homogeneity_score": 0.5590755533781443, "v_measure_score": 0.5814897046276954}, "classification": {"f1_score": 0.7696179565888569, "hamming_loss": 0.2296, "jaccard_score": 0.6438240379554834, "accuracy_score": 0.7704, "recall_score": 0.7704405118373672, "precision_score": 0.8494478268782004}, "found_clusters": 4, "expected_clusters": 4, "time": 0.704}, "birch": {"clustering": {"adjusted_mutual_info_score": 0.36503970747476505, "adjusted_rand_score": 0.19486110985608596, "completeness_score": 0.4909477346604789, "fowlkes_mallows_score": 0.5025381508861996, "homogeneity_score": 0.2909684591396168, "v_measure_score": 0.3653852088111786}, "classification": {"f1_score": 0.2465470681565082, "hamming_loss": 0.7306, "jaccard_score": 0.18208634562187795, "accuracy_score": 0.2694, "recall_score": 0.27023565575822983, "precision_score": 0.2721318974744369}, "found_clusters": 3, "expected_clusters": 4, "time": 0.081}, "dbscan": {"clustering": {"adjusted_mutual_info_score": 0.0006661946421578558, "adjusted_rand_score": 6.013843326889329e-06, "completeness_score": 0.06173569177725744, "fowlkes_mallows_score": 0.49895783547564093, "homogeneity_score": 0.0005866927325325629, "v_measure_score": 0.0011623394062496948}, "classification": {"f1_score": 0.07974358974358976, "hamming_loss": 0.7512, "jaccard_score": 0.04979983987189752, "accuracy_score": 0.2488, "recall_score": 0.19919935948759007, "precision_score": 0.04984972951312362}, "found_clusters": 2, "expected_clusters": 4, "time": 0.082}, "k_means": {"clustering": {"adjusted_mutual_info_score": 0.6262680697100392, "adjusted_rand_score": 0.6207201725720268, "completeness_score": 0.6317158390514976, "fowlkes_mallows_score": 0.7178011581291187, "homogeneity_score": 0.621394994563376, "v_measure_score": 0.6265129146487727}, "classification": {"f1_score": 0.8375794040753859, "hamming_loss": 0.1638, "jaccard_score": 0.7263957949781559, "accuracy_score": 0.8362, "recall_score": 0.8361983079691252, "precision_score": 0.8574110744663942}, "found_clusters": 4, "expected_clusters": 4, "time": 0.074}, "mini_batch_k_means": {"clustering": {"adjusted_mutual_info_score": 0.6265351478289617, "adjusted_rand_score": 0.6152731487459216, "completeness_score": 0.6328174833229446, "fowlkes_mallows_score": 0.7141421283113545, "homogeneity_score": 0.6208568974484202, "v_measure_score": 0.6267801358519629}, "classification": {"f1_score": 0.835388966379376, "hamming_loss": 0.1662, "jaccard_score": 0.7232512666047953, "accuracy_score": 0.8338, "recall_score": 0.8338148001638914, "precision_score": 0.8582201346770837}, "found_clusters": 4, "expected_clusters": 4, "time": 0.035}, "mean_shift": {"clustering": {"adjusted_mutual_info_score": -6.39662494166516e-16, "adjusted_rand_score": 0.0, "completeness_score": 1.0, "fowlkes_mallows_score": 0.4998524287128132, "homogeneity_score": 3.2034379715871146e-16, "v_measure_score": 6.406875943174228e-16}, "classification": {"f1_score": 0.09993598975836133, "hamming_loss": 0.7502, "jaccard_score": 0.06245, "accuracy_score": 0.2498, "recall_score": 0.25, "precision_score": 0.06245}, "found_clusters": 1, "expected_clusters": 4, "time": 38.3389}, "optics": {"clustering": {"adjusted_mutual_info_score": 0.18302277299586558, "adjusted_rand_score": 0.004010531687613353, "completeness_score": 0.15376573832949347, "fowlkes_mallows_score": 0.25579511060999044, "homogeneity_score": 0.3888673476003593, "v_measure_score": 0.22038639502984816}, "classification": {"f1_score": 4.028045265158667e-05, "hamming_loss": 0.9984, "jaccard_score": 2.0268815161073743e-05, "accuracy_score": 0.0016, "recall_score": 2.0268815161073743e-05, "precision_score": 0.0031746031746031746}, "found_clusters": 315, "expected_clusters": 4, "time": 4.2767}, "spectral_clustering": {"clustering": {"adjusted_mutual_info_score": 0.5866981980525644, "adjusted_rand_score": 0.4820278423280164, "completeness_score": 0.617131563649824, "fowlkes_mallows_score": 0.6313871295814293, "homogeneity_score": 0.5596373470444821, "v_measure_score": 0.5869799378955866}, "classification": {"f1_score": 0.7577832443051603, "hamming_loss": 0.2418, "jaccard_score": 0.6272100569586906, "accuracy_score": 0.7582, "recall_score": 0.7583320524855809, "precision_score": 0.8536770643951306}, "found_clusters": 4, "expected_clusters": 4, "time": 3.683}, "gaussian_mixture_model": {"clustering": {"adjusted_mutual_info_score": 0.639560084904781, "adjusted_rand_score": 0.640891065063984, "completeness_score": 0.645061428452195, "fowlkes_mallows_score": 0.7328045266373617, "homogeneity_score": 0.6346162379644247, "v_measure_score": 0.6397962045029769}, "classification": {"f1_score": 0.8475797851720919, "hamming_loss": 0.1536, "jaccard_score": 0.7427832966267353, "accuracy_score": 0.8464, "recall_score": 0.8463714137493152, "precision_score": 0.866739715818982}, "found_clusters": 4, "expected_clusters": 4, "time": 0.034}}, "classification_alg": {"KNeighborsClassifier": {"clustering": {"adjusted_mutual_info_score": 0.5979527889182837, "adjusted_rand_score": 0.6188011571471217, "completeness_score": 0.600450011001118, "fowlkes_mallows_score": 0.714902570458017, "homogeneity_score": 0.5980923516996425, "v_measure_score": 0.5992688624680634}, "classification": {"f1_score": 0.8445066284442512, "hamming_loss": 0.16, "jaccard_score": 0.7354150214435273, "accuracy_score": 0.84, "recall_score": 0.8427399956660184, "precision_score": 0.8482549541555752}, "time": 0.03}, "DecisionTreeClassifier": {"clustering": {"adjusted_mutual_info_score": 0.5147260373177522, "adjusted_rand_score": 0.5398616703877069, "completeness_score": 0.5164767905232507, "fowlkes_mallows_score": 0.6553303033854517, "homogeneity_score": 0.5161470501618922, "v_measure_score": 0.5163118676957597}, "classification": {"f1_score": 0.8034428605166298, "hamming_loss": 0.201, "jaccard_score": 0.6773969157596127, "accuracy_score": 0.799, "recall_score": 0.8029995211528602, "precision_score": 0.8039755204271308}, "time": 0.008}, "RandomForestClassifier": {"clustering": {"adjusted_mutual_info_score": 0.5793319506988069, "adjusted_rand_score": 0.6032063835987473, "completeness_score": 0.5811115088359844, "fowlkes_mallows_score": 0.7028823377659316, "homogeneity_score": 0.5803034250791403, "v_measure_score": 0.5807071858352266}, "classification": {"f1_score": 0.8367663148301824, "hamming_loss": 0.168, "jaccard_score": 0.7249396249818015, "accuracy_score": 0.832, "recall_score": 0.835574229872402, "precision_score": 0.8384441299542347}, "time": 0.455}, "LinearSVC": {"clustering": {"adjusted_mutual_info_score": 0.6274841531912345, "adjusted_rand_score": 0.6337994137156505, "completeness_score": 0.6302016535686048, "fowlkes_mallows_score": 0.7262219295336506, "homogeneity_score": 0.6272135869498084, "v_measure_score": 0.628704069903751}, "classification": {"f1_score": 0.8512927891791213, "hamming_loss": 0.154, "jaccard_score": 0.7464081338879822, "accuracy_score": 0.846, "recall_score": 0.8484014181672453, "precision_score": 0.8565563331188331}, "time": 0.079}, "LogisticRegression": {"clustering": {"adjusted_mutual_info_score": 0.6252928333300442, "adjusted_rand_score": 0.6464990883098539, "completeness_score": 0.6269088356188298, "fowlkes_mallows_score": 0.735282068282793, "homogeneity_score": 0.6261271006717808,