{"clustering_alg": {"affinity_propagation": {"clustering": {"adjusted_mutual_info_score": 3.844222728112696e-18, "adjusted_rand_score": 0.0, "completeness_score": 1.0, "fowlkes_mallows_score": 0.4992687345200671, "homogeneity_score": 1.6017594699270077e-16, "v_measure_score": 3.203518939854015e-16}, "classification": {"f1_score": 0.0, "hamming_loss": 1.0, "jaccard_score": 0.0, "accuracy_score": 0.0, "recall_score": 0.0, "precision_score": 0.0}, "found_clusters": 1, "expected_clusters": 4, "time": 6.8292}, "agglomerative": {"clustering": {"adjusted_mutual_info_score": 0.5782934927539628, "adjusted_rand_score": 0.46080732105893174, "completeness_score": 0.6012156029772808, "fowlkes_mallows_score": 0.6105224735785119, "homogeneity_score": 0.5597058025230783, "v_measure_score": 0.5797185924205811}, "classification": {"f1_score": 0.7496312226505839, "hamming_loss": 0.253, "jaccard_score": 0.6057756648276484, "accuracy_score": 0.747, "recall_score": 0.7484638998915217, "precision_score": 0.8205236936028806}, "found_clusters": 4, "expected_clusters": 4, "time": 0.056}, "birch": {"clustering": {"adjusted_mutual_info_score": 0.555827007392342, "adjusted_rand_score": 0.5129534560274295, "completeness_score": 0.6387967908458142, "fowlkes_mallows_score": 0.6647983264078144, "homogeneity_score": 0.4936401308726325, "v_measure_score": 0.5569153131383789}, "classification": {"f1_score": 0.17415149791137158, "hamming_loss": 0.769, "jaccard_score": 0.11616706947314061, "accuracy_score": 0.231, "recall_score": 0.23164783284753898, "precision_score": 0.14153546890369256}, "found_clusters": 3, "expected_clusters": 4, "time": 0.028}, "dbscan": {"clustering": {"adjusted_mutual_info_score": 0.008149402430761463, "adjusted_rand_score": 0.00020412518892657858, "completeness_score": 0.13521928774557138, "fowlkes_mallows_score": 0.494449223823415, "homogeneity_score": 0.005462552764690517, "v_measure_score": 0.010500893241586132}, "classification": {"f1_score": 0.07780468119451171, "hamming_loss": 0.759, "jaccard_score": 0.04829659318637274, "accuracy_score": 0.241, "recall_score": 0.19357429718875502, "precision_score": 0.04868686868686869}, "found_clusters": 2, "expected_clusters": 4, "time": 0.018}, "k_means": {"clustering": {"adjusted_mutual_info_score": 0.6497588335139549, "adjusted_rand_score": 0.5873113809035487, "completeness_score": 0.6592952617651697, "fowlkes_mallows_score": 0.6942054839946884, "homogeneity_score": 0.6427459573591459, "v_measure_score": 0.6509154364415605}, "classification": {"f1_score": 0.8096463033964503, "hamming_loss": 0.191, "jaccard_score": 0.688865297406626, "accuracy_score": 0.809, "recall_score": 0.8093010155778628, "precision_score": 0.8388053033512441}, "found_clusters": 4, "expected_clusters": 4, "time": 0.048}, "mini_batch_k_means": {"clustering": {"adjusted_mutual_info_score": 0.5288561998403702, "adjusted_rand_score": 0.4352672766392143, "completeness_score": 0.5351929606478728, "fowlkes_mallows_score": 0.5796623121407296, "homogeneity_score": 0.5257041752742954, "v_measure_score": 0.5304061335700309}, "classification": {"f1_score": 0.6714441358074619, "hamming_loss": 0.324, "jaccard_score": 0.514608694787954, "accuracy_score": 0.676, "recall_score": 0.6764866108271073, "precision_score": 0.684144832465728}, "found_clusters": 4, "expected_clusters": 4, "time": 0.021}, "mean_shift": {"clustering": {"adjusted_mutual_info_score": 3.844222728112696e-18, "adjusted_rand_score": 0.0, "completeness_score": 1.0, "fowlkes_mallows_score": 0.4992687345200671, "homogeneity_score": 1.6017594699270077e-16, "v_measure_score": 3.203518939854015e-16}, "classification": {"f1_score": 0.09967974379503602, "hamming_loss": 0.751, "jaccard_score": 0.06225, "accuracy_score": 0.249, "recall_score": 0.25, "precision_score": 0.06225}, "found_clusters": 1, "expected_clusters": 4, "time": 6.462}, "optics": {"clustering": {"adjusted_mutual_info_score": 0.2743137647355395, "adjusted_rand_score": 0.034989802381778096, "completeness_score": 0.23396889839751348, "fowlkes_mallows_score": 0.26583501397060716, "homogeneity_score": 0.485098329336216, "v_measure_score": 0.3156809748845818}, "classification": {"f1_score": 0.0006767044493317544, "hamming_loss": 0.994, "jaccard_score": 0.00034644032565390613, "accuracy_score": 0.006, "recall_score": 0.00034644032565390613, "precision_score": 0.014492753623188406}, "found_clusters": 69, "expected_clusters": 4, "time": 0.7491}, "spectral_clustering": {"clustering": {"adjusted_mutual_info_score": 0.6244479285627127, "adjusted_rand_score": 0.548307701475993, "completeness_score": 0.6374447388395378, "fowlkes_mallows_score": 0.6674630211289857, "homogeneity_score": 0.6143711251386471, "v_measure_score": 0.625695284240914}, "classification": {"f1_score": 0.7852600691341161, "hamming_loss": 0.214, "jaccard_score": 0.6565649349009204, "accuracy_score": 0.786, "recall_score": 0.7863927847457103, "precision_score": 0.8230257809420576}, "found_clusters": 4, "expected_clusters": 4, "time": 0.2551}, "gaussian_mixture_model": {"clustering": {"adjusted_mutual_info_score": 0.7604870817422512, "adjusted_rand_score": 0.752322669169516, "completeness_score": 0.7635077532466789, "fowlkes_mallows_score": 0.814596321326326, "homogeneity_score": 0.7590457179408509, "v_measure_score": 0.7612701973146676}, "classification": {"f1_score": 0.8926852428347886, "hamming_loss": 0.107, "jaccard_score": 0.8126568788593935, "accuracy_score": 0.893, "recall_score": 0.89300874270134, "precision_score": 0.8997256091516486}, "found_clusters": 4, "expected_clusters": 4, "time": 0.017}}, "classification_alg": {"KNeighborsClassifier": {"clustering": {"adjusted_mutual_info_score": 0.7101125720543997, "adjusted_rand_score": 0.7230668614913279, "completeness_score": 0.7201053124493627, "fowlkes_mallows_score": 0.7932444509324588, "homogeneity_score": 0.7099150355118703, "v_measure_score": 0.7149738661951327}, "classification": {"f1_score": 0.8910119811724433, "hamming_loss": 0.11, "jaccard_score": 0.8047492089534747, "accuracy_score": 0.89, "recall_score": 0.8857492997198879, "precision_score": 0.9042046109595898}, "time": 0.008}, "DecisionTreeClassifier": {"clustering": {"adjusted_mutual_info_score": 0.6085313201279978, "adjusted_rand_score": 0.5879691842946131, "completeness_score": 0.6144622076040182, "fowlkes_mallows_score": 0.6898398064795008, "homogeneity_score": 0.6156102515844784, "v_measure_score": 0.6150356938514263}, "classification": {"f1_score": 0.8178712309895513, "hamming_loss": 0.185, "jaccard_score": 0.7018696185208416, "accuracy_score": 0.815, "recall_score": 0.8194794584500468, "precision_score": 0.8181185823385958}, "time": 0.001}, "RandomForestClassifier": {"clustering": {"adjusted_mutual_info_score": 0.7214372981061358, "adjusted_rand_score": 0.7357512952671497, "completeness_score": 0.7290765080387476, "fowlkes_mallows_score": 0.8020563364413675, "homogeneity_score": 0.7231329211772218, "v_measure_score": 0.7260925516843494}, "classification": {"f1_score": 0.8963873428159143, "hamming_loss": 0.105, "jaccard_score": 0.81397375280354, "accuracy_score": 0.895, "recall_score": 0.8927929505135387, "precision_score": 0.9043521062271063}, "time": 0.157}, "LinearSVC": {"clustering": {"adjusted_mutual_info_score": 0.641363720755689, "adjusted_rand_score": 0.6610847511258114, "completeness_score": 0.6501393461368512, "fowlkes_mallows_score": 0.7460882935561296, "homogeneity_score": 0.6446022900668696, "v_measure_score": 0.6473589782918686}, "classification": {"f1_score": 0.8596316064635259, "hamming_loss": 0.14, "jaccard_score": 0.755199110380302, "accuracy_score": 0.86, "recall_score": 0.8581378384687208, "precision_score": 0.8683874173810615}, "time": 0.01}, "LogisticRegression": {"clustering": {"adjusted_mutual_info_score": 0.6715761685120322, "adjusted_rand_score": 0.6930118791771352, "completeness_score": 0.6783449054133753, "fowlkes_mallows_score": 0.769520558587934, "homogeneity_score": 0.67576196843674, "v_measure_score": 0.677050973469789},