{"clustering_alg": {"affinity_propagation": {"clustering": {"adjusted_mutual_info_score": 9.227103225459843e-18, "adjusted_rand_score": 0.0, "completeness_score": 1.0, "fowlkes_mallows_score": 0.4999429453344831, "homogeneity_score": 6.407710573189471e-16, "v_measure_score": 1.2815421146378934e-15}, "classification": {"f1_score": 0.0, "hamming_loss": 1.0, "jaccard_score": 0.0, "accuracy_score": 0.0, "recall_score": 0.0, "precision_score": 0.0}, "found_clusters": 1, "expected_clusters": 4, "time": 147.2915}, "agglomerative": {"clustering": {"adjusted_mutual_info_score": 0.10900338376027943, "adjusted_rand_score": 0.08780492581739444, "completeness_score": 0.11301943509906276, "fowlkes_mallows_score": 0.3334208690028303, "homogeneity_score": 0.10638141926211224, "v_measure_score": 0.10960000994570503}, "classification": {"f1_score": 0.44983830538991176, "hamming_loss": 0.5444, "jaccard_score": 0.29151488580139073, "accuracy_score": 0.4556, "recall_score": 0.4533008866973198, "precision_score": 0.4841158110413009}, "found_clusters": 4, "expected_clusters": 4, "time": 0.7051}, "birch": {"clustering": {"adjusted_mutual_info_score": 0.06601983118695508, "adjusted_rand_score": 0.06124560588538725, "completeness_score": 0.10114301942736606, "fowlkes_mallows_score": 0.4028869936609509, "homogeneity_score": 0.049303181005347016, "v_measure_score": 0.06629177180828895}, "classification": {"f1_score": 0.09650842649605643, "hamming_loss": 0.8502, "jaccard_score": 0.0541003477853733, "accuracy_score": 0.1498, "recall_score": 0.152757303083174, "precision_score": 0.07128138900989317}, "found_clusters": 2, "expected_clusters": 4, "time": 0.085}, "dbscan": {"clustering": {"adjusted_mutual_info_score": 9.227103225459843e-18, "adjusted_rand_score": 0.0, "completeness_score": 1.0, "fowlkes_mallows_score": 0.4999429453344831, "homogeneity_score": 6.407710573189471e-16, "v_measure_score": 1.2815421146378934e-15}, "classification": {"f1_score": 0.0982645026514543, "hamming_loss": 0.7554, "jaccard_score": 0.06115, "accuracy_score": 0.2446, "recall_score": 0.25, "precision_score": 0.06115}, "found_clusters": 1, "expected_clusters": 4, "time": 0.2337}, "k_means": {"clustering": {"adjusted_mutual_info_score": 0.10794459262258166, "adjusted_rand_score": 0.10022581837921853, "completeness_score": 0.10879265412777794, "fowlkes_mallows_score": 0.32661200492511483, "homogeneity_score": 0.10826008805211852, "v_measure_score": 0.10852571773117908}, "classification": {"f1_score": 0.45319305308001945, "hamming_loss": 0.5462, "jaccard_score": 0.2949102158023115, "accuracy_score": 0.4538, "recall_score": 0.4529321553672079, "precision_score": 0.4558372290666345}, "found_clusters": 4, "expected_clusters": 4, "time": 0.149}, "mini_batch_k_means": {"clustering": {"adjusted_mutual_info_score": 0.10262353916315754, "adjusted_rand_score": 0.09270869152818474, "completeness_score": 0.10345749466851088, "fowlkes_mallows_score": 0.32103874228984225, "homogeneity_score": 0.10295991410920588, "v_measure_score": 0.10320810466615461}, "classification": {"f1_score": 0.41202337859641175, "hamming_loss": 0.5844, "jaccard_score": 0.26123626705478714, "accuracy_score": 0.4156, "recall_score": 0.4148161840891334, "precision_score": 0.4115157940371544}, "found_clusters": 4, "expected_clusters": 4, "time": 0.028}, "mean_shift": {"clustering": {"adjusted_mutual_info_score": 9.227103225459843e-18, "adjusted_rand_score": 0.0, "completeness_score": 1.0, "fowlkes_mallows_score": 0.4999429453344831, "homogeneity_score": 6.407710573189471e-16, "v_measure_score": 1.2815421146378934e-15}, "classification": {"f1_score": 0.0982645026514543, "hamming_loss": 0.7554, "jaccard_score": 0.06115, "accuracy_score": 0.2446, "recall_score": 0.25, "precision_score": 0.06115}, "found_clusters": 1, "expected_clusters": 4, "time": 42.8347}, "optics": {"clustering": {"adjusted_mutual_info_score": 0.05869678085017985, "adjusted_rand_score": 0.0007077366703870102, "completeness_score": 0.0699164653596143, "fowlkes_mallows_score": 0.24611380067100785, "homogeneity_score": 0.18101633767801537, "v_measure_score": 0.10087180591444092}, "classification": {"f1_score": 2.5393231629724372e-05, "hamming_loss": 0.999, "jaccard_score": 1.2722948348724904e-05, "accuracy_score": 0.001, "recall_score": 1.275608413617853e-05, "precision_score": 0.0028117913832199546}, "found_clusters": 315, "expected_clusters": 4, "time": 4.2796}, "spectral_clustering": {"clustering": {"adjusted_mutual_info_score": 0.09995085541103191, "adjusted_rand_score": 0.07037400877845035, "completeness_score": 0.10581609080170581, "fowlkes_mallows_score": 0.3301889621681111, "homogeneity_score": 0.09581038119958357, "v_measure_score": 0.10056496943215223}, "classification": {"f1_score": 0.3834883211258615, "hamming_loss": 0.6018, "jaccard_score": 0.23905937381647857, "accuracy_score": 0.3982, "recall_score": 0.39551683160249174, "precision_score": 0.43114834839071403}, "found_clusters": 4, "expected_clusters": 4, "time": 3.1912}, "gaussian_mixture_model": {"clustering": {"adjusted_mutual_info_score": 0.10632456899087103, "adjusted_rand_score": 0.09803348080742272, "completeness_score": 0.10740842464037806, "fowlkes_mallows_score": 0.3263011669781623, "homogeneity_score": 0.10641229001601138, "v_measure_score": 0.10690803696323041}, "classification": {"f1_score": 0.44985667262000095, "hamming_loss": 0.5486, "jaccard_score": 0.2922223244544318, "accuracy_score": 0.4514, "recall_score": 0.4503246569062286, "precision_score": 0.4543860023747451}, "found_clusters": 4, "expected_clusters": 4, "time": 0.027}}, "classification_alg": {"KNeighborsClassifier": {"clustering": {"adjusted_mutual_info_score": 0.0781340694650562, "adjusted_rand_score": 0.07507455243933693, "completeness_score": 0.08184567916339337, "fowlkes_mallows_score": 0.31182724478782964, "homogeneity_score": 0.08050356332793134, "v_measure_score": 0.08116907371464786}, "classification": {"f1_score": 0.4203163082582817, "hamming_loss": 0.576, "jaccard_score": 0.2702828773933775, "accuracy_score": 0.424, "recall_score": 0.42679235377897495, "precision_score": 0.42700899701550177}, "time": 0.029}, "DecisionTreeClassifier": {"clustering": {"adjusted_mutual_info_score": 0.06334501011672838, "adjusted_rand_score": 0.06271494920132137, "completeness_score": 0.06635717874468326, "fowlkes_mallows_score": 0.2968370323295756, "homogeneity_score": 0.06644430465473415, "v_measure_score": 0.06640071311974105}, "classification": {"f1_score": 0.4084077858492592, "hamming_loss": 0.591, "jaccard_score": 0.2588476428587599, "accuracy_score": 0.409, "recall_score": 0.4082314611730004, "precision_score": 0.40967544444820414}, "time": 0.01}, "RandomForestClassifier": {"clustering": {"adjusted_mutual_info_score": 0.0868422165256304, "adjusted_rand_score": 0.08575218568150185, "completeness_score": 0.0898184588346509, "fowlkes_mallows_score": 0.3145063227127564, "homogeneity_score": 0.0898277616633216, "v_measure_score": 0.08982311000811667}, "classification": {"f1_score": 0.4468532538148119, "hamming_loss": 0.554, "jaccard_score": 0.2903221429614434, "accuracy_score": 0.446, "recall_score": 0.445991044454066, "precision_score": 0.4496966696945153}, "time": 0.459}, "LinearSVC": {"clustering": {"adjusted_mutual_info_score": 0.12655383086252006, "adjusted_rand_score": 0.13456681613361826, "completeness_score": 0.1305460910899559, "fowlkes_mallows_score": 0.3558895676468061, "homogeneity_score": 0.12833353933051583, "v_measure_score": 0.12943036026532528}, "classification": {"f1_score": 0.46924653092985646, "hamming_loss": 0.519, "jaccard_score": 0.31366107072637917, "accuracy_score": 0.481, "recall_score": 0.4820966848653013, "precision_score": 0.46835263950056816}, "time": 0.02}, "LogisticRegression": {"clustering": {"adjusted_mutual_info_score": 0.12336425532001777, "adjusted_rand_score": 0.12477965502419554, "completeness_score": 0.12634100977391047, "fowlkes_mallows_score": 0.3443343897773517, "homogeneity_score": 0.12611656939731433,