{"clustering_alg": {"affinity_propagation": {"clustering": {"adjusted_mutual_info_score": 6.34316958419771e-16, "adjusted_rand_score": 0.0, "completeness_score": 1.0, "fowlkes_mallows_score": 0.4992907883100702, "homogeneity_score": 1.6018105010593071e-16, "v_measure_score": 3.203621002118614e-16}, "classification": {"f1_score": 0.0, "hamming_loss": 1.0, "jaccard_score": 0.0, "accuracy_score": 0.0, "recall_score": 0.0, "precision_score": 0.0}, "found_clusters": 1, "expected_clusters": 4, "time": 6.7831}, "agglomerative": {"clustering": {"adjusted_mutual_info_score": 0.6158979765955064, "adjusted_rand_score": 0.598874945251144, "completeness_score": 0.6227323414055825, "fowlkes_mallows_score": 0.7016069850154134, "homogeneity_score": 0.611689636915298, "v_measure_score": 0.6171615970868214}, "classification": {"f1_score": 0.8272739329649139, "hamming_loss": 0.174, "jaccard_score": 0.7079884058030114, "accuracy_score": 0.826, "recall_score": 0.8249244666841233, "precision_score": 0.8462633398585571}, "found_clusters": 4, "expected_clusters": 4, "time": 0.044}, "birch": {"clustering": {"adjusted_mutual_info_score": 0.3385440634901462, "adjusted_rand_score": 0.259830619543958, "completeness_score": 0.4305014425615759, "fowlkes_mallows_score": 0.5138127753453642, "homogeneity_score": 0.2813332141976995, "v_measure_score": 0.3402878839981861}, "classification": {"f1_score": 0.26807126746438226, "hamming_loss": 0.715, "jaccard_score": 0.17520567047252977, "accuracy_score": 0.285, "recall_score": 0.2837510315479205, "precision_score": 0.3707940748852929}, "found_clusters": 3, "expected_clusters": 4, "time": 0.024}, "dbscan": {"clustering": {"adjusted_mutual_info_score": 0.013136684611074461, "adjusted_rand_score": 0.00018531380444461036, "completeness_score": 0.23941061085002122, "fowlkes_mallows_score": 0.49544751376955043, "homogeneity_score": 0.008047264112097266, "v_measure_score": 0.01557113845775641}, "classification": {"f1_score": 0.07922392886014551, "hamming_loss": 0.755, "jaccard_score": 0.04939516129032258, "accuracy_score": 0.245, "recall_score": 0.2, "precision_score": 0.04939516129032258}, "found_clusters": 2, "expected_clusters": 4, "time": 0.008}, "k_means": {"clustering": {"adjusted_mutual_info_score": 0.5339347326024554, "adjusted_rand_score": 0.5198210362168757, "completeness_score": 0.5374013940498487, "fowlkes_mallows_score": 0.6407319383203602, "homogeneity_score": 0.5335320033852101, "v_measure_score": 0.5354597084676448}, "classification": {"f1_score": 0.781112712082306, "hamming_loss": 0.219, "jaccard_score": 0.6416014587841031, "accuracy_score": 0.781, "recall_score": 0.7806665787436786, "precision_score": 0.7892378530786889}, "found_clusters": 4, "expected_clusters": 4, "time": 0.045}, "mini_batch_k_means": {"clustering": {"adjusted_mutual_info_score": 0.5244281188577318, "adjusted_rand_score": 0.5056544288281305, "completeness_score": 0.5289394984943241, "fowlkes_mallows_score": 0.6308205765412783, "homogeneity_score": 0.5230679385232005, "v_measure_score": 0.5259873330654273}, "classification": {"f1_score": 0.7740549489175478, "hamming_loss": 0.226, "jaccard_score": 0.6318443610300126, "accuracy_score": 0.774, "recall_score": 0.7736292586363528, "precision_score": 0.7863237502898786}, "found_clusters": 4, "expected_clusters": 4, "time": 0.025}, "mean_shift": {"clustering": {"adjusted_mutual_info_score": 6.34316958419771e-16, "adjusted_rand_score": 0.0, "completeness_score": 1.0, "fowlkes_mallows_score": 0.4992907883100702, "homogeneity_score": 1.6018105010593071e-16, "v_measure_score": 3.203621002118614e-16}, "classification": {"f1_score": 0.09839357429718874, "hamming_loss": 0.755, "jaccard_score": 0.06125, "accuracy_score": 0.245, "recall_score": 0.25, "precision_score": 0.06125}, "found_clusters": 1, "expected_clusters": 4, "time": 8.0825}, "optics": {"clustering": {"adjusted_mutual_info_score": 0.24721454317550667, "adjusted_rand_score": 0.011584387785580184, "completeness_score": 0.22215404612688042, "fowlkes_mallows_score": 0.2806946971460552, "homogeneity_score": 0.4025954234457385, "v_measure_score": 0.2863170170654768}, "classification": {"f1_score": 0.0014532963403355791, "hamming_loss": 0.989, "jaccard_score": 0.0007586206896551724, "accuracy_score": 0.011, "recall_score": 0.0007586206896551724, "precision_score": 0.017241379310344827}, "found_clusters": 58, "expected_clusters": 4, "time": 0.591}, "spectral_clustering": {"clustering": {"adjusted_mutual_info_score": 0.5729799948146742, "adjusted_rand_score": 0.5536814613695288, "completeness_score": 0.5776017903351937, "fowlkes_mallows_score": 0.6667234790299825, "homogeneity_score": 0.5711939825682939, "v_measure_score": 0.5743800155640951}, "classification": {"f1_score": 0.7990636046335278, "hamming_loss": 0.201, "jaccard_score": 0.6663544772658379, "accuracy_score": 0.799, "recall_score": 0.798300429008696, "precision_score": 0.8109492006331113}, "found_clusters": 4, "expected_clusters": 4, "time": 0.265}, "gaussian_mixture_model": {"clustering": {"adjusted_mutual_info_score": 0.78535404566862, "adjusted_rand_score": 0.8188080430854129, "completeness_score": 0.786314789224385, "fowlkes_mallows_score": 0.8640192967202227, "homogeneity_score": 0.7857934142893601, "v_measure_score": 0.78605401530232}, "classification": {"f1_score": 0.9281889371994727, "hamming_loss": 0.072, "jaccard_score": 0.8669948951675874, "accuracy_score": 0.928, "recall_score": 0.928446773407735, "precision_score": 0.9293275121359591}, "found_clusters": 4, "expected_clusters": 4, "time": 0.016}}, "classification_alg": {"KNeighborsClassifier": {"clustering": {"adjusted_mutual_info_score": 0.7519425949585867, "adjusted_rand_score": 0.785408937720596, "completeness_score": 0.7565607790092609, "fowlkes_mallows_score": 0.838389357055694, "homogeneity_score": 0.7555636173664807, "v_measure_score": 0.7560618694016465}, "classification": {"f1_score": 0.915216247587803, "hamming_loss": 0.085, "jaccard_score": 0.8449082781841403, "accuracy_score": 0.915, "recall_score": 0.9151121794871795, "precision_score": 0.9169789928550037}, "time": 0.006}, "DecisionTreeClassifier": {"clustering": {"adjusted_mutual_info_score": 0.7227635479617153, "adjusted_rand_score": 0.7457542113969748, "completeness_score": 0.7273379573561549, "fowlkes_mallows_score": 0.808402165923888, "homogeneity_score": 0.7273894130950042, "v_measure_score": 0.7273636843155489}, "classification": {"f1_score": 0.8944591946811087, "hamming_loss": 0.105, "jaccard_score": 0.8130044524441077, "accuracy_score": 0.895, "recall_score": 0.895128205128205, "precision_score": 0.8944117647058824}, "time": 0.001}, "RandomForestClassifier": {"clustering": {"adjusted_mutual_info_score": 0.7520088390292716, "adjusted_rand_score": 0.7735217950941456, "completeness_score": 0.7568562908407871, "fowlkes_mallows_score": 0.8294896535029138, "homogeneity_score": 0.7554019317483741, "v_measure_score": 0.7561284119562209}, "classification": {"f1_score": 0.9105125206600874, "hamming_loss": 0.09, "jaccard_score": 0.8370766811804548, "accuracy_score": 0.91, "recall_score": 0.9103044871794872, "precision_score": 0.9139398821508251}, "time": 0.158}, "LinearSVC": {"clustering": {"adjusted_mutual_info_score": 0.6668882031059041, "adjusted_rand_score": 0.6870171690294118, "completeness_score": 0.6726880119285412, "fowlkes_mallows_score": 0.7642330898097238, "homogeneity_score": 0.6721487011720549, "v_measure_score": 0.6724182484122284}, "classification": {"f1_score": 0.8697040377114634, "hamming_loss": 0.13, "jaccard_score": 0.7701401492236338, "accuracy_score": 0.87, "recall_score": 0.8699198717948717, "precision_score": 0.8713383109917154}, "time": 0.013}, "LogisticRegression": {"clustering": {"adjusted_mutual_info_score": 0.6969932735597723, "adjusted_rand_score": 0.7295171200545784, "completeness_score": 0.7019961810207722, "fowlkes_mallows_score": 0.7961660080138391, "homogeneity_score": 0.7020458439481616, "v_measure_score": 0.7020210116061433},