{"clustering_alg": {"affinity_propagation": {"clustering": {"adjusted_mutual_info_score": 0.3111125125402065, "adjusted_rand_score": 0.028698391297580544, "completeness_score": 0.20535155295337987, "fowlkes_mallows_score": 0.12893273022295013, "homogeneity_score": 0.7377659458929893, "v_measure_score": 0.3212778532697413}, "classification": {"f1_score": 0.0003923007655350531, "hamming_loss": 0.9934, "jaccard_score": 0.00020083316975368502, "accuracy_score": 0.0066, "recall_score": 0.00020487138369320608, "precision_score": 0.0049261083743842365}, "found_clusters": 151, "expected_clusters": 4, "time": 47.4301}, "agglomerative": {"clustering": {"adjusted_mutual_info_score": 0.5645722706683274, "adjusted_rand_score": 0.547741502595466, "completeness_score": 0.566209856738824, "fowlkes_mallows_score": 0.6633077616980319, "homogeneity_score": 0.563511756819331, "v_measure_score": 0.5648575848600276}, "classification": {"f1_score": 0.7081678935541195, "hamming_loss": 0.2704, "jaccard_score": 0.5810164191260418, "accuracy_score": 0.7296, "recall_score": 0.7176896523572067, "precision_score": 0.7056616821744159}, "found_clusters": 4, "expected_clusters": 4, "time": 1.1172}, "birch": {"clustering": {"adjusted_mutual_info_score": 0.4288254313017208, "adjusted_rand_score": 0.3652657399985125, "completeness_score": 0.563638483006499, "fowlkes_mallows_score": 0.5991726711472575, "homogeneity_score": 0.3464570121225545, "v_measure_score": 0.4291340980916079}, "classification": {"f1_score": 0.05642307016346945, "hamming_loss": 0.9594, "jaccard_score": 0.03113101915134745, "accuracy_score": 0.0406, "recall_score": 0.03951845656238054, "precision_score": 0.16951064871929575}, "found_clusters": 3, "expected_clusters": 4, "time": 0.095}, "dbscan": {"clustering": {"adjusted_mutual_info_score": -2.0354138165044295e-05, "adjusted_rand_score": -1.749667208369815e-05, "completeness_score": 0.13744983015868184, "fowlkes_mallows_score": 0.5038122683937462, "homogeneity_score": 0.00018985650103048787, "v_measure_score": 0.00037918923610570074}, "classification": {"f1_score": 0.06822631491621038, "hamming_loss": 0.7944, "jaccard_score": 0.041128225645129024, "accuracy_score": 0.2056, "recall_score": 0.2, "precision_score": 0.041128225645129024}, "found_clusters": 2, "expected_clusters": 4, "time": 0.344}, "k_means": {"clustering": {"adjusted_mutual_info_score": 0.560747761143506, "adjusted_rand_score": 0.5361574004522693, "completeness_score": 0.5615501803174575, "fowlkes_mallows_score": 0.6543000301592002, "homogeneity_score": 0.560521075307691, "v_measure_score": 0.5610351558919561}, "classification": {"f1_score": 0.7164046073189857, "hamming_loss": 0.2718, "jaccard_score": 0.5841254527025775, "accuracy_score": 0.7282, "recall_score": 0.7178755745342608, "precision_score": 0.7179535494913143}, "found_clusters": 4, "expected_clusters": 4, "time": 0.189}, "mini_batch_k_means": {"clustering": {"adjusted_mutual_info_score": 0.5597023526926894, "adjusted_rand_score": 0.5095211259656084, "completeness_score": 0.57080343202387, "fowlkes_mallows_score": 0.6413144981753085, "homogeneity_score": 0.5495895239097423, "v_measure_score": 0.5599956422265012}, "classification": {"f1_score": 0.5708231434109916, "hamming_loss": 0.3918, "jaccard_score": 0.4610466875591856, "accuracy_score": 0.6082, "recall_score": 0.5707652802799794, "precision_score": 0.5905029886056896}, "found_clusters": 4, "expected_clusters": 4, "time": 0.046}, "mean_shift": {"clustering": {"adjusted_mutual_info_score": 1.4598739902720153e-15, "adjusted_rand_score": 0.0, "completeness_score": 1.0, "fowlkes_mallows_score": 0.5039260146942774, "homogeneity_score": 6.848194766740447e-16, "v_measure_score": 1.3696389533480885e-15}, "classification": {"f1_score": 0.08526874585268746, "hamming_loss": 0.7944, "jaccard_score": 0.0514, "accuracy_score": 0.2056, "recall_score": 0.25, "precision_score": 0.0514}, "found_clusters": 1, "expected_clusters": 4, "time": 121.7032}, "optics": {"clustering": {"adjusted_mutual_info_score": 0.08448202630358966, "adjusted_rand_score": 0.0015498453641778545, "completeness_score": 0.14828279182459486, "fowlkes_mallows_score": 0.4518582389611218, "homogeneity_score": 0.08525833618988658, "v_measure_score": 0.10826653295750414}, "classification": {"f1_score": 0.0001597959848359904, "hamming_loss": 0.9986, "jaccard_score": 8.022345039345152e-05, "accuracy_score": 0.0014, "recall_score": 8.02924451949416e-05, "precision_score": 0.016274864376130196}, "found_clusters": 79, "expected_clusters": 4, "time": 6.8874}, "spectral_clustering": {"clustering": {"adjusted_mutual_info_score": 0.5059865737521086, "adjusted_rand_score": 0.4212575754974797, "completeness_score": 0.5248128981508944, "fowlkes_mallows_score": 0.5817371806006769, "homogeneity_score": 0.4890878120394469, "v_measure_score": 0.5063209632006573}, "classification": {"f1_score": 0.6381736963782838, "hamming_loss": 0.352, "jaccard_score": 0.5010767567890857, "accuracy_score": 0.648, "recall_score": 0.6298071412628901, "precision_score": 0.7097210787523249}, "found_clusters": 4, "expected_clusters": 4, "time": 4.7829}, "gaussian_mixture_model": {"clustering": {"adjusted_mutual_info_score": 0.6527524219841316, "adjusted_rand_score": 0.6365684358131389, "completeness_score": 0.6521829615878222, "fowlkes_mallows_score": 0.728575349535342, "homogeneity_score": 0.653777249095377, "v_measure_score": 0.652979132206034}, "classification": {"f1_score": 0.776862038295482, "hamming_loss": 0.2112, "jaccard_score": 0.6669048015972064, "accuracy_score": 0.7888, "recall_score": 0.7809405806361814, "precision_score": 0.7749234310289345}, "found_clusters": 4, "expected_clusters": 4, "time": 0.043}}, "classification_alg": {"KNeighborsClassifier": {"clustering": {"adjusted_mutual_info_score": 0.6737144456901969, "adjusted_rand_score": 0.6792243864183288, "completeness_score": 0.6742985630515979, "fowlkes_mallows_score": 0.7612633023194268, "homogeneity_score": 0.6752784261210385, "v_measure_score": 0.6747881388705486}, "classification": {"f1_score": 0.8321068118982131, "hamming_loss": 0.159, "jaccard_score": 0.7259445748483697, "accuracy_score": 0.841, "recall_score": 0.8393225497825698, "precision_score": 0.833212046462221}, "time": 0.048}, "DecisionTreeClassifier": {"clustering": {"adjusted_mutual_info_score": 0.5945000338142966, "adjusted_rand_score": 0.6132655978778127, "completeness_score": 0.5957766133291144, "fowlkes_mallows_score": 0.7123284508263075, "homogeneity_score": 0.5958939135481233, "v_measure_score": 0.5958352576654873}, "classification": {"f1_score": 0.7943438289849558, "hamming_loss": 0.195, "jaccard_score": 0.6735916639631405, "accuracy_score": 0.805, "recall_score": 0.7959296796068378, "precision_score": 0.7935178540735544}, "time": 0.0209}, "RandomForestClassifier": {"clustering": {"adjusted_mutual_info_score": 0.7105729007677251, "adjusted_rand_score": 0.7259433432504867, "completeness_score": 0.7106687996498363, "fowlkes_mallows_score": 0.7959428130933154, "homogeneity_score": 0.7123829408079949, "v_measure_score": 0.7115248378420297}, "classification": {"f1_score": 0.8626999805326515, "hamming_loss": 0.13, "jaccard_score": 0.7683994570133965, "accuracy_score": 0.87, "recall_score": 0.8687563439457602, "precision_score": 0.8633255472116791}, "time": 0.682}, "LinearSVC": {"clustering": {"adjusted_mutual_info_score": 0.6020672885440085, "adjusted_rand_score": 0.5930466986289876, "completeness_score": 0.6049134464926441, "fowlkes_mallows_score": 0.6980089894555629, "homogeneity_score": 0.6018565904029878, "v_measure_score": 0.6033811468033156}, "classification": {"f1_score": 0.7285644868339799, "hamming_loss": 0.25, "jaccard_score": 0.6081416593679829, "accuracy_score": 0.75, "recall_score": 0.7350716447318639, "precision_score": 0.724632802490544}, "time": 0.025}, "LogisticRegression": {"clustering": {"adjusted_mutual_info_score": 0.6408531726789581, "adjusted_rand_score": 0.630628077436, "completeness_score": 0.644327244649483,