{"clustering_alg": {"affinity_propagation": {"clustering": {"adjusted_mutual_info_score": 0.33045604249933014, "adjusted_rand_score": 0.028775465288310556, "completeness_score": 0.21766861038719626, "fowlkes_mallows_score": 0.13003859778644863, "homogeneity_score": 0.794225944477987, "v_measure_score": 0.3416918429628566}, "classification": {"f1_score": 0.0006689883508542263, "hamming_loss": 0.985, "jaccard_score": 0.00034484211683445855, "accuracy_score": 0.015, "recall_score": 0.00034665446833284815, "precision_score": 0.010425268373245252}, "found_clusters": 173, "expected_clusters": 4, "time": 57.6679}, "agglomerative": {"clustering": {"adjusted_mutual_info_score": 0.47526266167182585, "adjusted_rand_score": 0.3875091336880667, "completeness_score": 0.48556506677069383, "fowlkes_mallows_score": 0.5490485471563237, "homogeneity_score": 0.46605616468872846, "v_measure_score": 0.4756106426480576}, "classification": {"f1_score": 0.6064999994380808, "hamming_loss": 0.3906, "jaccard_score": 0.45269983930094904, "accuracy_score": 0.6094, "recall_score": 0.609375765541413, "precision_score": 0.6461607812941689}, "found_clusters": 4, "expected_clusters": 4, "time": 1.271}, "birch": {"clustering": {"adjusted_mutual_info_score": 0.36491329669135764, "adjusted_rand_score": 0.1989717473728442, "completeness_score": 0.4939165489857373, "fowlkes_mallows_score": 0.5061735091817243, "homogeneity_score": 0.2897781943015616, "v_measure_score": 0.365260190722694}, "classification": {"f1_score": 0.28228235010197567, "hamming_loss": 0.6726, "jaccard_score": 0.21837111860685418, "accuracy_score": 0.3274, "recall_score": 0.3275711161839759, "precision_score": 0.28850217259621846}, "found_clusters": 3, "expected_clusters": 4, "time": 0.916}, "dbscan": {"clustering": {"adjusted_mutual_info_score": 0.15942945462474598, "adjusted_rand_score": 0.011594079942867392, "completeness_score": 0.18614852360130882, "fowlkes_mallows_score": 0.40259737410790836, "homogeneity_score": 0.1724492065600873, "v_measure_score": 0.17903719124451478}, "classification": {"f1_score": 0.0006407918613413762, "hamming_loss": 0.9924, "jaccard_score": 0.00032303476665173524, "accuracy_score": 0.0076, "recall_score": 0.0003454256874220903, "precision_score": 0.02633534714230917}, "found_clusters": 88, "expected_clusters": 4, "time": 0.0689}, "k_means": {"clustering": {"adjusted_mutual_info_score": 0.3725970145604111, "adjusted_rand_score": 0.3214515294585416, "completeness_score": 0.3743890699199202, "fowlkes_mallows_score": 0.49272137762310997, "homogeneity_score": 0.371633480860266, "v_measure_score": 0.3730061862201627}, "classification": {"f1_score": 0.6141314537455388, "hamming_loss": 0.3986, "jaccard_score": 0.4703771171248168, "accuracy_score": 0.6014, "recall_score": 0.6014621425936174, "precision_score": 0.6332960018168436}, "found_clusters": 4, "expected_clusters": 4, "time": 0.186}, "mini_batch_k_means": {"clustering": {"adjusted_mutual_info_score": 0.38209609825376767, "adjusted_rand_score": 0.36189581193740417, "completeness_score": 0.38297326878671306, "fowlkes_mallows_score": 0.5218763451611288, "homogeneity_score": 0.38202407916620684, "v_measure_score": 0.38249808511106187}, "classification": {"f1_score": 0.6754043744645274, "hamming_loss": 0.3284, "jaccard_score": 0.523915108278081, "accuracy_score": 0.6716, "recall_score": 0.6716466534464737, "precision_score": 0.6816602464280248}, "found_clusters": 4, "expected_clusters": 4, "time": 0.039}, "mean_shift": {"clustering": {"adjusted_mutual_info_score": 6.417106195007704e-16, "adjusted_rand_score": 0.0, "completeness_score": 1.0, "fowlkes_mallows_score": 0.49985018759825267, "homogeneity_score": 9.610282839862931e-16, "v_measure_score": 1.9220565679725846e-15}, "classification": {"f1_score": 0.10006398976163813, "hamming_loss": 0.7498, "jaccard_score": 0.06255, "accuracy_score": 0.2502, "recall_score": 0.25, "precision_score": 0.06255}, "found_clusters": 1, "expected_clusters": 4, "time": 43.5802}, "optics": {"clustering": {"adjusted_mutual_info_score": 0.11790884712722413, "adjusted_rand_score": 0.0007822543520992878, "completeness_score": 0.1713794954742695, "fowlkes_mallows_score": 0.4339829318521584, "homogeneity_score": 0.12195745932471119, "v_measure_score": 0.1425051123389202}, "classification": {"f1_score": 0.00010289653753151208, "hamming_loss": 0.9988, "jaccard_score": 5.1695616211745244e-05, "accuracy_score": 0.0012, "recall_score": 5.1695616211745244e-05, "precision_score": 0.010752688172043012}, "found_clusters": 93, "expected_clusters": 4, "time": 5.3019}, "spectral_clustering": {"clustering": {"adjusted_mutual_info_score": 0.3083081325341658, "adjusted_rand_score": 0.1513757071241246, "completeness_score": 0.44488772111984465, "fowlkes_mallows_score": 0.48593174104119113, "homogeneity_score": 0.23661391444950233, "v_measure_score": 0.30892552472524026}, "classification": {"f1_score": 0.41352202552618766, "hamming_loss": 0.5148, "jaccard_score": 0.2977798511427356, "accuracy_score": 0.4852, "recall_score": 0.48495578537170264, "precision_score": 0.5385603508170137}, "found_clusters": 4, "expected_clusters": 4, "time": 5.6974}, "gaussian_mixture_model": {"clustering": {"adjusted_mutual_info_score": 0.9020723907013479, "adjusted_rand_score": 0.9343207279491464, "completeness_score": 0.9021534540618265, "fowlkes_mallows_score": 0.9507315868297188, "homogeneity_score": 0.9021185884166466, "v_measure_score": 0.9021360209023657}, "classification": {"f1_score": 0.9747748465969324, "hamming_loss": 0.0252, "jaccard_score": 0.9510307920627549, "accuracy_score": 0.9748, "recall_score": 0.9748047854024472, "precision_score": 0.9747953088495782}, "found_clusters": 4, "expected_clusters": 4, "time": 0.139}}, "classification_alg": {"KNeighborsClassifier": {"clustering": {"adjusted_mutual_info_score": 0.737497413767236, "adjusted_rand_score": 0.7775227059284654, "completeness_score": 0.7399726117101866, "fowlkes_mallows_score": 0.8334170244700292, "homogeneity_score": 0.7367456052763134, "v_measure_score": 0.7383555825766587}, "classification": {"f1_score": 0.9092556948460383, "hamming_loss": 0.09, "jaccard_score": 0.8351361868453799, "accuracy_score": 0.91, "recall_score": 0.9085277134994889, "precision_score": 0.9128971460201618}, "time": 0.037}, "DecisionTreeClassifier": {"clustering": {"adjusted_mutual_info_score": 0.6332030426960251, "adjusted_rand_score": 0.6766265176557889, "completeness_score": 0.6347970625025287, "fowlkes_mallows_score": 0.7575109170310584, "homogeneity_score": 0.6340039366577531, "v_measure_score": 0.6344002516891769}, "classification": {"f1_score": 0.8635663263098463, "hamming_loss": 0.136, "jaccard_score": 0.7628599096222013, "accuracy_score": 0.864, "recall_score": 0.8631918586691528, "precision_score": 0.864336317629967}, "time": 0.017}, "RandomForestClassifier": {"clustering": {"adjusted_mutual_info_score": 0.7364797052819976, "adjusted_rand_score": 0.7768801163534758, "completeness_score": 0.7387976866886397, "fowlkes_mallows_score": 0.832904210124915, "homogeneity_score": 0.7358900696805905, "v_measure_score": 0.7373410117348771}, "classification": {"f1_score": 0.909453528670794, "hamming_loss": 0.09, "jaccard_score": 0.8351457232981221, "accuracy_score": 0.91, "recall_score": 0.90853342070248, "precision_score": 0.9127718066249203}, "time": 0.6191}, "LinearSVC": {"clustering": {"adjusted_mutual_info_score": 0.5027566099134193, "adjusted_rand_score": 0.5230654929015177, "completeness_score": 0.5046666007431232, "fowlkes_mallows_score": 0.6423459591300715, "homogeneity_score": 0.504092716583373, "v_measure_score": 0.5043794954216189}, "classification": {"f1_score": 0.7744513047621233, "hamming_loss": 0.223, "jaccard_score": 0.6403139938992878, "accuracy_score": 0.777, "recall_score": 0.7768992731466581, "precision_score": 0.7734148821610572}, "time": 0.221}, "LogisticRegression": {"clustering": {"adjusted_mutual_info_score": 0.5088392405046848, "adjusted_rand_score": 0.5325304217792757,