{"clustering_alg": {"affinity_propagation": {"clustering": {"adjusted_mutual_info_score": 0.3986710215521371, "adjusted_rand_score": 0.0838079522074717, "completeness_score": 0.28293450062780695, "fowlkes_mallows_score": 0.22456486843500992, "homogeneity_score": 0.802998908602243, "v_measure_score": 0.4184346724743215}, "classification": {"f1_score": 0.0025684352821899285, "hamming_loss": 0.981, "jaccard_score": 0.0013818181818181818, "accuracy_score": 0.019, "recall_score": 0.0013818181818181818, "precision_score": 0.01818181818181818}, "found_clusters": 55, "expected_clusters": 4, "time": 1.8854}, "agglomerative": {"clustering": {"adjusted_mutual_info_score": 0.6765494735565113, "adjusted_rand_score": 0.6833107254501907, "completeness_score": 0.6816386721396552, "fowlkes_mallows_score": 0.763686205000777, "homogeneity_score": 0.6736291369520538, "v_measure_score": 0.6776102366576736}, "classification": {"f1_score": 0.8735669299080417, "hamming_loss": 0.129, "jaccard_score": 0.7777181941243922, "accuracy_score": 0.871, "recall_score": 0.870945297916361, "precision_score": 0.8884766476074949}, "found_clusters": 4, "expected_clusters": 4, "time": 0.044}, "birch": {"clustering": {"adjusted_mutual_info_score": 0.5617024974939637, "adjusted_rand_score": 0.5126658149305766, "completeness_score": 0.6439690510654229, "fowlkes_mallows_score": 0.6634976382113857, "homogeneity_score": 0.49976199840440233, "v_measure_score": 0.5627743690620741}, "classification": {"f1_score": 0.06896085692342843, "hamming_loss": 0.925, "jaccard_score": 0.039591294299660365, "accuracy_score": 0.075, "recall_score": 0.07586652579963546, "precision_score": 0.06329642430836693}, "found_clusters": 3, "expected_clusters": 4, "time": 0.103}, "dbscan": {"clustering": {"adjusted_mutual_info_score": 0.009213936403487317, "adjusted_rand_score": 0.00012153746058742722, "completeness_score": 0.22826563751352452, "fowlkes_mallows_score": 0.49636438038044506, "homogeneity_score": 0.0060394694694786335, "v_measure_score": 0.011767591124627207}, "classification": {"f1_score": 0.0, "hamming_loss": 1.0, "jaccard_score": 0.0, "accuracy_score": 0.0, "recall_score": 0.0, "precision_score": 0.0}, "found_clusters": 2, "expected_clusters": 4, "time": 0.009}, "k_means": {"clustering": {"adjusted_mutual_info_score": 0.5420297662682599, "adjusted_rand_score": 0.5636566878971786, "completeness_score": 0.5443387363649981, "fowlkes_mallows_score": 0.6728765619000201, "homogeneity_score": 0.5427135852699797, "v_measure_score": 0.5435249460111594}, "classification": {"f1_score": 0.8063510770714908, "hamming_loss": 0.193, "jaccard_score": 0.6760916993561435, "accuracy_score": 0.807, "recall_score": 0.8071607783889185, "precision_score": 0.8091089567529806}, "found_clusters": 4, "expected_clusters": 4, "time": 0.069}, "mini_batch_k_means": {"clustering": {"adjusted_mutual_info_score": 0.48119736324757567, "adjusted_rand_score": 0.46099421627483406, "completeness_score": 0.4909874858840394, "fowlkes_mallows_score": 0.601407393165438, "homogeneity_score": 0.47510791782127354, "v_measure_score": 0.48291719679027195}, "classification": {"f1_score": 0.7423370520228405, "hamming_loss": 0.252, "jaccard_score": 0.5933478613550031, "accuracy_score": 0.748, "recall_score": 0.7487276126520203, "precision_score": 0.7739225134670684}, "found_clusters": 4, "expected_clusters": 4, "time": 0.031}, "mean_shift": {"clustering": {"adjusted_mutual_info_score": -6.3941686731241905e-16, "adjusted_rand_score": 0.0, "completeness_score": 1.0, "fowlkes_mallows_score": 0.49926271968099445, "homogeneity_score": 0.0, "v_measure_score": 0.0}, "classification": {"f1_score": 0.1003197442046363, "hamming_loss": 0.749, "jaccard_score": 0.06275, "accuracy_score": 0.251, "recall_score": 0.25, "precision_score": 0.06275}, "found_clusters": 1, "expected_clusters": 4, "time": 7.6833}, "optics": {"clustering": {"adjusted_mutual_info_score": 0.1585100774482456, "adjusted_rand_score": 0.003555890820543783, "completeness_score": 0.22797751304459327, "fowlkes_mallows_score": 0.41828674860842835, "homogeneity_score": 0.15805709539779053, "v_measure_score": 0.18668514552740345}, "classification": {"f1_score": 0.0023592854735422987, "hamming_loss": 0.993, "jaccard_score": 0.0012125411397886714, "accuracy_score": 0.007, "recall_score": 0.0012125411397886714, "precision_score": 0.043478260869565216}, "found_clusters": 23, "expected_clusters": 4, "time": 1.0785}, "spectral_clustering": {"clustering": {"adjusted_mutual_info_score": 0.6253635674202214, "adjusted_rand_score": 0.5804567969112654, "completeness_score": 0.6468858328896262, "fowlkes_mallows_score": 0.6939844004937448, "homogeneity_score": 0.6075940109580035, "v_measure_score": 0.6266245882943915}, "classification": {"f1_score": 0.7845607049846348, "hamming_loss": 0.198, "jaccard_score": 0.6617649979132166, "accuracy_score": 0.802, "recall_score": 0.8027894729161241, "precision_score": 0.8479024874198458}, "found_clusters": 4, "expected_clusters": 4, "time": 1.3846}, "gaussian_mixture_model": {"clustering": {"adjusted_mutual_info_score": 0.8925593414307238, "adjusted_rand_score": 0.9267694973193715, "completeness_score": 0.8929095453725485, "fowlkes_mallows_score": 0.9450231713879541, "homogeneity_score": 0.8929096072106789, "v_measure_score": 0.8929095762916126}, "classification": {"f1_score": 0.9720047005555987, "hamming_loss": 0.028, "jaccard_score": 0.9456262201051455, "accuracy_score": 0.972, "recall_score": 0.9720222332826652, "precision_score": 0.9720140907887574}, "found_clusters": 4, "expected_clusters": 4, "time": 0.033}}, "classification_alg": {"KNeighborsClassifier": {"clustering": {"adjusted_mutual_info_score": 0.8173877843048936, "adjusted_rand_score": 0.8441694006754924, "completeness_score": 0.8208452501397268, "fowlkes_mallows_score": 0.8839462337591572, "homogeneity_score": 0.8200823329035246, "v_measure_score": 0.8204636141698902}, "classification": {"f1_score": 0.9400822827775638, "hamming_loss": 0.06, "jaccard_score": 0.8869953627932351, "accuracy_score": 0.94, "recall_score": 0.9399115932464389, "precision_score": 0.9408644717855243}, "time": 0.013}, "DecisionTreeClassifier": {"clustering": {"adjusted_mutual_info_score": 0.6151788381433341, "adjusted_rand_score": 0.6653988525586229, "completeness_score": 0.6210470890771149, "fowlkes_mallows_score": 0.750471704365696, "homogeneity_score": 0.6222534999287989, "v_measure_score": 0.6216497091951254}, "classification": {"f1_score": 0.8565326661168446, "hamming_loss": 0.14, "jaccard_score": 0.7503320501564575, "accuracy_score": 0.86, "recall_score": 0.8578576142550733, "precision_score": 0.8555727814551535}, "time": 0.005}, "RandomForestClassifier": {"clustering": {"adjusted_mutual_info_score": 0.8390260496521122, "adjusted_rand_score": 0.8661058622331705, "completeness_score": 0.8432725610968861, "fowlkes_mallows_score": 0.9003915471616011, "homogeneity_score": 0.840217059679401, "v_measure_score": 0.8417420375498684}, "classification": {"f1_score": 0.9511024430145882, "hamming_loss": 0.05, "jaccard_score": 0.906860537559892, "accuracy_score": 0.95, "recall_score": 0.9490066270692405, "precision_score": 0.9544087251790064}, "time": 0.3761}, "LinearSVC": {"clustering": {"adjusted_mutual_info_score": 0.6782070879475454, "adjusted_rand_score": 0.7224634059873716, "completeness_score": 0.6838108770947569, "fowlkes_mallows_score": 0.7932633866151387, "homogeneity_score": 0.6834411279194766, "v_measure_score": 0.6836259525110472}, "classification": {"f1_score": 0.8811448438567083, "hamming_loss": 0.115, "jaccard_score": 0.7886687345392702, "accuracy_score": 0.885, "recall_score": 0.8815342627729198, "precision_score": 0.8817297092462449}, "time": 0.0531}, "LogisticRegression": {"clustering": {"adjusted_mutual_info_score": 0.6616938260761924, "adjusted_rand_score": 0.7103317182604386, "completeness_score": 0.6686776964783098, "fowlkes_mallows_score": 0.7845550713611258, "homogeneity_score": 0.6661306673989694,