{"clustering_alg": {"affinity_propagation": {"clustering": {"adjusted_mutual_info_score": 0.33047153935134593, "adjusted_rand_score": 0.028791701404840348, "completeness_score": 0.21759407330012545, "fowlkes_mallows_score": 0.13055706585583876, "homogeneity_score": 0.796499584259098, "v_measure_score": 0.34180982718683856}, "classification": {"f1_score": 0.0007593202130439373, "hamming_loss": 0.983, "jaccard_score": 0.0003864108451501531, "accuracy_score": 0.017, "recall_score": 0.0003888125551705137, "precision_score": 0.018539400853509105}, "found_clusters": 175, "expected_clusters": 4, "time": 48.8812}, "agglomerative": {"clustering": {"adjusted_mutual_info_score": 0.3403182493302362, "adjusted_rand_score": 0.22041193236431608, "completeness_score": 0.3581970599106484, "fowlkes_mallows_score": 0.44335885681214593, "homogeneity_score": 0.32495605804705074, "v_measure_score": 0.34076783530047494}, "classification": {"f1_score": 0.6178711072896392, "hamming_loss": 0.4028, "jaccard_score": 0.4553789920326566, "accuracy_score": 0.5972, "recall_score": 0.597295194912711, "precision_score": 0.7077574594314284}, "found_clusters": 4, "expected_clusters": 4, "time": 1.144}, "birch": {"clustering": {"adjusted_mutual_info_score": 0.22804878625344, "adjusted_rand_score": 0.22719522943521556, "completeness_score": 0.2616244027799245, "fowlkes_mallows_score": 0.45848359403620553, "homogeneity_score": 0.20270348703694568, "v_measure_score": 0.22842555831985387}, "classification": {"f1_score": 0.13250017011654958, "hamming_loss": 0.841, "jaccard_score": 0.07897682454844307, "accuracy_score": 0.159, "recall_score": 0.15948852192807572, "precision_score": 0.11449553975564741}, "found_clusters": 3, "expected_clusters": 4, "time": 0.744}, "dbscan": {"clustering": {"adjusted_mutual_info_score": 0.1650319339155973, "adjusted_rand_score": 0.017786757168173007, "completeness_score": 0.20445600828024663, "fowlkes_mallows_score": 0.4226851755545406, "homogeneity_score": 0.16269739811509484, "v_measure_score": 0.18120197169232355}, "classification": {"f1_score": 0.0022583159285524106, "hamming_loss": 0.9788, "jaccard_score": 0.0012210940354844266, "accuracy_score": 0.0212, "recall_score": 0.0012279292565716467, "precision_score": 0.014109347442680775}, "found_clusters": 69, "expected_clusters": 4, "time": 0.066}, "k_means": {"clustering": {"adjusted_mutual_info_score": 0.2975943025477399, "adjusted_rand_score": 0.2711972013396068, "completeness_score": 0.2994479854700827, "fowlkes_mallows_score": 0.45555346802960417, "homogeneity_score": 0.29667062143285844, "v_measure_score": 0.29805283347141465}, "classification": {"f1_score": 0.6219867447023006, "hamming_loss": 0.3816, "jaccard_score": 0.4554586785122203, "accuracy_score": 0.6184, "recall_score": 0.6183431910847197, "precision_score": 0.6344269242846072}, "found_clusters": 4, "expected_clusters": 4, "time": 0.197}, "mini_batch_k_means": {"clustering": {"adjusted_mutual_info_score": 0.33245668000708906, "adjusted_rand_score": 0.3131530861283372, "completeness_score": 0.33357785292991077, "fowlkes_mallows_score": 0.48573546593596606, "homogeneity_score": 0.33220760334528526, "v_measure_score": 0.33289131808582645}, "classification": {"f1_score": 0.6464202003619064, "hamming_loss": 0.3596, "jaccard_score": 0.4884172472730259, "accuracy_score": 0.6404, "recall_score": 0.6402371849480735, "precision_score": 0.6566200620899048}, "found_clusters": 4, "expected_clusters": 4, "time": 0.036}, "mean_shift": {"clustering": {"adjusted_mutual_info_score": 1.2864999444899767e-15, "adjusted_rand_score": 0.0, "completeness_score": 1.0, "fowlkes_mallows_score": 0.4998520285145215, "homogeneity_score": 6.406872233457829e-16, "v_measure_score": 1.281374446691565e-15}, "classification": {"f1_score": 0.09993598975836133, "hamming_loss": 0.7502, "jaccard_score": 0.06245, "accuracy_score": 0.2498, "recall_score": 0.25, "precision_score": 0.06245}, "found_clusters": 1, "expected_clusters": 4, "time": 35.6396}, "optics": {"clustering": {"adjusted_mutual_info_score": 0.12537787140863133, "adjusted_rand_score": 0.0013085118764502373, "completeness_score": 0.17146525275757374, "fowlkes_mallows_score": 0.42626668429618797, "homogeneity_score": 0.13761486181871238, "v_measure_score": 0.1526864133416786}, "classification": {"f1_score": 0.00014550851588589222, "hamming_loss": 0.998, "jaccard_score": 7.333582675144289e-05, "accuracy_score": 0.002, "recall_score": 7.333582675144289e-05, "precision_score": 0.009174311926605505}, "found_clusters": 109, "expected_clusters": 4, "time": 5.4059}, "spectral_clustering": {"clustering": {"adjusted_mutual_info_score": 0.4564868274810024, "adjusted_rand_score": 0.2956806759045165, "completeness_score": 0.5133349565928983, "fowlkes_mallows_score": 0.527105670558746, "homogeneity_score": 0.41161066803651675, "v_measure_score": 0.4568790613920801}, "classification": {"f1_score": 0.6408797555536515, "hamming_loss": 0.3566, "jaccard_score": 0.49090753583249447, "accuracy_score": 0.6434, "recall_score": 0.6439980853503456, "precision_score": 0.8214038745545613}, "found_clusters": 4, "expected_clusters": 4, "time": 5.849}, "gaussian_mixture_model": {"clustering": {"adjusted_mutual_info_score": 0.8971188143332816, "adjusted_rand_score": 0.9338967585097036, "completeness_score": 0.8972142991398285, "fowlkes_mallows_score": 0.9504142550270118, "homogeneity_score": 0.8971570311530654, "v_measure_score": 0.8971856642325832}, "classification": {"f1_score": 0.9747949552646112, "hamming_loss": 0.0252, "jaccard_score": 0.950843500051532, "accuracy_score": 0.9748, "recall_score": 0.9748170890833402, "precision_score": 0.9748894735443555}, "found_clusters": 4, "expected_clusters": 4, "time": 0.067}}, "classification_alg": {"KNeighborsClassifier": {"clustering": {"adjusted_mutual_info_score": 0.7933762938349365, "adjusted_rand_score": 0.8410951137837284, "completeness_score": 0.7942271608474155, "fowlkes_mallows_score": 0.8807957275548751, "homogeneity_score": 0.7938737513202234, "v_measure_score": 0.794050416760659}, "classification": {"f1_score": 0.938016586567024, "hamming_loss": 0.062, "jaccard_score": 0.8834559534326305, "accuracy_score": 0.938, "recall_score": 0.9383182646138428, "precision_score": 0.9389289796331439}, "time": 0.045}, "DecisionTreeClassifier": {"clustering": {"adjusted_mutual_info_score": 0.5500280253669229, "adjusted_rand_score": 0.6058699333495735, "completeness_score": 0.5513714812538857, "fowlkes_mallows_score": 0.7042155422077094, "homogeneity_score": 0.5516194031713726, "v_measure_score": 0.5514954143496259}, "classification": {"f1_score": 0.8343210521346373, "hamming_loss": 0.166, "jaccard_score": 0.7161537908713299, "accuracy_score": 0.834, "recall_score": 0.8349500853117565, "precision_score": 0.8343395755137916}, "time": 0.022}, "RandomForestClassifier": {"clustering": {"adjusted_mutual_info_score": 0.7241558794061392, "adjusted_rand_score": 0.773817791825761, "completeness_score": 0.7252225125405826, "fowlkes_mallows_score": 0.8303279506793823, "homogeneity_score": 0.7248892541213497, "v_measure_score": 0.7250558450369614}, "classification": {"f1_score": 0.9099982784432168, "hamming_loss": 0.09, "jaccard_score": 0.8352189220908188, "accuracy_score": 0.91, "recall_score": 0.9113332877212719, "precision_score": 0.9116173497198234}, "time": 0.7587}, "LinearSVC": {"clustering": {"adjusted_mutual_info_score": 0.5261733107448565, "adjusted_rand_score": 0.5394989228260435, "completeness_score": 0.5283908523399429, "fowlkes_mallows_score": 0.6548672146625082, "homogeneity_score": 0.527052569552671, "v_measure_score": 0.5277208624873647}, "classification": {"f1_score": 0.7971916821076792, "hamming_loss": 0.203, "jaccard_score": 0.6640941107833094, "accuracy_score": 0.797, "recall_score": 0.799642112941198, "precision_score": 0.801492338065162}, "time": 0.22}, "LogisticRegression": {"clustering": {"adjusted_mutual_info_score": 0.5340335770217537, "adjusted_rand_score": 0.5591673362578558,