{"clustering_alg": {"affinity_propagation": {"clustering": {"adjusted_mutual_info_score": 0.41489349807498477, "adjusted_rand_score": 0.04409720079356506, "completeness_score": 0.2712959195763296, "fowlkes_mallows_score": 0.171422107527989, "homogeneity_score": 0.9557638635505817, "v_measure_score": 0.42262787816094943}, "classification": {"f1_score": 0.000670002423413021, "hamming_loss": 0.9906, "jaccard_score": 0.0003507462686567164, "accuracy_score": 0.0094, "recall_score": 0.0003507462686567164, "precision_score": 0.007462686567164179}, "found_clusters": 134, "expected_clusters": 4, "time": 74.5929}, "agglomerative": {"clustering": {"adjusted_mutual_info_score": 0.9018662765696045, "adjusted_rand_score": 0.923636746506226, "completeness_score": 0.9006543063424615, "fowlkes_mallows_score": 0.9430583197796084, "homogeneity_score": 0.9032102173265731, "v_measure_score": 0.9019304510885126}, "classification": {"f1_score": 0.9712193672738973, "hamming_loss": 0.029, "jaccard_score": 0.9440547441464042, "accuracy_score": 0.971, "recall_score": 0.973439461334298, "precision_score": 0.9695083560780992}, "found_clusters": 4, "expected_clusters": 4, "time": 1.111}, "birch": {"clustering": {"adjusted_mutual_info_score": 0.8182527613718156, "adjusted_rand_score": 0.7230178410586229, "completeness_score": 0.9424687301673517, "fowlkes_mallows_score": 0.8185411658180864, "homogeneity_score": 0.7231070159770306, "v_measure_score": 0.8183425493563807}, "classification": {"f1_score": 0.0, "hamming_loss": 1.0, "jaccard_score": 0.0, "accuracy_score": 0.0, "recall_score": 0.0, "precision_score": 0.0}, "found_clusters": 3, "expected_clusters": 4, "time": 0.098}, "dbscan": {"clustering": {"adjusted_mutual_info_score": -4.907388160103121e-05, "adjusted_rand_score": -4.711262769077776e-05, "completeness_score": 0.126811548640265, "fowlkes_mallows_score": 0.5050474427275038, "homogeneity_score": 0.00017548255729540362, "v_measure_score": 0.00035048011816834535}, "classification": {"f1_score": 0.06667777962993833, "hamming_loss": 0.8, "jaccard_score": 0.040008001600320066, "accuracy_score": 0.2, "recall_score": 0.2, "precision_score": 0.040008001600320066}, "found_clusters": 2, "expected_clusters": 4, "time": 0.273}, "k_means": {"clustering": {"adjusted_mutual_info_score": 0.9037268028940721, "adjusted_rand_score": 0.9207104403864574, "completeness_score": 0.9033861349715753, "fowlkes_mallows_score": 0.9409194272209848, "homogeneity_score": 0.9041938704628293, "v_measure_score": 0.9037898222447966}, "classification": {"f1_score": 0.972795688026264, "hamming_loss": 0.0288, "jaccard_score": 0.9473222735165958, "accuracy_score": 0.9712, "recall_score": 0.9738754620741288, "precision_score": 0.9727491413493864}, "found_clusters": 4, "expected_clusters": 4, "time": 0.096}, "mini_batch_k_means": {"clustering": {"adjusted_mutual_info_score": 0.9036471670475429, "adjusted_rand_score": 0.9207385205350231, "completeness_score": 0.9032737739179313, "fowlkes_mallows_score": 0.9409385343529117, "homogeneity_score": 0.9041471205265265, "v_measure_score": 0.9037102362214872}, "classification": {"f1_score": 0.9727726002949963, "hamming_loss": 0.0288, "jaccard_score": 0.9472785903565142, "accuracy_score": 0.9712, "recall_score": 0.9739205738833223, "precision_score": 0.9726823120994217}, "found_clusters": 4, "expected_clusters": 4, "time": 0.079}, "mean_shift": {"clustering": {"adjusted_mutual_info_score": -6.08522058064729e-16, "adjusted_rand_score": 0.0, "completeness_score": 1.0, "fowlkes_mallows_score": 0.5051832162853427, "homogeneity_score": 0.0, "v_measure_score": 0.0}, "classification": {"f1_score": 0.08333333333333334, "hamming_loss": 0.8, "jaccard_score": 0.05, "accuracy_score": 0.2, "recall_score": 0.25, "precision_score": 0.05}, "found_clusters": 1, "expected_clusters": 4, "time": 130.4732}, "optics": {"clustering": {"adjusted_mutual_info_score": 0.11516987350729385, "adjusted_rand_score": 0.0006957103187383607, "completeness_score": 0.18561647929827893, "fowlkes_mallows_score": 0.450957844182239, "homogeneity_score": 0.1085971081378926, "v_measure_score": 0.13702571013246062}, "classification": {"f1_score": 0.00013092432573972245, "hamming_loss": 0.999, "jaccard_score": 6.578947368421052e-05, "accuracy_score": 0.001, "recall_score": 6.578947368421052e-05, "precision_score": 0.013157894736842105}, "found_clusters": 76, "expected_clusters": 4, "time": 6.5643}, "spectral_clustering": {"clustering": {"adjusted_mutual_info_score": 0.8650017930664867, "adjusted_rand_score": 0.8734961348582484, "completeness_score": 0.8661354925307475, "fowlkes_mallows_score": 0.9058868675423564, "homogeneity_score": 0.8640476435531983, "v_measure_score": 0.8650903083159757}, "classification": {"f1_score": 0.9565172702895522, "hamming_loss": 0.0464, "jaccard_score": 0.9175241879291266, "accuracy_score": 0.9536, "recall_score": 0.9562481471639317, "precision_score": 0.960253083524311}, "found_clusters": 4, "expected_clusters": 4, "time": 4.5359}, "gaussian_mixture_model": {"clustering": {"adjusted_mutual_info_score": 0.9501447463483432, "adjusted_rand_score": 0.9649071780003534, "completeness_score": 0.9500291153332013, "fowlkes_mallows_score": 0.9738588542493196, "homogeneity_score": 0.9503257121001558, "v_measure_score": 0.9501773905710953}, "classification": {"f1_score": 0.9880540563888089, "hamming_loss": 0.0126, "jaccard_score": 0.976431620858332, "accuracy_score": 0.9874, "recall_score": 0.98828835805993, "precision_score": 0.987937389367807}, "found_clusters": 4, "expected_clusters": 4, "time": 0.023}}, "classification_alg": {"KNeighborsClassifier": {"clustering": {"adjusted_mutual_info_score": 0.9442329257337722, "adjusted_rand_score": 0.9612330114442728, "completeness_score": 0.9439120882674212, "fowlkes_mallows_score": 0.9712419351446488, "homogeneity_score": 0.9449229977348896, "v_measure_score": 0.9444172724804628}, "classification": {"f1_score": 0.986606822238888, "hamming_loss": 0.014, "jaccard_score": 0.973588642023382, "accuracy_score": 0.986, "recall_score": 0.9874847086507975, "precision_score": 0.9858302825638398}, "time": 0.053}, "DecisionTreeClassifier": {"clustering": {"adjusted_mutual_info_score": 0.9162338916118736, "adjusted_rand_score": 0.9386975855847834, "completeness_score": 0.916190036270286, "fowlkes_mallows_score": 0.9545309910111056, "homogeneity_score": 0.9168318814634155, "v_measure_score": 0.9165108464936031}, "classification": {"f1_score": 0.9793012887694408, "hamming_loss": 0.022, "jaccard_score": 0.9595429476929485, "accuracy_score": 0.978, "recall_score": 0.9798641536486281, "precision_score": 0.9787833573029953}, "time": 0.012}, "RandomForestClassifier": {"clustering": {"adjusted_mutual_info_score": 0.9506600225945205, "adjusted_rand_score": 0.9668718236817893, "completeness_score": 0.950407073049079, "fowlkes_mallows_score": 0.975426525133905, "homogeneity_score": 0.9512395716981443, "v_measure_score": 0.9508231401489059}, "classification": {"f1_score": 0.9885240721361037, "hamming_loss": 0.012, "jaccard_score": 0.9773485640784767, "accuracy_score": 0.988, "recall_score": 0.9891911932924358, "precision_score": 0.9878823457901063}, "time": 0.597}, "LinearSVC": {"clustering": {"adjusted_mutual_info_score": 0.9078011222868866, "adjusted_rand_score": 0.9301279646415624, "completeness_score": 0.9077018614646306, "fowlkes_mallows_score": 0.9481726434519316, "homogeneity_score": 0.9085103535405227, "v_measure_score": 0.9081059275512936}, "classification": {"f1_score": 0.9766406049366397, "hamming_loss": 0.025, "jaccard_score": 0.9544941189566654, "accuracy_score": 0.975, "recall_score": 0.9774939590137093, "precision_score": 0.975991173648932}, "time": 0.013}, "LogisticRegression": {"clustering": {"adjusted_mutual_info_score": 0.9458377921080471, "adjusted_rand_score": 0.9612582886393429, "completeness_score": 0.9458023241143523, "fowlkes_mallows_score": 0.9712679608022134, "homogeneity_score": 0.9462315544467579, "v_measure_score": 0.9460168905925583},