{"clustering_alg": {"affinity_propagation": {"clustering": {"adjusted_mutual_info_score": 0.38513776772082753, "adjusted_rand_score": 0.07889540937741835, "completeness_score": 0.2733371320261711, "fowlkes_mallows_score": 0.21783584705478498, "homogeneity_score": 0.7623643489590878, "v_measure_score": 0.40239873849604363}, "classification": {"f1_score": 0.0034782608695652175, "hamming_loss": 0.982, "jaccard_score": 0.001890359168241966, "accuracy_score": 0.018, "recall_score": 0.0019663535066637536, "precision_score": 0.015050167224080268}, "found_clusters": 46, "expected_clusters": 4, "time": 3.4851}, "agglomerative": {"clustering": {"adjusted_mutual_info_score": 0.6697683015767047, "adjusted_rand_score": 0.6753276482520684, "completeness_score": 0.6745450056179472, "fowlkes_mallows_score": 0.7633865831639804, "homogeneity_score": 0.6672523926612475, "v_measure_score": 0.6708788816158026}, "classification": {"f1_score": 0.7315284927430191, "hamming_loss": 0.234, "jaccard_score": 0.6275772462081695, "accuracy_score": 0.766, "recall_score": 0.731597142142516, "precision_score": 0.734108247044396}, "found_clusters": 4, "expected_clusters": 4, "time": 0.0575}, "birch": {"clustering": {"adjusted_mutual_info_score": 0.6981131062251364, "adjusted_rand_score": 0.6488228297318616, "completeness_score": 0.7900858298979798, "fowlkes_mallows_score": 0.7619687501879567, "homogeneity_score": 0.6265250725002639, "v_measure_score": 0.6988631543358037}, "classification": {"f1_score": 0.24929010383555836, "hamming_loss": 0.78, "jaccard_score": 0.2252940738534842, "accuracy_score": 0.22, "recall_score": 0.27205882352941174, "precision_score": 0.23060952493780357}, "found_clusters": 3, "expected_clusters": 4, "time": 0.029}, "dbscan": {"clustering": {"adjusted_mutual_info_score": 6.411438864868207e-16, "adjusted_rand_score": 0.0, "completeness_score": 1.0, "fowlkes_mallows_score": 0.5173099743960188, "homogeneity_score": 1.6422742994027174e-16, "v_measure_score": 3.2845485988054344e-16}, "classification": {"f1_score": 0.08298582151793162, "hamming_loss": 0.801, "jaccard_score": 0.04975, "accuracy_score": 0.199, "recall_score": 0.25, "precision_score": 0.04975}, "found_clusters": 1, "expected_clusters": 4, "time": 0.041}, "k_means": {"clustering": {"adjusted_mutual_info_score": 0.6734209729657872, "adjusted_rand_score": 0.6712180355966617, "completeness_score": 0.6721749042199998, "fowlkes_mallows_score": 0.7584003344913859, "homogeneity_score": 0.6768598662291583, "v_measure_score": 0.674509250197407}, "classification": {"f1_score": 0.752762858997378, "hamming_loss": 0.223, "jaccard_score": 0.6462503707925462, "accuracy_score": 0.777, "recall_score": 0.754974167865832, "precision_score": 0.7517362777714963}, "found_clusters": 4, "expected_clusters": 4, "time": 0.069}, "mini_batch_k_means": {"clustering": {"adjusted_mutual_info_score": 0.6823457559888493, "adjusted_rand_score": 0.5551120653815401, "completeness_score": 0.7032763635279851, "fowlkes_mallows_score": 0.6839233694608869, "homogeneity_score": 0.6646898801334497, "v_measure_score": 0.6834389137014395}, "classification": {"f1_score": 0.6003172953726446, "hamming_loss": 0.348, "jaccard_score": 0.5056460757949964, "accuracy_score": 0.652, "recall_score": 0.6250919675949236, "precision_score": 0.6272004260438773}, "found_clusters": 4, "expected_clusters": 4, "time": 0.043}, "mean_shift": {"clustering": {"adjusted_mutual_info_score": 6.411438864868207e-16, "adjusted_rand_score": 0.0, "completeness_score": 1.0, "fowlkes_mallows_score": 0.5173099743960188, "homogeneity_score": 1.6422742994027174e-16, "v_measure_score": 3.2845485988054344e-16}, "classification": {"f1_score": 0.08298582151793162, "hamming_loss": 0.801, "jaccard_score": 0.04975, "accuracy_score": 0.199, "recall_score": 0.25, "precision_score": 0.04975}, "found_clusters": 1, "expected_clusters": 4, "time": 14.0922}, "optics": {"clustering": {"adjusted_mutual_info_score": 0.1110753386653803, "adjusted_rand_score": -0.020344374647647313, "completeness_score": 0.17946898758851937, "fowlkes_mallows_score": 0.42654709705136556, "homogeneity_score": 0.1144164368547897, "v_measure_score": 0.1397429091606817}, "classification": {"f1_score": 0.002590973496316766, "hamming_loss": 0.994, "jaccard_score": 0.0013251586115907725, "accuracy_score": 0.006, "recall_score": 0.0013272800422836318, "precision_score": 0.05442176870748299}, "found_clusters": 21, "expected_clusters": 4, "time": 1.3877}, "spectral_clustering": {"clustering": {"adjusted_mutual_info_score": 0.6068726660173807, "adjusted_rand_score": 0.5959331704281511, "completeness_score": 0.6055535823223503, "fowlkes_mallows_score": 0.7026696026508369, "homogeneity_score": 0.6108324840337997, "v_measure_score": 0.6081815784253243}, "classification": {"f1_score": 0.7384927240887861, "hamming_loss": 0.245, "jaccard_score": 0.624965166232075, "accuracy_score": 0.755, "recall_score": 0.734765862278425, "precision_score": 0.7466779790832728}, "found_clusters": 4, "expected_clusters": 4, "time": 0.422}, "gaussian_mixture_model": {"clustering": {"adjusted_mutual_info_score": 0.7439184027939387, "adjusted_rand_score": 0.5791612683720486, "completeness_score": 0.7595540873273685, "fowlkes_mallows_score": 0.6987115259286109, "homogeneity_score": 0.7305924539699461, "v_measure_score": 0.744791829802578}, "classification": {"f1_score": 0.5958783848833237, "hamming_loss": 0.373, "jaccard_score": 0.5095884197821386, "accuracy_score": 0.627, "recall_score": 0.6299250372742835, "precision_score": 0.6308766743907259}, "found_clusters": 4, "expected_clusters": 4, "time": 0.022}}, "classification_alg": {"KNeighborsClassifier": {"clustering": {"adjusted_mutual_info_score": 0.7466463634504682, "adjusted_rand_score": 0.7697118052616172, "completeness_score": 0.7501354851347073, "fowlkes_mallows_score": 0.8319726890795749, "homogeneity_score": 0.7518858429948794, "v_measure_score": 0.7510096441882506}, "classification": {"f1_score": 0.8392236177306851, "hamming_loss": 0.135, "jaccard_score": 0.7455996956798882, "accuracy_score": 0.865, "recall_score": 0.8410437297512072, "precision_score": 0.8381228973334236}, "time": 0.012}, "DecisionTreeClassifier": {"clustering": {"adjusted_mutual_info_score": 0.6775625462547177, "adjusted_rand_score": 0.7053751593423357, "completeness_score": 0.6853934741051526, "fowlkes_mallows_score": 0.7860980406090531, "homogeneity_score": 0.6809082718184487, "v_measure_score": 0.6831435111035535}, "classification": {"f1_score": 0.8085084319261535, "hamming_loss": 0.165, "jaccard_score": 0.6971534609893012, "accuracy_score": 0.835, "recall_score": 0.8062368191821017, "precision_score": 0.8137987242255909}, "time": 0.004}, "RandomForestClassifier": {"clustering": {"adjusted_mutual_info_score": 0.7710224375022581, "adjusted_rand_score": 0.7927708225713583, "completeness_score": 0.7748496118458941, "fowlkes_mallows_score": 0.8489623254249626, "homogeneity_score": 0.7750912204525747, "v_measure_score": 0.7749703973179611}, "classification": {"f1_score": 0.8489700489939298, "hamming_loss": 0.125, "jaccard_score": 0.762941006362059, "accuracy_score": 0.875, "recall_score": 0.8504307644110276, "precision_score": 0.848579911079911}, "time": 0.3701}, "LinearSVC": {"clustering": {"adjusted_mutual_info_score": 0.730911884408281, "adjusted_rand_score": 0.7542838520534051, "completeness_score": 0.7343512879687281, "fowlkes_mallows_score": 0.8206557645120724, "homogeneity_score": 0.7367393793850299, "v_measure_score": 0.7355433953257159}, "classification": {"f1_score": 0.8423769836382456, "hamming_loss": 0.135, "jaccard_score": 0.7467052989204888, "accuracy_score": 0.865, "recall_score": 0.8477208646616541, "precision_score": 0.8409723032637025}, "time": 0.004}, "LogisticRegression": {"clustering": {"adjusted_mutual_info_score": 0.7394361471944225, "adjusted_rand_score": 0.7644795428395709, "completeness_score": 0.7427152545876082, "fowlkes_mallows_score": 0.8280976667066956, "homogeneity_score": 0.7451305454072692,