{"clustering_alg": {"affinity_propagation": {"clustering": {"adjusted_mutual_info_score": 1.5242021216407242e-15, "adjusted_rand_score": 0.0, "completeness_score": 1.0, "fowlkes_mallows_score": 0.49985531013105505, "homogeneity_score": 4.40474551754847e-16, "v_measure_score": 8.809491035096937e-16}, "classification": {"f1_score": 0.0, "hamming_loss": 1.0, "jaccard_score": 0.0, "accuracy_score": 0.0, "recall_score": 0.0, "precision_score": 0.0}, "found_clusters": 1, "expected_clusters": 4, "time": 149.777}, "agglomerative": {"clustering": {"adjusted_mutual_info_score": 0.49564772584173444, "adjusted_rand_score": 0.3653903797087609, "completeness_score": 0.4986825041110384, "fowlkes_mallows_score": 0.5263478641592585, "homogeneity_score": 0.49330113008256793, "v_measure_score": 0.49597722049186127}, "classification": {"f1_score": 0.5737085959494923, "hamming_loss": 0.4236, "jaccard_score": 0.4076169063603884, "accuracy_score": 0.5764, "recall_score": 0.5769053144741584, "precision_score": 0.579922996998828}, "found_clusters": 4, "expected_clusters": 4, "time": 0.7901}, "birch": {"clustering": {"adjusted_mutual_info_score": 0.4238354020561294, "adjusted_rand_score": 0.30405321771555777, "completeness_score": 0.5349402657957716, "fowlkes_mallows_score": 0.5476848044389186, "homogeneity_score": 0.3513589708092875, "v_measure_score": 0.4241368004657405}, "classification": {"f1_score": 0.2995991151321373, "hamming_loss": 0.5912, "jaccard_score": 0.21974469255696025, "accuracy_score": 0.4088, "recall_score": 0.41053266141567096, "precision_score": 0.24059798094964258}, "found_clusters": 3, "expected_clusters": 4, "time": 0.085}, "dbscan": {"clustering": {"adjusted_mutual_info_score": 0.00025712640582014354, "adjusted_rand_score": -1.0445483837326384e-06, "completeness_score": 0.08515513731867472, "fowlkes_mallows_score": 0.4994547223917699, "homogeneity_score": 0.0003995452110234846, "v_measure_score": 0.0007953586245361459}, "classification": {"f1_score": 0.07964091054825265, "hamming_loss": 0.7516, "jaccard_score": 0.04971977582065652, "accuracy_score": 0.2484, "recall_score": 0.2, "precision_score": 0.04971977582065652}, "found_clusters": 2, "expected_clusters": 4, "time": 0.072}, "k_means": {"clustering": {"adjusted_mutual_info_score": 0.4806179294843232, "adjusted_rand_score": 0.35085952309130625, "completeness_score": 0.48152107621198903, "fowlkes_mallows_score": 0.5135810123208058, "homogeneity_score": 0.4803918519997295, "v_measure_score": 0.48095580128738363}, "classification": {"f1_score": 0.5958271468234633, "hamming_loss": 0.4034, "jaccard_score": 0.42494518051296803, "accuracy_score": 0.5966, "recall_score": 0.5964866661798073, "precision_score": 0.5971726588856557}, "found_clusters": 4, "expected_clusters": 4, "time": 0.089}, "mini_batch_k_means": {"clustering": {"adjusted_mutual_info_score": 0.4843748750197026, "adjusted_rand_score": 0.36322713662822737, "completeness_score": 0.4852698240142016, "fowlkes_mallows_score": 0.5228519885097733, "homogeneity_score": 0.48415205618735024, "v_measure_score": 0.48471029569355745}, "classification": {"f1_score": 0.6191464958873093, "hamming_loss": 0.38, "jaccard_score": 0.4490044671448815, "accuracy_score": 0.62, "recall_score": 0.6198412931444723, "precision_score": 0.6202812603707053}, "found_clusters": 4, "expected_clusters": 4, "time": 0.03}, "mean_shift": {"clustering": {"adjusted_mutual_info_score": 0.4750595540325371, "adjusted_rand_score": 0.3956278576018743, "completeness_score": 0.5392511759637256, "fowlkes_mallows_score": 0.5755443968142089, "homogeneity_score": 0.4249311222835807, "v_measure_score": 0.47531386504719364}, "classification": {"f1_score": 0.13687366696547246, "hamming_loss": 0.8536, "jaccard_score": 0.09400527569775358, "accuracy_score": 0.1464, "recall_score": 0.1473367399965356, "precision_score": 0.127803330423689}, "found_clusters": 3, "expected_clusters": 4, "time": 42.7795}, "optics": {"clustering": {"adjusted_mutual_info_score": 0.21641182468674927, "adjusted_rand_score": 0.003682461459168641, "completeness_score": 0.1760796918632626, "fowlkes_mallows_score": 0.257046363493951, "homogeneity_score": 0.44196658048709914, "v_measure_score": 0.2518301388990903}, "classification": {"f1_score": 2.06948288796337e-05, "hamming_loss": 0.9992, "jaccard_score": 1.0380712635922455e-05, "accuracy_score": 0.0008, "recall_score": 1.0389070697626098e-05, "precision_score": 0.0025806451612903226}, "found_clusters": 310, "expected_clusters": 4, "time": 3.414}, "spectral_clustering": {"clustering": {"adjusted_mutual_info_score": 0.5235451166649314, "adjusted_rand_score": 0.41274364504807204, "completeness_score": 0.5272301265917232, "fowlkes_mallows_score": 0.5620730326539121, "homogeneity_score": 0.5205261464081503, "v_measure_score": 0.523856689073918}, "classification": {"f1_score": 0.6661461284547389, "hamming_loss": 0.331, "jaccard_score": 0.5007672809237339, "accuracy_score": 0.669, "recall_score": 0.6689324733403548, "precision_score": 0.6758463829034809}, "found_clusters": 4, "expected_clusters": 4, "time": 3.2547}, "gaussian_mixture_model": {"clustering": {"adjusted_mutual_info_score": 0.8065606844764538, "adjusted_rand_score": 0.8353706942051162, "completeness_score": 0.8070070027332952, "fowlkes_mallows_score": 0.8765496366503147, "homogeneity_score": 0.8063660994149969, "v_measure_score": 0.8066864237765411}, "classification": {"f1_score": 0.9332176498056155, "hamming_loss": 0.0664, "jaccard_score": 0.8763907447008079, "accuracy_score": 0.9336, "recall_score": 0.9335998358424, "precision_score": 0.9338931170181368}, "found_clusters": 4, "expected_clusters": 4, "time": 0.045}}, "classification_alg": {"KNeighborsClassifier": {"clustering": {"adjusted_mutual_info_score": 0.782927535467807, "adjusted_rand_score": 0.8183045019777188, "completeness_score": 0.7834985187296752, "fowlkes_mallows_score": 0.8636268011944966, "homogeneity_score": 0.7837721919979924, "v_measure_score": 0.7836353314697301}, "classification": {"f1_score": 0.9285035358943738, "hamming_loss": 0.072, "jaccard_score": 0.8674337836204769, "accuracy_score": 0.928, "recall_score": 0.929103753721793, "precision_score": 0.9283145561510363}, "time": 0.029}, "DecisionTreeClassifier": {"clustering": {"adjusted_mutual_info_score": 0.753199399168135, "adjusted_rand_score": 0.787768240732253, "completeness_score": 0.7539110103264839, "fowlkes_mallows_score": 0.8407149055934414, "homogeneity_score": 0.7540973530877428, "v_measure_score": 0.754004170194039}, "classification": {"f1_score": 0.9157354905112021, "hamming_loss": 0.085, "jaccard_score": 0.8458944234722561, "accuracy_score": 0.915, "recall_score": 0.9161334757954782, "precision_score": 0.9156831836819049}, "time": 0.008}, "RandomForestClassifier": {"clustering": {"adjusted_mutual_info_score": 0.786546823373226, "adjusted_rand_score": 0.820504145785643, "completeness_score": 0.7871617332034482, "fowlkes_mallows_score": 0.865286509009448, "homogeneity_score": 0.7873240220632388, "v_measure_score": 0.7872428692694462}, "classification": {"f1_score": 0.9297087776577103, "hamming_loss": 0.071, "jaccard_score": 0.8698568449929791, "accuracy_score": 0.929, "recall_score": 0.930111818237922, "precision_score": 0.9297223068935235}, "time": 0.3303}, "LinearSVC": {"clustering": {"adjusted_mutual_info_score": 0.6736694051142414, "adjusted_rand_score": 0.6924449392449787, "completeness_score": 0.6749588298548528, "fowlkes_mallows_score": 0.7692680653942636, "homogeneity_score": 0.6745093351597172, "v_measure_score": 0.6747340076461338}, "classification": {"f1_score": 0.8711670093681732, "hamming_loss": 0.129, "jaccard_score": 0.7718178811928811, "accuracy_score": 0.871, "recall_score": 0.8712199490609193, "precision_score": 0.8722534512375452}, "time": 0.071}, "LogisticRegression": {"clustering": {"adjusted_mutual_info_score": 0.7175909449973307, "adjusted_rand_score": 0.7445716232242049, "completeness_score": 0.7185797066434416, "fowlkes_mallows_score": 0.8083328562634182,