{"clustering_alg": {"affinity_propagation": {"clustering": {"adjusted_mutual_info_score": 0.2025636871316411, "adjusted_rand_score": 0.04489066267263379, "completeness_score": 0.15402555254151415, "fowlkes_mallows_score": 0.15973898782363688, "homogeneity_score": 0.38145000451379346, "v_measure_score": 0.21944250092495515}, "classification": {"f1_score": 0.0032965639660200332, "hamming_loss": 0.987, "jaccard_score": 0.0017430946634486458, "accuracy_score": 0.013, "recall_score": 0.0017430946634486458, "precision_score": 0.030303030303030304}, "found_clusters": 33, "expected_clusters": 4, "time": 3.575}, "agglomerative": {"clustering": {"adjusted_mutual_info_score": 0.24365994479811476, "adjusted_rand_score": 0.16332269394242763, "completeness_score": 0.25201401291855696, "fowlkes_mallows_score": 0.3924852222712812, "homogeneity_score": 0.24067042114189838, "v_measure_score": 0.24621162930967092}, "classification": {"f1_score": 0.4677959278005189, "hamming_loss": 0.539, "jaccard_score": 0.33331368035599407, "accuracy_score": 0.461, "recall_score": 0.46392509279401273, "precision_score": 0.49752894373934264}, "found_clusters": 4, "expected_clusters": 4, "time": 0.05}, "birch": {"clustering": {"adjusted_mutual_info_score": 0.2045221393274752, "adjusted_rand_score": 0.16141189519895208, "completeness_score": 0.30785679393211024, "fowlkes_mallows_score": 0.47265286387154415, "homogeneity_score": 0.15443087213766246, "v_measure_score": 0.205684021746169}, "classification": {"f1_score": 0.28069019391600036, "hamming_loss": 0.591, "jaccard_score": 0.19864516497602394, "accuracy_score": 0.409, "recall_score": 0.42916015963907683, "precision_score": 0.20865989757436368}, "found_clusters": 2, "expected_clusters": 4, "time": 0.02}, "dbscan": {"clustering": {"adjusted_mutual_info_score": 0.0, "adjusted_rand_score": 0.0, "completeness_score": 1.0, "fowlkes_mallows_score": 0.5068361499369227, "homogeneity_score": 0.0, "v_measure_score": 0.0}, "classification": {"f1_score": 0.09216965742251224, "hamming_loss": 0.774, "jaccard_score": 0.0565, "accuracy_score": 0.226, "recall_score": 0.25, "precision_score": 0.0565}, "found_clusters": 1, "expected_clusters": 4, "time": 0.074}, "k_means": {"clustering": {"adjusted_mutual_info_score": 0.2450249093360581, "adjusted_rand_score": 0.18892596462385317, "completeness_score": 0.24760635484389987, "fowlkes_mallows_score": 0.3975643899756932, "homogeneity_score": 0.24742225296236064, "v_measure_score": 0.24751426966924733}, "classification": {"f1_score": 0.489078032528453, "hamming_loss": 0.522, "jaccard_score": 0.35416371165791083, "accuracy_score": 0.478, "recall_score": 0.4879878658136933, "precision_score": 0.4976943238445761}, "found_clusters": 4, "expected_clusters": 4, "time": 0.044}, "mini_batch_k_means": {"clustering": {"adjusted_mutual_info_score": 0.25015775603711965, "adjusted_rand_score": 0.16174484276632645, "completeness_score": 0.2544363337759917, "fowlkes_mallows_score": 0.38088240342025836, "homogeneity_score": 0.25088303092503134, "v_measure_score": 0.2526471892995495}, "classification": {"f1_score": 0.47694282502375407, "hamming_loss": 0.542, "jaccard_score": 0.3396875070653713, "accuracy_score": 0.458, "recall_score": 0.46282033474402606, "precision_score": 0.5165460753465141}, "found_clusters": 4, "expected_clusters": 4, "time": 0.025}, "mean_shift": {"clustering": {"adjusted_mutual_info_score": 0.0, "adjusted_rand_score": 0.0, "completeness_score": 1.0, "fowlkes_mallows_score": 0.5068361499369227, "homogeneity_score": 0.0, "v_measure_score": 0.0}, "classification": {"f1_score": 0.09216965742251224, "hamming_loss": 0.774, "jaccard_score": 0.0565, "accuracy_score": 0.226, "recall_score": 0.25, "precision_score": 0.0565}, "found_clusters": 1, "expected_clusters": 4, "time": 6.5584}, "optics": {"clustering": {"adjusted_mutual_info_score": 0.12066051361052668, "adjusted_rand_score": 0.017341381461354433, "completeness_score": 0.12551232647877567, "fowlkes_mallows_score": 0.2713212407263673, "homogeneity_score": 0.2448907998888867, "v_measure_score": 0.16596411768292196}, "classification": {"f1_score": 0.0009348048311512367, "hamming_loss": 0.993, "jaccard_score": 0.00047334859738452884, "accuracy_score": 0.007, "recall_score": 0.0004827257933076311, "precision_score": 0.01685185185185185}, "found_clusters": 60, "expected_clusters": 4, "time": 0.587}, "spectral_clustering": {"clustering": {"adjusted_mutual_info_score": 0.19570169347838962, "adjusted_rand_score": 0.09813478019036047, "completeness_score": 0.2045160095714922, "fowlkes_mallows_score": 0.34594657153524433, "homogeneity_score": 0.1927046110238765, "v_measure_score": 0.19843470368461186}, "classification": {"f1_score": 0.4363268262881819, "hamming_loss": 0.584, "jaccard_score": 0.28516026715279197, "accuracy_score": 0.416, "recall_score": 0.42169717132858875, "precision_score": 0.5171529951681293}, "found_clusters": 4, "expected_clusters": 4, "time": 0.207}, "gaussian_mixture_model": {"clustering": {"adjusted_mutual_info_score": 0.2586901099149453, "adjusted_rand_score": 0.201418848679753, "completeness_score": 0.26339440413834253, "fowlkes_mallows_score": 0.41131003642341796, "homogeneity_score": 0.25895303325627, "v_measure_score": 0.2611548368440607}, "classification": {"f1_score": 0.4896609595184353, "hamming_loss": 0.513, "jaccard_score": 0.3566687298180522, "accuracy_score": 0.487, "recall_score": 0.4938787652985698, "precision_score": 0.4957050740628311}, "found_clusters": 4, "expected_clusters": 4, "time": 0.015}}, "classification_alg": {"KNeighborsClassifier": {"clustering": {"adjusted_mutual_info_score": 0.23671608928334592, "adjusted_rand_score": 0.2078187711651976, "completeness_score": 0.2567956860294201, "fowlkes_mallows_score": 0.42028639052599176, "homogeneity_score": 0.24341025655068602, "v_measure_score": 0.24992387533468918}, "classification": {"f1_score": 0.5181659944300394, "hamming_loss": 0.465, "jaccard_score": 0.3764165434889719, "accuracy_score": 0.535, "recall_score": 0.5317941317941318, "precision_score": 0.5266547049441787}, "time": 0.007}, "DecisionTreeClassifier": {"clustering": {"adjusted_mutual_info_score": 0.19328356818278847, "adjusted_rand_score": 0.17260736036330016, "completeness_score": 0.20780772412963805, "fowlkes_mallows_score": 0.38342327144560856, "homogeneity_score": 0.20591612242874685, "v_measure_score": 0.20685759894905706}, "classification": {"f1_score": 0.5439562065906152, "hamming_loss": 0.465, "jaccard_score": 0.388315332782049, "accuracy_score": 0.535, "recall_score": 0.5386904761904762, "precision_score": 0.5508329116059378}, "time": 0.002}, "RandomForestClassifier": {"clustering": {"adjusted_mutual_info_score": 0.2390671600506581, "adjusted_rand_score": 0.2193187380621023, "completeness_score": 0.25393706549355993, "fowlkes_mallows_score": 0.4198085447732786, "homogeneity_score": 0.24994149174772567, "v_measure_score": 0.2519234368971472}, "classification": {"f1_score": 0.5757885811192763, "hamming_loss": 0.43, "jaccard_score": 0.4196717145299451, "accuracy_score": 0.57, "recall_score": 0.5741281866281867, "precision_score": 0.5822762508809021}, "time": 0.181}, "LinearSVC": {"clustering": {"adjusted_mutual_info_score": 0.2585660974842765, "adjusted_rand_score": 0.19280911589449845, "completeness_score": 0.35963669636241635, "fowlkes_mallows_score": 0.49544437155894056, "homogeneity_score": 0.21502695885968562, "v_measure_score": 0.26913685739623344}, "classification": {"f1_score": 0.3702659366017633, "hamming_loss": 0.54, "jaccard_score": 0.27799597662611364, "accuracy_score": 0.46, "recall_score": 0.4436868686868687, "precision_score": 0.37166508394402537}, "time": 0.005}, "LogisticRegression": {"clustering": {"adjusted_mutual_info_score": 0.2856167431048762, "adjusted_rand_score": 0.19113690876269046, "completeness_score": 0.38516738334788236, "fowlkes_mallows_score": 0.4895566630752492, "homogeneity_score": 0.23974628993251226, "v_measure_score": 0.2955366640513083},