{"clustering_alg": {"affinity_propagation": {"clustering": {"adjusted_mutual_info_score": 2.5627634168138465e-18, "adjusted_rand_score": 0.0, "completeness_score": 1.0, "fowlkes_mallows_score": 0.49925469978284154, "homogeneity_score": 1.6017271353280239e-16, "v_measure_score": 3.203454270656047e-16}, "classification": {"f1_score": 0.0, "hamming_loss": 1.0, "jaccard_score": 0.0, "accuracy_score": 0.0, "recall_score": 0.0, "precision_score": 0.0}, "found_clusters": 1, "expected_clusters": 4, "time": 9.2814}, "agglomerative": {"clustering": {"adjusted_mutual_info_score": 0.6352822634792532, "adjusted_rand_score": 0.5278431214252945, "completeness_score": 0.6623260302161061, "fowlkes_mallows_score": 0.6589957775694203, "homogeneity_score": 0.6126475480748121, "v_measure_score": 0.6365189449368085}, "classification": {"f1_score": 0.7322071181765306, "hamming_loss": 0.25, "jaccard_score": 0.5843760831540876, "accuracy_score": 0.75, "recall_score": 0.7504940239043825, "precision_score": 0.8038435184661599}, "found_clusters": 4, "expected_clusters": 4, "time": 0.047}, "birch": {"clustering": {"adjusted_mutual_info_score": 0.65004375872746, "adjusted_rand_score": 0.5427927334867985, "completeness_score": 0.7625749489523154, "fowlkes_mallows_score": 0.6942713649027371, "homogeneity_score": 0.5677787780667104, "v_measure_score": 0.6509154128062027}, "classification": {"f1_score": 0.35418327185551784, "hamming_loss": 0.595, "jaccard_score": 0.27691844562050305, "accuracy_score": 0.405, "recall_score": 0.4043107569721116, "precision_score": 0.3474662896911701}, "found_clusters": 3, "expected_clusters": 4, "time": 0.018}, "dbscan": {"clustering": {"adjusted_mutual_info_score": 0.000570458794189538, "adjusted_rand_score": -2.557083318354823e-06, "completeness_score": 0.11021243094179305, "fowlkes_mallows_score": 0.4977557691743698, "homogeneity_score": 0.0016236664631978021, "v_measure_score": 0.003200187275842966}, "classification": {"f1_score": 0.07955092221331195, "hamming_loss": 0.752, "jaccard_score": 0.04964964964964965, "accuracy_score": 0.248, "recall_score": 0.1984, "precision_score": 0.04974924774322969}, "found_clusters": 2, "expected_clusters": 4, "time": 0.01}, "k_means": {"clustering": {"adjusted_mutual_info_score": 0.7263658976050308, "adjusted_rand_score": 0.6773516569314613, "completeness_score": 0.7364673382379756, "fowlkes_mallows_score": 0.7608593697258963, "homogeneity_score": 0.7182982163769365, "v_measure_score": 0.7272693167611316}, "classification": {"f1_score": 0.8503416225925714, "hamming_loss": 0.146, "jaccard_score": 0.743729234035436, "accuracy_score": 0.854, "recall_score": 0.8543424367047938, "precision_score": 0.8760250142448597}, "found_clusters": 4, "expected_clusters": 4, "time": 0.041}, "mini_batch_k_means": {"clustering": {"adjusted_mutual_info_score": 0.7120238119785176, "adjusted_rand_score": 0.6701432020095202, "completeness_score": 0.7207966189338947, "fowlkes_mallows_score": 0.7551075429382798, "homogeneity_score": 0.7053173893809712, "v_measure_score": 0.7129729973577819}, "classification": {"f1_score": 0.8452619388267169, "hamming_loss": 0.151, "jaccard_score": 0.7376928869005561, "accuracy_score": 0.849, "recall_score": 0.8493181467677677, "precision_score": 0.8657981621108078}, "found_clusters": 4, "expected_clusters": 4, "time": 0.0381}, "mean_shift": {"clustering": {"adjusted_mutual_info_score": 0.6178506175616135, "adjusted_rand_score": 0.4794840395490634, "completeness_score": 0.9276639077181438, "fowlkes_mallows_score": 0.6924272554623745, "homogeneity_score": 0.46378779261356007, "v_measure_score": 0.6184033494591351}, "classification": {"f1_score": 0.32844092894428467, "hamming_loss": 0.507, "jaccard_score": 0.24453755211470551, "accuracy_score": 0.493, "recall_score": 0.49202788844621514, "precision_score": 0.246505496791538}, "found_clusters": 2, "expected_clusters": 4, "time": 5.202}, "optics": {"clustering": {"adjusted_mutual_info_score": 0.2846037615057685, "adjusted_rand_score": 0.024536140426279506, "completeness_score": 0.24912300923073274, "fowlkes_mallows_score": 0.28636479970426426, "homogeneity_score": 0.4585282942937976, "v_measure_score": 0.3228424731869265}, "classification": {"f1_score": 0.0007782101167315176, "hamming_loss": 0.994, "jaccard_score": 0.00039840637450199205, "accuracy_score": 0.006, "recall_score": 0.00039840637450199205, "precision_score": 0.016666666666666666}, "found_clusters": 60, "expected_clusters": 4, "time": 1.3071}, "spectral_clustering": {"clustering": {"adjusted_mutual_info_score": 0.7169090376006015, "adjusted_rand_score": 0.6464339702416944, "completeness_score": 0.7317383778602913, "fowlkes_mallows_score": 0.7396913622122728, "homogeneity_score": 0.7044787399754161, "v_measure_score": 0.7178498627052872}, "classification": {"f1_score": 0.82972381263165, "hamming_loss": 0.165, "jaccard_score": 0.713390323263301, "accuracy_score": 0.835, "recall_score": 0.8354021976609691, "precision_score": 0.8699883760427563}, "found_clusters": 4, "expected_clusters": 4, "time": 0.204}, "gaussian_mixture_model": {"clustering": {"adjusted_mutual_info_score": 0.8892548484476763, "adjusted_rand_score": 0.9092869149167798, "completeness_score": 0.8899577817837316, "fowlkes_mallows_score": 0.9319222867525239, "homogeneity_score": 0.8892744670407731, "v_measure_score": 0.889615993198624}, "classification": {"f1_score": 0.9650064736893718, "hamming_loss": 0.035, "jaccard_score": 0.9323828893011348, "accuracy_score": 0.965, "recall_score": 0.9650475195990232, "precision_score": 0.9660968489565014}, "found_clusters": 4, "expected_clusters": 4, "time": 0.024}}, "classification_alg": {"KNeighborsClassifier": {"clustering": {"adjusted_mutual_info_score": 0.887452268511546, "adjusted_rand_score": 0.8959516392979437, "completeness_score": 0.8916928661386168, "fowlkes_mallows_score": 0.9221639647144199, "homogeneity_score": 0.8869914092589769, "v_measure_score": 0.8893359242023666}, "classification": {"f1_score": 0.9597327158355516, "hamming_loss": 0.04, "jaccard_score": 0.9226567856887007, "accuracy_score": 0.96, "recall_score": 0.957511283043198, "precision_score": 0.9647550776583035}, "time": 0.01}, "DecisionTreeClassifier": {"clustering": {"adjusted_mutual_info_score": 0.8194961827046404, "adjusted_rand_score": 0.8455038811044105, "completeness_score": 0.8223389480405437, "fowlkes_mallows_score": 0.8840815905324166, "homogeneity_score": 0.822675761687045, "v_measure_score": 0.8225073203828163}, "classification": {"f1_score": 0.9397217923196086, "hamming_loss": 0.06, "jaccard_score": 0.8864521323567607, "accuracy_score": 0.94, "recall_score": 0.9408446163765313, "precision_score": 0.9401476672244593}, "time": 0.002}, "RandomForestClassifier": {"clustering": {"adjusted_mutual_info_score": 0.8986636085473156, "adjusted_rand_score": 0.9089028138047966, "completeness_score": 0.9020965220200731, "fowlkes_mallows_score": 0.93179896031931, "homogeneity_score": 0.8986266203069807, "v_measure_score": 0.9003582280016561}, "classification": {"f1_score": 0.9647406659629817, "hamming_loss": 0.035, "jaccard_score": 0.9321148455499862, "accuracy_score": 0.965, "recall_score": 0.9631931012250161, "precision_score": 0.9686551305403764}, "time": 0.1997}, "LinearSVC": {"clustering": {"adjusted_mutual_info_score": 0.7831389702044905, "adjusted_rand_score": 0.7605013548479667, "completeness_score": 0.7954420512411788, "fowlkes_mallows_score": 0.8224093457678383, "homogeneity_score": 0.7783500089991596, "v_measure_score": 0.7868032167443162}, "classification": {"f1_score": 0.8972170353204725, "hamming_loss": 0.1, "jaccard_score": 0.8139382494808065, "accuracy_score": 0.9, "recall_score": 0.8917225884551112, "precision_score": 0.9173980600197639}, "time": 0.009}, "LogisticRegression": {"clustering": {"adjusted_mutual_info_score": 0.7971577232785252, "adjusted_rand_score": 0.7824866436869081, "completeness_score": 0.8074914967862274, "fowlkes_mallows_score": 0.8382999475075007,