{"clustering_alg": {"affinity_propagation": {"clustering": {"adjusted_mutual_info_score": -1.281370601507323e-15, "adjusted_rand_score": 0.0, "completeness_score": 1.0, "fowlkes_mallows_score": 0.4998499474782395, "homogeneity_score": 6.40685300762983e-16, "v_measure_score": 1.2813706015259653e-15}, "classification": {"f1_score": 0.0, "hamming_loss": 1.0, "jaccard_score": 0.0, "accuracy_score": 0.0, "recall_score": 0.0, "precision_score": 0.0}, "found_clusters": 1, "expected_clusters": 4, "time": 152.4206}, "agglomerative": {"clustering": {"adjusted_mutual_info_score": 0.9688594546195952, "adjusted_rand_score": 0.9769336956666063, "completeness_score": 0.9689067531862349, "fowlkes_mallows_score": 0.9826972606814035, "homogeneity_score": 0.9688526261442368, "v_measure_score": 0.9688796889092759}, "classification": {"f1_score": 0.9911993184752228, "hamming_loss": 0.0088, "jaccard_score": 0.9827031089777071, "accuracy_score": 0.9912, "recall_score": 0.9912000000000001, "precision_score": 0.9912747372626145}, "found_clusters": 4, "expected_clusters": 4, "time": 0.716}, "birch": {"clustering": {"adjusted_mutual_info_score": 0.8570721064109494, "adjusted_rand_score": 0.7141631882897822, "completeness_score": 1.0, "fowlkes_mallows_score": 0.8163876493575091, "homogeneity_score": 0.7500000000000001, "v_measure_score": 0.8571428571428573}, "classification": {"f1_score": 0.0, "hamming_loss": 1.0, "jaccard_score": 0.0, "accuracy_score": 0.0, "recall_score": 0.0, "precision_score": 0.0}, "found_clusters": 3, "expected_clusters": 4, "time": 0.162}, "dbscan": {"clustering": {"adjusted_mutual_info_score": 0.8340189311201317, "adjusted_rand_score": 0.7056101025076476, "completeness_score": 0.9503208792777169, "fowlkes_mallows_score": 0.8081135814907907, "homogeneity_score": 0.7432728267833294, "v_measure_score": 0.8341406604949996}, "classification": {"f1_score": 0.6708059899273162, "hamming_loss": 0.253, "jaccard_score": 0.6232675289001088, "accuracy_score": 0.747, "recall_score": 0.747, "precision_score": 0.7123400207540643}, "found_clusters": 4, "expected_clusters": 4, "time": 0.058}, "k_means": {"clustering": {"adjusted_mutual_info_score": 0.9747053922636593, "adjusted_rand_score": 0.9826219374459936, "completeness_score": 0.9747232338167537, "fowlkes_mallows_score": 0.9869638632430435, "homogeneity_score": 0.9747204213525025, "v_measure_score": 0.9747218275825993}, "classification": {"f1_score": 0.9933999735998944, "hamming_loss": 0.0066, "jaccard_score": 0.9869719192327259, "accuracy_score": 0.9934, "recall_score": 0.9934, "precision_score": 0.9934038944623114}, "found_clusters": 4, "expected_clusters": 4, "time": 0.043}, "mini_batch_k_means": {"clustering": {"adjusted_mutual_info_score": 0.9752852140730189, "adjusted_rand_score": 0.9831416768465723, "completeness_score": 0.975301497759968, "fowlkes_mallows_score": 0.9873537310786774, "homogeneity_score": 0.9753010474997328, "v_measure_score": 0.9753012726297984}, "classification": {"f1_score": 0.9935999959039974, "hamming_loss": 0.0064, "jaccard_score": 0.9873617614669741, "accuracy_score": 0.9936, "recall_score": 0.9936, "precision_score": 0.9936006236175965}, "found_clusters": 4, "expected_clusters": 4, "time": 0.03}, "mean_shift": {"clustering": {"adjusted_mutual_info_score": 0.8130867475886786, "adjusted_rand_score": 0.6944226851174866, "completeness_score": 0.9433754431832402, "fowlkes_mallows_score": 0.7999468760677315, "homogeneity_score": 0.71456127601467, "v_measure_score": 0.8131788778621686}, "classification": {"f1_score": 0.015503875968992248, "hamming_loss": 0.984, "jaccard_score": 0.008, "accuracy_score": 0.016, "recall_score": 0.016, "precision_score": 0.015037593984962405}, "found_clusters": 3, "expected_clusters": 4, "time": 6.1539}, "optics": {"clustering": {"adjusted_mutual_info_score": 0.24246320603999372, "adjusted_rand_score": 0.002946543810902697, "completeness_score": 0.19478049617538915, "fowlkes_mallows_score": 0.2648438881431038, "homogeneity_score": 0.4726846005107201, "v_measure_score": 0.2758788181705974}, "classification": {"f1_score": 3.762712593261519e-05, "hamming_loss": 0.9986, "jaccard_score": 1.8918918918918918e-05, "accuracy_score": 0.0014, "recall_score": 1.8918918918918918e-05, "precision_score": 0.0033783783783783786}, "found_clusters": 296, "expected_clusters": 4, "time": 3.4634}, "spectral_clustering": {"clustering": {"adjusted_mutual_info_score": 0.9729296464258623, "adjusted_rand_score": 0.9810652462139282, "completeness_score": 0.9729508290222262, "fowlkes_mallows_score": 0.9857961424131572, "homogeneity_score": 0.9729436421759229, "v_measure_score": 0.9729472355858029}, "classification": {"f1_score": 0.992799926271245, "hamming_loss": 0.0072, "jaccard_score": 0.9858042751373298, "accuracy_score": 0.9928, "recall_score": 0.9928, "precision_score": 0.9928099454953675}, "found_clusters": 4, "expected_clusters": 4, "time": 3.2611}, "gaussian_mixture_model": {"clustering": {"adjusted_mutual_info_score": 0.9729296464258623, "adjusted_rand_score": 0.9810652462139282, "completeness_score": 0.9729508290222262, "fowlkes_mallows_score": 0.9857961424131572, "homogeneity_score": 0.9729436421759229, "v_measure_score": 0.9729472355858029}, "classification": {"f1_score": 0.992799926271245, "hamming_loss": 0.0072, "jaccard_score": 0.9858042751373298, "accuracy_score": 0.9928, "recall_score": 0.9928, "precision_score": 0.9928099454953675}, "found_clusters": 4, "expected_clusters": 4, "time": 0.014}}, "classification_alg": {"KNeighborsClassifier": {"clustering": {"adjusted_mutual_info_score": 0.9633268803639671, "adjusted_rand_score": 0.9708363637902101, "completeness_score": 0.9635617118312683, "fowlkes_mallows_score": 0.9781138988425381, "homogeneity_score": 0.9633312683496039, "v_measure_score": 0.9634464763106884}, "classification": {"f1_score": 0.989145793192036, "hamming_loss": 0.011, "jaccard_score": 0.9787530762920427, "accuracy_score": 0.989, "recall_score": 0.9890827315737052, "precision_score": 0.9893956865922833}, "time": 0.028}, "DecisionTreeClassifier": {"clustering": {"adjusted_mutual_info_score": 0.9540347303618212, "adjusted_rand_score": 0.9631024012081447, "completeness_score": 0.954233517861499, "fowlkes_mallows_score": 0.9723080481134281, "homogeneity_score": 0.954135724657804, "v_measure_score": 0.9541846187539753}, "classification": {"f1_score": 0.9861889418137667, "hamming_loss": 0.014, "jaccard_score": 0.9731205778301887, "accuracy_score": 0.986, "recall_score": 0.9861530440737052, "precision_score": 0.9862854251012146}, "time": 0.003}, "RandomForestClassifier": {"clustering": {"adjusted_mutual_info_score": 0.9545614214182703, "adjusted_rand_score": 0.9631053661935128, "completeness_score": 0.9547993111407965, "fowlkes_mallows_score": 0.972311404792821, "homogeneity_score": 0.9546199033291127, "v_measure_score": 0.9547095988064328}, "classification": {"f1_score": 0.98618679163034, "hamming_loss": 0.014, "jaccard_score": 0.9731166150670794, "accuracy_score": 0.986, "recall_score": 0.9861335906374502, "precision_score": 0.9863763826141143}, "time": 0.225}, "LinearSVC": {"clustering": {"adjusted_mutual_info_score": 0.947201256930672, "adjusted_rand_score": 0.9605545262049411, "completeness_score": 0.9473111258619247, "fowlkes_mallows_score": 0.9703926535185045, "homogeneity_score": 0.9474356982819135, "v_measure_score": 0.947373407976837}, "classification": {"f1_score": 0.985090755344896, "hamming_loss": 0.015, "jaccard_score": 0.9709018379547699, "accuracy_score": 0.985, "recall_score": 0.9852348418824701, "precision_score": 0.9849830174325087}, "time": 0.058}, "LogisticRegression": {"clustering": {"adjusted_mutual_info_score": 0.9590138823328174, "adjusted_rand_score": 0.9682433129384128, "completeness_score": 0.9591666428318976, "fowlkes_mallows_score": 0.9761656383269984, "homogeneity_score": 0.9591284177151845, "v_measure_score": 0.9591475298926925}, "classification": {"f1_score": 0.9881634241245136, "hamming_loss": 0.012,