{"clustering_alg": {"affinity_propagation": {"clustering": {"adjusted_mutual_info_score": 3.234193209528518e-16, "adjusted_rand_score": 0.0, "completeness_score": 1.0, "fowlkes_mallows_score": 0.49985290895034035, "homogeneity_score": 4.805160275646566e-16, "v_measure_score": 9.610320551293128e-16}, "classification": {"f1_score": 0.0, "hamming_loss": 1.0, "jaccard_score": 0.0, "accuracy_score": 0.0, "recall_score": 0.0, "precision_score": 0.0}, "found_clusters": 1, "expected_clusters": 4, "time": 148.6102}, "agglomerative": {"clustering": {"adjusted_mutual_info_score": 0.638562984759701, "adjusted_rand_score": 0.6040776176574784, "completeness_score": 0.6465353881123151, "fowlkes_mallows_score": 0.7064080002863168, "homogeneity_score": 0.6312488035999146, "v_measure_score": 0.6388006564457785}, "classification": {"f1_score": 0.8121503901378075, "hamming_loss": 0.185, "jaccard_score": 0.688105487764913, "accuracy_score": 0.815, "recall_score": 0.8146219756911179, "precision_score": 0.8365110394532761}, "found_clusters": 4, "expected_clusters": 4, "time": 0.6784}, "birch": {"clustering": {"adjusted_mutual_info_score": 0.35755618516993093, "adjusted_rand_score": 0.24320460849717396, "completeness_score": 0.4507638214342103, "fowlkes_mallows_score": 0.5041876645920296, "homogeneity_score": 0.29675155669180275, "v_measure_score": 0.3578919434307562}, "classification": {"f1_score": 0.10486442673133893, "hamming_loss": 0.8358, "jaccard_score": 0.06486333895861565, "accuracy_score": 0.1642, "recall_score": 0.16432612368798105, "precision_score": 0.08048742672830554}, "found_clusters": 3, "expected_clusters": 4, "time": 0.079}, "dbscan": {"clustering": {"adjusted_mutual_info_score": 0.001458638900842092, "adjusted_rand_score": 4.28881381667534e-06, "completeness_score": 0.1756107236215997, "fowlkes_mallows_score": 0.49935642334225105, "homogeneity_score": 0.0010016665730979695, "v_measure_score": 0.0019919711356081683}, "classification": {"f1_score": 0.07975637121333547, "hamming_loss": 0.7512, "jaccard_score": 0.049809809809809806, "accuracy_score": 0.2488, "recall_score": 0.2, "precision_score": 0.049809809809809806}, "found_clusters": 2, "expected_clusters": 4, "time": 0.071}, "k_means": {"clustering": {"adjusted_mutual_info_score": 0.638493366244575, "adjusted_rand_score": 0.613352932593443, "completeness_score": 0.6418096826668434, "fowlkes_mallows_score": 0.7112490600264866, "homogeneity_score": 0.6356785257043047, "v_measure_score": 0.6387293912960722}, "classification": {"f1_score": 0.8290873308633074, "hamming_loss": 0.1716, "jaccard_score": 0.7093030538003778, "accuracy_score": 0.8284, "recall_score": 0.8282946661144848, "precision_score": 0.841508727310619}, "found_clusters": 4, "expected_clusters": 4, "time": 0.075}, "mini_batch_k_means": {"clustering": {"adjusted_mutual_info_score": 0.6278172735479065, "adjusted_rand_score": 0.6196082461266869, "completeness_score": 0.6294214590724376, "fowlkes_mallows_score": 0.7152213696406385, "homogeneity_score": 0.6267036772901977, "v_measure_score": 0.6280596280531401}, "classification": {"f1_score": 0.8323742058363208, "hamming_loss": 0.168, "jaccard_score": 0.7141473410868886, "accuracy_score": 0.832, "recall_score": 0.8319724661584891, "precision_score": 0.8378136879866326}, "found_clusters": 4, "expected_clusters": 4, "time": 0.029}, "mean_shift": {"clustering": {"adjusted_mutual_info_score": 3.234193209528518e-16, "adjusted_rand_score": 0.0, "completeness_score": 1.0, "fowlkes_mallows_score": 0.49985290895034035, "homogeneity_score": 4.805160275646566e-16, "v_measure_score": 9.610320551293128e-16}, "classification": {"f1_score": 0.09961563100576554, "hamming_loss": 0.7512, "jaccard_score": 0.0622, "accuracy_score": 0.2488, "recall_score": 0.25, "precision_score": 0.0622}, "found_clusters": 1, "expected_clusters": 4, "time": 44.3884}, "optics": {"clustering": {"adjusted_mutual_info_score": 0.22616936083784014, "adjusted_rand_score": 0.005406322350295283, "completeness_score": 0.18378284943770593, "fowlkes_mallows_score": 0.2675770491630641, "homogeneity_score": 0.4422640872961285, "v_measure_score": 0.25966281247632866}, "classification": {"f1_score": 2.7418443838801487e-05, "hamming_loss": 0.999, "jaccard_score": 1.3763753430615543e-05, "accuracy_score": 0.001, "recall_score": 1.3774711833028452e-05, "precision_score": 0.0028835063437139563}, "found_clusters": 289, "expected_clusters": 4, "time": 3.2747}, "spectral_clustering": {"clustering": {"adjusted_mutual_info_score": 0.5954195292166579, "adjusted_rand_score": 0.4970956462882123, "completeness_score": 0.6135868555670055, "fowlkes_mallows_score": 0.634617152998633, "homogeneity_score": 0.578807784488485, "v_measure_score": 0.5956901122022268}, "classification": {"f1_score": 0.7938419239859914, "hamming_loss": 0.2162, "jaccard_score": 0.6663764428213362, "accuracy_score": 0.7838, "recall_score": 0.7838343595195154, "precision_score": 0.8585004348318184}, "found_clusters": 4, "expected_clusters": 4, "time": 2.949}, "gaussian_mixture_model": {"clustering": {"adjusted_mutual_info_score": 0.8656090468538605, "adjusted_rand_score": 0.9010975254025934, "completeness_score": 0.8657771762579833, "fowlkes_mallows_score": 0.9258150421494464, "homogeneity_score": 0.8656155920169449, "v_measure_score": 0.8656963765974457}, "classification": {"f1_score": 0.961592711912205, "hamming_loss": 0.0384, "jaccard_score": 0.9264641491736871, "accuracy_score": 0.9616, "recall_score": 0.9616324851197653, "precision_score": 0.9618351971521746}, "found_clusters": 4, "expected_clusters": 4, "time": 0.034}}, "classification_alg": {"KNeighborsClassifier": {"clustering": {"adjusted_mutual_info_score": 0.8744391540608265, "adjusted_rand_score": 0.8996474244883719, "completeness_score": 0.8749742468666093, "fowlkes_mallows_score": 0.9246930466291358, "homogeneity_score": 0.8747230813222129, "v_measure_score": 0.8748486460672558}, "classification": {"f1_score": 0.9609589150802034, "hamming_loss": 0.039, "jaccard_score": 0.925547716044101, "accuracy_score": 0.961, "recall_score": 0.9615550112538065, "precision_score": 0.9616455063926803}, "time": 0.03}, "DecisionTreeClassifier": {"clustering": {"adjusted_mutual_info_score": 0.8179429245425877, "adjusted_rand_score": 0.8590058418330423, "completeness_score": 0.8185200673799716, "fowlkes_mallows_score": 0.8941784518868524, "homogeneity_score": 0.8185530697842824, "v_measure_score": 0.8185365682494727}, "classification": {"f1_score": 0.9452711904581559, "hamming_loss": 0.055, "jaccard_score": 0.8966893589612074, "accuracy_score": 0.945, "recall_score": 0.9452948859209886, "precision_score": 0.9452804839099749}, "time": 0.007}, "RandomForestClassifier": {"clustering": {"adjusted_mutual_info_score": 0.8706093839532483, "adjusted_rand_score": 0.9019685028069528, "completeness_score": 0.8709077496622302, "fowlkes_mallows_score": 0.9264154083718916, "homogeneity_score": 0.8711547704565592, "v_measure_score": 0.8710312425458806}, "classification": {"f1_score": 0.9619875487598213, "hamming_loss": 0.038, "jaccard_score": 0.9271860946158089, "accuracy_score": 0.962, "recall_score": 0.9623908726696446, "precision_score": 0.961872642774029}, "time": 0.3105}, "LinearSVC": {"clustering": {"adjusted_mutual_info_score": 0.6937557466305736, "adjusted_rand_score": 0.6957520052586548, "completeness_score": 0.6953913061114816, "fowlkes_mallows_score": 0.7718488779280286, "homogeneity_score": 0.694120440078429, "v_measure_score": 0.6947552919194171}, "classification": {"f1_score": 0.8714793635339706, "hamming_loss": 0.129, "jaccard_score": 0.7731510556813741, "accuracy_score": 0.871, "recall_score": 0.870959376611693, "precision_score": 0.8735949736573821}, "time": 0.072}, "LogisticRegression": {"clustering": {"adjusted_mutual_info_score": 0.7256883602690524, "adjusted_rand_score": 0.7245135851700889, "completeness_score": 0.7269215351833633, "fowlkes_mallows_score": 0.7933275188657287, "homogeneity_score": 0.7262453187201007,