{"clustering_alg": {"affinity_propagation": {"clustering": {"adjusted_mutual_info_score": -1.281370601507323e-15, "adjusted_rand_score": 0.0, "completeness_score": 1.0, "fowlkes_mallows_score": 0.4998499474782395, "homogeneity_score": 6.40685300762983e-16, "v_measure_score": 1.2813706015259653e-15}, "classification": {"f1_score": 0.0, "hamming_loss": 1.0, "jaccard_score": 0.0, "accuracy_score": 0.0, "recall_score": 0.0, "precision_score": 0.0}, "found_clusters": 1, "expected_clusters": 4, "time": 144.2661}, "agglomerative": {"clustering": {"adjusted_mutual_info_score": 0.8550756122279545, "adjusted_rand_score": 0.8387748422607978, "completeness_score": 0.8556644311767189, "fowlkes_mallows_score": 0.8791224664048497, "homogeneity_score": 0.8546758047972087, "v_measure_score": 0.8551698322595696}, "classification": {"f1_score": 0.9294871794871795, "hamming_loss": 0.0704, "jaccard_score": 0.8764259154219449, "accuracy_score": 0.9296, "recall_score": 0.9296, "precision_score": 0.930756843800322}, "found_clusters": 4, "expected_clusters": 4, "time": 0.654}, "birch": {"clustering": {"adjusted_mutual_info_score": 0.8570721064109494, "adjusted_rand_score": 0.7141631882897822, "completeness_score": 1.0, "fowlkes_mallows_score": 0.8163876493575091, "homogeneity_score": 0.7500000000000001, "v_measure_score": 0.8571428571428573}, "classification": {"f1_score": 0.6666666666666666, "hamming_loss": 0.25, "jaccard_score": 0.625, "accuracy_score": 0.75, "recall_score": 0.75, "precision_score": 0.625}, "found_clusters": 3, "expected_clusters": 4, "time": 0.162}, "dbscan": {"clustering": {"adjusted_mutual_info_score": 0.8297920470131258, "adjusted_rand_score": 0.7039779184103214, "completeness_score": 0.9424852396539938, "fowlkes_mallows_score": 0.8065607363459424, "homogeneity_score": 0.7413686528457746, "v_measure_score": 0.8299164381916877}, "classification": {"f1_score": 0.6704159719596607, "hamming_loss": 0.2544, "jaccard_score": 0.6221890973146187, "accuracy_score": 0.7456, "recall_score": 0.7456, "precision_score": 0.7030914615448944}, "found_clusters": 4, "expected_clusters": 4, "time": 0.048}, "k_means": {"clustering": {"adjusted_mutual_info_score": 0.8994108758519935, "adjusted_rand_score": 0.9018084106512327, "completeness_score": 0.8994795564522207, "fowlkes_mallows_score": 0.9263418277705054, "homogeneity_score": 0.899472912312422, "v_measure_score": 0.8994762343700519}, "classification": {"f1_score": 0.9599995903958056, "hamming_loss": 0.04, "jaccard_score": 0.9259252756128449, "accuracy_score": 0.96, "recall_score": 0.96, "precision_score": 0.960008601952336}, "found_clusters": 4, "expected_clusters": 4, "time": 0.045}, "mini_batch_k_means": {"clustering": {"adjusted_mutual_info_score": 0.8994108758519938, "adjusted_rand_score": 0.9018084106512327, "completeness_score": 0.8994795564522208, "fowlkes_mallows_score": 0.9263418277705054, "homogeneity_score": 0.8994729123124222, "v_measure_score": 0.899476234370052}, "classification": {"f1_score": 0.9599995903958056, "hamming_loss": 0.04, "jaccard_score": 0.9259252756128449, "accuracy_score": 0.96, "recall_score": 0.96, "precision_score": 0.960008601952336}, "found_clusters": 4, "expected_clusters": 4, "time": 0.035}, "mean_shift": {"clustering": {"adjusted_mutual_info_score": 0.8570721064109494, "adjusted_rand_score": 0.7141631882897822, "completeness_score": 1.0, "fowlkes_mallows_score": 0.8163876493575091, "homogeneity_score": 0.7500000000000001, "v_measure_score": 0.8571428571428573}, "classification": {"f1_score": 0.16666666666666666, "hamming_loss": 0.75, "jaccard_score": 0.125, "accuracy_score": 0.25, "recall_score": 0.25, "precision_score": 0.125}, "found_clusters": 3, "expected_clusters": 4, "time": 6.2559}, "optics": {"clustering": {"adjusted_mutual_info_score": 0.22679881337543867, "adjusted_rand_score": 0.0032880070824528964, "completeness_score": 0.18483642693433983, "fowlkes_mallows_score": 0.2667759791933253, "homogeneity_score": 0.4470039111847441, "v_measure_score": 0.2615300125187356}, "classification": {"f1_score": 4.239533651298357e-05, "hamming_loss": 0.9984, "jaccard_score": 2.1333333333333335e-05, "accuracy_score": 0.0016, "recall_score": 2.1333333333333335e-05, "precision_score": 0.0033333333333333335}, "found_clusters": 300, "expected_clusters": 4, "time": 3.7505}, "spectral_clustering": {"clustering": {"adjusted_mutual_info_score": 0.8993898304996406, "adjusted_rand_score": 0.9018077395249533, "completeness_score": 0.8994552024494321, "fowlkes_mallows_score": 0.9263410728582865, "homogeneity_score": 0.8994552024494321, "v_measure_score": 0.8994552024494321}, "classification": {"f1_score": 0.96, "hamming_loss": 0.04, "jaccard_score": 0.925925925925926, "accuracy_score": 0.96, "recall_score": 0.96, "precision_score": 0.96}, "found_clusters": 4, "expected_clusters": 4, "time": 3.6353}, "gaussian_mixture_model": {"clustering": {"adjusted_mutual_info_score": 0.899092931548211, "adjusted_rand_score": 0.9013614642306389, "completeness_score": 0.8991672665310781, "fowlkes_mallows_score": 0.9260069666837601, "homogeneity_score": 0.8991497277443105, "v_measure_score": 0.8991584970521674}, "classification": {"f1_score": 0.9597989129626066, "hamming_loss": 0.0402, "jaccard_score": 0.9255813934361512, "accuracy_score": 0.9598, "recall_score": 0.9598, "precision_score": 0.9598226944226288}, "found_clusters": 4, "expected_clusters": 4, "time": 0.019}}, "classification_alg": {"KNeighborsClassifier": {"clustering": {"adjusted_mutual_info_score": 0.8943509460877189, "adjusted_rand_score": 0.8958898052084869, "completeness_score": 0.8945457062887752, "fowlkes_mallows_score": 0.9218731553175977, "homogeneity_score": 0.8948453445740809, "v_measure_score": 0.8946955003438145}, "classification": {"f1_score": 0.9565598178314941, "hamming_loss": 0.043, "jaccard_score": 0.9200771055753263, "accuracy_score": 0.957, "recall_score": 0.956800091342076, "precision_score": 0.9564129072171663}, "time": 0.027}, "DecisionTreeClassifier": {"clustering": {"adjusted_mutual_info_score": 0.8749480723461954, "adjusted_rand_score": 0.8703938430331822, "completeness_score": 0.8753215331216909, "fowlkes_mallows_score": 0.9027516661894515, "homogeneity_score": 0.8753903875821352, "v_measure_score": 0.8753559589979105}, "classification": {"f1_score": 0.9443916717967116, "hamming_loss": 0.055, "jaccard_score": 0.8999412292981853, "accuracy_score": 0.945, "recall_score": 0.9444362889019378, "precision_score": 0.9443506969919296}, "time": 0.004}, "RandomForestClassifier": {"clustering": {"adjusted_mutual_info_score": 0.8927337112080492, "adjusted_rand_score": 0.8936989711764607, "completeness_score": 0.892911919551316, "fowlkes_mallows_score": 0.9202273178441713, "homogeneity_score": 0.8932552081992939, "v_measure_score": 0.8930835308864838}, "classification": {"f1_score": 0.9555577277096263, "hamming_loss": 0.044, "jaccard_score": 0.9183830500556479, "accuracy_score": 0.956, "recall_score": 0.9558458928687936, "precision_score": 0.9554036458333334}, "time": 0.254}, "LinearSVC": {"clustering": {"adjusted_mutual_info_score": 0.8826890119008277, "adjusted_rand_score": 0.8808323809231395, "completeness_score": 0.8830047586591799, "fowlkes_mallows_score": 0.9105811223335017, "homogeneity_score": 0.8831385221516391, "v_measure_score": 0.883071635339945}, "classification": {"f1_score": 0.9494578951658922, "hamming_loss": 0.05, "jaccard_score": 0.9082167832167831, "accuracy_score": 0.95, "recall_score": 0.9495498140536308, "precision_score": 0.9493807040417209}, "time": 0.061}, "LogisticRegression": {"clustering": {"adjusted_mutual_info_score": 0.8924940281110084, "adjusted_rand_score": 0.8937217216053542, "completeness_score": 0.8927770545375326, "fowlkes_mallows_score": 0.9202527988072406, "homogeneity_score": 0.8929122984030173, "v_measure_score": 0.8928446713487506}, "classification": {"f1_score": 0.9555229477459852, "hamming_loss": 0.044, "jaccard_score": 0.9183291856292366, "accuracy_score": 0.956,