{"clustering_alg": {"affinity_propagation": {"clustering": {"adjusted_mutual_info_score": 0.22836089711938368, "adjusted_rand_score": 0.039334129017114985, "completeness_score": 0.17105460057890284, "fowlkes_mallows_score": 0.14607631172645452, "homogeneity_score": 0.5082455708690665, "v_measure_score": 0.2559626709226102}, "classification": {"f1_score": 0.0034741727301610195, "hamming_loss": 0.969, "jaccard_score": 0.001838677274188364, "accuracy_score": 0.031, "recall_score": 0.001873070615608724, "precision_score": 0.024004329004329007}, "found_clusters": 60, "expected_clusters": 4, "time": 2.9175}, "agglomerative": {"clustering": {"adjusted_mutual_info_score": 0.28872125228641554, "adjusted_rand_score": 0.21189135777180257, "completeness_score": 0.29729567086930475, "fowlkes_mallows_score": 0.4289525844296417, "homogeneity_score": 0.2852300799403036, "v_measure_score": 0.29113792085621665}, "classification": {"f1_score": 0.5642619016808135, "hamming_loss": 0.435, "jaccard_score": 0.3947369232683433, "accuracy_score": 0.565, "recall_score": 0.607644028828654, "precision_score": 0.6250919999044822}, "found_clusters": 4, "expected_clusters": 4, "time": 0.072}, "birch": {"clustering": {"adjusted_mutual_info_score": 0.2691011983240666, "adjusted_rand_score": 0.22927483542386964, "completeness_score": 0.30982745527345085, "fowlkes_mallows_score": 0.4682702818142235, "homogeneity_score": 0.24070082866477172, "v_measure_score": 0.2709242282483187}, "classification": {"f1_score": 0.16830000095251618, "hamming_loss": 0.799, "jaccard_score": 0.09675976359687996, "accuracy_score": 0.201, "recall_score": 0.17707626457069525, "precision_score": 0.1693206561908945}, "found_clusters": 3, "expected_clusters": 4, "time": 0.039}, "dbscan": {"clustering": {"adjusted_mutual_info_score": 0.006345378333654355, "adjusted_rand_score": -0.0006502742253300491, "completeness_score": 0.19815156819127214, "fowlkes_mallows_score": 0.5083230006507499, "homogeneity_score": 0.004588873914134696, "v_measure_score": 0.008970016567736008}, "classification": {"f1_score": 0.08562401263823065, "hamming_loss": 0.729, "jaccard_score": 0.054472361809045224, "accuracy_score": 0.271, "recall_score": 0.2, "precision_score": 0.054472361809045224}, "found_clusters": 2, "expected_clusters": 4, "time": 0.045}, "k_means": {"clustering": {"adjusted_mutual_info_score": 0.3125094204563344, "adjusted_rand_score": 0.2805924739193984, "completeness_score": 0.3129849175998655, "fowlkes_mallows_score": 0.4663448263614853, "homogeneity_score": 0.31660151532341213, "v_measure_score": 0.31478282886558373}, "classification": {"f1_score": 0.6278654050613526, "hamming_loss": 0.371, "jaccard_score": 0.46117261933702003, "accuracy_score": 0.629, "recall_score": 0.668521021434887, "precision_score": 0.6368902450079401}, "found_clusters": 4, "expected_clusters": 4, "time": 0.2465}, "mini_batch_k_means": {"clustering": {"adjusted_mutual_info_score": 0.2629637467543348, "adjusted_rand_score": 0.22014603030402025, "completeness_score": 0.26545026422916984, "fowlkes_mallows_score": 0.42459819128504067, "homogeneity_score": 0.26538136568253573, "v_measure_score": 0.26541581048455776}, "classification": {"f1_score": 0.5162400640245748, "hamming_loss": 0.476, "jaccard_score": 0.3613555283729129, "accuracy_score": 0.524, "recall_score": 0.5750673961054883, "precision_score": 0.5151916881929968}, "found_clusters": 4, "expected_clusters": 4, "time": 0.1395}, "mean_shift": {"clustering": {"adjusted_mutual_info_score": 0.0, "adjusted_rand_score": 0.0, "completeness_score": 1.0, "fowlkes_mallows_score": 0.5113447696745059, "homogeneity_score": 0.0, "v_measure_score": 0.0}, "classification": {"f1_score": 0.10660896931549962, "hamming_loss": 0.729, "jaccard_score": 0.06775, "accuracy_score": 0.271, "recall_score": 0.25, "precision_score": 0.06775}, "found_clusters": 1, "expected_clusters": 4, "time": 13.5804}, "optics": {"clustering": {"adjusted_mutual_info_score": 0.08977225747941693, "adjusted_rand_score": 0.012653810277613706, "completeness_score": 0.1670910382947416, "fowlkes_mallows_score": 0.45393774927027924, "homogeneity_score": 0.09437470400381673, "v_measure_score": 0.12062128783778028}, "classification": {"f1_score": 0.0026798675907718436, "hamming_loss": 0.992, "jaccard_score": 0.001358533352134019, "accuracy_score": 0.008, "recall_score": 0.0013775207606643279, "precision_score": 0.05860805860805861}, "found_clusters": 21, "expected_clusters": 4, "time": 1.8764}, "spectral_clustering": {"clustering": {"adjusted_mutual_info_score": 0.2947687562171793, "adjusted_rand_score": 0.23967740397116297, "completeness_score": 0.294961173755539, "fowlkes_mallows_score": 0.435171915433556, "homogeneity_score": 0.2992644477447798, "v_measure_score": 0.2970972289859637}, "classification": {"f1_score": 0.5586057938405712, "hamming_loss": 0.444, "jaccard_score": 0.398867787181849, "accuracy_score": 0.556, "recall_score": 0.59970104561198, "precision_score": 0.5547024778886828}, "found_clusters": 4, "expected_clusters": 4, "time": 1.1665}, "gaussian_mixture_model": {"clustering": {"adjusted_mutual_info_score": 0.35083177842493085, "adjusted_rand_score": 0.32075066309122646, "completeness_score": 0.35135439958797027, "fowlkes_mallows_score": 0.49660866538109677, "homogeneity_score": 0.354622629081142, "v_measure_score": 0.35298094941134595}, "classification": {"f1_score": 0.6589080415500174, "hamming_loss": 0.338, "jaccard_score": 0.49629203484497936, "accuracy_score": 0.662, "recall_score": 0.7011265464873235, "precision_score": 0.6692401956397351}, "found_clusters": 4, "expected_clusters": 4, "time": 0.032}}, "classification_alg": {"KNeighborsClassifier": {"clustering": {"adjusted_mutual_info_score": 0.39408740972424466, "adjusted_rand_score": 0.3763474011659079, "completeness_score": 0.4043684505795126, "fowlkes_mallows_score": 0.5434671424751745, "homogeneity_score": 0.4047418417249545, "v_measure_score": 0.40455505999528507}, "classification": {"f1_score": 0.7040042536311037, "hamming_loss": 0.3, "jaccard_score": 0.5497635355512067, "accuracy_score": 0.7, "recall_score": 0.720457661247135, "precision_score": 0.698868365648257}, "time": 0.015}, "DecisionTreeClassifier": {"clustering": {"adjusted_mutual_info_score": 0.27261258414925355, "adjusted_rand_score": 0.28792536697842713, "completeness_score": 0.2914152045372521, "fowlkes_mallows_score": 0.4852961387279796, "homogeneity_score": 0.2800004366532333, "v_measure_score": 0.2855938082052646}, "classification": {"f1_score": 0.6380212508096595, "hamming_loss": 0.345, "jaccard_score": 0.47122575505639575, "accuracy_score": 0.655, "recall_score": 0.6261406721933038, "precision_score": 0.6660856244671782}, "time": 0.004}, "RandomForestClassifier": {"clustering": {"adjusted_mutual_info_score": 0.451149202708672, "adjusted_rand_score": 0.4478829217554565, "completeness_score": 0.4612236593191511, "fowlkes_mallows_score": 0.5953737351014644, "homogeneity_score": 0.46012119149301495, "v_measure_score": 0.46067176580761315}, "classification": {"f1_score": 0.7524002044730831, "hamming_loss": 0.25, "jaccard_score": 0.6068842514506689, "accuracy_score": 0.75, "recall_score": 0.7505087505087504, "precision_score": 0.7547588729889239}, "time": 0.4205}, "LinearSVC": {"clustering": {"adjusted_mutual_info_score": 0.3409710252060239, "adjusted_rand_score": 0.3380468749197453, "completeness_score": 0.35414021588618727, "fowlkes_mallows_score": 0.5161321365091851, "homogeneity_score": 0.3508048085335954, "v_measure_score": 0.35246462156464786}, "classification": {"f1_score": 0.6626306864928861, "hamming_loss": 0.325, "jaccard_score": 0.5007837911980249, "accuracy_score": 0.675, "recall_score": 0.6579456118929803, "precision_score": 0.6691603369201011}, "time": 0.009}, "LogisticRegression": {"clustering": {"adjusted_mutual_info_score": 0.38629078378807313, "adjusted_rand_score": 0.3905242774896695, "completeness_score": 0.3986836780048461, "fowlkes_mallows_score": 0.5542624658849995,