{"clustering_alg": {"affinity_propagation": {"clustering": {"adjusted_mutual_info_score": 0.3983529265963743, "adjusted_rand_score": 0.04271536200195645, "completeness_score": 0.26121530432699624, "fowlkes_mallows_score": 0.16558811842391505, "homogeneity_score": 0.913206546103383, "v_measure_score": 0.4062314163626699}, "classification": {"f1_score": 0.0003199570638262737, "hamming_loss": 0.9938, "jaccard_score": 0.00016342970413951624, "accuracy_score": 0.0062, "recall_score": 0.00016365748073065146, "precision_score": 0.00711662075298439}, "found_clusters": 132, "expected_clusters": 4, "time": 52.6603}, "agglomerative": {"clustering": {"adjusted_mutual_info_score": 0.8853984861442438, "adjusted_rand_score": 0.8854678396599327, "completeness_score": 0.8832625831628224, "fowlkes_mallows_score": 0.914418442454689, "homogeneity_score": 0.8876950103755129, "v_measure_score": 0.8854732499364633}, "classification": {"f1_score": 0.9511471046098111, "hamming_loss": 0.0478, "jaccard_score": 0.9102690556375965, "accuracy_score": 0.9522, "recall_score": 0.9566381839812649, "precision_score": 0.9508041898370952}, "found_clusters": 4, "expected_clusters": 4, "time": 1.0423}, "birch": {"clustering": {"adjusted_mutual_info_score": 0.8411372366098876, "adjusted_rand_score": 0.7227701778169011, "completeness_score": 0.9753976969711723, "fowlkes_mallows_score": 0.820945365506182, "homogeneity_score": 0.7394875882778782, "v_measure_score": 0.8412160238931157}, "classification": {"f1_score": 0.1864722507966736, "hamming_loss": 0.711, "jaccard_score": 0.14705045529594557, "accuracy_score": 0.289, "recall_score": 0.25181421491934164, "precision_score": 0.14837693339200397}, "found_clusters": 3, "expected_clusters": 4, "time": 0.089}, "dbscan": {"clustering": {"adjusted_mutual_info_score": 1.7608959564290979e-15, "adjusted_rand_score": 0.0, "completeness_score": 1.0, "fowlkes_mallows_score": 0.5042800607558613, "homogeneity_score": 8.463985727729589e-16, "v_measure_score": 1.6927971455459161e-15}, "classification": {"f1_score": 0.1114996114996115, "hamming_loss": 0.713, "jaccard_score": 0.07175, "accuracy_score": 0.287, "recall_score": 0.25, "precision_score": 0.07175}, "found_clusters": 1, "expected_clusters": 4, "time": 0.321}, "k_means": {"clustering": {"adjusted_mutual_info_score": 0.8054262048440195, "adjusted_rand_score": 0.7831697230914483, "completeness_score": 0.8041796652937989, "fowlkes_mallows_score": 0.8380649721927613, "homogeneity_score": 0.8069315203719003, "v_measure_score": 0.8055532426827053}, "classification": {"f1_score": 0.900665701538784, "hamming_loss": 0.098, "jaccard_score": 0.8292452589782159, "accuracy_score": 0.902, "recall_score": 0.9106132454569045, "precision_score": 0.9081802244093037}, "found_clusters": 4, "expected_clusters": 4, "time": 0.0961}, "mini_batch_k_means": {"clustering": {"adjusted_mutual_info_score": 0.8237241115118351, "adjusted_rand_score": 0.7870847419849172, "completeness_score": 0.8237330416094681, "fowlkes_mallows_score": 0.8412088554819079, "homogeneity_score": 0.8239457570498003, "v_measure_score": 0.8238393855988456}, "classification": {"f1_score": 0.9020126514685354, "hamming_loss": 0.0968, "jaccard_score": 0.8318448078608977, "accuracy_score": 0.9032, "recall_score": 0.9144221646121016, "precision_score": 0.91467770300297}, "found_clusters": 4, "expected_clusters": 4, "time": 0.05}, "mean_shift": {"clustering": {"adjusted_mutual_info_score": 1.7608959564290979e-15, "adjusted_rand_score": 0.0, "completeness_score": 1.0, "fowlkes_mallows_score": 0.5042800607558613, "homogeneity_score": 8.463985727729589e-16, "v_measure_score": 1.6927971455459161e-15}, "classification": {"f1_score": 0.1114996114996115, "hamming_loss": 0.713, "jaccard_score": 0.07175, "accuracy_score": 0.287, "recall_score": 0.25, "precision_score": 0.07175}, "found_clusters": 1, "expected_clusters": 4, "time": 104.3244}, "optics": {"clustering": {"adjusted_mutual_info_score": 0.10792129191925505, "adjusted_rand_score": 0.0033282761849132087, "completeness_score": 0.1807801357062069, "fowlkes_mallows_score": 0.454359852858283, "homogeneity_score": 0.10190074646443383, "v_measure_score": 0.13033517253058438}, "classification": {"f1_score": 0.00017127362981096152, "hamming_loss": 0.9986, "jaccard_score": 8.609052959257682e-05, "accuracy_score": 0.0014, "recall_score": 8.619108747478453e-05, "precision_score": 0.013909774436090226}, "found_clusters": 76, "expected_clusters": 4, "time": 6.9483}, "spectral_clustering": {"clustering": {"adjusted_mutual_info_score": 0.7075238890464493, "adjusted_rand_score": 0.6611191309512513, "completeness_score": 0.7076111354060051, "fowlkes_mallows_score": 0.7473007736951229, "homogeneity_score": 0.7078191901433277, "v_measure_score": 0.707715147483637}, "classification": {"f1_score": 0.8525488402017899, "hamming_loss": 0.15, "jaccard_score": 0.7548963172599513, "accuracy_score": 0.85, "recall_score": 0.860470269902575, "precision_score": 0.8704469587680171}, "found_clusters": 4, "expected_clusters": 4, "time": 4.8093}, "gaussian_mixture_model": {"clustering": {"adjusted_mutual_info_score": 0.9034092970308953, "adjusted_rand_score": 0.904712581701098, "completeness_score": 0.9012740015669171, "fowlkes_mallows_score": 0.9288053855683835, "homogeneity_score": 0.9056813784839846, "v_measure_score": 0.9034723149698453}, "classification": {"f1_score": 0.9598216265171616, "hamming_loss": 0.0392, "jaccard_score": 0.9250357143971475, "accuracy_score": 0.9608, "recall_score": 0.9645141476515477, "precision_score": 0.958581151653414}, "found_clusters": 4, "expected_clusters": 4, "time": 0.044}}, "classification_alg": {"KNeighborsClassifier": {"clustering": {"adjusted_mutual_info_score": 0.9006689091192104, "adjusted_rand_score": 0.9062156076032764, "completeness_score": 0.8995251492286516, "fowlkes_mallows_score": 0.9297926249498137, "homogeneity_score": 0.9024670403646942, "v_measure_score": 0.9009936933646616}, "classification": {"f1_score": 0.9614421400366691, "hamming_loss": 0.038, "jaccard_score": 0.9280929111871735, "accuracy_score": 0.962, "recall_score": 0.9645237665039046, "precision_score": 0.9607005120764517}, "time": 0.048}, "DecisionTreeClassifier": {"clustering": {"adjusted_mutual_info_score": 0.863136903324369, "adjusted_rand_score": 0.8729935112873637, "completeness_score": 0.8635108638853014, "fowlkes_mallows_score": 0.9050450631742062, "homogeneity_score": 0.8636593852275383, "v_measure_score": 0.86358511817066}, "classification": {"f1_score": 0.9457090565076894, "hamming_loss": 0.053, "jaccard_score": 0.9009123882653294, "accuracy_score": 0.947, "recall_score": 0.9458496405027431, "precision_score": 0.9456153324045298}, "time": 0.013}, "RandomForestClassifier": {"clustering": {"adjusted_mutual_info_score": 0.914720023837609, "adjusted_rand_score": 0.921305770744486, "completeness_score": 0.9143429633244831, "fowlkes_mallows_score": 0.9411328970435525, "homogeneity_score": 0.9156562336719692, "v_measure_score": 0.9149991272742474}, "classification": {"f1_score": 0.9671783310678647, "hamming_loss": 0.032, "jaccard_score": 0.9384543516977606, "accuracy_score": 0.968, "recall_score": 0.9681849965038458, "precision_score": 0.9664266605013706}, "time": 0.693}, "LinearSVC": {"clustering": {"adjusted_mutual_info_score": 0.8441772097403654, "adjusted_rand_score": 0.8492494757201051, "completeness_score": 0.8448963533828988, "fowlkes_mallows_score": 0.8873267567941316, "homogeneity_score": 0.8444791310179721, "v_measure_score": 0.8446876906800649}, "classification": {"f1_score": 0.9330072312363086, "hamming_loss": 0.065, "jaccard_score": 0.8811041167554721, "accuracy_score": 0.935, "recall_score": 0.9328336256588341, "precision_score": 0.9332100888387136}, "time": 0.016}, "LogisticRegression": {"clustering": {"adjusted_mutual_info_score": 0.8576262140614834, "adjusted_rand_score": 0.8587626780345334, "completeness_score": 0.8570247999796956, "fowlkes_mallows_score": 0.8942983767398436,