{"clustering_alg": {"affinity_propagation": {"clustering": {"adjusted_mutual_info_score": 0.2559293303461872, "adjusted_rand_score": 0.0192071656551881, "completeness_score": 0.17026583694721373, "fowlkes_mallows_score": 0.10234726701875761, "homogeneity_score": 0.6328816678800021, "v_measure_score": 0.2683395670719777}, "classification": {"f1_score": 0.0003074302201903998, "hamming_loss": 0.9934, "jaccard_score": 0.00015583976126704973, "accuracy_score": 0.0066, "recall_score": 0.00015804022201191352, "precision_score": 0.005762493085008298}, "found_clusters": 174, "expected_clusters": 4, "time": 45.5774}, "agglomerative": {"clustering": {"adjusted_mutual_info_score": 0.36391434164375025, "adjusted_rand_score": 0.3495772579349493, "completeness_score": 0.3663395510715718, "fowlkes_mallows_score": 0.5180347775353353, "homogeneity_score": 0.3623492371443244, "v_measure_score": 0.36433346858974647}, "classification": {"f1_score": 0.6216975186714143, "hamming_loss": 0.368, "jaccard_score": 0.474471476934908, "accuracy_score": 0.632, "recall_score": 0.6328704493435535, "precision_score": 0.6193616614593237}, "found_clusters": 4, "expected_clusters": 4, "time": 1.0825}, "birch": {"clustering": {"adjusted_mutual_info_score": 0.35583851970670793, "adjusted_rand_score": 0.25570615578253564, "completeness_score": 0.44399115702347425, "fowlkes_mallows_score": 0.519255104776426, "homogeneity_score": 0.2973615245585057, "v_measure_score": 0.3561756519481762}, "classification": {"f1_score": 0.2906079309261254, "hamming_loss": 0.6652, "jaccard_score": 0.2286097601493265, "accuracy_score": 0.3348, "recall_score": 0.39488084145035623, "precision_score": 0.2413695805610161}, "found_clusters": 3, "expected_clusters": 4, "time": 0.103}, "dbscan": {"clustering": {"adjusted_mutual_info_score": -4.155893802727263e-16, "adjusted_rand_score": 0.0, "completeness_score": 1.0, "fowlkes_mallows_score": 0.5056365628262393, "homogeneity_score": 1.6153194195714848e-16, "v_measure_score": 3.230638839142969e-16}, "classification": {"f1_score": 0.08732254869593925, "hamming_loss": 0.7884, "jaccard_score": 0.0529, "accuracy_score": 0.2116, "recall_score": 0.25, "precision_score": 0.0529}, "found_clusters": 1, "expected_clusters": 4, "time": 0.287}, "k_means": {"clustering": {"adjusted_mutual_info_score": 0.42339970145743533, "adjusted_rand_score": 0.39686983800679865, "completeness_score": 0.4233286522011059, "fowlkes_mallows_score": 0.5506444771219823, "homogeneity_score": 0.4242265925935588, "v_measure_score": 0.42377714673692357}, "classification": {"f1_score": 0.6674044752527661, "hamming_loss": 0.3288, "jaccard_score": 0.5208823289780673, "accuracy_score": 0.6712, "recall_score": 0.680693972343794, "precision_score": 0.6602692846037641}, "found_clusters": 4, "expected_clusters": 4, "time": 0.259}, "mini_batch_k_means": {"clustering": {"adjusted_mutual_info_score": 0.4300462929398844, "adjusted_rand_score": 0.4187913330714147, "completeness_score": 0.4305806974938581, "fowlkes_mallows_score": 0.5674811424106647, "homogeneity_score": 0.4302592744665684, "v_measure_score": 0.4304199259732632}, "classification": {"f1_score": 0.7125844305773463, "hamming_loss": 0.2844, "jaccard_score": 0.5637800777425225, "accuracy_score": 0.7156, "recall_score": 0.7340967882154057, "precision_score": 0.7122461270070906}, "found_clusters": 4, "expected_clusters": 4, "time": 0.051}, "mean_shift": {"clustering": {"adjusted_mutual_info_score": -4.155893802727263e-16, "adjusted_rand_score": 0.0, "completeness_score": 1.0, "fowlkes_mallows_score": 0.5056365628262393, "homogeneity_score": 1.6153194195714848e-16, "v_measure_score": 3.230638839142969e-16}, "classification": {"f1_score": 0.08732254869593925, "hamming_loss": 0.7884, "jaccard_score": 0.0529, "accuracy_score": 0.2116, "recall_score": 0.25, "precision_score": 0.0529}, "found_clusters": 1, "expected_clusters": 4, "time": 57.1312}, "optics": {"clustering": {"adjusted_mutual_info_score": 0.07690151273890106, "adjusted_rand_score": 0.0015541613899904684, "completeness_score": 0.1345628079494783, "fowlkes_mallows_score": 0.45116452902455667, "homogeneity_score": 0.08022309767026979, "v_measure_score": 0.10051912162270134}, "classification": {"f1_score": 0.0001362323412396629, "hamming_loss": 0.9988, "jaccard_score": 6.840245973276783e-05, "accuracy_score": 0.0012, "recall_score": 6.853928044005943e-05, "precision_score": 0.011573236889692588}, "found_clusters": 79, "expected_clusters": 4, "time": 7.7801}, "spectral_clustering": {"clustering": {"adjusted_mutual_info_score": 0.46959966926267555, "adjusted_rand_score": 0.46905294806904024, "completeness_score": 0.4724377274669987, "fowlkes_mallows_score": 0.6069608016811243, "homogeneity_score": 0.46748651542710223, "v_measure_score": 0.4699490807680546}, "classification": {"f1_score": 0.7584161070552705, "hamming_loss": 0.2434, "jaccard_score": 0.6188456620179859, "accuracy_score": 0.7566, "recall_score": 0.7681305736839537, "precision_score": 0.7664149675787753}, "found_clusters": 4, "expected_clusters": 4, "time": 4.5505}, "gaussian_mixture_model": {"clustering": {"adjusted_mutual_info_score": 0.4560056274501583, "adjusted_rand_score": 0.43234459165295536, "completeness_score": 0.45678319167718584, "fowlkes_mallows_score": 0.5778464873571406, "homogeneity_score": 0.45594245977713077, "v_measure_score": 0.45636243851873115}, "classification": {"f1_score": 0.6804949225122623, "hamming_loss": 0.3124, "jaccard_score": 0.5393238081340539, "accuracy_score": 0.6876, "recall_score": 0.6929086616459286, "precision_score": 0.6740412999254342}, "found_clusters": 4, "expected_clusters": 4, "time": 0.038}}, "classification_alg": {"KNeighborsClassifier": {"clustering": {"adjusted_mutual_info_score": 0.4984075818082807, "adjusted_rand_score": 0.5016051737980424, "completeness_score": 0.49980239275231875, "fowlkes_mallows_score": 0.6287309675047724, "homogeneity_score": 0.5003107914755138, "v_measure_score": 0.500056462893911}, "classification": {"f1_score": 0.782814479307302, "hamming_loss": 0.222, "jaccard_score": 0.6495179415104222, "accuracy_score": 0.778, "recall_score": 0.7904561751601226, "precision_score": 0.7822227062961886}, "time": 0.065}, "DecisionTreeClassifier": {"clustering": {"adjusted_mutual_info_score": 0.4063136716093352, "adjusted_rand_score": 0.4068826128770508, "completeness_score": 0.40849013896956843, "fowlkes_mallows_score": 0.5585208028995263, "homogeneity_score": 0.4080449487387502, "v_measure_score": 0.4082674224911312}, "classification": {"f1_score": 0.7344679491180615, "hamming_loss": 0.272, "jaccard_score": 0.5840792564380499, "accuracy_score": 0.728, "recall_score": 0.7344515803397382, "precision_score": 0.7350570012694073}, "time": 0.02}, "RandomForestClassifier": {"clustering": {"adjusted_mutual_info_score": 0.5386605496792862, "adjusted_rand_score": 0.5493535528264126, "completeness_score": 0.539835127553063, "fowlkes_mallows_score": 0.664238244793082, "homogeneity_score": 0.5405191429402332, "v_measure_score": 0.5401769187079336}, "classification": {"f1_score": 0.809091808378663, "hamming_loss": 0.195, "jaccard_score": 0.6834455867429282, "accuracy_score": 0.805, "recall_score": 0.8144475772765247, "precision_score": 0.8084393365379157}, "time": 0.6569}, "LinearSVC": {"clustering": {"adjusted_mutual_info_score": 0.4819295762945381, "adjusted_rand_score": 0.4811151945466288, "completeness_score": 0.4830323338525313, "fowlkes_mallows_score": 0.6131513426166723, "homogeneity_score": 0.4842318709543331, "v_measure_score": 0.48363135861013795}, "classification": {"f1_score": 0.7690016225813749, "hamming_loss": 0.236, "jaccard_score": 0.6324538790050411, "accuracy_score": 0.764, "recall_score": 0.7747598162071847, "precision_score": 0.7660700699330095}, "time": 0.022}, "LogisticRegression": {"clustering": {"adjusted_mutual_info_score": 0.4801681305733354, "adjusted_rand_score": 0.47132921277881584, "completeness_score": 0.4825012239980122, "fowlkes_mallows_score": 0.6067436469517168,