{"clustering_alg": {"affinity_propagation": {"clustering": {"adjusted_mutual_info_score": 0.0, "adjusted_rand_score": 0.0, "completeness_score": 1.0, "fowlkes_mallows_score": 0.49924868477468143, "homogeneity_score": 0.0, "v_measure_score": 0.0}, "classification": {"f1_score": 0.0, "hamming_loss": 1.0, "jaccard_score": 0.0, "accuracy_score": 0.0, "recall_score": 0.0, "precision_score": 0.0}, "found_clusters": 1, "expected_clusters": 4, "time": 7.3143}, "agglomerative": {"clustering": {"adjusted_mutual_info_score": 0.6719558712108052, "adjusted_rand_score": 0.5875898503321952, "completeness_score": 0.6884127864565912, "fowlkes_mallows_score": 0.6967665230948917, "homogeneity_score": 0.6583577618642104, "v_measure_score": 0.6730499146946125}, "classification": {"f1_score": 0.7591356084996265, "hamming_loss": 0.23, "jaccard_score": 0.6364690528480226, "accuracy_score": 0.77, "recall_score": 0.77, "precision_score": 0.8055810142410702}, "found_clusters": 4, "expected_clusters": 4, "time": 0.032}, "birch": {"clustering": {"adjusted_mutual_info_score": 0.6603298721035544, "adjusted_rand_score": 0.5562481690560674, "completeness_score": 0.7721616998260166, "fowlkes_mallows_score": 0.702777346051713, "homogeneity_score": 0.5780823132497688, "v_measure_score": 0.6611738579332528}, "classification": {"f1_score": 0.004370629370629371, "hamming_loss": 0.995, "jaccard_score": 0.002204585537918871, "accuracy_score": 0.005, "recall_score": 0.005, "precision_score": 0.0038819875776397515}, "found_clusters": 3, "expected_clusters": 4, "time": 0.021}, "dbscan": {"clustering": {"adjusted_mutual_info_score": 0.007058131529664324, "adjusted_rand_score": 9.745065156628946e-05, "completeness_score": 0.13237595344092337, "fowlkes_mallows_score": 0.49484440425638204, "homogeneity_score": 0.004903760214751361, "v_measure_score": 0.009457186594977211}, "classification": {"f1_score": 0.07961321514907332, "hamming_loss": 0.753, "jaccard_score": 0.04969818913480885, "accuracy_score": 0.247, "recall_score": 0.1976, "precision_score": 0.04984863773965691}, "found_clusters": 2, "expected_clusters": 4, "time": 0.008}, "k_means": {"clustering": {"adjusted_mutual_info_score": 0.7617321551423706, "adjusted_rand_score": 0.764577505590832, "completeness_score": 0.7660745349735613, "fowlkes_mallows_score": 0.8240125310591945, "homogeneity_score": 0.7589835624812711, "v_measure_score": 0.7625125634895848}, "classification": {"f1_score": 0.898475868206984, "hamming_loss": 0.099, "jaccard_score": 0.8193719139987757, "accuracy_score": 0.901, "recall_score": 0.901, "precision_score": 0.9087870545331357}, "found_clusters": 4, "expected_clusters": 4, "time": 0.049}, "mini_batch_k_means": {"clustering": {"adjusted_mutual_info_score": 0.7771861169870089, "adjusted_rand_score": 0.7835005057421227, "completeness_score": 0.7806272547990403, "fowlkes_mallows_score": 0.837984055093474, "homogeneity_score": 0.7752215808764621, "v_measure_score": 0.7779150270441577}, "classification": {"f1_score": 0.9084245912219587, "hamming_loss": 0.09, "jaccard_score": 0.8355165770259632, "accuracy_score": 0.91, "recall_score": 0.91, "precision_score": 0.9164014114687016}, "found_clusters": 4, "expected_clusters": 4, "time": 0.024}, "mean_shift": {"clustering": {"adjusted_mutual_info_score": 0.0, "adjusted_rand_score": 0.0, "completeness_score": 1.0, "fowlkes_mallows_score": 0.49924868477468143, "homogeneity_score": 0.0, "v_measure_score": 0.0}, "classification": {"f1_score": 0.1, "hamming_loss": 0.75, "jaccard_score": 0.0625, "accuracy_score": 0.25, "recall_score": 0.25, "precision_score": 0.0625}, "found_clusters": 1, "expected_clusters": 4, "time": 5.1622}, "optics": {"clustering": {"adjusted_mutual_info_score": 0.2915704701763054, "adjusted_rand_score": 0.0191911052113117, "completeness_score": 0.24781216955301327, "fowlkes_mallows_score": 0.26255607791304847, "homogeneity_score": 0.49312003616310934, "v_measure_score": 0.3298578333318125}, "classification": {"f1_score": 0.0006127450980392157, "hamming_loss": 0.995, "jaccard_score": 0.0003125, "accuracy_score": 0.005, "recall_score": 0.0003125, "precision_score": 0.015625}, "found_clusters": 64, "expected_clusters": 4, "time": 0.584}, "spectral_clustering": {"clustering": {"adjusted_mutual_info_score": 0.7213245465572048, "adjusted_rand_score": 0.6948968600499101, "completeness_score": 0.7323573791369977, "fowlkes_mallows_score": 0.773846615976667, "homogeneity_score": 0.7124098939609689, "v_measure_score": 0.7222459319607575}, "classification": {"f1_score": 0.8515616717602152, "hamming_loss": 0.14, "jaccard_score": 0.7528194690375066, "accuracy_score": 0.86, "recall_score": 0.86, "precision_score": 0.880920550038197}, "found_clusters": 4, "expected_clusters": 4, "time": 0.2169}, "gaussian_mixture_model": {"clustering": {"adjusted_mutual_info_score": 0.9512383261288516, "adjusted_rand_score": 0.9682646633548243, "completeness_score": 0.9514397246337362, "fowlkes_mallows_score": 0.9761756644092908, "homogeneity_score": 0.9513548457946857, "v_measure_score": 0.951397283321096}, "classification": {"f1_score": 0.9879851823094262, "hamming_loss": 0.012, "jaccard_score": 0.9762834821428572, "accuracy_score": 0.988, "recall_score": 0.988, "precision_score": 0.9880917813043111}, "found_clusters": 4, "expected_clusters": 4, "time": 0.012}}, "classification_alg": {"KNeighborsClassifier": {"clustering": {"adjusted_mutual_info_score": 0.9640147679455968, "adjusted_rand_score": 0.9735572824419718, "completeness_score": 0.9646129341773574, "fowlkes_mallows_score": 0.9801015228426396, "homogeneity_score": 0.9646129341773574, "v_measure_score": 0.9646129341773574}, "classification": {"f1_score": 0.98989898989899, "hamming_loss": 0.01, "jaccard_score": 0.9802018633540373, "accuracy_score": 0.99, "recall_score": 0.98989898989899, "precision_score": 0.98989898989899}, "time": 0.007}, "DecisionTreeClassifier": {"clustering": {"adjusted_mutual_info_score": 0.9019908036376767, "adjusted_rand_score": 0.9208444289156088, "completeness_score": 0.9046565550174767, "fowlkes_mallows_score": 0.940502805997832, "homogeneity_score": 0.9025900208707291, "v_measure_score": 0.9036221064331137}, "classification": {"f1_score": 0.9699986591579512, "hamming_loss": 0.03, "jaccard_score": 0.9423685465343101, "accuracy_score": 0.97, "recall_score": 0.9687878787878788, "precision_score": 0.9718426263849566}, "time": 0.001}, "RandomForestClassifier": {"clustering": {"adjusted_mutual_info_score": 0.9819725476431015, "adjusted_rand_score": 0.9866355342428397, "completeness_score": 0.9819519996980355, "fowlkes_mallows_score": 0.9899404607292847, "homogeneity_score": 0.982592403543242, "v_measure_score": 0.9822720972409454}, "classification": {"f1_score": 0.9949591692710958, "hamming_loss": 0.005, "jaccard_score": 0.9900197628458498, "accuracy_score": 0.995, "recall_score": 0.9954545454545455, "precision_score": 0.9945652173913043}, "time": 0.134}, "LinearSVC": {"clustering": {"adjusted_mutual_info_score": 0.9459317930930422, "adjusted_rand_score": 0.9600497682331769, "completeness_score": 0.9466142268107777, "fowlkes_mallows_score": 0.9699311025541878, "homogeneity_score": 0.947046480925248, "v_measure_score": 0.9468303045340379}, "classification": {"f1_score": 0.9849177220295233, "hamming_loss": 0.015, "jaccard_score": 0.9704331306990882, "accuracy_score": 0.985, "recall_score": 0.9854545454545455, "precision_score": 0.9848162475822051}, "time": 0.009}, "LogisticRegression": {"clustering": {"adjusted_mutual_info_score": 0.9640860361580992, "adjusted_rand_score": 0.9738056894563591, "completeness_score": 0.9642595497631068, "fowlkes_mallows_score": 0.9802812740649176, "homogeneity_score": 0.96510625166894, "v_measure_score": 0.9646827149285184}, "classification": {"f1_score": 0.9897463868844004, "hamming_loss": 0.01, "jaccard_score": 0.9798162475822051, "accuracy_score": 0.99, "recall_score": 0.9904545454545455, "precision_score": 0.9893617021276596}, "time": 0.011},