{"clustering_alg": {"affinity_propagation": {"clustering": {"adjusted_mutual_info_score": 0.2609693898970726, "adjusted_rand_score": 0.019121100081442577, "completeness_score": 0.17347576898851297, "fowlkes_mallows_score": 0.10188439561648839, "homogeneity_score": 0.6456872541749726, "v_measure_score": 0.2734769265133932}, "classification": {"f1_score": 0.00021073402492408788, "hamming_loss": 0.9956, "jaccard_score": 0.0001073809779478519, "accuracy_score": 0.0044, "recall_score": 0.00010957048370388079, "precision_score": 0.0027465667915106116}, "found_clusters": 178, "expected_clusters": 4, "time": 51.5849}, "agglomerative": {"clustering": {"adjusted_mutual_info_score": 0.35094543131190303, "adjusted_rand_score": 0.32343426376482315, "completeness_score": 0.35608734756195776, "fowlkes_mallows_score": 0.49996075373013543, "homogeneity_score": 0.34678370014073506, "v_measure_score": 0.3513739493593956}, "classification": {"f1_score": 0.6671624031734925, "hamming_loss": 0.3332, "jaccard_score": 0.5022403434731981, "accuracy_score": 0.6668, "recall_score": 0.6748644711010016, "precision_score": 0.6980670448576778}, "found_clusters": 4, "expected_clusters": 4, "time": 1.1175}, "birch": {"clustering": {"adjusted_mutual_info_score": 0.2876772855689577, "adjusted_rand_score": 0.24670881059204444, "completeness_score": 0.3366031952926309, "fowlkes_mallows_score": 0.48453660155894834, "homogeneity_score": 0.2517095878376747, "v_measure_score": 0.28803131253119957}, "classification": {"f1_score": 0.3835651548468351, "hamming_loss": 0.5352, "jaccard_score": 0.2783584944778393, "accuracy_score": 0.4648, "recall_score": 0.4669561345187761, "precision_score": 0.35109509061373845}, "found_clusters": 3, "expected_clusters": 4, "time": 0.093}, "dbscan": {"clustering": {"adjusted_mutual_info_score": 3.183824722928314e-15, "adjusted_rand_score": 0.0, "completeness_score": 1.0, "fowlkes_mallows_score": 0.501768745912771, "homogeneity_score": 9.235134668913718e-16, "v_measure_score": 1.847026933782742e-15}, "classification": {"f1_score": 0.09203655352480418, "hamming_loss": 0.7744, "jaccard_score": 0.0564, "accuracy_score": 0.2256, "recall_score": 0.25, "precision_score": 0.0564}, "found_clusters": 1, "expected_clusters": 4, "time": 0.394}, "k_means": {"clustering": {"adjusted_mutual_info_score": 0.4179764663592176, "adjusted_rand_score": 0.4263196495469375, "completeness_score": 0.4199031595480624, "fowlkes_mallows_score": 0.5721335573998471, "homogeneity_score": 0.4168223572155742, "v_measure_score": 0.4183570866634222}, "classification": {"f1_score": 0.7274529122907416, "hamming_loss": 0.2698, "jaccard_score": 0.5727781173364552, "accuracy_score": 0.7302, "recall_score": 0.7303836696574113, "precision_score": 0.7360836339718158}, "found_clusters": 4, "expected_clusters": 4, "time": 0.275}, "mini_batch_k_means": {"clustering": {"adjusted_mutual_info_score": 0.3576400173629575, "adjusted_rand_score": 0.35794840481019863, "completeness_score": 0.35920142740371586, "fowlkes_mallows_score": 0.5208923132814555, "homogeneity_score": 0.3569255722254455, "v_measure_score": 0.35805988347502415}, "classification": {"f1_score": 0.6782154282072973, "hamming_loss": 0.321, "jaccard_score": 0.5175295234831175, "accuracy_score": 0.679, "recall_score": 0.6792059844458533, "precision_score": 0.6849460131441958}, "found_clusters": 4, "expected_clusters": 4, "time": 0.034}, "mean_shift": {"clustering": {"adjusted_mutual_info_score": 3.183824722928314e-15, "adjusted_rand_score": 0.0, "completeness_score": 1.0, "fowlkes_mallows_score": 0.501768745912771, "homogeneity_score": 9.235134668913718e-16, "v_measure_score": 1.847026933782742e-15}, "classification": {"f1_score": 0.09203655352480418, "hamming_loss": 0.7744, "jaccard_score": 0.0564, "accuracy_score": 0.2256, "recall_score": 0.25, "precision_score": 0.0564}, "found_clusters": 1, "expected_clusters": 4, "time": 46.5078}, "optics": {"clustering": {"adjusted_mutual_info_score": 0.09351207617637304, "adjusted_rand_score": -0.0012735415576994426, "completeness_score": 0.1439144868433297, "fowlkes_mallows_score": 0.4350716038922281, "homogeneity_score": 0.10107219958172454, "v_measure_score": 0.11874729969361249}, "classification": {"f1_score": 0.00014922315201207668, "hamming_loss": 0.9984, "jaccard_score": 7.50328677021767e-05, "accuracy_score": 0.0016, "recall_score": 7.511839539822563e-05, "precision_score": 0.011508951406649617}, "found_clusters": 92, "expected_clusters": 4, "time": 4.5711}, "spectral_clustering": {"clustering": {"adjusted_mutual_info_score": 0.4309807078532199, "adjusted_rand_score": 0.43599577789197774, "completeness_score": 0.4337842001165616, "fowlkes_mallows_score": 0.5800854948810779, "homogeneity_score": 0.4289499684520999, "v_measure_score": 0.4313535402538303}, "classification": {"f1_score": 0.7380731774306288, "hamming_loss": 0.26, "jaccard_score": 0.5852727670184125, "accuracy_score": 0.74, "recall_score": 0.7428543243961472, "precision_score": 0.7514283970949241}, "found_clusters": 4, "expected_clusters": 4, "time": 3.4225}, "gaussian_mixture_model": {"clustering": {"adjusted_mutual_info_score": 0.4692053685913688, "adjusted_rand_score": 0.4792504845090386, "completeness_score": 0.47289918233769523, "fowlkes_mallows_score": 0.6128865741689022, "homogeneity_score": 0.46625515392653594, "v_measure_score": 0.4695536666096161}, "classification": {"f1_score": 0.7585013605378179, "hamming_loss": 0.238, "jaccard_score": 0.6126383144418143, "accuracy_score": 0.762, "recall_score": 0.7627455574634258, "precision_score": 0.7720860388527372}, "found_clusters": 4, "expected_clusters": 4, "time": 0.0356}}, "classification_alg": {"KNeighborsClassifier": {"clustering": {"adjusted_mutual_info_score": 0.48901401387889365, "adjusted_rand_score": 0.5358163419348926, "completeness_score": 0.49061616895596755, "fowlkes_mallows_score": 0.6530750175670177, "homogeneity_score": 0.49075985729812016, "v_measure_score": 0.490688002607967}, "classification": {"f1_score": 0.7986041177483947, "hamming_loss": 0.201, "jaccard_score": 0.6649505444958638, "accuracy_score": 0.799, "recall_score": 0.7998151557218736, "precision_score": 0.7987789989845846}, "time": 0.05}, "DecisionTreeClassifier": {"clustering": {"adjusted_mutual_info_score": 0.38118496672855323, "adjusted_rand_score": 0.42525578111415896, "completeness_score": 0.38317573197746463, "fowlkes_mallows_score": 0.5704618385057605, "homogeneity_score": 0.3832488932546823, "v_measure_score": 0.38321230912416293}, "classification": {"f1_score": 0.7377270829058774, "hamming_loss": 0.261, "jaccard_score": 0.5847009592953545, "accuracy_score": 0.739, "recall_score": 0.7379225592430264, "precision_score": 0.7376410230025423}, "time": 0.017}, "RandomForestClassifier": {"clustering": {"adjusted_mutual_info_score": 0.5169154456504461, "adjusted_rand_score": 0.5711313656448136, "completeness_score": 0.5181512898267948, "fowlkes_mallows_score": 0.6793134920154227, "homogeneity_score": 0.518843538387604, "v_measure_score": 0.5184971830510471}, "classification": {"f1_score": 0.816596303996106, "hamming_loss": 0.183, "jaccard_score": 0.6901115642546114, "accuracy_score": 0.817, "recall_score": 0.8174149702502551, "precision_score": 0.816008360849971}, "time": 0.5884}, "LinearSVC": {"clustering": {"adjusted_mutual_info_score": 0.47609988410389475, "adjusted_rand_score": 0.5259687116585527, "completeness_score": 0.47751779924570154, "fowlkes_mallows_score": 0.6455589820363341, "homogeneity_score": 0.47811325079236405, "v_measure_score": 0.47781533950677657}, "classification": {"f1_score": 0.7953655540840905, "hamming_loss": 0.205, "jaccard_score": 0.6604293362005212, "accuracy_score": 0.795, "recall_score": 0.7961132348558411, "precision_score": 0.7949532655703955}, "time": 0.017}, "LogisticRegression": {"clustering": {"adjusted_mutual_info_score": 0.4840910105794764, "adjusted_rand_score": 0.5354970709927244, "completeness_score": 0.485543684977334, "fowlkes_mallows_score": 0.6527269953132203,