{"clustering_alg": {"affinity_propagation": {"clustering": {"adjusted_mutual_info_score": 0.3439414344153214, "adjusted_rand_score": 0.035361938572680336, "completeness_score": 0.2267248165428815, "fowlkes_mallows_score": 0.14597240909623554, "homogeneity_score": 0.8059009707801732, "v_measure_score": 0.35388957354151773}, "classification": {"f1_score": 0.0, "hamming_loss": 1.0, "jaccard_score": 0.0, "accuracy_score": 0.0, "recall_score": 0.0, "precision_score": 0.0}, "found_clusters": 154, "expected_clusters": 4, "time": 58.9483}, "agglomerative": {"clustering": {"adjusted_mutual_info_score": 0.46766926344941223, "adjusted_rand_score": 0.3865690201361636, "completeness_score": 0.48824492643806183, "fowlkes_mallows_score": 0.5603374678511706, "homogeneity_score": 0.44942158869061344, "v_measure_score": 0.46802953282343357}, "classification": {"f1_score": 0.5519955450164158, "hamming_loss": 0.4476, "jaccard_score": 0.42055283637796465, "accuracy_score": 0.5524, "recall_score": 0.5522923604829746, "precision_score": 0.6136331226395635}, "found_clusters": 4, "expected_clusters": 4, "time": 1.2162}, "birch": {"clustering": {"adjusted_mutual_info_score": 0.26158094646635177, "adjusted_rand_score": 0.20183704794848348, "completeness_score": 0.3167371124035241, "fowlkes_mallows_score": 0.4604773094661238, "homogeneity_score": 0.22333032908501654, "v_measure_score": 0.2619561858850468}, "classification": {"f1_score": 0.1851032469949196, "hamming_loss": 0.7586, "jaccard_score": 0.12381035837111533, "accuracy_score": 0.2414, "recall_score": 0.24115377900020446, "precision_score": 0.1560039760654632}, "found_clusters": 3, "expected_clusters": 4, "time": 0.8995}, "dbscan": {"clustering": {"adjusted_mutual_info_score": 0.18994663812906876, "adjusted_rand_score": 0.04660577509061754, "completeness_score": 0.2977268909499885, "fowlkes_mallows_score": 0.46122474431373356, "homogeneity_score": 0.15149880405091598, "v_measure_score": 0.2008133925314754}, "classification": {"f1_score": 0.013757061563762222, "hamming_loss": 0.9048, "jaccard_score": 0.009400947867298578, "accuracy_score": 0.0952, "recall_score": 0.009512470023980816, "precision_score": 0.049228395061728394}, "found_clusters": 40, "expected_clusters": 4, "time": 0.062}, "k_means": {"clustering": {"adjusted_mutual_info_score": 0.34281625141829464, "adjusted_rand_score": 0.29184878347397697, "completeness_score": 0.3480424092199825, "fowlkes_mallows_score": 0.47575717591709943, "homogeneity_score": 0.33858616286869553, "v_measure_score": 0.34324917034810154}, "classification": {"f1_score": 0.5208321211569413, "hamming_loss": 0.4892, "jaccard_score": 0.3747571021000994, "accuracy_score": 0.5108, "recall_score": 0.5107942565023326, "precision_score": 0.553243584059669}, "found_clusters": 4, "expected_clusters": 4, "time": 0.205}, "mini_batch_k_means": {"clustering": {"adjusted_mutual_info_score": 0.3956285029413506, "adjusted_rand_score": 0.387824952621234, "completeness_score": 0.4004227509044812, "fowlkes_mallows_score": 0.5454392661457367, "homogeneity_score": 0.39172384012646344, "v_measure_score": 0.3960255322292443}, "classification": {"f1_score": 0.68754480278, "hamming_loss": 0.3082, "jaccard_score": 0.5312553860474948, "accuracy_score": 0.6918, "recall_score": 0.6919613568291041, "precision_score": 0.703500548072641}, "found_clusters": 4, "expected_clusters": 4, "time": 0.043}, "mean_shift": {"clustering": {"adjusted_mutual_info_score": -3.1983087760924935e-16, "adjusted_rand_score": 0.0, "completeness_score": 1.0, "fowlkes_mallows_score": 0.49985162831590935, "homogeneity_score": 8.00858567760604e-16, "v_measure_score": 1.6017171355212066e-15}, "classification": {"f1_score": 0.10025583626479055, "hamming_loss": 0.7492, "jaccard_score": 0.0627, "accuracy_score": 0.2508, "recall_score": 0.25, "precision_score": 0.0627}, "found_clusters": 1, "expected_clusters": 4, "time": 45.9847}, "optics": {"clustering": {"adjusted_mutual_info_score": 0.1132203605875885, "adjusted_rand_score": 0.0018281155780045764, "completeness_score": 0.17951179997699812, "fowlkes_mallows_score": 0.4441312714045883, "homogeneity_score": 0.11070281044376175, "v_measure_score": 0.13695010555437265}, "classification": {"f1_score": 0.0001325466542660976, "hamming_loss": 0.9986, "jaccard_score": 6.65537361189535e-05, "accuracy_score": 0.0014, "recall_score": 6.663628768891927e-05, "precision_score": 0.012896825396825396}, "found_clusters": 84, "expected_clusters": 4, "time": 5.4106}, "spectral_clustering": {"clustering": {"adjusted_mutual_info_score": 0.5467218144482643, "adjusted_rand_score": 0.4316994453176204, "completeness_score": 0.5979779029439147, "fowlkes_mallows_score": 0.6090785732299488, "homogeneity_score": 0.5041017907897738, "v_measure_score": 0.5470416221997512}, "classification": {"f1_score": 0.6908465026396913, "hamming_loss": 0.2912, "jaccard_score": 0.5588842909028411, "accuracy_score": 0.7088, "recall_score": 0.7090389185210315, "precision_score": 0.8401597958261209}, "found_clusters": 4, "expected_clusters": 4, "time": 5.8972}, "gaussian_mixture_model": {"clustering": {"adjusted_mutual_info_score": 0.8598175007281005, "adjusted_rand_score": 0.9010313336646443, "completeness_score": 0.8599593635860073, "fowlkes_mallows_score": 0.9257628846233024, "homogeneity_score": 0.8598578236471142, "v_measure_score": 0.8599085906190448}, "classification": {"f1_score": 0.9614829118336922, "hamming_loss": 0.0384, "jaccard_score": 0.9262274998075142, "accuracy_score": 0.9616, "recall_score": 0.9616032889120767, "precision_score": 0.961528020009127}, "found_clusters": 4, "expected_clusters": 4, "time": 0.114}}, "classification_alg": {"KNeighborsClassifier": {"clustering": {"adjusted_mutual_info_score": 0.7905257787168549, "adjusted_rand_score": 0.8275487897532121, "completeness_score": 0.7912167489371001, "fowlkes_mallows_score": 0.870631038658241, "homogeneity_score": 0.7912016365366297, "v_measure_score": 0.7912091926647017}, "classification": {"f1_score": 0.9321653656056292, "hamming_loss": 0.068, "jaccard_score": 0.8736966893577669, "accuracy_score": 0.932, "recall_score": 0.9334985606625436, "precision_score": 0.9328829883102829}, "time": 0.048}, "DecisionTreeClassifier": {"clustering": {"adjusted_mutual_info_score": 0.6081586907938281, "adjusted_rand_score": 0.6652341677312628, "completeness_score": 0.6094238219020103, "fowlkes_mallows_score": 0.748857936325212, "homogeneity_score": 0.6094502596397794, "v_measure_score": 0.6094370404841737}, "classification": {"f1_score": 0.8610414533892694, "hamming_loss": 0.139, "jaccard_score": 0.7573000109624141, "accuracy_score": 0.861, "recall_score": 0.8613715509853535, "precision_score": 0.8609539976064449}, "time": 0.0171}, "RandomForestClassifier": {"clustering": {"adjusted_mutual_info_score": 0.7578327908049632, "adjusted_rand_score": 0.7994787484315151, "completeness_score": 0.7586806165306343, "fowlkes_mallows_score": 0.8495827862823553, "homogeneity_score": 0.7585652326087154, "v_measure_score": 0.758622920182301}, "classification": {"f1_score": 0.9203664778546191, "hamming_loss": 0.08, "jaccard_score": 0.8536609890529115, "accuracy_score": 0.92, "recall_score": 0.9209615066636822, "precision_score": 0.9206760973728736}, "time": 0.701}, "LinearSVC": {"clustering": {"adjusted_mutual_info_score": 0.5262440207641127, "adjusted_rand_score": 0.5660606033646352, "completeness_score": 0.5290756333232874, "fowlkes_mallows_score": 0.6751867940684393, "homogeneity_score": 0.5265175490857416, "v_measure_score": 0.5277934916226512}, "classification": {"f1_score": 0.80373360601255, "hamming_loss": 0.193, "jaccard_score": 0.6760869721275736, "accuracy_score": 0.807, "recall_score": 0.8052015543100768, "precision_score": 0.8058025594665672}, "time": 0.278}, "LogisticRegression": {"clustering": {"adjusted_mutual_info_score": 0.5362122426075681, "adjusted_rand_score": 0.5764099916855467, "completeness_score": 0.5382555418292658, "fowlkes_mallows_score": 0.6825178450590377,