{"clustering_alg": {"affinity_propagation": {"clustering": {"adjusted_mutual_info_score": 0.265751140553864, "adjusted_rand_score": 0.07301501426596282, "completeness_score": 0.198289382424937, "fowlkes_mallows_score": 0.20090742791595484, "homogeneity_score": 0.4709961315384695, "v_measure_score": 0.27908427748341746}, "classification": {"f1_score": 0.012462885434139282, "hamming_loss": 0.942, "jaccard_score": 0.006898001075216265, "accuracy_score": 0.058, "recall_score": 0.007659202497204652, "precision_score": 0.035912801222048006}, "found_clusters": 28, "expected_clusters": 4, "time": 4.2067}, "agglomerative": {"clustering": {"adjusted_mutual_info_score": 0.33375915655363386, "adjusted_rand_score": 0.24580280122492476, "completeness_score": 0.3400384418115775, "fowlkes_mallows_score": 0.4462287644067281, "homogeneity_score": 0.33202438062633194, "v_measure_score": 0.33598362909611096}, "classification": {"f1_score": 0.5658960705935742, "hamming_loss": 0.438, "jaccard_score": 0.40594524725148246, "accuracy_score": 0.562, "recall_score": 0.5888524815529587, "precision_score": 0.6049243882887422}, "found_clusters": 4, "expected_clusters": 4, "time": 0.035}, "birch": {"clustering": {"adjusted_mutual_info_score": 0.3131030156717031, "adjusted_rand_score": 0.2033163003349478, "completeness_score": 0.3872638506870953, "fowlkes_mallows_score": 0.48088178424459377, "homogeneity_score": 0.26531688233433637, "v_measure_score": 0.3148963256373543}, "classification": {"f1_score": 0.059872981093599155, "hamming_loss": 0.939, "jaccard_score": 0.031794700372299166, "accuracy_score": 0.061, "recall_score": 0.05439595285485696, "precision_score": 0.0735264241112111}, "found_clusters": 3, "expected_clusters": 4, "time": 0.019}, "dbscan": {"clustering": {"adjusted_mutual_info_score": -1.2961996963046149e-17, "adjusted_rand_score": 0.0, "completeness_score": 1.0, "fowlkes_mallows_score": 0.5066603445156377, "homogeneity_score": 0.0, "v_measure_score": 0.0}, "classification": {"f1_score": 0.1062992125984252, "hamming_loss": 0.73, "jaccard_score": 0.0675, "accuracy_score": 0.27, "recall_score": 0.25, "precision_score": 0.0675}, "found_clusters": 1, "expected_clusters": 4, "time": 0.023}, "k_means": {"clustering": {"adjusted_mutual_info_score": 0.31279779136578095, "adjusted_rand_score": 0.22952249303548486, "completeness_score": 0.3145814868740609, "fowlkes_mallows_score": 0.4266561657413051, "homogeneity_score": 0.3155419942087372, "v_measure_score": 0.31506100848302665}, "classification": {"f1_score": 0.5592511011272437, "hamming_loss": 0.448, "jaccard_score": 0.3980591739653265, "accuracy_score": 0.552, "recall_score": 0.5695462008106305, "precision_score": 0.5769169064763269}, "found_clusters": 4, "expected_clusters": 4, "time": 0.0629}, "mini_batch_k_means": {"clustering": {"adjusted_mutual_info_score": 0.29522067161367527, "adjusted_rand_score": 0.23721291097349673, "completeness_score": 0.2960177333377396, "fowlkes_mallows_score": 0.4305140516126749, "homogeneity_score": 0.299064237097371, "v_measure_score": 0.297533186976625}, "classification": {"f1_score": 0.5568291831118177, "hamming_loss": 0.444, "jaccard_score": 0.4014457947167904, "accuracy_score": 0.556, "recall_score": 0.5655430656796672, "precision_score": 0.5586557589709764}, "found_clusters": 4, "expected_clusters": 4, "time": 0.0279}, "mean_shift": {"clustering": {"adjusted_mutual_info_score": -1.2961996963046149e-17, "adjusted_rand_score": 0.0, "completeness_score": 1.0, "fowlkes_mallows_score": 0.5066603445156377, "homogeneity_score": 0.0, "v_measure_score": 0.0}, "classification": {"f1_score": 0.1062992125984252, "hamming_loss": 0.73, "jaccard_score": 0.0675, "accuracy_score": 0.27, "recall_score": 0.25, "precision_score": 0.0675}, "found_clusters": 1, "expected_clusters": 4, "time": 8.3486}, "optics": {"clustering": {"adjusted_mutual_info_score": 0.13934921427777203, "adjusted_rand_score": 0.005281460358344354, "completeness_score": 0.1407698680143232, "fowlkes_mallows_score": 0.273691621053853, "homogeneity_score": 0.2633217621385028, "v_measure_score": 0.18346219983580034}, "classification": {"f1_score": 0.0022643102205352887, "hamming_loss": 0.984, "jaccard_score": 0.0011640290164884248, "accuracy_score": 0.016, "recall_score": 0.0011771126903840677, "precision_score": 0.03123026398888468}, "found_clusters": 58, "expected_clusters": 4, "time": 0.8582}, "spectral_clustering": {"clustering": {"adjusted_mutual_info_score": 0.24980945519123637, "adjusted_rand_score": 0.15878738620065402, "completeness_score": 0.25744810362262144, "fowlkes_mallows_score": 0.3859075766581306, "homogeneity_score": 0.24742055283765244, "v_measure_score": 0.25233474611758305}, "classification": {"f1_score": 0.5076030528601905, "hamming_loss": 0.5, "jaccard_score": 0.34477467614409285, "accuracy_score": 0.5, "recall_score": 0.5164396552517994, "precision_score": 0.5739401796125838}, "found_clusters": 4, "expected_clusters": 4, "time": 0.187}, "gaussian_mixture_model": {"clustering": {"adjusted_mutual_info_score": 0.32634083460761365, "adjusted_rand_score": 0.2225691264410365, "completeness_score": 0.3325084980229565, "fowlkes_mallows_score": 0.42939806836235594, "homogeneity_score": 0.32476215062874647, "v_measure_score": 0.32858967654127835}, "classification": {"f1_score": 0.5166145337999555, "hamming_loss": 0.488, "jaccard_score": 0.3574978627714517, "accuracy_score": 0.512, "recall_score": 0.5465388967601527, "precision_score": 0.5477403855955528}, "found_clusters": 4, "expected_clusters": 4, "time": 0.023}}, "classification_alg": {"KNeighborsClassifier": {"clustering": {"adjusted_mutual_info_score": 0.32417516185114514, "adjusted_rand_score": 0.29638340588180745, "completeness_score": 0.3345766737660643, "fowlkes_mallows_score": 0.48431474311662825, "homogeneity_score": 0.33710580975987464, "v_measure_score": 0.335836480191072}, "classification": {"f1_score": 0.6283717243701832, "hamming_loss": 0.355, "jaccard_score": 0.46565701740120347, "accuracy_score": 0.645, "recall_score": 0.6442693108335549, "precision_score": 0.6275078369905956}, "time": 0.007}, "DecisionTreeClassifier": {"clustering": {"adjusted_mutual_info_score": 0.23115148912542688, "adjusted_rand_score": 0.20644965585883795, "completeness_score": 0.2425953504370446, "fowlkes_mallows_score": 0.41671993093598986, "homogeneity_score": 0.24614233437873664, "v_measure_score": 0.2443559713980693}, "classification": {"f1_score": 0.537003408268553, "hamming_loss": 0.44, "jaccard_score": 0.37902725632143375, "accuracy_score": 0.56, "recall_score": 0.5489214769750579, "precision_score": 0.5338830513893733}, "time": 0.002}, "RandomForestClassifier": {"clustering": {"adjusted_mutual_info_score": 0.29997618578603, "adjusted_rand_score": 0.26833924174520957, "completeness_score": 0.3088682855603437, "fowlkes_mallows_score": 0.4611844059542771, "homogeneity_score": 0.31510008818560603, "v_measure_score": 0.3119530672156378}, "classification": {"f1_score": 0.5941449377325605, "hamming_loss": 0.39, "jaccard_score": 0.4323913399148798, "accuracy_score": 0.61, "recall_score": 0.6227022116978601, "precision_score": 0.598498198621554}, "time": 0.2121}, "LinearSVC": {"clustering": {"adjusted_mutual_info_score": 0.2984723063264751, "adjusted_rand_score": 0.25373348296092724, "completeness_score": 0.3204802566875378, "fowlkes_mallows_score": 0.4684454869198208, "homogeneity_score": 0.3022573250794927, "v_measure_score": 0.3111021655455605}, "classification": {"f1_score": 0.49751286043232046, "hamming_loss": 0.475, "jaccard_score": 0.3599743279975838, "accuracy_score": 0.525, "recall_score": 0.5738839483441529, "precision_score": 0.4758666329987584}, "time": 0.006}, "LogisticRegression": {"clustering": {"adjusted_mutual_info_score": 0.2856266457872655, "adjusted_rand_score": 0.23682190101393852, "completeness_score": 0.2970552417941229, "fowlkes_mallows_score": 0.4405999269699424, "homogeneity_score": 0.29889306907494206, "v_measure_score": 0.2979713216240723},