{"clustering_alg": {"affinity_propagation": {"clustering": {"adjusted_mutual_info_score": -1.281370601507323e-15, "adjusted_rand_score": 0.0, "completeness_score": 1.0, "fowlkes_mallows_score": 0.4998499474782395, "homogeneity_score": 6.40685300762983e-16, "v_measure_score": 1.2813706015259653e-15}, "classification": {"f1_score": 0.0, "hamming_loss": 1.0, "jaccard_score": 0.0, "accuracy_score": 0.0, "recall_score": 0.0, "precision_score": 0.0}, "found_clusters": 1, "expected_clusters": 4, "time": 145.571}, "agglomerative": {"clustering": {"adjusted_mutual_info_score": 0.8164552085909863, "adjusted_rand_score": 0.7972531162207679, "completeness_score": 0.817475763308981, "fowlkes_mallows_score": 0.8480679795707713, "homogeneity_score": 0.8156754210176049, "v_measure_score": 0.8165745998386396}, "classification": {"f1_score": 0.9090408244372249, "hamming_loss": 0.091, "jaccard_score": 0.8446818563109558, "accuracy_score": 0.909, "recall_score": 0.909, "precision_score": 0.9116014933510155}, "found_clusters": 4, "expected_clusters": 4, "time": 0.6745}, "birch": {"clustering": {"adjusted_mutual_info_score": 0.8288697476175698, "adjusted_rand_score": 0.695080887548975, "completeness_score": 0.9689248856232866, "fowlkes_mallows_score": 0.8035209140244106, "homogeneity_score": 0.7243197775019969, "v_measure_score": 0.8289545779821892}, "classification": {"f1_score": 0.4123757654832443, "hamming_loss": 0.5056, "jaccard_score": 0.3674318251326342, "accuracy_score": 0.4944, "recall_score": 0.4944, "precision_score": 0.37299574977443295}, "found_clusters": 3, "expected_clusters": 4, "time": 0.157}, "dbscan": {"clustering": {"adjusted_mutual_info_score": 0.5604770152739172, "adjusted_rand_score": 0.3286998278580406, "completeness_score": 0.9265182806101118, "fowlkes_mallows_score": 0.626464005127278, "homogeneity_score": 0.4020309770469242, "v_measure_score": 0.5607455613086155}, "classification": {"f1_score": 0.09983935742971888, "hamming_loss": 0.7514, "jaccard_score": 0.06652394969226652, "accuracy_score": 0.2486, "recall_score": 0.19888, "precision_score": 0.06664879356568365}, "found_clusters": 3, "expected_clusters": 4, "time": 0.051}, "k_means": {"clustering": {"adjusted_mutual_info_score": 0.8230035777759154, "adjusted_rand_score": 0.8091706893590058, "completeness_score": 0.8231267599745247, "fowlkes_mallows_score": 0.8568507003537282, "homogeneity_score": 0.8231104066182836, "v_measure_score": 0.823118583215179}, "classification": {"f1_score": 0.9158198912171972, "hamming_loss": 0.0844, "jaccard_score": 0.8546829600948391, "accuracy_score": 0.9156, "recall_score": 0.9156, "precision_score": 0.9160652491911678}, "found_clusters": 4, "expected_clusters": 4, "time": 0.083}, "mini_batch_k_means": {"clustering": {"adjusted_mutual_info_score": 0.8198840885774695, "adjusted_rand_score": 0.8050652694991262, "completeness_score": 0.82008660594725, "fowlkes_mallows_score": 0.8537838774145209, "homogeneity_score": 0.819915675927388, "v_measure_score": 0.8200011320296877}, "classification": {"f1_score": 0.9133095915331524, "hamming_loss": 0.0868, "jaccard_score": 0.8509672909036765, "accuracy_score": 0.9132, "recall_score": 0.9132, "precision_score": 0.9136597686605377}, "found_clusters": 4, "expected_clusters": 4, "time": 0.029}, "mean_shift": {"clustering": {"adjusted_mutual_info_score": 0.5620213619512873, "adjusted_rand_score": 0.3313450710841899, "completeness_score": 0.9697325664689493, "fowlkes_mallows_score": 0.6299103393293638, "homogeneity_score": 0.3958015450111899, "v_measure_score": 0.5621560747977828}, "classification": {"f1_score": 0.12540128410914927, "hamming_loss": 0.75, "jaccard_score": 0.08369041242635243, "accuracy_score": 0.25, "recall_score": 0.25, "precision_score": 0.08369041242635243}, "found_clusters": 2, "expected_clusters": 4, "time": 16.0993}, "optics": {"clustering": {"adjusted_mutual_info_score": 0.2110966162257059, "adjusted_rand_score": 0.0026793063144174016, "completeness_score": 0.17397312826423397, "fowlkes_mallows_score": 0.26562494135538106, "homogeneity_score": 0.4221863409374758, "v_measure_score": 0.24640748738479462}, "classification": {"f1_score": 5.815490351572827e-05, "hamming_loss": 0.9978, "jaccard_score": 2.9333333333333336e-05, "accuracy_score": 0.0022, "recall_score": 2.9333333333333336e-05, "precision_score": 0.0033333333333333335}, "found_clusters": 300, "expected_clusters": 4, "time": 4.061}, "spectral_clustering": {"clustering": {"adjusted_mutual_info_score": 0.8244250987400132, "adjusted_rand_score": 0.8111637840426636, "completeness_score": 0.824688645406817, "fowlkes_mallows_score": 0.8583684706925625, "homogeneity_score": 0.8243898090772902, "v_measure_score": 0.8245392001653697}, "classification": {"f1_score": 0.9172882032555647, "hamming_loss": 0.083, "jaccard_score": 0.8567493588007671, "accuracy_score": 0.917, "recall_score": 0.917, "precision_score": 0.9179971906611116}, "found_clusters": 4, "expected_clusters": 4, "time": 3.5939}, "gaussian_mixture_model": {"clustering": {"adjusted_mutual_info_score": 0.8215191369776308, "adjusted_rand_score": 0.8089037649269155, "completeness_score": 0.8216365764365673, "fowlkes_mallows_score": 0.8566493905420024, "homogeneity_score": 0.8216336355687636, "v_measure_score": 0.8216351060000339}, "classification": {"f1_score": 0.9154940497762355, "hamming_loss": 0.0846, "jaccard_score": 0.8541121491362047, "accuracy_score": 0.9154, "recall_score": 0.9154, "precision_score": 0.9155926861743973}, "found_clusters": 4, "expected_clusters": 4, "time": 0.024}}, "classification_alg": {"KNeighborsClassifier": {"clustering": {"adjusted_mutual_info_score": 0.8078057674554026, "adjusted_rand_score": 0.7948473238946255, "completeness_score": 0.8081062812713687, "fowlkes_mallows_score": 0.8461866661892256, "homogeneity_score": 0.8087603758810384, "v_measure_score": 0.8084331962709957}, "classification": {"f1_score": 0.9043808956769911, "hamming_loss": 0.094, "jaccard_score": 0.8376629502755897, "accuracy_score": 0.906, "recall_score": 0.9048592488304877, "precision_score": 0.9041558786235466}, "time": 0.029}, "DecisionTreeClassifier": {"clustering": {"adjusted_mutual_info_score": 0.7688284534816235, "adjusted_rand_score": 0.735777150385443, "completeness_score": 0.7692288764491773, "fowlkes_mallows_score": 0.8018889268010685, "homogeneity_score": 0.7699376149374757, "v_measure_score": 0.7695830825172674}, "classification": {"f1_score": 0.8634858846416584, "hamming_loss": 0.134, "jaccard_score": 0.7828441458331351, "accuracy_score": 0.866, "recall_score": 0.8641144110723757, "precision_score": 0.8633014316837846}, "time": 0.005}, "RandomForestClassifier": {"clustering": {"adjusted_mutual_info_score": 0.8073149834992496, "adjusted_rand_score": 0.7932782113794503, "completeness_score": 0.8075008474759996, "fowlkes_mallows_score": 0.8449903169699584, "homogeneity_score": 0.8083874817826688, "v_measure_score": 0.8079439213822052}, "classification": {"f1_score": 0.9034484034484034, "hamming_loss": 0.095, "jaccard_score": 0.8363280529422615, "accuracy_score": 0.905, "recall_score": 0.9043899541134055, "precision_score": 0.9033322450760367}, "time": 0.29}, "LinearSVC": {"clustering": {"adjusted_mutual_info_score": 0.8143779407996368, "adjusted_rand_score": 0.7891266954819984, "completeness_score": 0.817108362293408, "fowlkes_mallows_score": 0.8423372640712421, "homogeneity_score": 0.8128742070003967, "v_measure_score": 0.8149857851797968}, "classification": {"f1_score": 0.8991171558100692, "hamming_loss": 0.098, "jaccard_score": 0.8297459252157239, "accuracy_score": 0.902, "recall_score": 0.904649369804237, "precision_score": 0.9070396211353658}, "time": 0.108}, "LogisticRegression": {"clustering": {"adjusted_mutual_info_score": 0.8217344620047334, "adjusted_rand_score": 0.8169531790700604, "completeness_score": 0.821922157449837, "fowlkes_mallows_score": 0.8627516325261193, "homogeneity_score": 0.8227109706848262, "v_measure_score": 0.8223163748986018},