{"clustering_alg": {"affinity_propagation": {"clustering": {"adjusted_mutual_info_score": 0.33981096506268743, "adjusted_rand_score": 0.09362793381392741, "completeness_score": 0.2486132253209049, "fowlkes_mallows_score": 0.22886612308446028, "homogeneity_score": 0.6050377343823709, "v_measure_score": 0.3524165957429239}, "classification": {"f1_score": 0.007689588855969645, "hamming_loss": 0.972, "jaccard_score": 0.0043123091378905335, "accuracy_score": 0.028, "recall_score": 0.0045592573312510844, "precision_score": 0.024538911381016645}, "found_clusters": 30, "expected_clusters": 4, "time": 5.7678}, "agglomerative": {"clustering": {"adjusted_mutual_info_score": 0.5309491033675635, "adjusted_rand_score": 0.4550834155115186, "completeness_score": 0.5562768591809311, "fowlkes_mallows_score": 0.6072829564922378, "homogeneity_score": 0.5107820937962789, "v_measure_score": 0.5325596267574212}, "classification": {"f1_score": 0.674513937616323, "hamming_loss": 0.295, "jaccard_score": 0.5331574799246748, "accuracy_score": 0.705, "recall_score": 0.7363580127034552, "precision_score": 0.7581353743380104}, "found_clusters": 4, "expected_clusters": 4, "time": 0.0432}, "birch": {"clustering": {"adjusted_mutual_info_score": 0.3446472267773892, "adjusted_rand_score": 0.27154619548675685, "completeness_score": 0.5389677079327694, "fowlkes_mallows_score": 0.5619868259862592, "homogeneity_score": 0.2543695678165137, "v_measure_score": 0.345620928512231}, "classification": {"f1_score": 0.09811985898942421, "hamming_loss": 0.833, "jaccard_score": 0.06103801169590643, "accuracy_score": 0.167, "recall_score": 0.20465686274509803, "precision_score": 0.06452859350850078}, "found_clusters": 2, "expected_clusters": 4, "time": 0.019}, "dbscan": {"clustering": {"adjusted_mutual_info_score": -2.6340746828537107e-16, "adjusted_rand_score": 0.0, "completeness_score": 1.0, "fowlkes_mallows_score": 0.5044744735806704, "homogeneity_score": 0.0, "v_measure_score": 0.0}, "classification": {"f1_score": 0.08471760797342193, "hamming_loss": 0.796, "jaccard_score": 0.051, "accuracy_score": 0.204, "recall_score": 0.25, "precision_score": 0.051}, "found_clusters": 1, "expected_clusters": 4, "time": 0.021}, "k_means": {"clustering": {"adjusted_mutual_info_score": 0.49531292395412446, "adjusted_rand_score": 0.42737828231920616, "completeness_score": 0.5054994974543029, "fowlkes_mallows_score": 0.5793203811511435, "homogeneity_score": 0.48878139740495014, "v_measure_score": 0.49699989616755097}, "classification": {"f1_score": 0.6997177206007057, "hamming_loss": 0.288, "jaccard_score": 0.5509195383415765, "accuracy_score": 0.712, "recall_score": 0.7402607479097694, "precision_score": 0.7360199429051724}, "found_clusters": 4, "expected_clusters": 4, "time": 0.043}, "mini_batch_k_means": {"clustering": {"adjusted_mutual_info_score": 0.5162625593237947, "adjusted_rand_score": 0.43676850584403787, "completeness_score": 0.5284584313853882, "fowlkes_mallows_score": 0.5874808106696878, "homogeneity_score": 0.5077258813644203, "v_measure_score": 0.5178847421991235}, "classification": {"f1_score": 0.7012588605577181, "hamming_loss": 0.285, "jaccard_score": 0.55376040702549, "accuracy_score": 0.715, "recall_score": 0.7464934632770561, "precision_score": 0.7433587319864539}, "found_clusters": 4, "expected_clusters": 4, "time": 0.026}, "mean_shift": {"clustering": {"adjusted_mutual_info_score": -2.6340746828537107e-16, "adjusted_rand_score": 0.0, "completeness_score": 1.0, "fowlkes_mallows_score": 0.5044744735806704, "homogeneity_score": 0.0, "v_measure_score": 0.0}, "classification": {"f1_score": 0.08471760797342193, "hamming_loss": 0.796, "jaccard_score": 0.051, "accuracy_score": 0.204, "recall_score": 0.25, "precision_score": 0.051}, "found_clusters": 1, "expected_clusters": 4, "time": 7.8669}, "optics": {"clustering": {"adjusted_mutual_info_score": 0.1837326556500812, "adjusted_rand_score": 0.023562253084310106, "completeness_score": 0.17150075847925197, "fowlkes_mallows_score": 0.2716984017687906, "homogeneity_score": 0.3408940362503517, "v_measure_score": 0.22819742268787413}, "classification": {"f1_score": 0.0015694776714513558, "hamming_loss": 0.988, "jaccard_score": 0.0008081035708483651, "accuracy_score": 0.012, "recall_score": 0.0008348704799254875, "precision_score": 0.016462053571428572}, "found_clusters": 64, "expected_clusters": 4, "time": 0.6911}, "spectral_clustering": {"clustering": {"adjusted_mutual_info_score": 0.3875169922771676, "adjusted_rand_score": 0.2818173831434871, "completeness_score": 0.3989190486353696, "fowlkes_mallows_score": 0.4774975579315327, "homogeneity_score": 0.38066336882828494, "v_measure_score": 0.38957745978254804}, "classification": {"f1_score": 0.6413311332878848, "hamming_loss": 0.36, "jaccard_score": 0.47713705156541664, "accuracy_score": 0.64, "recall_score": 0.6670093976945973, "precision_score": 0.6970094047319424}, "found_clusters": 4, "expected_clusters": 4, "time": 0.2682}, "gaussian_mixture_model": {"clustering": {"adjusted_mutual_info_score": 0.48546040702516124, "adjusted_rand_score": 0.3856230523318412, "completeness_score": 0.5057382673321262, "fowlkes_mallows_score": 0.5563956503536764, "homogeneity_score": 0.4700011592151329, "v_measure_score": 0.48721526554823374}, "classification": {"f1_score": 0.6603611966087116, "hamming_loss": 0.321, "jaccard_score": 0.5094363979584556, "accuracy_score": 0.679, "recall_score": 0.7134283352948684, "precision_score": 0.7324190437408573}, "found_clusters": 4, "expected_clusters": 4, "time": 0.018}}, "classification_alg": {"KNeighborsClassifier": {"clustering": {"adjusted_mutual_info_score": 0.4680727656406675, "adjusted_rand_score": 0.4428489809934128, "completeness_score": 0.47681016651563346, "fowlkes_mallows_score": 0.5818987951555236, "homogeneity_score": 0.47708422084074587, "v_measure_score": 0.47694715431021867}, "classification": {"f1_score": 0.7281761516108562, "hamming_loss": 0.27, "jaccard_score": 0.5799026088835877, "accuracy_score": 0.73, "recall_score": 0.7304080353608655, "precision_score": 0.7268472906403941}, "time": 0.007}, "DecisionTreeClassifier": {"clustering": {"adjusted_mutual_info_score": 0.3768213702488556, "adjusted_rand_score": 0.3281723418215149, "completeness_score": 0.38993153535217046, "fowlkes_mallows_score": 0.49888715446392384, "homogeneity_score": 0.3847148145122928, "v_measure_score": 0.38730560938356157}, "classification": {"f1_score": 0.666669148302561, "hamming_loss": 0.34, "jaccard_score": 0.5072155825372054, "accuracy_score": 0.66, "recall_score": 0.6584707745085104, "precision_score": 0.6804073738231209}, "time": 0.002}, "RandomForestClassifier": {"clustering": {"adjusted_mutual_info_score": 0.4482962056865591, "adjusted_rand_score": 0.4339037990004873, "completeness_score": 0.45936794344726417, "fowlkes_mallows_score": 0.5767229904129747, "homogeneity_score": 0.45574140759904563, "v_measure_score": 0.45754748962660424}, "classification": {"f1_score": 0.7219748217328201, "hamming_loss": 0.275, "jaccard_score": 0.5724627766907179, "accuracy_score": 0.725, "recall_score": 0.7210111822140124, "precision_score": 0.7255641145347028}, "time": 0.2784}, "LinearSVC": {"clustering": {"adjusted_mutual_info_score": 0.41996898363807744, "adjusted_rand_score": 0.41466967182691483, "completeness_score": 0.4354681146393217, "fowlkes_mallows_score": 0.5662812589898873, "homogeneity_score": 0.42426960982350226, "v_measure_score": 0.42979592922722853}, "classification": {"f1_score": 0.6798989898989899, "hamming_loss": 0.305, "jaccard_score": 0.5311960605137577, "accuracy_score": 0.695, "recall_score": 0.690843119145006, "precision_score": 0.6847656770070564}, "time": 0.004}, "LogisticRegression": {"clustering": {"adjusted_mutual_info_score": 0.43757001827539677, "adjusted_rand_score": 0.43001936266326596, "completeness_score": 0.44973848210667916, "fowlkes_mallows_score": 0.5745813680856586, "homogeneity_score": 0.4443435767795725, "v_measure_score": 0.44702475297096134},