{"clustering_alg": {"affinity_propagation": {"clustering": {"adjusted_mutual_info_score": 0.3257646597371532, "adjusted_rand_score": 0.03081117005798773, "completeness_score": 0.21499081022864924, "fowlkes_mallows_score": 0.13429787187973394, "homogeneity_score": 0.773251678477994, "v_measure_score": 0.3364397033449052}, "classification": {"f1_score": 4.8112544864948085e-05, "hamming_loss": 0.999, "jaccard_score": 2.4150389304275585e-05, "accuracy_score": 0.001, "recall_score": 2.459298608036988e-05, "precision_score": 0.0011022927689594356}, "found_clusters": 162, "expected_clusters": 4, "time": 56.7137}, "agglomerative": {"clustering": {"adjusted_mutual_info_score": 0.476816124935619, "adjusted_rand_score": 0.43297551129184375, "completeness_score": 0.4795102942884989, "fowlkes_mallows_score": 0.5764848092101543, "homogeneity_score": 0.47482816628027297, "v_measure_score": 0.4771577446723147}, "classification": {"f1_score": 0.645817802446159, "hamming_loss": 0.3508, "jaccard_score": 0.508227524832901, "accuracy_score": 0.6492, "recall_score": 0.649712619898109, "precision_score": 0.6500953653033629}, "found_clusters": 4, "expected_clusters": 4, "time": 1.3557}, "birch": {"clustering": {"adjusted_mutual_info_score": 0.3449242956756791, "adjusted_rand_score": 0.29004521609553446, "completeness_score": 0.4093510563011083, "fowlkes_mallows_score": 0.5179513508120366, "homogeneity_score": 0.2985100557143969, "v_measure_score": 0.345252492470626}, "classification": {"f1_score": 0.01685466950985443, "hamming_loss": 0.9806, "jaccard_score": 0.008531180133628649, "accuracy_score": 0.0194, "recall_score": 0.019392573742718345, "precision_score": 0.016207374983673174}, "found_clusters": 3, "expected_clusters": 4, "time": 0.8907}, "dbscan": {"clustering": {"adjusted_mutual_info_score": 0.1861038366773489, "adjusted_rand_score": 0.04689766228976538, "completeness_score": 0.2455308654842773, "fowlkes_mallows_score": 0.43971961536496756, "homogeneity_score": 0.16682842608231227, "v_measure_score": 0.1986691154102697}, "classification": {"f1_score": 0.01288672936428748, "hamming_loss": 0.8898, "jaccard_score": 0.008525145996483177, "accuracy_score": 0.1102, "recall_score": 0.008671286165633705, "precision_score": 0.05404831524667545}, "found_clusters": 51, "expected_clusters": 4, "time": 0.065}, "k_means": {"clustering": {"adjusted_mutual_info_score": 0.32201811934914887, "adjusted_rand_score": 0.27185817926888767, "completeness_score": 0.32353685614885763, "fowlkes_mallows_score": 0.45538474718975197, "homogeneity_score": 0.3213905210931353, "v_measure_score": 0.32246011709160105}, "classification": {"f1_score": 0.4753104616339801, "hamming_loss": 0.5082, "jaccard_score": 0.3470762938716365, "accuracy_score": 0.4918, "recall_score": 0.49208418693755385, "precision_score": 0.4600432781307335}, "found_clusters": 4, "expected_clusters": 4, "time": 0.177}, "mini_batch_k_means": {"clustering": {"adjusted_mutual_info_score": 0.3377639249237464, "adjusted_rand_score": 0.2606352753916959, "completeness_score": 0.3435646407538108, "fowlkes_mallows_score": 0.45406333467417376, "homogeneity_score": 0.33300218740836296, "v_measure_score": 0.338200964413123}, "classification": {"f1_score": 0.5188317537056228, "hamming_loss": 0.482, "jaccard_score": 0.36106072345362095, "accuracy_score": 0.518, "recall_score": 0.5180546468677144, "precision_score": 0.5388926631652433}, "found_clusters": 4, "expected_clusters": 4, "time": 0.036}, "mean_shift": {"clustering": {"adjusted_mutual_info_score": 1.2885505897581146e-15, "adjusted_rand_score": 0.0, "completeness_score": 1.0, "fowlkes_mallows_score": 0.499852268633535, "homogeneity_score": 6.406874451825508e-16, "v_measure_score": 1.2813748903651009e-15}, "classification": {"f1_score": 0.09967974379503602, "hamming_loss": 0.751, "jaccard_score": 0.06225, "accuracy_score": 0.249, "recall_score": 0.25, "precision_score": 0.06225}, "found_clusters": 1, "expected_clusters": 4, "time": 57.6963}, "optics": {"clustering": {"adjusted_mutual_info_score": 0.10884514115573983, "adjusted_rand_score": 0.0017387406470411894, "completeness_score": 0.16245507766484013, "fowlkes_mallows_score": 0.43627461555148, "homogeneity_score": 0.11271971630174105, "v_measure_score": 0.13309278805806604}, "classification": {"f1_score": 0.00014126220049130286, "hamming_loss": 0.9984, "jaccard_score": 7.085631080080057e-05, "accuracy_score": 0.0016, "recall_score": 7.111129315602158e-05, "precision_score": 0.010493827160493827}, "found_clusters": 90, "expected_clusters": 4, "time": 5.7012}, "spectral_clustering": {"clustering": {"adjusted_mutual_info_score": 0.22783821981920183, "adjusted_rand_score": 0.08001319100205946, "completeness_score": 0.5120231947732998, "fowlkes_mallows_score": 0.4960284759672006, "homogeneity_score": 0.1472293925996369, "v_measure_score": 0.2286979692072216}, "classification": {"f1_score": 0.28264771552721935, "hamming_loss": 0.6198, "jaccard_score": 0.20151984350826221, "accuracy_score": 0.3802, "recall_score": 0.3800094555014969, "precision_score": 0.44250408837566335}, "found_clusters": 4, "expected_clusters": 4, "time": 6.0573}, "gaussian_mixture_model": {"clustering": {"adjusted_mutual_info_score": 0.8251618486598511, "adjusted_rand_score": 0.8680685601366268, "completeness_score": 0.8253033888381826, "fowlkes_mallows_score": 0.9010350293372805, "homogeneity_score": 0.8252475227532426, "v_measure_score": 0.8252754548502648}, "classification": {"f1_score": 0.9478751291386462, "hamming_loss": 0.052, "jaccard_score": 0.9018579024877066, "accuracy_score": 0.948, "recall_score": 0.9480856468771084, "precision_score": 0.9477951934031307}, "found_clusters": 4, "expected_clusters": 4, "time": 0.125}}, "classification_alg": {"KNeighborsClassifier": {"clustering": {"adjusted_mutual_info_score": 0.6887706233244714, "adjusted_rand_score": 0.7332748982060918, "completeness_score": 0.6905268288746529, "fowlkes_mallows_score": 0.8001313017016983, "homogeneity_score": 0.6890492424592531, "v_measure_score": 0.6897872443870591}, "classification": {"f1_score": 0.8857796447583123, "hamming_loss": 0.112, "jaccard_score": 0.7978926132557588, "accuracy_score": 0.888, "recall_score": 0.8859389594152247, "precision_score": 0.8868082555582556}, "time": 0.039}, "DecisionTreeClassifier": {"clustering": {"adjusted_mutual_info_score": 0.5934024406956897, "adjusted_rand_score": 0.6510701575285333, "completeness_score": 0.5948605811715814, "fowlkes_mallows_score": 0.7383208796166603, "homogeneity_score": 0.5945983206815604, "v_measure_score": 0.5947294220140273}, "classification": {"f1_score": 0.8504583966622525, "hamming_loss": 0.148, "jaccard_score": 0.7422479710891566, "accuracy_score": 0.852, "recall_score": 0.850543118179512, "precision_score": 0.8508242480993492}, "time": 0.02}, "RandomForestClassifier": {"clustering": {"adjusted_mutual_info_score": 0.7202773652077008, "adjusted_rand_score": 0.767530394820226, "completeness_score": 0.7214216864813362, "fowlkes_mallows_score": 0.8256771613573161, "homogeneity_score": 0.7209591979110819, "v_measure_score": 0.7211903680494702}, "classification": {"f1_score": 0.9025775633445303, "hamming_loss": 0.096, "jaccard_score": 0.8248568562306939, "accuracy_score": 0.904, "recall_score": 0.9027309338408496, "precision_score": 0.9029676388621948}, "time": 0.6573}, "LinearSVC": {"clustering": {"adjusted_mutual_info_score": 0.4946863007436823, "adjusted_rand_score": 0.5207170285621251, "completeness_score": 0.49948325965746015, "fowlkes_mallows_score": 0.6424906485001937, "homogeneity_score": 0.49324741087295537, "v_measure_score": 0.4963457499883459}, "classification": {"f1_score": 0.7602066466188071, "hamming_loss": 0.229, "jaccard_score": 0.6246583779272238, "accuracy_score": 0.771, "recall_score": 0.7665553146638382, "precision_score": 0.7649334495072206}, "time": 0.296}, "LogisticRegression": {"clustering": {"adjusted_mutual_info_score": 0.49867154955812504, "adjusted_rand_score": 0.5259321489215061,