{"clustering_alg": {"affinity_propagation": {"clustering": {"adjusted_mutual_info_score": 0.38832810793923045, "adjusted_rand_score": 0.09041532044881438, "completeness_score": 0.2767037551544188, "fowlkes_mallows_score": 0.23444573569670066, "homogeneity_score": 0.7746129429062607, "v_measure_score": 0.4077521273822794}, "classification": {"f1_score": 0.0022855280670500333, "hamming_loss": 0.984, "jaccard_score": 0.0011993341049944825, "accuracy_score": 0.016, "recall_score": 0.001207246485755093, "precision_score": 0.021698113207547172}, "found_clusters": 53, "expected_clusters": 4, "time": 2.6953}, "agglomerative": {"clustering": {"adjusted_mutual_info_score": 0.47544401028240707, "adjusted_rand_score": 0.44179054831059755, "completeness_score": 0.4925904433029659, "fowlkes_mallows_score": 0.5935279053454519, "homogeneity_score": 0.46275881931988944, "v_measure_score": 0.4772088719162592}, "classification": {"f1_score": 0.7054282648763973, "hamming_loss": 0.283, "jaccard_score": 0.5573147660002353, "accuracy_score": 0.717, "recall_score": 0.7165132242115875, "precision_score": 0.7529008351883728}, "found_clusters": 4, "expected_clusters": 4, "time": 0.0451}, "birch": {"clustering": {"adjusted_mutual_info_score": 0.5584707518029233, "adjusted_rand_score": 0.5043927903912454, "completeness_score": 0.6498634184345786, "fowlkes_mallows_score": 0.6641096686121432, "homogeneity_score": 0.49129610249590605, "v_measure_score": 0.5595630738308036}, "classification": {"f1_score": 0.22211790985923874, "hamming_loss": 0.696, "jaccard_score": 0.15632799227587246, "accuracy_score": 0.304, "recall_score": 0.30300796812749003, "precision_score": 0.17952223631508468}, "found_clusters": 3, "expected_clusters": 4, "time": 0.119}, "dbscan": {"clustering": {"adjusted_mutual_info_score": 0.007194435932381493, "adjusted_rand_score": 5.3824783791327595e-05, "completeness_score": 0.22075386983472775, "fowlkes_mallows_score": 0.4967986115530915, "homogeneity_score": 0.005012749003794086, "v_measure_score": 0.00980289953218636}, "classification": {"f1_score": 0.0078125, "hamming_loss": 0.995, "jaccard_score": 0.00398406374501992, "accuracy_score": 0.005, "recall_score": 0.00398406374501992, "precision_score": 0.2}, "found_clusters": 2, "expected_clusters": 4, "time": 0.014}, "k_means": {"clustering": {"adjusted_mutual_info_score": 0.44516208371106036, "adjusted_rand_score": 0.40962364120326833, "completeness_score": 0.44729238283393175, "fowlkes_mallows_score": 0.5570681391239299, "homogeneity_score": 0.44665215540982695, "v_measure_score": 0.44697203986204437}, "classification": {"f1_score": 0.6690305916309824, "hamming_loss": 0.332, "jaccard_score": 0.5231198317012075, "accuracy_score": 0.668, "recall_score": 0.6679401590425447, "precision_score": 0.6714009051948064}, "found_clusters": 4, "expected_clusters": 4, "time": 0.126}, "mini_batch_k_means": {"clustering": {"adjusted_mutual_info_score": 0.4407479563853128, "adjusted_rand_score": 0.36928715944022006, "completeness_score": 0.4535181769324785, "fowlkes_mallows_score": 0.5373460342781389, "homogeneity_score": 0.43222567934247524, "v_measure_score": 0.44261600174836985}, "classification": {"f1_score": 0.5433573999311401, "hamming_loss": 0.444, "jaccard_score": 0.41346951773892937, "accuracy_score": 0.556, "recall_score": 0.5552276356421703, "precision_score": 0.5759030643518588}, "found_clusters": 4, "expected_clusters": 4, "time": 0.082}, "mean_shift": {"clustering": {"adjusted_mutual_info_score": 0.03987172366582523, "adjusted_rand_score": 0.0019048959888921543, "completeness_score": 0.29560391979359557, "fowlkes_mallows_score": 0.4898017002848554, "homogeneity_score": 0.022543903139548533, "v_measure_score": 0.041892891637973495}, "classification": {"f1_score": 0.10211554109031733, "hamming_loss": 0.749, "jaccard_score": 0.06416155419222903, "accuracy_score": 0.251, "recall_score": 0.25, "precision_score": 0.06416155419222903}, "found_clusters": 2, "expected_clusters": 4, "time": 9.4898}, "optics": {"clustering": {"adjusted_mutual_info_score": 0.18823794583470005, "adjusted_rand_score": 0.01263306761100708, "completeness_score": 0.2406514511404228, "fowlkes_mallows_score": 0.4065460381641572, "homogeneity_score": 0.19750612048176017, "v_measure_score": 0.21695452769231305}, "classification": {"f1_score": 0.008212428141253763, "hamming_loss": 0.97, "jaccard_score": 0.004596996628869139, "accuracy_score": 0.03, "recall_score": 0.004615384615384615, "precision_score": 0.03722084367245658}, "found_clusters": 26, "expected_clusters": 4, "time": 1.909}, "spectral_clustering": {"clustering": {"adjusted_mutual_info_score": 0.5566468525938579, "adjusted_rand_score": 0.5003499513075236, "completeness_score": 0.6416494716367169, "fowlkes_mallows_score": 0.6599544826677417, "homogeneity_score": 0.4942771613645066, "v_measure_score": 0.5584034570854021}, "classification": {"f1_score": 0.5928913523725375, "hamming_loss": 0.322, "jaccard_score": 0.4961335562149149, "accuracy_score": 0.678, "recall_score": 0.677011952191235, "precision_score": 0.5462777642177203}, "found_clusters": 4, "expected_clusters": 4, "time": 1.5101}, "gaussian_mixture_model": {"clustering": {"adjusted_mutual_info_score": 0.8517241658670901, "adjusted_rand_score": 0.8898122315759014, "completeness_score": 0.8524270680770754, "fowlkes_mallows_score": 0.9172962982920457, "homogeneity_score": 0.8519883133840994, "v_measure_score": 0.852207634257945}, "classification": {"f1_score": 0.9567046586548782, "hamming_loss": 0.043, "jaccard_score": 0.9176179352874361, "accuracy_score": 0.957, "recall_score": 0.9569116145858334, "precision_score": 0.9571064630631633}, "found_clusters": 4, "expected_clusters": 4, "time": 0.034}}, "classification_alg": {"KNeighborsClassifier": {"clustering": {"adjusted_mutual_info_score": 0.8251405917082829, "adjusted_rand_score": 0.8581580571681104, "completeness_score": 0.8279553023055568, "fowlkes_mallows_score": 0.8931445868806382, "homogeneity_score": 0.8281311453891631, "v_measure_score": 0.8280432145118599}, "classification": {"f1_score": 0.9449641196684859, "hamming_loss": 0.055, "jaccard_score": 0.8964205370101597, "accuracy_score": 0.945, "recall_score": 0.9458179498214381, "precision_score": 0.944815554699785}, "time": 0.012}, "DecisionTreeClassifier": {"clustering": {"adjusted_mutual_info_score": 0.5481355505943859, "adjusted_rand_score": 0.5783493671844269, "completeness_score": 0.5571680542212377, "fowlkes_mallows_score": 0.6831929448982446, "homogeneity_score": 0.5541613961062375, "v_measure_score": 0.5556606579661042}, "classification": {"f1_score": 0.8207159104336523, "hamming_loss": 0.18, "jaccard_score": 0.6980965325418099, "accuracy_score": 0.82, "recall_score": 0.8192235545362263, "precision_score": 0.8259443562745101}, "time": 0.006}, "RandomForestClassifier": {"clustering": {"adjusted_mutual_info_score": 0.7395512700165698, "adjusted_rand_score": 0.7622195980378758, "completeness_score": 0.7438974231540728, "fowlkes_mallows_score": 0.82089400690284, "homogeneity_score": 0.7438532131271627, "v_measure_score": 0.7438753174837448}, "classification": {"f1_score": 0.9051437886507097, "hamming_loss": 0.095, "jaccard_score": 0.8273053092132039, "accuracy_score": 0.905, "recall_score": 0.9068758374485884, "precision_score": 0.905942932728647}, "time": 0.4291}, "LinearSVC": {"clustering": {"adjusted_mutual_info_score": 0.7531606094404757, "adjusted_rand_score": 0.7528256186898085, "completeness_score": 0.758318400835716, "fowlkes_mallows_score": 0.814046518216528, "homogeneity_score": 0.7562149399776849, "v_measure_score": 0.7572652097100415}, "classification": {"f1_score": 0.9001349314146297, "hamming_loss": 0.1, "jaccard_score": 0.8207467437202598, "accuracy_score": 0.9, "recall_score": 0.9027950802962694, "precision_score": 0.9053047442753325}, "time": 0.05}, "LogisticRegression": {"clustering": {"adjusted_mutual_info_score": 0.7797448227692704, "adjusted_rand_score": 0.7863072888398235,