{"clustering_alg": {"affinity_propagation": {"clustering": {"adjusted_mutual_info_score": 0.0, "adjusted_rand_score": 0.0, "completeness_score": 1.0, "fowlkes_mallows_score": 0.49924868477468143, "homogeneity_score": 0.0, "v_measure_score": 0.0}, "classification": {"f1_score": 0.0, "hamming_loss": 1.0, "jaccard_score": 0.0, "accuracy_score": 0.0, "recall_score": 0.0, "precision_score": 0.0}, "found_clusters": 1, "expected_clusters": 4, "time": 9.2741}, "agglomerative": {"clustering": {"adjusted_mutual_info_score": 0.9133821087186511, "adjusted_rand_score": 0.910805419350982, "completeness_score": 0.9145591663366238, "fowlkes_mallows_score": 0.9331007141956132, "homogeneity_score": 0.9127720672965195, "v_measure_score": 0.913664742940254}, "classification": {"f1_score": 0.9639023920681522, "hamming_loss": 0.036, "jaccard_score": 0.9326774126020515, "accuracy_score": 0.964, "recall_score": 0.964, "precision_score": 0.9663399327122153}, "found_clusters": 4, "expected_clusters": 4, "time": 0.037}, "birch": {"clustering": {"adjusted_mutual_info_score": 0.8567873240141083, "adjusted_rand_score": 0.7136715391229579, "completeness_score": 1.0, "fowlkes_mallows_score": 0.8159506119058424, "homogeneity_score": 0.75, "v_measure_score": 0.8571428571428571}, "classification": {"f1_score": 0.16666666666666666, "hamming_loss": 0.75, "jaccard_score": 0.125, "accuracy_score": 0.25, "recall_score": 0.25, "precision_score": 0.125}, "found_clusters": 3, "expected_clusters": 4, "time": 0.039}, "dbscan": {"clustering": {"adjusted_mutual_info_score": 0.7280512764585776, "adjusted_rand_score": 0.6420640492444395, "completeness_score": 0.7577057984966029, "fowlkes_mallows_score": 0.7484121925065266, "homogeneity_score": 0.7044563156807322, "v_measure_score": 0.7301114288262935}, "classification": {"f1_score": 0.2330935042660504, "hamming_loss": 0.541, "jaccard_score": 0.19944163944163945, "accuracy_score": 0.459, "recall_score": 0.2622857142857143, "precision_score": 0.35683229813664596}, "found_clusters": 7, "expected_clusters": 4, "time": 0.006}, "k_means": {"clustering": {"adjusted_mutual_info_score": 0.9288467557964157, "adjusted_rand_score": 0.9364842530017299, "completeness_score": 0.9291444093836249, "fowlkes_mallows_score": 0.9523186384626976, "homogeneity_score": 0.929013025953943, "v_measure_score": 0.929078713023966}, "classification": {"f1_score": 0.9749950990394117, "hamming_loss": 0.025, "jaccard_score": 0.9523724852672221, "accuracy_score": 0.975, "recall_score": 0.975, "precision_score": 0.9751765384061104}, "found_clusters": 4, "expected_clusters": 4, "time": 0.032}, "mini_batch_k_means": {"clustering": {"adjusted_mutual_info_score": 0.9250067693166254, "adjusted_rand_score": 0.9316976855487162, "completeness_score": 0.9253594282940505, "fowlkes_mallows_score": 0.9487275725371893, "homogeneity_score": 0.9251431096988609, "v_measure_score": 0.9252512563529349}, "classification": {"f1_score": 0.9729912491647293, "hamming_loss": 0.027, "jaccard_score": 0.9487516567740448, "accuracy_score": 0.973, "recall_score": 0.973, "precision_score": 0.9732893830404203}, "found_clusters": 4, "expected_clusters": 4, "time": 0.0366}, "mean_shift": {"clustering": {"adjusted_mutual_info_score": 0.8567873240141083, "adjusted_rand_score": 0.7136715391229579, "completeness_score": 1.0, "fowlkes_mallows_score": 0.8159506119058424, "homogeneity_score": 0.75, "v_measure_score": 0.8571428571428571}, "classification": {"f1_score": 0.16666666666666666, "hamming_loss": 0.75, "jaccard_score": 0.125, "accuracy_score": 0.25, "recall_score": 0.25, "precision_score": 0.125}, "found_clusters": 3, "expected_clusters": 4, "time": 1.333}, "optics": {"clustering": {"adjusted_mutual_info_score": 0.26237060776623905, "adjusted_rand_score": 0.016661940092025502, "completeness_score": 0.24152447626448684, "fowlkes_mallows_score": 0.30724934765657685, "homogeneity_score": 0.39949534725033053, "v_measure_score": 0.30104499416469305}, "classification": {"f1_score": 0.0008522727272727272, "hamming_loss": 0.994, "jaccard_score": 0.00043636363636363637, "accuracy_score": 0.006, "recall_score": 0.00043636363636363637, "precision_score": 0.01818181818181818}, "found_clusters": 55, "expected_clusters": 4, "time": 0.8421}, "spectral_clustering": {"clustering": {"adjusted_mutual_info_score": 0.9250067693166254, "adjusted_rand_score": 0.9316976855487162, "completeness_score": 0.9253594282940505, "fowlkes_mallows_score": 0.9487275725371893, "homogeneity_score": 0.9251431096988609, "v_measure_score": 0.9252512563529349}, "classification": {"f1_score": 0.9729912491647293, "hamming_loss": 0.027, "jaccard_score": 0.9487516567740448, "accuracy_score": 0.973, "recall_score": 0.973, "precision_score": 0.9732893830404203}, "found_clusters": 4, "expected_clusters": 4, "time": 0.262}, "gaussian_mixture_model": {"clustering": {"adjusted_mutual_info_score": 0.9245897102076963, "adjusted_rand_score": 0.9316918227440079, "completeness_score": 0.924900941583122, "fowlkes_mallows_score": 0.9487209527970574, "homogeneity_score": 0.9247701581907946, "v_measure_score": 0.9248355452633537}, "classification": {"f1_score": 0.9729947069625647, "hamming_loss": 0.027, "jaccard_score": 0.948757562662057, "accuracy_score": 0.973, "recall_score": 0.973, "precision_score": 0.9731749691758338}, "found_clusters": 4, "expected_clusters": 4, "time": 0.012}}, "classification_alg": {"KNeighborsClassifier": {"clustering": {"adjusted_mutual_info_score": 0.958058315486693, "adjusted_rand_score": 0.9617757304633309, "completeness_score": 0.9586515558586635, "fowlkes_mallows_score": 0.9713193559288386, "homogeneity_score": 0.9588643801002168, "v_measure_score": 0.9587579561688061}, "classification": {"f1_score": 0.9846922836613559, "hamming_loss": 0.015, "jaccard_score": 0.9702941176470588, "accuracy_score": 0.985, "recall_score": 0.9852941176470589, "precision_score": 0.985}, "time": 0.007}, "DecisionTreeClassifier": {"clustering": {"adjusted_mutual_info_score": 0.8893941566560362, "adjusted_rand_score": 0.8925696845653615, "completeness_score": 0.8911402956395392, "fowlkes_mallows_score": 0.9193922125741679, "homogeneity_score": 0.8913381321280714, "v_measure_score": 0.8912392029049134}, "classification": {"f1_score": 0.954038561750912, "hamming_loss": 0.045, "jaccard_score": 0.9158216783216783, "accuracy_score": 0.955, "recall_score": 0.9542136003337505, "precision_score": 0.9539583333333334}, "time": 0.002}, "RandomForestClassifier": {"clustering": {"adjusted_mutual_info_score": 0.9402605873208864, "adjusted_rand_score": 0.9495674028452655, "completeness_score": 0.9411178165296837, "fowlkes_mallows_score": 0.9621578879513206, "homogeneity_score": 0.941396372763676, "v_measure_score": 0.9412570740376519}, "classification": {"f1_score": 0.9795833333333333, "hamming_loss": 0.02, "jaccard_score": 0.9607692307692308, "accuracy_score": 0.98, "recall_score": 0.9799749687108886, "precision_score": 0.9795918367346939}, "time": 0.1927}, "LinearSVC": {"clustering": {"adjusted_mutual_info_score": 0.9483143810729893, "adjusted_rand_score": 0.9495809417792758, "completeness_score": 0.9491766739525676, "fowlkes_mallows_score": 0.9621730382293762, "homogeneity_score": 0.9491766739525676, "v_measure_score": 0.9491766739525676}, "classification": {"f1_score": 0.9795918367346939, "hamming_loss": 0.02, "jaccard_score": 0.9607843137254901, "accuracy_score": 0.98, "recall_score": 0.9803921568627451, "precision_score": 0.9803921568627451}, "time": 0.0166}, "LogisticRegression": {"clustering": {"adjusted_mutual_info_score": 0.9483143810729893, "adjusted_rand_score": 0.9495809417792758, "completeness_score": 0.9491766739525676, "fowlkes_mallows_score": 0.9621730382293762, "homogeneity_score": 0.9491766739525676, "v_measure_score": 0.9491766739525676}, "classification": {"f1_score": 0.9795918367346939, "hamming_loss": 0.02, "jaccard_score": 0.9607843137254901, "accuracy_score": 0.98, "recall_score": 0.9803921568627451, "precision_score": 0.9803921568627451},