{"clustering_alg": {"affinity_propagation": {"clustering": {"adjusted_mutual_info_score": 3.234193209528518e-16, "adjusted_rand_score": 0.0, "completeness_score": 1.0, "fowlkes_mallows_score": 0.49985290895034035, "homogeneity_score": 4.805160275646566e-16, "v_measure_score": 9.610320551293128e-16}, "classification": {"f1_score": 0.0, "hamming_loss": 1.0, "jaccard_score": 0.0, "accuracy_score": 0.0, "recall_score": 0.0, "precision_score": 0.0}, "found_clusters": 1, "expected_clusters": 4, "time": 150.5787}, "agglomerative": {"clustering": {"adjusted_mutual_info_score": 0.45886032210076716, "adjusted_rand_score": 0.3367245179517655, "completeness_score": 0.46938894659839187, "fowlkes_mallows_score": 0.5126537597862272, "homogeneity_score": 0.4494815269578188, "v_measure_score": 0.4592195886709178}, "classification": {"f1_score": 0.4892662542133588, "hamming_loss": 0.4976, "jaccard_score": 0.3291764293198268, "accuracy_score": 0.5024, "recall_score": 0.501984528332584, "precision_score": 0.5049139293263256}, "found_clusters": 4, "expected_clusters": 4, "time": 0.7092}, "birch": {"clustering": {"adjusted_mutual_info_score": 0.33973916387368064, "adjusted_rand_score": 0.2651034774327267, "completeness_score": 0.3941320997166583, "fowlkes_mallows_score": 0.4910801240196734, "homogeneity_score": 0.29904136667642495, "v_measure_score": 0.3400643777195063}, "classification": {"f1_score": 0.3091936295244668, "hamming_loss": 0.6508, "jaccard_score": 0.20054019714747603, "accuracy_score": 0.3492, "recall_score": 0.34941896156411345, "precision_score": 0.2894245125022365}, "found_clusters": 3, "expected_clusters": 4, "time": 0.091}, "dbscan": {"clustering": {"adjusted_mutual_info_score": 0.0003279710783830478, "adjusted_rand_score": -5.51209795084378e-06, "completeness_score": 0.02562397900325307, "fowlkes_mallows_score": 0.49825149542709785, "homogeneity_score": 0.0003988377737574023, "v_measure_score": 0.0007854500016687231}, "classification": {"f1_score": 0.0798330122029544, "hamming_loss": 0.7514, "jaccard_score": 0.049869608826479436, "accuracy_score": 0.2486, "recall_score": 0.19983922829581993, "precision_score": 0.04987961476725521}, "found_clusters": 2, "expected_clusters": 4, "time": 0.067}, "k_means": {"clustering": {"adjusted_mutual_info_score": 0.4573690520766934, "adjusted_rand_score": 0.3240254488887026, "completeness_score": 0.4578946022324163, "fowlkes_mallows_score": 0.4930971138579727, "homogeneity_score": 0.45754905708709187, "v_measure_score": 0.4577217644446826}, "classification": {"f1_score": 0.5497323723291546, "hamming_loss": 0.45, "jaccard_score": 0.3791898117911279, "accuracy_score": 0.55, "recall_score": 0.5499843138708873, "precision_score": 0.5500494348995371}, "found_clusters": 4, "expected_clusters": 4, "time": 0.09}, "mini_batch_k_means": {"clustering": {"adjusted_mutual_info_score": 0.4598958584595921, "adjusted_rand_score": 0.32649362290335365, "completeness_score": 0.46038288623739465, "fowlkes_mallows_score": 0.4949092875921048, "homogeneity_score": 0.46011099296537666, "v_measure_score": 0.4602468994457947}, "classification": {"f1_score": 0.555997839666765, "hamming_loss": 0.4438, "jaccard_score": 0.38513355074037575, "accuracy_score": 0.5562, "recall_score": 0.5561868254059811, "precision_score": 0.5562610366794667}, "found_clusters": 4, "expected_clusters": 4, "time": 0.036}, "mean_shift": {"clustering": {"adjusted_mutual_info_score": 0.37866141345355736, "adjusted_rand_score": 0.29678760656005754, "completeness_score": 0.43280469283293693, "fowlkes_mallows_score": 0.5076401641031411, "homogeneity_score": 0.3370367863983307, "v_measure_score": 0.3789639990720963}, "classification": {"f1_score": 0.19610451671968673, "hamming_loss": 0.7716, "jaccard_score": 0.1204026576532747, "accuracy_score": 0.2284, "recall_score": 0.228242340590018, "precision_score": 0.17490343472415695}, "found_clusters": 3, "expected_clusters": 4, "time": 29.6088}, "optics": {"clustering": {"adjusted_mutual_info_score": 0.2101279816308583, "adjusted_rand_score": 0.003056599465743921, "completeness_score": 0.17293657020326272, "fowlkes_mallows_score": 0.2669276870912773, "homogeneity_score": 0.4147803352151718, "v_measure_score": 0.24409945638300667}, "classification": {"f1_score": 3.341004740457121e-05, "hamming_loss": 0.9988, "jaccard_score": 1.6763269135445804e-05, "accuracy_score": 0.0012, "recall_score": 1.6778644419688684e-05, "precision_score": 0.0039198606271777}, "found_clusters": 287, "expected_clusters": 4, "time": 4.0733}, "spectral_clustering": {"clustering": {"adjusted_mutual_info_score": 0.4653154432192198, "adjusted_rand_score": 0.3328446101478398, "completeness_score": 0.46573452586830133, "fowlkes_mallows_score": 0.4996056597717287, "homogeneity_score": 0.4655913207675899, "v_measure_score": 0.4656629123079962}, "classification": {"f1_score": 0.5710235078074867, "hamming_loss": 0.429, "jaccard_score": 0.39962902081184704, "accuracy_score": 0.571, "recall_score": 0.570973495741099, "precision_score": 0.5712804486420962}, "found_clusters": 4, "expected_clusters": 4, "time": 3.2689}, "gaussian_mixture_model": {"clustering": {"adjusted_mutual_info_score": 0.7730282158880625, "adjusted_rand_score": 0.8048612554497042, "completeness_score": 0.7734578071555263, "fowlkes_mallows_score": 0.8536661454223251, "homogeneity_score": 0.7728938917001612, "v_measure_score": 0.7731757466049732}, "classification": {"f1_score": 0.919874567909337, "hamming_loss": 0.0798, "jaccard_score": 0.8540081998646664, "accuracy_score": 0.9202, "recall_score": 0.9203468562716655, "precision_score": 0.920471832627753}, "found_clusters": 4, "expected_clusters": 4, "time": 0.092}}, "classification_alg": {"KNeighborsClassifier": {"clustering": {"adjusted_mutual_info_score": 0.7181466390750242, "adjusted_rand_score": 0.7481406186961043, "completeness_score": 0.7194251553835477, "fowlkes_mallows_score": 0.8110571978499238, "homogeneity_score": 0.7187075388732972, "v_measure_score": 0.7190661680860233}, "classification": {"f1_score": 0.8955374345843022, "hamming_loss": 0.104, "jaccard_score": 0.8130961242657802, "accuracy_score": 0.896, "recall_score": 0.8971432873293391, "precision_score": 0.8963795750628611}, "time": 0.029}, "DecisionTreeClassifier": {"clustering": {"adjusted_mutual_info_score": 0.667999296189246, "adjusted_rand_score": 0.6981666292490464, "completeness_score": 0.6690918919997352, "fowlkes_mallows_score": 0.7734666536535121, "homogeneity_score": 0.6690718881548205, "v_measure_score": 0.6690818899277619}, "classification": {"f1_score": 0.8717765640760675, "hamming_loss": 0.128, "jaccard_score": 0.7765175257267004, "accuracy_score": 0.872, "recall_score": 0.8728982977962063, "precision_score": 0.8713021241576785}, "time": 0.007}, "RandomForestClassifier": {"clustering": {"adjusted_mutual_info_score": 0.7215114830014749, "adjusted_rand_score": 0.7540220892240265, "completeness_score": 0.722565910057045, "fowlkes_mallows_score": 0.8154191713276872, "homogeneity_score": 0.7222736647078596, "v_measure_score": 0.7224197578264567}, "classification": {"f1_score": 0.8986842835239767, "hamming_loss": 0.101, "jaccard_score": 0.8180495030888284, "accuracy_score": 0.899, "recall_score": 0.9000654248443972, "precision_score": 0.8988893469233317}, "time": 0.369}, "LinearSVC": {"clustering": {"adjusted_mutual_info_score": 0.4127313847052087, "adjusted_rand_score": 0.3860558505218019, "completeness_score": 0.4154858134620153, "fowlkes_mallows_score": 0.5400616157059698, "homogeneity_score": 0.4138181074112207, "v_measure_score": 0.4146502835824504}, "classification": {"f1_score": 0.7040931926054986, "hamming_loss": 0.296, "jaccard_score": 0.5442988040577412, "accuracy_score": 0.704, "recall_score": 0.7055141600438259, "precision_score": 0.7092597982806591}, "time": 0.165}, "LogisticRegression": {"clustering": {"adjusted_mutual_info_score": 0.416544402348974, "adjusted_rand_score": 0.39355865725693584, "completeness_score": 0.4191780313265615,