{"clustering_alg": {"affinity_propagation": {"clustering": {"adjusted_mutual_info_score": -6.39416867312419e-16, "adjusted_rand_score": 0.0, "completeness_score": 1.0, "fowlkes_mallows_score": 0.49926271968099445, "homogeneity_score": 0.0, "v_measure_score": 0.0}, "classification": {"f1_score": 0.0, "hamming_loss": 1.0, "jaccard_score": 0.0, "accuracy_score": 0.0, "recall_score": 0.0, "precision_score": 0.0}, "found_clusters": 1, "expected_clusters": 4, "time": 8.9914}, "agglomerative": {"clustering": {"adjusted_mutual_info_score": 0.6962441202763396, "adjusted_rand_score": 0.6263327197028958, "completeness_score": 0.7091074063068827, "fowlkes_mallows_score": 0.7240797625621279, "homogeneity_score": 0.6857852143550895, "v_measure_score": 0.6972513402560931}, "classification": {"f1_score": 0.8203246017738034, "hamming_loss": 0.175, "jaccard_score": 0.6981925967971597, "accuracy_score": 0.825, "recall_score": 0.8250488076612001, "precision_score": 0.8566059993726104}, "found_clusters": 4, "expected_clusters": 4, "time": 0.032}, "birch": {"clustering": {"adjusted_mutual_info_score": 0.5818576306151566, "adjusted_rand_score": 0.4894330296792244, "completeness_score": 0.6792472094156993, "fowlkes_mallows_score": 0.6543554509819133, "homogeneity_score": 0.5104820936701403, "v_measure_score": 0.5828948428567178}, "classification": {"f1_score": 0.07922586609575709, "hamming_loss": 0.907, "jaccard_score": 0.04494471001555031, "accuracy_score": 0.093, "recall_score": 0.09255833807626637, "precision_score": 0.07001571123554767}, "found_clusters": 3, "expected_clusters": 4, "time": 0.017}, "dbscan": {"clustering": {"adjusted_mutual_info_score": 1.742849452584659e-05, "adjusted_rand_score": 1.6096470817263966e-05, "completeness_score": 0.17703916019052915, "fowlkes_mallows_score": 0.49877530507350326, "homogeneity_score": 0.0010098303563777083, "v_measure_score": 0.0020082059176955895}, "classification": {"f1_score": 0.08057553956834532, "hamming_loss": 0.748, "jaccard_score": 0.05045045045045045, "accuracy_score": 0.252, "recall_score": 0.2, "precision_score": 0.05045045045045045}, "found_clusters": 2, "expected_clusters": 4, "time": 0.008}, "k_means": {"clustering": {"adjusted_mutual_info_score": 0.6217593304472586, "adjusted_rand_score": 0.5824020688598192, "completeness_score": 0.6236189488940227, "fowlkes_mallows_score": 0.6867883812072666, "homogeneity_score": 0.6223694766011997, "v_measure_score": 0.6229935862646606}, "classification": {"f1_score": 0.8079184834153132, "hamming_loss": 0.192, "jaccard_score": 0.6790879251526705, "accuracy_score": 0.808, "recall_score": 0.807780179455688, "precision_score": 0.8103865673604879}, "found_clusters": 4, "expected_clusters": 4, "time": 0.041}, "mini_batch_k_means": {"clustering": {"adjusted_mutual_info_score": 0.6226888330343675, "adjusted_rand_score": 0.5839449712134434, "completeness_score": 0.6244840252687517, "fowlkes_mallows_score": 0.6879152682022069, "homogeneity_score": 0.6233568539564506, "v_measure_score": 0.6239199305271927}, "classification": {"f1_score": 0.8089705162372258, "hamming_loss": 0.191, "jaccard_score": 0.6805127072574069, "accuracy_score": 0.809, "recall_score": 0.8087722745673049, "precision_score": 0.8112585568586224}, "found_clusters": 4, "expected_clusters": 4, "time": 0.035}, "mean_shift": {"clustering": {"adjusted_mutual_info_score": 0.4988093267260182, "adjusted_rand_score": 0.4097950067473116, "completeness_score": 0.7492926614713294, "fowlkes_mallows_score": 0.6430523752706416, "homogeneity_score": 0.37465282998527705, "v_measure_score": 0.49953421805824655}, "classification": {"f1_score": 0.002658698539176627, "hamming_loss": 0.996, "jaccard_score": 0.0013337783711615489, "accuracy_score": 0.004, "recall_score": 0.003972206412445456, "precision_score": 0.0019980079920319683}, "found_clusters": 2, "expected_clusters": 4, "time": 6.4656}, "optics": {"clustering": {"adjusted_mutual_info_score": 0.31469549529764956, "adjusted_rand_score": 0.034211369399713476, "completeness_score": 0.2543898408025006, "fowlkes_mallows_score": 0.241305522844108, "homogeneity_score": 0.5626840722119416, "v_measure_score": 0.35037493982400214}, "classification": {"f1_score": 0.0009364940005853088, "hamming_loss": 0.992, "jaccard_score": 0.0004834128950389752, "accuracy_score": 0.008, "recall_score": 0.0004834128950389752, "precision_score": 0.014925373134328358}, "found_clusters": 67, "expected_clusters": 4, "time": 0.818}, "spectral_clustering": {"clustering": {"adjusted_mutual_info_score": 0.6328237946150523, "adjusted_rand_score": 0.5830739143653607, "completeness_score": 0.6388325325713646, "fowlkes_mallows_score": 0.6891574912720051, "homogeneity_score": 0.6292990822380015, "v_measure_score": 0.6340299725298967}, "classification": {"f1_score": 0.8083204079823573, "hamming_loss": 0.193, "jaccard_score": 0.6842306690117907, "accuracy_score": 0.807, "recall_score": 0.8067095251152705, "precision_score": 0.8285489889089486}, "found_clusters": 4, "expected_clusters": 4, "time": 0.383}, "gaussian_mixture_model": {"clustering": {"adjusted_mutual_info_score": 0.9391009268912558, "adjusted_rand_score": 0.9605015316439912, "completeness_score": 0.9392994130521735, "fowlkes_mallows_score": 0.9703470487603107, "homogeneity_score": 0.9392994781030173, "v_measure_score": 0.9392994455775941}, "classification": {"f1_score": 0.9849674859190989, "hamming_loss": 0.015, "jaccard_score": 0.9704490990009649, "accuracy_score": 0.985, "recall_score": 0.9849829378584883, "precision_score": 0.9849993961566014}, "found_clusters": 4, "expected_clusters": 4, "time": 0.022}}, "classification_alg": {"KNeighborsClassifier": {"clustering": {"adjusted_mutual_info_score": 0.9041284456744789, "adjusted_rand_score": 0.9220188572766076, "completeness_score": 0.9065215932657907, "fowlkes_mallows_score": 0.9413696419687408, "homogeneity_score": 0.9049275146529768, "v_measure_score": 0.9057238525632991}, "classification": {"f1_score": 0.9696427136082308, "hamming_loss": 0.03, "jaccard_score": 0.9411803610333023, "accuracy_score": 0.97, "recall_score": 0.9687838771872386, "precision_score": 0.971303602058319}, "time": 0.007}, "DecisionTreeClassifier": {"clustering": {"adjusted_mutual_info_score": 0.8842126765552089, "adjusted_rand_score": 0.9087039196428847, "completeness_score": 0.8870095170088487, "fowlkes_mallows_score": 0.9313658502755958, "homogeneity_score": 0.8852716301847088, "v_measure_score": 0.8861397215167862}, "classification": {"f1_score": 0.96471473756375, "hamming_loss": 0.035, "jaccard_score": 0.9319860336618033, "accuracy_score": 0.965, "recall_score": 0.9636818363709121, "precision_score": 0.9664560439560439}, "time": 0.001}, "RandomForestClassifier": {"clustering": {"adjusted_mutual_info_score": 0.9041284456744789, "adjusted_rand_score": 0.9220188572766076, "completeness_score": 0.9065215932657907, "fowlkes_mallows_score": 0.9413696419687408, "homogeneity_score": 0.9049275146529768, "v_measure_score": 0.9057238525632991}, "classification": {"f1_score": 0.9696427136082308, "hamming_loss": 0.03, "jaccard_score": 0.9411803610333023, "accuracy_score": 0.97, "recall_score": 0.9687838771872386, "precision_score": 0.971303602058319}, "time": 0.138}, "LinearSVC": {"clustering": {"adjusted_mutual_info_score": 0.7137780898956381, "adjusted_rand_score": 0.712439722235631, "completeness_score": 0.7180403792468789, "fowlkes_mallows_score": 0.7834856485416862, "homogeneity_score": 0.7190252357226903, "v_measure_score": 0.7185324700115795}, "classification": {"f1_score": 0.8801750274580485, "hamming_loss": 0.12, "jaccard_score": 0.7869391173397258, "accuracy_score": 0.88, "recall_score": 0.881190051778287, "precision_score": 0.8799289977856937}, "time": 0.013}, "LogisticRegression": {"clustering": {"adjusted_mutual_info_score": 0.7604985431964709, "adjusted_rand_score": 0.7871337380096288, "completeness_score": 0.7647568809367392, "fowlkes_mallows_score": 0.8398746019105632, "homogeneity_score": 0.7642067157240824,