{"clustering_alg": {"affinity_propagation": {"clustering": {"adjusted_mutual_info_score": 0.3801564718323476, "adjusted_rand_score": 0.08645422237011864, "completeness_score": 0.27175018781170873, "fowlkes_mallows_score": 0.2256158873209245, "homogeneity_score": 0.7527065755433706, "v_measure_score": 0.39932998753627663}, "classification": {"f1_score": 0.0024783147459727377, "hamming_loss": 0.983, "jaccard_score": 0.0013227513227513227, "accuracy_score": 0.017, "recall_score": 0.0013440860215053762, "precision_score": 0.015873015873015872}, "found_clusters": 51, "expected_clusters": 4, "time": 2.6251}, "agglomerative": {"clustering": {"adjusted_mutual_info_score": 0.552839267950232, "adjusted_rand_score": 0.5242552790014685, "completeness_score": 0.5695921444320372, "fowlkes_mallows_score": 0.6514337897213015, "homogeneity_score": 0.5398784474273385, "v_measure_score": 0.5543374017465679}, "classification": {"f1_score": 0.7692103281558192, "hamming_loss": 0.217, "jaccard_score": 0.6344875904833829, "accuracy_score": 0.783, "recall_score": 0.7824500768049155, "precision_score": 0.8218715100041158}, "found_clusters": 4, "expected_clusters": 4, "time": 0.05}, "birch": {"clustering": {"adjusted_mutual_info_score": 0.36474428352644306, "adjusted_rand_score": 0.27865179682839397, "completeness_score": 0.4434440938715306, "fowlkes_mallows_score": 0.521831969856893, "homogeneity_score": 0.3121135444298468, "v_measure_score": 0.36636492274999166}, "classification": {"f1_score": 0.06769131269164065, "hamming_loss": 0.904, "jaccard_score": 0.036656993029770046, "accuracy_score": 0.096, "recall_score": 0.09552611367127496, "precision_score": 0.057089371980676325}, "found_clusters": 3, "expected_clusters": 4, "time": 0.3326}, "dbscan": {"clustering": {"adjusted_mutual_info_score": -1.281400180555292e-15, "adjusted_rand_score": 0.0, "completeness_score": 1.0, "fowlkes_mallows_score": 0.4992647246354035, "homogeneity_score": 0.0, "v_measure_score": 0.0}, "classification": {"f1_score": 0.0, "hamming_loss": 1.0, "jaccard_score": 0.0, "accuracy_score": 0.0, "recall_score": 0.0, "precision_score": 0.0}, "found_clusters": 1, "expected_clusters": 4, "time": 0.013}, "k_means": {"clustering": {"adjusted_mutual_info_score": 0.46749307120818134, "adjusted_rand_score": 0.4496507156848085, "completeness_score": 0.47531517289690356, "fowlkes_mallows_score": 0.5922494694928593, "homogeneity_score": 0.46334075945012415, "v_measure_score": 0.4692515875067132}, "classification": {"f1_score": 0.7561204127540836, "hamming_loss": 0.245, "jaccard_score": 0.6097028529433905, "accuracy_score": 0.755, "recall_score": 0.7551203277009728, "precision_score": 0.7806950047494975}, "found_clusters": 4, "expected_clusters": 4, "time": 1.5476}, "mini_batch_k_means": {"clustering": {"adjusted_mutual_info_score": 0.40916771491266024, "adjusted_rand_score": 0.4001290011776521, "completeness_score": 0.41389465993607233, "fowlkes_mallows_score": 0.5523694118876041, "homogeneity_score": 0.4083567563956535, "v_measure_score": 0.4111070591401429}, "classification": {"f1_score": 0.7088801725290035, "hamming_loss": 0.291, "jaccard_score": 0.5550948405599568, "accuracy_score": 0.709, "recall_score": 0.708173323092678, "precision_score": 0.723817155077043}, "found_clusters": 4, "expected_clusters": 4, "time": 0.066}, "mean_shift": {"clustering": {"adjusted_mutual_info_score": -1.281400180555292e-15, "adjusted_rand_score": 0.0, "completeness_score": 1.0, "fowlkes_mallows_score": 0.4992647246354035, "homogeneity_score": 0.0, "v_measure_score": 0.0}, "classification": {"f1_score": 0.10063897763578275, "hamming_loss": 0.748, "jaccard_score": 0.063, "accuracy_score": 0.252, "recall_score": 0.25, "precision_score": 0.063}, "found_clusters": 1, "expected_clusters": 4, "time": 6.9082}, "optics": {"clustering": {"adjusted_mutual_info_score": 0.10923538743432411, "adjusted_rand_score": 0.0012706926780043637, "completeness_score": 0.22224740524088551, "fowlkes_mallows_score": 0.4499210120436967, "homogeneity_score": 0.09555666011069705, "v_measure_score": 0.13364976775607437}, "classification": {"f1_score": 0.0024319066147859923, "hamming_loss": 0.995, "jaccard_score": 0.001240079365079365, "accuracy_score": 0.005, "recall_score": 0.001240079365079365, "precision_score": 0.0625}, "found_clusters": 16, "expected_clusters": 4, "time": 1.3935}, "spectral_clustering": {"clustering": {"adjusted_mutual_info_score": 0.5543466840533857, "adjusted_rand_score": 0.5267819651453489, "completeness_score": 0.5690059394520139, "fowlkes_mallows_score": 0.6523325645280044, "homogeneity_score": 0.5432584709072583, "v_measure_score": 0.555834195043607}, "classification": {"f1_score": 0.7786249843407709, "hamming_loss": 0.211, "jaccard_score": 0.6437649370524217, "accuracy_score": 0.789, "recall_score": 0.7886104710701485, "precision_score": 0.8244974847116571}, "found_clusters": 4, "expected_clusters": 4, "time": 1.1307}, "gaussian_mixture_model": {"clustering": {"adjusted_mutual_info_score": 0.8523257366110074, "adjusted_rand_score": 0.8941755555270189, "completeness_score": 0.8528691742096179, "fowlkes_mallows_score": 0.92055922775512, "homogeneity_score": 0.8527451592761441, "v_measure_score": 0.8528071622343285}, "classification": {"f1_score": 0.9588535280853703, "hamming_loss": 0.041, "jaccard_score": 0.9212864556918424, "accuracy_score": 0.959, "recall_score": 0.9589093701996928, "precision_score": 0.9589903320840806}, "found_clusters": 4, "expected_clusters": 4, "time": 0.021}}, "classification_alg": {"KNeighborsClassifier": {"clustering": {"adjusted_mutual_info_score": 0.7704022558326878, "adjusted_rand_score": 0.7998939200264511, "completeness_score": 0.7760317998873019, "fowlkes_mallows_score": 0.8497194116774895, "homogeneity_score": 0.7724325299780126, "v_measure_score": 0.7742279818385975}, "classification": {"f1_score": 0.9189362145759764, "hamming_loss": 0.08, "jaccard_score": 0.8523080461692873, "accuracy_score": 0.92, "recall_score": 0.9176925702582774, "precision_score": 0.9241143533347781}, "time": 0.011}, "DecisionTreeClassifier": {"clustering": {"adjusted_mutual_info_score": 0.5916202720698385, "adjusted_rand_score": 0.6307392897059424, "completeness_score": 0.5983023367201059, "fowlkes_mallows_score": 0.7220246892264907, "homogeneity_score": 0.5985084449747888, "v_measure_score": 0.5984053731000251}, "classification": {"f1_score": 0.8444391548101857, "hamming_loss": 0.155, "jaccard_score": 0.7330757970071569, "accuracy_score": 0.845, "recall_score": 0.8451113133841545, "precision_score": 0.8465818694627609}, "time": 0.004}, "RandomForestClassifier": {"clustering": {"adjusted_mutual_info_score": 0.6851421961943067, "adjusted_rand_score": 0.7297781590399129, "completeness_score": 0.690915515587621, "fowlkes_mallows_score": 0.7967580140856569, "homogeneity_score": 0.6898436931576425, "v_measure_score": 0.6903791883684095}, "classification": {"f1_score": 0.8892182236128701, "hamming_loss": 0.11, "jaccard_score": 0.8025381294405834, "accuracy_score": 0.89, "recall_score": 0.8885766298782569, "precision_score": 0.8909708790027938}, "time": 0.2296}, "LinearSVC": {"clustering": {"adjusted_mutual_info_score": 0.5153738047117601, "adjusted_rand_score": 0.5250564695986807, "completeness_score": 0.5233487396588709, "fowlkes_mallows_score": 0.6424797278802098, "homogeneity_score": 0.5235031133587124, "v_measure_score": 0.5234259151264555}, "classification": {"f1_score": 0.7828327922077922, "hamming_loss": 0.215, "jaccard_score": 0.6474108769190736, "accuracy_score": 0.785, "recall_score": 0.78414116130011, "precision_score": 0.7824596376268109}, "time": 0.066}, "LogisticRegression": {"clustering": {"adjusted_mutual_info_score": 0.5690274576351799, "adjusted_rand_score": 0.5915811930148884, "completeness_score": 0.5759797153359345, "fowlkes_mallows_score": 0.6924957820751675, "homogeneity_score": 0.5763931900200657, "v_measure_score": 0.5761863785000524}, "classification": {"f1_score": 0.8248184499763351, "hamming_loss": 0.175,