{"clustering_alg": {"affinity_propagation": {"clustering": {"adjusted_mutual_info_score": 0.3678971988234983, "adjusted_rand_score": 0.08397264015641377, "completeness_score": 0.2634081717216384, "fowlkes_mallows_score": 0.22224860046537512, "homogeneity_score": 0.7344451120682663, "v_measure_score": 0.3877500777770213}, "classification": {"f1_score": 0.0019632434913764837, "hamming_loss": 0.986, "jaccard_score": 0.0010078295624250063, "accuracy_score": 0.014, "recall_score": 0.0010831165854484936, "precision_score": 0.010505698005698005}, "found_clusters": 52, "expected_clusters": 4, "time": 3.3667}, "agglomerative": {"clustering": {"adjusted_mutual_info_score": 0.35489986312055094, "adjusted_rand_score": 0.2778018316180848, "completeness_score": 0.36278929766810736, "fowlkes_mallows_score": 0.4651786988076024, "homogeneity_score": 0.3514646075080449, "v_measure_score": 0.3570371745649586}, "classification": {"f1_score": 0.567238464182743, "hamming_loss": 0.44, "jaccard_score": 0.4155711050056246, "accuracy_score": 0.56, "recall_score": 0.5595795931398679, "precision_score": 0.6117700058306506}, "found_clusters": 4, "expected_clusters": 4, "time": 0.061}, "birch": {"clustering": {"adjusted_mutual_info_score": 0.27878894587815645, "adjusted_rand_score": 0.2512580755269388, "completeness_score": 0.3264214794079462, "fowlkes_mallows_score": 0.48236798916185053, "homogeneity_score": 0.2460221335149639, "v_measure_score": 0.2805757876448472}, "classification": {"f1_score": 0.13673521629021507, "hamming_loss": 0.857, "jaccard_score": 0.07782704723006084, "accuracy_score": 0.143, "recall_score": 0.1437572872133696, "precision_score": 0.13747461325728114}, "found_clusters": 3, "expected_clusters": 4, "time": 0.143}, "dbscan": {"clustering": {"adjusted_mutual_info_score": 0.007137889569335282, "adjusted_rand_score": 4.5495383161435766e-07, "completeness_score": 0.21948058820378222, "fowlkes_mallows_score": 0.4967705208846495, "homogeneity_score": 0.004983922186477722, "v_measure_score": 0.009746522255550975}, "classification": {"f1_score": 0.0, "hamming_loss": 1.0, "jaccard_score": 0.0, "accuracy_score": 0.0, "recall_score": 0.0, "precision_score": 0.0}, "found_clusters": 2, "expected_clusters": 4, "time": 0.012}, "k_means": {"clustering": {"adjusted_mutual_info_score": 0.3256953223487822, "adjusted_rand_score": 0.27887496195649125, "completeness_score": 0.32848512693536075, "fowlkes_mallows_score": 0.45952847601169217, "homogeneity_score": 0.3273118739428463, "v_measure_score": 0.3278974509355357}, "classification": {"f1_score": 0.574408069153969, "hamming_loss": 0.433, "jaccard_score": 0.424879353539699, "accuracy_score": 0.567, "recall_score": 0.5660190020569337, "precision_score": 0.5860881841794959}, "found_clusters": 4, "expected_clusters": 4, "time": 0.1075}, "mini_batch_k_means": {"clustering": {"adjusted_mutual_info_score": 0.33006064464460894, "adjusted_rand_score": 0.30360646537522024, "completeness_score": 0.3333964832630312, "fowlkes_mallows_score": 0.47886925276793624, "homogeneity_score": 0.3311157388670654, "v_measure_score": 0.33225219707007086}, "classification": {"f1_score": 0.6368246069885091, "hamming_loss": 0.363, "jaccard_score": 0.4742323451223661, "accuracy_score": 0.637, "recall_score": 0.6365549165935706, "precision_score": 0.6443725556957912}, "found_clusters": 4, "expected_clusters": 4, "time": 0.1306}, "mean_shift": {"clustering": {"adjusted_mutual_info_score": 2.5627928781664366e-18, "adjusted_rand_score": 0.0, "completeness_score": 1.0, "fowlkes_mallows_score": 0.49926271968099445, "homogeneity_score": 1.6017455486733905e-16, "v_measure_score": 3.2034910973467805e-16}, "classification": {"f1_score": 0.1, "hamming_loss": 0.75, "jaccard_score": 0.0625, "accuracy_score": 0.25, "recall_score": 0.25, "precision_score": 0.0625}, "found_clusters": 1, "expected_clusters": 4, "time": 16.5323}, "optics": {"clustering": {"adjusted_mutual_info_score": 0.10885516245902122, "adjusted_rand_score": 0.001973725399031002, "completeness_score": 0.20690588717449707, "fowlkes_mallows_score": 0.4444576737683483, "homogeneity_score": 0.09894857158557668, "v_measure_score": 0.13387440596132008}, "classification": {"f1_score": 0.0045063193186033424, "hamming_loss": 0.99, "jaccard_score": 0.0023259633234057786, "accuracy_score": 0.01, "recall_score": 0.002329728270244729, "precision_score": 0.07058823529411765}, "found_clusters": 17, "expected_clusters": 4, "time": 1.2432}, "spectral_clustering": {"clustering": {"adjusted_mutual_info_score": 0.35478267420070675, "adjusted_rand_score": 0.2534027627767314, "completeness_score": 0.4529481945347532, "fowlkes_mallows_score": 0.5249772520076832, "homogeneity_score": 0.2951413601376199, "v_measure_score": 0.35740038173748667}, "classification": {"f1_score": 0.4573847251929708, "hamming_loss": 0.458, "jaccard_score": 0.34436085956014184, "accuracy_score": 0.542, "recall_score": 0.5393167300081366, "precision_score": 0.5490098607794401}, "found_clusters": 4, "expected_clusters": 4, "time": 1.8485}, "gaussian_mixture_model": {"clustering": {"adjusted_mutual_info_score": 0.8407089854807822, "adjusted_rand_score": 0.8799441689062453, "completeness_score": 0.841274414240999, "fowlkes_mallows_score": 0.9098742537209863, "homogeneity_score": 0.8411821332672723, "v_measure_score": 0.8412282712233785}, "classification": {"f1_score": 0.9529152659561786, "hamming_loss": 0.047, "jaccard_score": 0.9109946643337904, "accuracy_score": 0.953, "recall_score": 0.9529329351064848, "precision_score": 0.9530029370848254}, "found_clusters": 4, "expected_clusters": 4, "time": 0.047}}, "classification_alg": {"KNeighborsClassifier": {"clustering": {"adjusted_mutual_info_score": 0.6797616628470656, "adjusted_rand_score": 0.7256444747821994, "completeness_score": 0.684089893224511, "fowlkes_mallows_score": 0.7948247705329066, "homogeneity_score": 0.686164766417905, "v_measure_score": 0.6851257589092836}, "classification": {"f1_score": 0.8719586897486584, "hamming_loss": 0.12, "jaccard_score": 0.7776665626462786, "accuracy_score": 0.88, "recall_score": 0.8731167152589282, "precision_score": 0.8712701277806587}, "time": 0.011}, "DecisionTreeClassifier": {"clustering": {"adjusted_mutual_info_score": 0.46737325534696683, "adjusted_rand_score": 0.49446629047717466, "completeness_score": 0.4739841130241985, "fowlkes_mallows_score": 0.6207937476940883, "homogeneity_score": 0.47855988495782303, "v_measure_score": 0.4762610085859308}, "classification": {"f1_score": 0.7645285528041031, "hamming_loss": 0.23, "jaccard_score": 0.6238636363636364, "accuracy_score": 0.77, "recall_score": 0.7692459591216367, "precision_score": 0.77004792301536}, "time": 0.005}, "RandomForestClassifier": {"clustering": {"adjusted_mutual_info_score": 0.6940028614413207, "adjusted_rand_score": 0.7182407631339679, "completeness_score": 0.6970363479257847, "fowlkes_mallows_score": 0.7890204073917525, "homogeneity_score": 0.701215330144081, "v_measure_score": 0.6991195941318675}, "classification": {"f1_score": 0.8753386433403869, "hamming_loss": 0.12, "jaccard_score": 0.7816279308926368, "accuracy_score": 0.88, "recall_score": 0.8786672223288274, "precision_score": 0.8755526897568164}, "time": 0.365}, "LinearSVC": {"clustering": {"adjusted_mutual_info_score": 0.5494663665944753, "adjusted_rand_score": 0.5511690230714982, "completeness_score": 0.5552359073890771, "fowlkes_mallows_score": 0.6638223213662493, "homogeneity_score": 0.5587723459028949, "v_measure_score": 0.5569985134032992}, "classification": {"f1_score": 0.7970970480668755, "hamming_loss": 0.2, "jaccard_score": 0.6636895559865456, "accuracy_score": 0.8, "recall_score": 0.8059220286515416, "precision_score": 0.802020202020202}, "time": 0.0593}, "LogisticRegression": {"clustering": {"adjusted_mutual_info_score": 0.5898721946781644, "adjusted_rand_score": 0.594474016494822, "completeness_score": 0.5940817523773646, "fowlkes_mallows_score": 0.6959237353177298, "homogeneity_score": 0.5993792922597507,