{"clustering_alg": {"affinity_propagation": {"clustering": {"adjusted_mutual_info_score": -1.281370601507323e-15, "adjusted_rand_score": 0.0, "completeness_score": 1.0, "fowlkes_mallows_score": 0.4998499474782395, "homogeneity_score": 6.40685300762983e-16, "v_measure_score": 1.2813706015259653e-15}, "classification": {"f1_score": 0.0, "hamming_loss": 1.0, "jaccard_score": 0.0, "accuracy_score": 0.0, "recall_score": 0.0, "precision_score": 0.0}, "found_clusters": 1, "expected_clusters": 4, "time": 152.3725}, "agglomerative": {"clustering": {"adjusted_mutual_info_score": 0.8398188875535998, "adjusted_rand_score": 0.8132091634347393, "completeness_score": 0.8422096552900222, "fowlkes_mallows_score": 0.860248791235752, "homogeneity_score": 0.8376492252306341, "v_measure_score": 0.8399232500015608}, "classification": {"f1_score": 0.9151742400851096, "hamming_loss": 0.0842, "jaccard_score": 0.854555708201676, "accuracy_score": 0.9158, "recall_score": 0.9158, "precision_score": 0.9209379033852583}, "found_clusters": 4, "expected_clusters": 4, "time": 0.65}, "birch": {"clustering": {"adjusted_mutual_info_score": 0.8507974877317174, "adjusted_rand_score": 0.7114266913735094, "completeness_score": 0.992686377964083, "fowlkes_mallows_score": 0.8144330335096753, "homogeneity_score": 0.7445106588833256, "v_measure_score": 0.850871344638909}, "classification": {"f1_score": 0.41606810321894117, "hamming_loss": 0.5, "jaccard_score": 0.37380573248407645, "accuracy_score": 0.5, "recall_score": 0.5, "precision_score": 0.37380573248407645}, "found_clusters": 3, "expected_clusters": 4, "time": 0.158}, "dbscan": {"clustering": {"adjusted_mutual_info_score": 0.836680527950254, "adjusted_rand_score": 0.7058986160752582, "completeness_score": 0.9577797606817321, "fowlkes_mallows_score": 0.8089824786352159, "homogeneity_score": 0.7429568357519054, "v_measure_score": 0.836800974160825}, "classification": {"f1_score": 0.6664230243493523, "hamming_loss": 0.255, "jaccard_score": 0.6205178982907064, "accuracy_score": 0.745, "recall_score": 0.745, "precision_score": 0.6710016815925557}, "found_clusters": 4, "expected_clusters": 4, "time": 0.047}, "k_means": {"clustering": {"adjusted_mutual_info_score": 0.8444787936690072, "adjusted_rand_score": 0.8286850357750598, "completeness_score": 0.8446128494553892, "fowlkes_mallows_score": 0.8714927192002642, "homogeneity_score": 0.8445468497263576, "v_measure_score": 0.8445798483014855}, "classification": {"f1_score": 0.924591908660851, "hamming_loss": 0.0754, "jaccard_score": 0.8686585671025205, "accuracy_score": 0.9246, "recall_score": 0.9246, "precision_score": 0.9246759909517712}, "found_clusters": 4, "expected_clusters": 4, "time": 0.057}, "mini_batch_k_means": {"clustering": {"adjusted_mutual_info_score": 0.8463273061287856, "adjusted_rand_score": 0.8309730693925201, "completeness_score": 0.8465593777378773, "fowlkes_mallows_score": 0.8732228092298272, "homogeneity_score": 0.8462950063171966, "v_measure_score": 0.8464271713842232}, "classification": {"f1_score": 0.9257681438177829, "hamming_loss": 0.0742, "jaccard_score": 0.8704468303617147, "accuracy_score": 0.9258, "recall_score": 0.9258000000000001, "precision_score": 0.9261059596053315}, "found_clusters": 4, "expected_clusters": 4, "time": 0.037}, "mean_shift": {"clustering": {"adjusted_mutual_info_score": 0.8532771996389521, "adjusted_rand_score": 0.7127928442995747, "completeness_score": 0.9955748879210045, "fowlkes_mallows_score": 0.8154084200613949, "homogeneity_score": 0.7466810510358647, "v_measure_score": 0.8533498288923572}, "classification": {"f1_score": 0.16706650673064108, "hamming_loss": 0.7496, "jaccard_score": 0.1252000800320128, "accuracy_score": 0.2504, "recall_score": 0.2504, "precision_score": 0.12539968025579537}, "found_clusters": 3, "expected_clusters": 4, "time": 8.6196}, "optics": {"clustering": {"adjusted_mutual_info_score": 0.21342320427037934, "adjusted_rand_score": 0.0025785259239686884, "completeness_score": 0.17455292299405537, "fowlkes_mallows_score": 0.25998851598228184, "homogeneity_score": 0.43232481748673407, "v_measure_score": 0.24869444219653236}, "classification": {"f1_score": 5.720154444169994e-05, "hamming_loss": 0.9978, "jaccard_score": 2.8852459016393445e-05, "accuracy_score": 0.0022, "recall_score": 2.8852459016393445e-05, "precision_score": 0.003278688524590164}, "found_clusters": 305, "expected_clusters": 4, "time": 3.5773}, "spectral_clustering": {"clustering": {"adjusted_mutual_info_score": 0.8450383933718154, "adjusted_rand_score": 0.8294401426830308, "completeness_score": 0.845189088189028, "fowlkes_mallows_score": 0.872061522863488, "homogeneity_score": 0.8450890905668924, "v_measure_score": 0.845139086420008}, "classification": {"f1_score": 0.924987808210513, "hamming_loss": 0.075, "jaccard_score": 0.8692588935594223, "accuracy_score": 0.925, "recall_score": 0.925, "precision_score": 0.9251153163011873}, "found_clusters": 4, "expected_clusters": 4, "time": 3.0866}, "gaussian_mixture_model": {"clustering": {"adjusted_mutual_info_score": 0.8405170210270859, "adjusted_rand_score": 0.8227563595774907, "completeness_score": 0.8406534963937922, "fowlkes_mallows_score": 0.8670454831098969, "homogeneity_score": 0.8405878060564889, "v_measure_score": 0.840620649941797}, "classification": {"f1_score": 0.9213915625114115, "hamming_loss": 0.0786, "jaccard_score": 0.8638424179204506, "accuracy_score": 0.9214, "recall_score": 0.9214, "precision_score": 0.9214746059045443}, "found_clusters": 4, "expected_clusters": 4, "time": 0.023}}, "classification_alg": {"KNeighborsClassifier": {"clustering": {"adjusted_mutual_info_score": 0.8423856387887807, "adjusted_rand_score": 0.8257345835767017, "completeness_score": 0.8428350595038193, "fowlkes_mallows_score": 0.8692967680830794, "homogeneity_score": 0.8429648984402853, "v_measure_score": 0.8428999739720078}, "classification": {"f1_score": 0.9177994508733809, "hamming_loss": 0.08, "jaccard_score": 0.8588591946525526, "accuracy_score": 0.92, "recall_score": 0.9178800134816313, "precision_score": 0.9177330280172413}, "time": 0.03}, "DecisionTreeClassifier": {"clustering": {"adjusted_mutual_info_score": 0.8161083185893662, "adjusted_rand_score": 0.7901062560424108, "completeness_score": 0.8166212920926045, "fowlkes_mallows_score": 0.8425702688801714, "homogeneity_score": 0.8167954965693167, "v_measure_score": 0.8167083850414762}, "classification": {"f1_score": 0.8962711054703059, "hamming_loss": 0.101, "jaccard_score": 0.827646213963434, "accuracy_score": 0.899, "recall_score": 0.8963841961956049, "precision_score": 0.8961752807856742}, "time": 0.005}, "RandomForestClassifier": {"clustering": {"adjusted_mutual_info_score": 0.8403854828193598, "adjusted_rand_score": 0.8264610781575139, "completeness_score": 0.8406573271912463, "fowlkes_mallows_score": 0.8698160102974427, "homogeneity_score": 0.8411552759938108, "v_measure_score": 0.8409062278765244}, "classification": {"f1_score": 0.9189948807693376, "hamming_loss": 0.079, "jaccard_score": 0.8600987051198965, "accuracy_score": 0.921, "recall_score": 0.919471489758126, "precision_score": 0.918876212955678}, "time": 0.297}, "LinearSVC": {"clustering": {"adjusted_mutual_info_score": 0.8424437580205333, "adjusted_rand_score": 0.8301069880352192, "completeness_score": 0.8429203598207528, "fowlkes_mallows_score": 0.8725800762731972, "homogeneity_score": 0.8429954848130427, "v_measure_score": 0.8429579206430999}, "classification": {"f1_score": 0.9209309411663228, "hamming_loss": 0.077, "jaccard_score": 0.8630080060945992, "accuracy_score": 0.923, "recall_score": 0.9209715028579682, "precision_score": 0.9209084896101389}, "time": 0.122}, "LogisticRegression": {"clustering": {"adjusted_mutual_info_score": 0.8425074383334998, "adjusted_rand_score": 0.830168635116185, "completeness_score": 0.8431564780997738, "fowlkes_mallows_score": 0.8726494987339178, "homogeneity_score": 0.8428865676088221, "v_measure_score": 0.8430215012499643},