{"clustering_alg": {"affinity_propagation": {"clustering": {"adjusted_mutual_info_score": 1.8429394046740873e-16, "adjusted_rand_score": 0.0, "completeness_score": 1.0, "fowlkes_mallows_score": 0.5082382721010349, "homogeneity_score": 3.244611627917576e-16, "v_measure_score": 6.489223255835151e-16}, "classification": {"f1_score": 0.0, "hamming_loss": 1.0, "jaccard_score": 0.0, "accuracy_score": 0.0, "recall_score": 0.0, "precision_score": 0.0}, "found_clusters": 1, "expected_clusters": 4, "time": 146.6565}, "agglomerative": {"clustering": {"adjusted_mutual_info_score": 0.14856966333373486, "adjusted_rand_score": 0.11804851001994497, "completeness_score": 0.15058849454022494, "fowlkes_mallows_score": 0.3518942038484687, "homogeneity_score": 0.14771022042652926, "v_measure_score": 0.14913547129906268}, "classification": {"f1_score": 0.4617491671562095, "hamming_loss": 0.5388, "jaccard_score": 0.3071704755965831, "accuracy_score": 0.4612, "recall_score": 0.48162665679489025, "precision_score": 0.4757260910090563}, "found_clusters": 4, "expected_clusters": 4, "time": 0.7812}, "birch": {"clustering": {"adjusted_mutual_info_score": 0.07555308791247524, "adjusted_rand_score": 0.07296772218737278, "completeness_score": 0.11286110998450456, "fowlkes_mallows_score": 0.41040027233777143, "homogeneity_score": 0.057087408069145175, "v_measure_score": 0.075822352729056}, "classification": {"f1_score": 0.24725659255649024, "hamming_loss": 0.6248, "jaccard_score": 0.16501688394656108, "accuracy_score": 0.3752, "recall_score": 0.36624492949584697, "precision_score": 0.18700553689694013}, "found_clusters": 2, "expected_clusters": 4, "time": 0.085}, "dbscan": {"clustering": {"adjusted_mutual_info_score": 1.8429394046740873e-16, "adjusted_rand_score": 0.0, "completeness_score": 1.0, "fowlkes_mallows_score": 0.5082382721010349, "homogeneity_score": 3.244611627917576e-16, "v_measure_score": 6.489223255835151e-16}, "classification": {"f1_score": 0.10542929292929294, "hamming_loss": 0.7328, "jaccard_score": 0.0668, "accuracy_score": 0.2672, "recall_score": 0.25, "precision_score": 0.0668}, "found_clusters": 1, "expected_clusters": 4, "time": 0.234}, "k_means": {"clustering": {"adjusted_mutual_info_score": 0.16437816319006315, "adjusted_rand_score": 0.12872590439483786, "completeness_score": 0.16520246118336776, "fowlkes_mallows_score": 0.35511231564356205, "homogeneity_score": 0.16465653095016936, "v_measure_score": 0.16492904429824531}, "classification": {"f1_score": 0.4806144569334563, "hamming_loss": 0.5228, "jaccard_score": 0.3219439951993337, "accuracy_score": 0.4772, "recall_score": 0.5115942220544978, "precision_score": 0.4894027425969592}, "found_clusters": 4, "expected_clusters": 4, "time": 0.124}, "mini_batch_k_means": {"clustering": {"adjusted_mutual_info_score": 0.14581919804012927, "adjusted_rand_score": 0.11174964609319078, "completeness_score": 0.1464013965015576, "fowlkes_mallows_score": 0.34138497505514137, "homogeneity_score": 0.14636152453167828, "v_measure_score": 0.14638145780149614}, "classification": {"f1_score": 0.46818396467528206, "hamming_loss": 0.5392, "jaccard_score": 0.3101470940689787, "accuracy_score": 0.4608, "recall_score": 0.48609280475782934, "precision_score": 0.47989026327356404}, "found_clusters": 4, "expected_clusters": 4, "time": 0.027}, "mean_shift": {"clustering": {"adjusted_mutual_info_score": 1.8429394046740873e-16, "adjusted_rand_score": 0.0, "completeness_score": 1.0, "fowlkes_mallows_score": 0.5082382721010349, "homogeneity_score": 3.244611627917576e-16, "v_measure_score": 6.489223255835151e-16}, "classification": {"f1_score": 0.10542929292929294, "hamming_loss": 0.7328, "jaccard_score": 0.0668, "accuracy_score": 0.2672, "recall_score": 0.25, "precision_score": 0.0668}, "found_clusters": 1, "expected_clusters": 4, "time": 37.1909}, "optics": {"clustering": {"adjusted_mutual_info_score": 0.06547135325489845, "adjusted_rand_score": 0.00703465418431591, "completeness_score": 0.07417648495207588, "fowlkes_mallows_score": 0.24488560915513957, "homogeneity_score": 0.20211019274860556, "v_measure_score": 0.10852368124184164}, "classification": {"f1_score": 3.313055030477785e-05, "hamming_loss": 0.9986, "jaccard_score": 1.658851469486927e-05, "accuracy_score": 0.0014, "recall_score": 1.6672506394869555e-05, "precision_score": 0.002918818129661503}, "found_clusters": 332, "expected_clusters": 4, "time": 3.9121}, "spectral_clustering": {"clustering": {"adjusted_mutual_info_score": 0.15800379044384236, "adjusted_rand_score": 0.08159152346617109, "completeness_score": 0.16864366186297008, "fowlkes_mallows_score": 0.35116576700055574, "homogeneity_score": 0.14966977401170312, "v_measure_score": 0.15859122433948827}, "classification": {"f1_score": 0.4140123135546447, "hamming_loss": 0.5796, "jaccard_score": 0.26454147283814256, "accuracy_score": 0.4204, "recall_score": 0.4642747295139862, "precision_score": 0.5043975411636099}, "found_clusters": 4, "expected_clusters": 4, "time": 2.8453}, "gaussian_mixture_model": {"clustering": {"adjusted_mutual_info_score": 0.17767112300202234, "adjusted_rand_score": 0.1201029106857683, "completeness_score": 0.18108372654262464, "fowlkes_mallows_score": 0.35722865561907235, "homogeneity_score": 0.1754472663728546, "v_measure_score": 0.1782209425705928}, "classification": {"f1_score": 0.4644972921474354, "hamming_loss": 0.5376, "jaccard_score": 0.3082868386357597, "accuracy_score": 0.4624, "recall_score": 0.5042269774507889, "precision_score": 0.49332294873965454}, "found_clusters": 4, "expected_clusters": 4, "time": 0.029}}, "classification_alg": {"KNeighborsClassifier": {"clustering": {"adjusted_mutual_info_score": 0.10663461114398332, "adjusted_rand_score": 0.101707751802227, "completeness_score": 0.10955752097126076, "fowlkes_mallows_score": 0.33176222649936316, "homogeneity_score": 0.10959864592413293, "v_measure_score": 0.10957807958912016}, "classification": {"f1_score": 0.46812163335580803, "hamming_loss": 0.532, "jaccard_score": 0.30990719316632825, "accuracy_score": 0.468, "recall_score": 0.4715945247918306, "precision_score": 0.466478615551053}, "time": 0.029}, "DecisionTreeClassifier": {"clustering": {"adjusted_mutual_info_score": 0.06662334810046223, "adjusted_rand_score": 0.06445747481006199, "completeness_score": 0.06982518754868727, "fowlkes_mallows_score": 0.3053369018171663, "homogeneity_score": 0.06958458785679797, "v_measure_score": 0.06970468008383078}, "classification": {"f1_score": 0.4199482799082685, "hamming_loss": 0.583, "jaccard_score": 0.26826313900981447, "accuracy_score": 0.417, "recall_score": 0.42143455952449355, "precision_score": 0.41959060937683657}, "time": 0.011}, "RandomForestClassifier": {"clustering": {"adjusted_mutual_info_score": 0.10261373055548492, "adjusted_rand_score": 0.10110483306664272, "completeness_score": 0.10511654224081864, "fowlkes_mallows_score": 0.32900796187718356, "homogeneity_score": 0.10600358752200882, "v_measure_score": 0.10555820137050227}, "classification": {"f1_score": 0.4736125410630584, "hamming_loss": 0.529, "jaccard_score": 0.3135973755132381, "accuracy_score": 0.471, "recall_score": 0.48197381411962104, "precision_score": 0.46886478975031}, "time": 0.4571}, "LinearSVC": {"clustering": {"adjusted_mutual_info_score": 0.17392079336209318, "adjusted_rand_score": 0.14104499282943322, "completeness_score": 0.19372564358953967, "fowlkes_mallows_score": 0.3962164248377786, "homogeneity_score": 0.16278585717926092, "v_measure_score": 0.1769131984876882}, "classification": {"f1_score": 0.43308741103228354, "hamming_loss": 0.528, "jaccard_score": 0.2950267446430416, "accuracy_score": 0.472, "recall_score": 0.5211271573812726, "precision_score": 0.5522096050464134}, "time": 0.022}, "LogisticRegression": {"clustering": {"adjusted_mutual_info_score": 0.18255299300293124, "adjusted_rand_score": 0.1373371852191457, "completeness_score": 0.1942753582464643, "fowlkes_mallows_score": 0.38154392211260435, "homogeneity_score": 0.17725643965712784,