{"clustering_alg": {"affinity_propagation": {"clustering": {"adjusted_mutual_info_score": 0.34828288023881643, "adjusted_rand_score": 0.036586437260438386, "completeness_score": 0.229644990552043, "fowlkes_mallows_score": 0.14875245166776394, "homogeneity_score": 0.8144894734793304, "v_measure_score": 0.35827459754509006}, "classification": {"f1_score": 0.0006438473030673417, "hamming_loss": 0.9872, "jaccard_score": 0.0003288175241410229, "accuracy_score": 0.0128, "recall_score": 0.0003293187123742342, "precision_score": 0.016609644835451288}, "found_clusters": 155, "expected_clusters": 4, "time": 45.4287}, "agglomerative": {"clustering": {"adjusted_mutual_info_score": 0.46397279103364353, "adjusted_rand_score": 0.4203637382910426, "completeness_score": 0.47485398998081657, "fowlkes_mallows_score": 0.5738418643390141, "homogeneity_score": 0.4542601734187964, "v_measure_score": 0.4643288507152317}, "classification": {"f1_score": 0.6821260499879918, "hamming_loss": 0.3076, "jaccard_score": 0.5251388155085812, "accuracy_score": 0.6924, "recall_score": 0.6930789456671578, "precision_score": 0.7157985629678112}, "found_clusters": 4, "expected_clusters": 4, "time": 1.2091}, "birch": {"clustering": {"adjusted_mutual_info_score": 0.4008232756282914, "adjusted_rand_score": 0.3385092256270473, "completeness_score": 0.46768265806858683, "fowlkes_mallows_score": 0.5458212098248333, "homogeneity_score": 0.3511432968379695, "v_measure_score": 0.401119748205562}, "classification": {"f1_score": 0.538006605295046, "hamming_loss": 0.3826, "jaccard_score": 0.42308607952604915, "accuracy_score": 0.6174, "recall_score": 0.6171876628108948, "precision_score": 0.5079573976796092}, "found_clusters": 3, "expected_clusters": 4, "time": 0.681}, "dbscan": {"clustering": {"adjusted_mutual_info_score": 0.28576434442336607, "adjusted_rand_score": 0.10196805311413734, "completeness_score": 0.29979680336755904, "fowlkes_mallows_score": 0.42765158060517383, "homogeneity_score": 0.2929942338032599, "v_measure_score": 0.29635648716474394}, "classification": {"f1_score": 0.0005453045758593229, "hamming_loss": 0.9942, "jaccard_score": 0.00027512748831919645, "accuracy_score": 0.0058, "recall_score": 0.0003932258852181535, "precision_score": 0.001006098668360164}, "found_clusters": 59, "expected_clusters": 4, "time": 0.071}, "k_means": {"clustering": {"adjusted_mutual_info_score": 0.45478744127117854, "adjusted_rand_score": 0.3755939816436027, "completeness_score": 0.4615239934807456, "fowlkes_mallows_score": 0.5378335275337909, "homogeneity_score": 0.44894309063472193, "v_measure_score": 0.45514662012547363}, "classification": {"f1_score": 0.6484067138007082, "hamming_loss": 0.3514, "jaccard_score": 0.49009225628963454, "accuracy_score": 0.6486, "recall_score": 0.6488778810757709, "precision_score": 0.6723568641732216}, "found_clusters": 4, "expected_clusters": 4, "time": 0.1366}, "mini_batch_k_means": {"clustering": {"adjusted_mutual_info_score": 0.4413467426881374, "adjusted_rand_score": 0.3756194083783652, "completeness_score": 0.4472001847641182, "fowlkes_mallows_score": 0.5372047771155318, "homogeneity_score": 0.43636120125587835, "v_measure_score": 0.4417142100438169}, "classification": {"f1_score": 0.6592812127471341, "hamming_loss": 0.3414, "jaccard_score": 0.5002439100643938, "accuracy_score": 0.6586, "recall_score": 0.6588135793757617, "precision_score": 0.6824313667469168}, "found_clusters": 4, "expected_clusters": 4, "time": 0.05}, "mean_shift": {"clustering": {"adjusted_mutual_info_score": 1.6042986257433562e-15, "adjusted_rand_score": 0.0, "completeness_score": 1.0, "fowlkes_mallows_score": 0.4998597122657409, "homogeneity_score": 4.805207545143801e-16, "v_measure_score": 9.610415090287598e-16}, "classification": {"f1_score": 0.1003197442046363, "hamming_loss": 0.749, "jaccard_score": 0.06275, "accuracy_score": 0.251, "recall_score": 0.25, "precision_score": 0.06275}, "found_clusters": 1, "expected_clusters": 4, "time": 38.9917}, "optics": {"clustering": {"adjusted_mutual_info_score": 0.12312501694324327, "adjusted_rand_score": 0.0016597236233462606, "completeness_score": 0.175102763381953, "fowlkes_mallows_score": 0.43322912470096653, "homogeneity_score": 0.12635408777452561, "v_measure_score": 0.1467868442800179}, "classification": {"f1_score": 8.749212570868621e-05, "hamming_loss": 0.999, "jaccard_score": 4.392090723025975e-05, "accuracy_score": 0.001, "recall_score": 4.392090723025975e-05, "precision_score": 0.01098901098901099}, "found_clusters": 91, "expected_clusters": 4, "time": 4.7459}, "spectral_clustering": {"clustering": {"adjusted_mutual_info_score": 0.5425617092654043, "adjusted_rand_score": 0.4559793071542974, "completeness_score": 0.6466859897347035, "fowlkes_mallows_score": 0.642118275890045, "homogeneity_score": 0.4678723205681362, "v_measure_score": 0.542935209219994}, "classification": {"f1_score": 0.5840796515820799, "hamming_loss": 0.345, "jaccard_score": 0.48914815632487024, "accuracy_score": 0.655, "recall_score": 0.6555139791019378, "precision_score": 0.5676801192085567}, "found_clusters": 4, "expected_clusters": 4, "time": 5.323}, "gaussian_mixture_model": {"clustering": {"adjusted_mutual_info_score": 0.8817023304290573, "adjusted_rand_score": 0.9208491197464536, "completeness_score": 0.8818143138791235, "fowlkes_mallows_score": 0.9406279216044052, "homogeneity_score": 0.8817440870863197, "v_measure_score": 0.8817791990844683}, "classification": {"f1_score": 0.969542178022058, "hamming_loss": 0.0304, "jaccard_score": 0.9410364782981193, "accuracy_score": 0.9696, "recall_score": 0.9696148099567559, "precision_score": 0.9696059520873375}, "found_clusters": 4, "expected_clusters": 4, "time": 0.072}}, "classification_alg": {"KNeighborsClassifier": {"clustering": {"adjusted_mutual_info_score": 0.785368818401966, "adjusted_rand_score": 0.8315408687386734, "completeness_score": 0.7872487571298735, "fowlkes_mallows_score": 0.8737652986379926, "homogeneity_score": 0.7848944980702522, "v_measure_score": 0.7860698648676586}, "classification": {"f1_score": 0.9319872222744469, "hamming_loss": 0.067, "jaccard_score": 0.8733856673460711, "accuracy_score": 0.933, "recall_score": 0.9315747033952323, "precision_score": 0.9342929598475895}, "time": 0.042}, "DecisionTreeClassifier": {"clustering": {"adjusted_mutual_info_score": 0.6343161475897897, "adjusted_rand_score": 0.688867491751217, "completeness_score": 0.6359034106780923, "fowlkes_mallows_score": 0.7666534100878826, "homogeneity_score": 0.6351160782422596, "v_measure_score": 0.6355095006038189}, "classification": {"f1_score": 0.8685909863241141, "hamming_loss": 0.13, "jaccard_score": 0.769337824252751, "accuracy_score": 0.87, "recall_score": 0.8685847899013323, "precision_score": 0.8697033168534908}, "time": 0.017}, "RandomForestClassifier": {"clustering": {"adjusted_mutual_info_score": 0.7561131419162724, "adjusted_rand_score": 0.8095926813428059, "completeness_score": 0.7574330976863347, "fowlkes_mallows_score": 0.8572085802673552, "homogeneity_score": 0.7563858021137344, "v_measure_score": 0.7569090876281616}, "classification": {"f1_score": 0.9232276439881344, "hamming_loss": 0.076, "jaccard_score": 0.8580148562622422, "accuracy_score": 0.924, "recall_score": 0.922934569478296, "precision_score": 0.924264883701112}, "time": 0.674}, "LinearSVC": {"clustering": {"adjusted_mutual_info_score": 0.5544104363510319, "adjusted_rand_score": 0.5773083686446451, "completeness_score": 0.5570414358237001, "fowlkes_mallows_score": 0.6834115988910049, "homogeneity_score": 0.5546970551631345, "v_measure_score": 0.5558667736348255}, "classification": {"f1_score": 0.8084680766768919, "hamming_loss": 0.19, "jaccard_score": 0.6837857481633178, "accuracy_score": 0.81, "recall_score": 0.8082490854964539, "precision_score": 0.813528401936699}, "time": 0.2473}, "LogisticRegression": {"clustering": {"adjusted_mutual_info_score": 0.5809982977256442, "adjusted_rand_score": 0.614922017410162,