{"clustering_alg": {"affinity_propagation": {"clustering": {"adjusted_mutual_info_score": 0.3538306479878078, "adjusted_rand_score": 0.08081651357755915, "completeness_score": 0.25397286883471454, "fowlkes_mallows_score": 0.21716731824368832, "homogeneity_score": 0.7095713438245788, "v_measure_score": 0.37406040629243925}, "classification": {"f1_score": 0.0005379236148466917, "hamming_loss": 0.996, "jaccard_score": 0.00027277686852154935, "accuracy_score": 0.004, "recall_score": 0.00031017369727047146, "precision_score": 0.0020242914979757085}, "found_clusters": 52, "expected_clusters": 4, "time": 2.0438}, "agglomerative": {"clustering": {"adjusted_mutual_info_score": 0.4973939309134112, "adjusted_rand_score": 0.4604273725412667, "completeness_score": 0.5066172981097042, "fowlkes_mallows_score": 0.6011500514292738, "homogeneity_score": 0.4917197837967052, "v_measure_score": 0.4990573881488422}, "classification": {"f1_score": 0.7662029692229091, "hamming_loss": 0.238, "jaccard_score": 0.623649798340986, "accuracy_score": 0.762, "recall_score": 0.7623308223405958, "precision_score": 0.7987325910909404}, "found_clusters": 4, "expected_clusters": 4, "time": 0.068}, "birch": {"clustering": {"adjusted_mutual_info_score": 0.38122789685847003, "adjusted_rand_score": 0.25888167456609373, "completeness_score": 0.47938730662333046, "fowlkes_mallows_score": 0.522232412243592, "homogeneity_score": 0.318668309090945, "v_measure_score": 0.3828443516799037}, "classification": {"f1_score": 0.5004565089493596, "hamming_loss": 0.453, "jaccard_score": 0.38361969552209746, "accuracy_score": 0.547, "recall_score": 0.550731150408084, "precision_score": 0.5232011606076122}, "found_clusters": 3, "expected_clusters": 4, "time": 0.144}, "dbscan": {"clustering": {"adjusted_mutual_info_score": 5.125732780208318e-18, "adjusted_rand_score": 0.0, "completeness_score": 1.0, "fowlkes_mallows_score": 0.49928276886277906, "homogeneity_score": 3.2035829872689225e-16, "v_measure_score": 6.407165974537844e-16}, "classification": {"f1_score": 0.0, "hamming_loss": 1.0, "jaccard_score": 0.0, "accuracy_score": 0.0, "recall_score": 0.0, "precision_score": 0.0}, "found_clusters": 1, "expected_clusters": 4, "time": 0.01}, "k_means": {"clustering": {"adjusted_mutual_info_score": 0.47821127519833356, "adjusted_rand_score": 0.4639116913780081, "completeness_score": 0.4827658319276398, "fowlkes_mallows_score": 0.5997637828817176, "homogeneity_score": 0.4771125282602386, "v_measure_score": 0.47992253223329273}, "classification": {"f1_score": 0.7492782641087726, "hamming_loss": 0.251, "jaccard_score": 0.6007638262667464, "accuracy_score": 0.749, "recall_score": 0.7491888807602326, "precision_score": 0.7636582709821178}, "found_clusters": 4, "expected_clusters": 4, "time": 0.0921}, "mini_batch_k_means": {"clustering": {"adjusted_mutual_info_score": 0.4969221717878392, "adjusted_rand_score": 0.4917746052617818, "completeness_score": 0.4997028684502705, "fowlkes_mallows_score": 0.6192870618453871, "homogeneity_score": 0.49743424567240674, "v_measure_score": 0.49856597634839783}, "classification": {"f1_score": 0.7639993411226859, "hamming_loss": 0.237, "jaccard_score": 0.6228307861662107, "accuracy_score": 0.763, "recall_score": 0.7626464110712299, "precision_score": 0.771058287006273}, "found_clusters": 4, "expected_clusters": 4, "time": 0.038}, "mean_shift": {"clustering": {"adjusted_mutual_info_score": 5.125732780208318e-18, "adjusted_rand_score": 0.0, "completeness_score": 1.0, "fowlkes_mallows_score": 0.49928276886277906, "homogeneity_score": 3.2035829872689225e-16, "v_measure_score": 6.407165974537844e-16}, "classification": {"f1_score": 0.09935897435897435, "hamming_loss": 0.752, "jaccard_score": 0.062, "accuracy_score": 0.248, "recall_score": 0.25, "precision_score": 0.062}, "found_clusters": 1, "expected_clusters": 4, "time": 6.3639}, "optics": {"clustering": {"adjusted_mutual_info_score": 0.10036912120981208, "adjusted_rand_score": 0.0019051729132949372, "completeness_score": 0.19130202879890904, "fowlkes_mallows_score": 0.44345900727319154, "homogeneity_score": 0.09155733849313484, "v_measure_score": 0.1238432000527055}, "classification": {"f1_score": 0.002873563218390805, "hamming_loss": 0.994, "jaccard_score": 0.0014705882352941176, "accuracy_score": 0.006, "recall_score": 0.0014705882352941176, "precision_score": 0.0625}, "found_clusters": 16, "expected_clusters": 4, "time": 0.8506}, "spectral_clustering": {"clustering": {"adjusted_mutual_info_score": 0.4865567243990068, "adjusted_rand_score": 0.44049548571677843, "completeness_score": 0.5577341906055368, "fowlkes_mallows_score": 0.6129570339107718, "homogeneity_score": 0.4346842327067208, "v_measure_score": 0.4885807296654553}, "classification": {"f1_score": 0.5826870155261367, "hamming_loss": 0.329, "jaccard_score": 0.4804165244518699, "accuracy_score": 0.671, "recall_score": 0.6698268881979532, "precision_score": 0.5380248806638437}, "found_clusters": 4, "expected_clusters": 4, "time": 1.378}, "gaussian_mixture_model": {"clustering": {"adjusted_mutual_info_score": 0.7600988995833067, "adjusted_rand_score": 0.8036595003626681, "completeness_score": 0.7614821596403772, "fowlkes_mallows_score": 0.8527122072796096, "homogeneity_score": 0.7602819560265183, "v_measure_score": 0.7608815845377839}, "classification": {"f1_score": 0.9205417886936812, "hamming_loss": 0.079, "jaccard_score": 0.8542975106654351, "accuracy_score": 0.921, "recall_score": 0.9208069945817425, "precision_score": 0.9222934814900928}, "found_clusters": 4, "expected_clusters": 4, "time": 0.029}}, "classification_alg": {"KNeighborsClassifier": {"clustering": {"adjusted_mutual_info_score": 0.74691821281696, "adjusted_rand_score": 0.7704684064051072, "completeness_score": 0.7505574062291117, "fowlkes_mallows_score": 0.8272589138321025, "homogeneity_score": 0.7516925934070027, "v_measure_score": 0.7511245709114408}, "classification": {"f1_score": 0.9117556746936801, "hamming_loss": 0.09, "jaccard_score": 0.8394850061646262, "accuracy_score": 0.91, "recall_score": 0.9138214744798446, "precision_score": 0.9115148224999599}, "time": 0.011}, "DecisionTreeClassifier": {"clustering": {"adjusted_mutual_info_score": 0.47580703930813756, "adjusted_rand_score": 0.48671488588385253, "completeness_score": 0.4845043619459957, "fowlkes_mallows_score": 0.6139657475536716, "homogeneity_score": 0.4845486529849448, "v_measure_score": 0.48452650645329853}, "classification": {"f1_score": 0.7720003421265693, "hamming_loss": 0.23, "jaccard_score": 0.6332812591339392, "accuracy_score": 0.77, "recall_score": 0.7731400719357363, "precision_score": 0.771656162464986}, "time": 0.004}, "RandomForestClassifier": {"clustering": {"adjusted_mutual_info_score": 0.7040788686526562, "adjusted_rand_score": 0.7139209889814566, "completeness_score": 0.7100418978398935, "fowlkes_mallows_score": 0.7851515388347913, "homogeneity_score": 0.7079805432109672, "v_measure_score": 0.709009722247694}, "classification": {"f1_score": 0.8879589920549174, "hamming_loss": 0.115, "jaccard_score": 0.7999289977856936, "accuracy_score": 0.885, "recall_score": 0.8861734567675956, "precision_score": 0.8906062350786949}, "time": 0.301}, "LinearSVC": {"clustering": {"adjusted_mutual_info_score": 0.5979542463108558, "adjusted_rand_score": 0.5836592845225113, "completeness_score": 0.6050784500010191, "fowlkes_mallows_score": 0.6870968747577592, "homogeneity_score": 0.6042176389733503, "v_measure_score": 0.6046477381124135}, "classification": {"f1_score": 0.8195890022675737, "hamming_loss": 0.185, "jaccard_score": 0.7016177863433528, "accuracy_score": 0.815, "recall_score": 0.8227122692196959, "precision_score": 0.8207050645481628}, "time": 0.053}, "LogisticRegression": {"clustering": {"adjusted_mutual_info_score": 0.6881324279048958, "adjusted_rand_score": 0.6941142490132255, "completeness_score": 0.6931572421147921, "fowlkes_mallows_score": 0.7699018266756217, "homogeneity_score": 0.6934808138030746,