{"clustering_alg": {"affinity_propagation": {"clustering": {"adjusted_mutual_info_score": 0.0, "adjusted_rand_score": 0.0, "completeness_score": 1.0, "fowlkes_mallows_score": 0.5112660741724605, "homogeneity_score": 0.0, "v_measure_score": 0.0}, "classification": {"f1_score": 0.0, "hamming_loss": 1.0, "jaccard_score": 0.0, "accuracy_score": 0.0, "recall_score": 0.0, "precision_score": 0.0}, "found_clusters": 1, "expected_clusters": 4, "time": 145.3708}, "agglomerative": {"clustering": {"adjusted_mutual_info_score": 0.37679080700271034, "adjusted_rand_score": 0.2888796791010416, "completeness_score": 0.3778776283445135, "fowlkes_mallows_score": 0.4754951687348548, "homogeneity_score": 0.3765315231281228, "v_measure_score": 0.37720337479698035}, "classification": {"f1_score": 0.6145604089477257, "hamming_loss": 0.3896, "jaccard_score": 0.44965613286321104, "accuracy_score": 0.6104, "recall_score": 0.6371709049924804, "precision_score": 0.6295236392613782}, "found_clusters": 4, "expected_clusters": 4, "time": 0.723}, "birch": {"clustering": {"adjusted_mutual_info_score": 0.350370989782749, "adjusted_rand_score": 0.2579713225387312, "completeness_score": 0.3933712157457423, "fowlkes_mallows_score": 0.4794361965581595, "homogeneity_score": 0.3163611515601575, "v_measure_score": 0.3506881651074664}, "classification": {"f1_score": 0.011038368810588894, "hamming_loss": 0.9878, "jaccard_score": 0.005581626288305775, "accuracy_score": 0.0122, "recall_score": 0.013431319336447544, "precision_score": 0.009573715187971232}, "found_clusters": 3, "expected_clusters": 4, "time": 0.085}, "dbscan": {"clustering": {"adjusted_mutual_info_score": 0.0, "adjusted_rand_score": 0.0, "completeness_score": 1.0, "fowlkes_mallows_score": 0.5112660741724605, "homogeneity_score": 0.0, "v_measure_score": 0.0}, "classification": {"f1_score": 0.08471760797342193, "hamming_loss": 0.796, "jaccard_score": 0.051, "accuracy_score": 0.204, "recall_score": 0.25, "precision_score": 0.051}, "found_clusters": 1, "expected_clusters": 4, "time": 0.211}, "k_means": {"clustering": {"adjusted_mutual_info_score": 0.3965634620067065, "adjusted_rand_score": 0.30864680219383633, "completeness_score": 0.39736520386341756, "fowlkes_mallows_score": 0.49000008491380304, "homogeneity_score": 0.3965608679845867, "v_measure_score": 0.3969626284829135}, "classification": {"f1_score": 0.6184902014414148, "hamming_loss": 0.3904, "jaccard_score": 0.46123219491291734, "accuracy_score": 0.6096, "recall_score": 0.6484837387157034, "precision_score": 0.6354654831995317}, "found_clusters": 4, "expected_clusters": 4, "time": 0.106}, "mini_batch_k_means": {"clustering": {"adjusted_mutual_info_score": 0.40207671880020013, "adjusted_rand_score": 0.31767666423078017, "completeness_score": 0.40504553462806775, "fowlkes_mallows_score": 0.498502354908174, "homogeneity_score": 0.39993563234466295, "v_measure_score": 0.40247436503156336}, "classification": {"f1_score": 0.6261224948947338, "hamming_loss": 0.3768, "jaccard_score": 0.46771877648552246, "accuracy_score": 0.6232, "recall_score": 0.6643895857403329, "precision_score": 0.6461349051931489}, "found_clusters": 4, "expected_clusters": 4, "time": 0.028}, "mean_shift": {"clustering": {"adjusted_mutual_info_score": 0.0, "adjusted_rand_score": 0.0, "completeness_score": 1.0, "fowlkes_mallows_score": 0.5112660741724605, "homogeneity_score": 0.0, "v_measure_score": 0.0}, "classification": {"f1_score": 0.08471760797342193, "hamming_loss": 0.796, "jaccard_score": 0.051, "accuracy_score": 0.204, "recall_score": 0.25, "precision_score": 0.051}, "found_clusters": 1, "expected_clusters": 4, "time": 55.7505}, "optics": {"clustering": {"adjusted_mutual_info_score": 0.1608480045860109, "adjusted_rand_score": -0.001834010293253877, "completeness_score": 0.13689677753797713, "fowlkes_mallows_score": 0.24515658074467697, "homogeneity_score": 0.36763106233660336, "v_measure_score": 0.1995033921983572}, "classification": {"f1_score": 5.3494530184288656e-05, "hamming_loss": 0.9982, "jaccard_score": 2.6983270372369132e-05, "accuracy_score": 0.0018, "recall_score": 2.6983270372369132e-05, "precision_score": 0.0030581039755351682}, "found_clusters": 327, "expected_clusters": 4, "time": 3.9463}, "spectral_clustering": {"clustering": {"adjusted_mutual_info_score": 0.3517574890018161, "adjusted_rand_score": 0.2437235152186339, "completeness_score": 0.3638467737437964, "fowlkes_mallows_score": 0.46000928569136174, "homogeneity_score": 0.3412750386693686, "v_measure_score": 0.35219963300860374}, "classification": {"f1_score": 0.595778972946486, "hamming_loss": 0.4268, "jaccard_score": 0.43896669855822434, "accuracy_score": 0.5732, "recall_score": 0.6076152280895486, "precision_score": 0.6658100538430975}, "found_clusters": 4, "expected_clusters": 4, "time": 2.8841}, "gaussian_mixture_model": {"clustering": {"adjusted_mutual_info_score": 0.40493808554093214, "adjusted_rand_score": 0.3089620027371592, "completeness_score": 0.4062948082000209, "fowlkes_mallows_score": 0.49023365917927375, "homogeneity_score": 0.40437425193788623, "v_measure_score": 0.40533225507380605}, "classification": {"f1_score": 0.6119439360431768, "hamming_loss": 0.3954, "jaccard_score": 0.44924963984733807, "accuracy_score": 0.6046, "recall_score": 0.6376966429383522, "precision_score": 0.6367867546967261}, "found_clusters": 4, "expected_clusters": 4, "time": 0.034}}, "classification_alg": {"KNeighborsClassifier": {"clustering": {"adjusted_mutual_info_score": 0.47947631934089235, "adjusted_rand_score": 0.4718742738946076, "completeness_score": 0.4823132701368879, "fowlkes_mallows_score": 0.6090583745371326, "homogeneity_score": 0.48009070227171474, "v_measure_score": 0.4811994198142734}, "classification": {"f1_score": 0.7577800279517666, "hamming_loss": 0.241, "jaccard_score": 0.6118962663310299, "accuracy_score": 0.759, "recall_score": 0.7585402753116086, "precision_score": 0.7600398081204951}, "time": 0.028}, "DecisionTreeClassifier": {"clustering": {"adjusted_mutual_info_score": 0.4156494948306356, "adjusted_rand_score": 0.400948566878182, "completeness_score": 0.41731095199635443, "fowlkes_mallows_score": 0.5552367115451478, "homogeneity_score": 0.41784550163424244, "v_measure_score": 0.41757805574357043}, "classification": {"f1_score": 0.7159275496647126, "hamming_loss": 0.284, "jaccard_score": 0.5592847921620413, "accuracy_score": 0.716, "recall_score": 0.7168501246313722, "precision_score": 0.7151724290436632}, "time": 0.008}, "RandomForestClassifier": {"clustering": {"adjusted_mutual_info_score": 0.4612743708281171, "adjusted_rand_score": 0.4531335971234197, "completeness_score": 0.46499411615635916, "fowlkes_mallows_score": 0.595883309823111, "homogeneity_score": 0.4611441046616877, "v_measure_score": 0.46306110804599815}, "classification": {"f1_score": 0.7442330836282729, "hamming_loss": 0.253, "jaccard_score": 0.5949953644498578, "accuracy_score": 0.747, "recall_score": 0.7444925025780236, "precision_score": 0.7481589795826655}, "time": 0.382}, "LinearSVC": {"clustering": {"adjusted_mutual_info_score": 0.44249495583205656, "adjusted_rand_score": 0.3973558953067278, "completeness_score": 0.4518035877160359, "fowlkes_mallows_score": 0.5594271897635356, "homogeneity_score": 0.4371721706870412, "v_measure_score": 0.4443674718888234}, "classification": {"f1_score": 0.7031801785308923, "hamming_loss": 0.293, "jaccard_score": 0.5475556757213955, "accuracy_score": 0.707, "recall_score": 0.7043476653591589, "precision_score": 0.7251031877237961}, "time": 0.016}, "LogisticRegression": {"clustering": {"adjusted_mutual_info_score": 0.4309058188985389, "adjusted_rand_score": 0.3770681000702318, "completeness_score": 0.43890633348023367, "fowlkes_mallows_score": 0.543521392344113, "homogeneity_score": 0.42688501900348164, "v_measure_score": 0.4328122196438364}, "classification": {"f1_score": 0.6975643958125062, "hamming_loss": 0.303, "jaccard_score": 0.5401185684949571, "accuracy_score": 0.697, "recall_score": 0.6945809448783339,