{"clustering_alg": {"affinity_propagation": {"clustering": {"adjusted_mutual_info_score": 0.3824291430584074, "adjusted_rand_score": 0.08729204251892538, "completeness_score": 0.2725928669255706, "fowlkes_mallows_score": 0.22976770924630197, "homogeneity_score": 0.76856907191267, "v_measure_score": 0.4024473790825916}, "classification": {"f1_score": 0.003690523263477, "hamming_loss": 0.972, "jaccard_score": 0.0020494803103498754, "accuracy_score": 0.028, "recall_score": 0.00206581083075107, "precision_score": 0.017283950617283952}, "found_clusters": 54, "expected_clusters": 4, "time": 1.855}, "agglomerative": {"clustering": {"adjusted_mutual_info_score": 0.4468061035695578, "adjusted_rand_score": 0.42881283945389626, "completeness_score": 0.45771881510562834, "fowlkes_mallows_score": 0.5783911477533953, "homogeneity_score": 0.43992662896039414, "v_measure_score": 0.44864639301027776}, "classification": {"f1_score": 0.7123458800050437, "hamming_loss": 0.278, "jaccard_score": 0.5597178231555268, "accuracy_score": 0.722, "recall_score": 0.7218626538024608, "precision_score": 0.7486511577721129}, "found_clusters": 4, "expected_clusters": 4, "time": 0.062}, "birch": {"clustering": {"adjusted_mutual_info_score": 0.38125462814827066, "adjusted_rand_score": 0.3427944810691678, "completeness_score": 0.4357287676744047, "fowlkes_mallows_score": 0.5387964481568219, "homogeneity_score": 0.341276054782914, "v_measure_score": 0.3827615749334944}, "classification": {"f1_score": 0.2652763206326145, "hamming_loss": 0.677, "jaccard_score": 0.17187270092530701, "accuracy_score": 0.323, "recall_score": 0.32222709163346613, "precision_score": 0.22792769258022633}, "found_clusters": 3, "expected_clusters": 4, "time": 0.16}, "dbscan": {"clustering": {"adjusted_mutual_info_score": 0.0, "adjusted_rand_score": 0.0, "completeness_score": 1.0, "fowlkes_mallows_score": 0.4992506897854536, "homogeneity_score": 0.0, "v_measure_score": 0.0}, "classification": {"f1_score": 0.0, "hamming_loss": 1.0, "jaccard_score": 0.0, "accuracy_score": 0.0, "recall_score": 0.0, "precision_score": 0.0}, "found_clusters": 1, "expected_clusters": 4, "time": 0.014}, "k_means": {"clustering": {"adjusted_mutual_info_score": 0.4627589380759397, "adjusted_rand_score": 0.4480917110101378, "completeness_score": 0.4657208664713719, "fowlkes_mallows_score": 0.5866725381272118, "homogeneity_score": 0.46331506699694913, "v_measure_score": 0.4645148517464067}, "classification": {"f1_score": 0.7419125526026646, "hamming_loss": 0.259, "jaccard_score": 0.5921610095165655, "accuracy_score": 0.741, "recall_score": 0.7409020464327429, "precision_score": 0.7479797317277426}, "found_clusters": 4, "expected_clusters": 4, "time": 0.3227}, "mini_batch_k_means": {"clustering": {"adjusted_mutual_info_score": 0.4366178792970012, "adjusted_rand_score": 0.4055535979246329, "completeness_score": 0.44891680094402264, "fowlkes_mallows_score": 0.5639346893429321, "homogeneity_score": 0.4285520037586101, "v_measure_score": 0.43849808342910496}, "classification": {"f1_score": 0.727103394712203, "hamming_loss": 0.272, "jaccard_score": 0.572002133932681, "accuracy_score": 0.728, "recall_score": 0.7279048464775436, "precision_score": 0.7712982597000849}, "found_clusters": 4, "expected_clusters": 4, "time": 0.075}, "mean_shift": {"clustering": {"adjusted_mutual_info_score": 0.0, "adjusted_rand_score": 0.0, "completeness_score": 1.0, "fowlkes_mallows_score": 0.4992506897854536, "homogeneity_score": 0.0, "v_measure_score": 0.0}, "classification": {"f1_score": 0.1003197442046363, "hamming_loss": 0.749, "jaccard_score": 0.06275, "accuracy_score": 0.251, "recall_score": 0.25, "precision_score": 0.06275}, "found_clusters": 1, "expected_clusters": 4, "time": 7.543}, "optics": {"clustering": {"adjusted_mutual_info_score": 0.1153884742527096, "adjusted_rand_score": 0.002161457270316738, "completeness_score": 0.22172186938660132, "fowlkes_mallows_score": 0.4465681950057975, "homogeneity_score": 0.10292673302739992, "v_measure_score": 0.14058959433060253}, "classification": {"f1_score": 0.0, "hamming_loss": 1.0, "jaccard_score": 0.0, "accuracy_score": 0.0, "recall_score": 0.0, "precision_score": 0.0}, "found_clusters": 17, "expected_clusters": 4, "time": 1.437}, "spectral_clustering": {"clustering": {"adjusted_mutual_info_score": 0.5647894855342507, "adjusted_rand_score": 0.49929587856682034, "completeness_score": 0.6017102394028083, "fowlkes_mallows_score": 0.6453100334986273, "homogeneity_score": 0.5348175741064267, "v_measure_score": 0.5662953545479462}, "classification": {"f1_score": 0.726724969279709, "hamming_loss": 0.253, "jaccard_score": 0.5987315501028247, "accuracy_score": 0.747, "recall_score": 0.7464087105393686, "precision_score": 0.836424676268225}, "found_clusters": 4, "expected_clusters": 4, "time": 1.6337}, "gaussian_mixture_model": {"clustering": {"adjusted_mutual_info_score": 0.883143720075791, "adjusted_rand_score": 0.9216029231328313, "completeness_score": 0.8835771001723625, "fowlkes_mallows_score": 0.9411467223583644, "homogeneity_score": 0.8834722348188679, "v_measure_score": 0.8835246643840036}, "classification": {"f1_score": 0.9699555103639134, "hamming_loss": 0.03, "jaccard_score": 0.9417524250209075, "accuracy_score": 0.97, "recall_score": 0.9699998719979519, "precision_score": 0.9700870471763079}, "found_clusters": 4, "expected_clusters": 4, "time": 0.053}}, "classification_alg": {"KNeighborsClassifier": {"clustering": {"adjusted_mutual_info_score": 0.8150387586300349, "adjusted_rand_score": 0.8310055701538173, "completeness_score": 0.8192686592586107, "fowlkes_mallows_score": 0.8729039915946353, "homogeneity_score": 0.816964959980892, "v_measure_score": 0.8181151878982871}, "classification": {"f1_score": 0.9358306124382121, "hamming_loss": 0.065, "jaccard_score": 0.8808048694328958, "accuracy_score": 0.935, "recall_score": 0.937406504849684, "precision_score": 0.939821020862118}, "time": 0.013}, "DecisionTreeClassifier": {"clustering": {"adjusted_mutual_info_score": 0.49530637065852723, "adjusted_rand_score": 0.5296982988357241, "completeness_score": 0.5041320901459777, "fowlkes_mallows_score": 0.646093288413958, "homogeneity_score": 0.5032601167911321, "v_measure_score": 0.5036957260894535}, "classification": {"f1_score": 0.7942085953878407, "hamming_loss": 0.205, "jaccard_score": 0.6601838052657725, "accuracy_score": 0.795, "recall_score": 0.7952580868278403, "precision_score": 0.79501459674779}, "time": 0.003}, "RandomForestClassifier": {"clustering": {"adjusted_mutual_info_score": 0.7355673253616147, "adjusted_rand_score": 0.7745055023709014, "completeness_score": 0.739792149014259, "fowlkes_mallows_score": 0.830142721145283, "homogeneity_score": 0.7401227053898582, "v_measure_score": 0.7399573902852331}, "classification": {"f1_score": 0.9096015531669323, "hamming_loss": 0.09, "jaccard_score": 0.8343635531135531, "accuracy_score": 0.91, "recall_score": 0.9102531004198233, "precision_score": 0.9097569310743165}, "time": 0.3222}, "LinearSVC": {"clustering": {"adjusted_mutual_info_score": 0.6814917412825356, "adjusted_rand_score": 0.715728866183982, "completeness_score": 0.6885942867840806, "fowlkes_mallows_score": 0.7864423064482284, "homogeneity_score": 0.6850087435294344, "v_measure_score": 0.6867968354493941}, "classification": {"f1_score": 0.8834752795248078, "hamming_loss": 0.115, "jaccard_score": 0.7920637773200774, "accuracy_score": 0.885, "recall_score": 0.8855488265855973, "precision_score": 0.8891609971016335}, "time": 0.054}, "LogisticRegression": {"clustering": {"adjusted_mutual_info_score": 0.6729009639948164, "adjusted_rand_score": 0.7049834243382505, "completeness_score": 0.6804732745672786, "fowlkes_mallows_score": 0.7784796653649703, "homogeneity_score": 0.6762445399492008, "v_measure_score": 0.6783523170165996}, "classification": {"f1_score": 0.8782105492755399, "hamming_loss": 0.12, "jaccard_score": 0.7837013645583626, "accuracy_score": 0.88, "recall_score": 0.8801140439769017,