{"clustering_alg": {"affinity_propagation": {"clustering": {"adjusted_mutual_info_score": 0.40437306420288444, "adjusted_rand_score": 0.08679498029032016, "completeness_score": 0.2854976634025336, "fowlkes_mallows_score": 0.23404486095469648, "homogeneity_score": 0.8109790461677774, "v_measure_score": 0.42232109579427224}, "classification": {"f1_score": 0.004351464435146443, "hamming_loss": 0.974, "jaccard_score": 0.0024413145539906103, "accuracy_score": 0.026, "recall_score": 0.0024528301886792454, "precision_score": 0.019259259259259257}, "found_clusters": 50, "expected_clusters": 4, "time": 1.959}, "agglomerative": {"clustering": {"adjusted_mutual_info_score": 0.6165599047742517, "adjusted_rand_score": 0.5949781691236135, "completeness_score": 0.6137697406255227, "fowlkes_mallows_score": 0.6995678178032577, "homogeneity_score": 0.6219350097584614, "v_measure_score": 0.6178253980277493}, "classification": {"f1_score": 0.8376475477688046, "hamming_loss": 0.168, "jaccard_score": 0.722581283929436, "accuracy_score": 0.832, "recall_score": 0.8525049659115566, "precision_score": 0.836756302158669}, "found_clusters": 4, "expected_clusters": 4, "time": 0.0878}, "birch": {"clustering": {"adjusted_mutual_info_score": 0.4418721835838116, "adjusted_rand_score": 0.3257843583872967, "completeness_score": 0.5356361455225875, "fowlkes_mallows_score": 0.5554896851517998, "homogeneity_score": 0.37815131216366193, "v_measure_score": 0.4433230278395856}, "classification": {"f1_score": 0.19814507198228132, "hamming_loss": 0.756, "jaccard_score": 0.1416135034556087, "accuracy_score": 0.244, "recall_score": 0.29565719748216995, "precision_score": 0.15093146987795614}, "found_clusters": 3, "expected_clusters": 4, "time": 0.032}, "dbscan": {"clustering": {"adjusted_mutual_info_score": 4.295405224463403e-16, "adjusted_rand_score": 0.0, "completeness_score": 1.0, "fowlkes_mallows_score": 0.5128557506950868, "homogeneity_score": 0.0, "v_measure_score": 0.0}, "classification": {"f1_score": 0.08745874587458746, "hamming_loss": 0.788, "jaccard_score": 0.053, "accuracy_score": 0.212, "recall_score": 0.25, "precision_score": 0.053}, "found_clusters": 1, "expected_clusters": 4, "time": 0.058}, "k_means": {"clustering": {"adjusted_mutual_info_score": 0.5739895425503166, "adjusted_rand_score": 0.5448716405413797, "completeness_score": 0.5711536322366131, "fowlkes_mallows_score": 0.6621644892020357, "homogeneity_score": 0.5796984903150879, "v_measure_score": 0.5753943393029964}, "classification": {"f1_score": 0.7980964437617156, "hamming_loss": 0.2, "jaccard_score": 0.6653113572961207, "accuracy_score": 0.8, "recall_score": 0.8177252337152665, "precision_score": 0.8038227492588548}, "found_clusters": 4, "expected_clusters": 4, "time": 0.083}, "mini_batch_k_means": {"clustering": {"adjusted_mutual_info_score": 0.5579228967665009, "adjusted_rand_score": 0.4775576810368867, "completeness_score": 0.5608034941755528, "fowlkes_mallows_score": 0.6156221572477992, "homogeneity_score": 0.5579949090919372, "v_measure_score": 0.5593956763560234}, "classification": {"f1_score": 0.7610860827012123, "hamming_loss": 0.241, "jaccard_score": 0.6148936438902639, "accuracy_score": 0.759, "recall_score": 0.7858955866307504, "precision_score": 0.7900747597915774}, "found_clusters": 4, "expected_clusters": 4, "time": 0.048}, "mean_shift": {"clustering": {"adjusted_mutual_info_score": 4.295405224463403e-16, "adjusted_rand_score": 0.0, "completeness_score": 1.0, "fowlkes_mallows_score": 0.5128557506950868, "homogeneity_score": 0.0, "v_measure_score": 0.0}, "classification": {"f1_score": 0.08745874587458746, "hamming_loss": 0.788, "jaccard_score": 0.053, "accuracy_score": 0.212, "recall_score": 0.25, "precision_score": 0.053}, "found_clusters": 1, "expected_clusters": 4, "time": 17.0345}, "optics": {"clustering": {"adjusted_mutual_info_score": 0.12923012440650553, "adjusted_rand_score": 0.00044894973184731753, "completeness_score": 0.2014897493797684, "fowlkes_mallows_score": 0.4344859403025613, "homogeneity_score": 0.13245124056623925, "v_measure_score": 0.15983403098281446}, "classification": {"f1_score": 0.0016028851933480265, "hamming_loss": 0.996, "jaccard_score": 0.0008164931618697694, "accuracy_score": 0.004, "recall_score": 0.0008203445447087776, "precision_score": 0.034782608695652174}, "found_clusters": 23, "expected_clusters": 4, "time": 0.9347}, "spectral_clustering": {"clustering": {"adjusted_mutual_info_score": 0.5406384435938916, "adjusted_rand_score": 0.49611512723672413, "completeness_score": 0.5389514575517926, "fowlkes_mallows_score": 0.6264188704860921, "homogeneity_score": 0.5453979481835532, "v_measure_score": 0.5421555405749445}, "classification": {"f1_score": 0.7742562088760803, "hamming_loss": 0.225, "jaccard_score": 0.6359390248861418, "accuracy_score": 0.775, "recall_score": 0.7987766610903618, "precision_score": 0.78734223343671}, "found_clusters": 4, "expected_clusters": 4, "time": 0.5003}, "gaussian_mixture_model": {"clustering": {"adjusted_mutual_info_score": 0.7639654114931912, "adjusted_rand_score": 0.7652892201161754, "completeness_score": 0.7600671464556479, "fowlkes_mallows_score": 0.8260320643691351, "homogeneity_score": 0.7694803428222522, "v_measure_score": 0.7647447791225287}, "classification": {"f1_score": 0.9130759417630377, "hamming_loss": 0.09, "jaccard_score": 0.8405909529226192, "accuracy_score": 0.91, "recall_score": 0.9253063071591233, "precision_score": 0.9104844716686822}, "found_clusters": 4, "expected_clusters": 4, "time": 0.0225}}, "classification_alg": {"KNeighborsClassifier": {"clustering": {"adjusted_mutual_info_score": 0.8222673493570252, "adjusted_rand_score": 0.8327128193956477, "completeness_score": 0.8248104230873806, "fowlkes_mallows_score": 0.8742157559931835, "homogeneity_score": 0.8256397784029411, "v_measure_score": 0.8252248923686104}, "classification": {"f1_score": 0.9364398048770526, "hamming_loss": 0.065, "jaccard_score": 0.8821666514383175, "accuracy_score": 0.935, "recall_score": 0.9384071117561683, "precision_score": 0.9367772108843538}, "time": 0.011}, "DecisionTreeClassifier": {"clustering": {"adjusted_mutual_info_score": 0.6274174033312104, "adjusted_rand_score": 0.6498013932598099, "completeness_score": 0.633296064319272, "fowlkes_mallows_score": 0.7366827397004653, "homogeneity_score": 0.6339388265575975, "v_measure_score": 0.633617282428681}, "classification": {"f1_score": 0.8571636355539002, "hamming_loss": 0.145, "jaccard_score": 0.7519224822796251, "accuracy_score": 0.855, "recall_score": 0.8586849471283433, "precision_score": 0.8585311090208516}, "time": 0.004}, "RandomForestClassifier": {"clustering": {"adjusted_mutual_info_score": 0.792481125981681, "adjusted_rand_score": 0.7994550730920598, "completeness_score": 0.7949982386362364, "fowlkes_mallows_score": 0.8491163267830453, "homogeneity_score": 0.7968672883830857, "v_measure_score": 0.7959316662602712}, "classification": {"f1_score": 0.9205896853955106, "hamming_loss": 0.08, "jaccard_score": 0.8536635160085753, "accuracy_score": 0.92, "recall_score": 0.9228393461884028, "precision_score": 0.9197491638795986}, "time": 0.32}, "LinearSVC": {"clustering": {"adjusted_mutual_info_score": 0.7822651338303767, "adjusted_rand_score": 0.7990943452299794, "completeness_score": 0.7856430511999055, "fowlkes_mallows_score": 0.8489575572198097, "homogeneity_score": 0.7861354638499879, "v_measure_score": 0.7858891803925087}, "classification": {"f1_score": 0.9214012348289423, "hamming_loss": 0.08, "jaccard_score": 0.8574532009991986, "accuracy_score": 0.92, "recall_score": 0.9216039463680974, "precision_score": 0.921482640959385}, "time": 0.004}, "LogisticRegression": {"clustering": {"adjusted_mutual_info_score": 0.8086192481866766, "adjusted_rand_score": 0.8226950594511382, "completeness_score": 0.8116338448597546, "fowlkes_mallows_score": 0.8667140063192202, "homogeneity_score": 0.8119762636852463, "v_measure_score": 0.8118050181644929},