{"clustering_alg": {"affinity_propagation": {"clustering": {"adjusted_mutual_info_score": 1.6027466755669203e-15, "adjusted_rand_score": 0.0, "completeness_score": 1.0, "fowlkes_mallows_score": 0.4998535492663254, "homogeneity_score": 4.805164721300143e-16, "v_measure_score": 9.610329442600282e-16}, "classification": {"f1_score": 0.0, "hamming_loss": 1.0, "jaccard_score": 0.0, "accuracy_score": 0.0, "recall_score": 0.0, "precision_score": 0.0}, "found_clusters": 1, "expected_clusters": 4, "time": 139.6891}, "agglomerative": {"clustering": {"adjusted_mutual_info_score": 0.41606289034759725, "adjusted_rand_score": 0.30222672549405544, "completeness_score": 0.44473796726104053, "fowlkes_mallows_score": 0.5111014191575538, "homogeneity_score": 0.3915746330714421, "v_measure_score": 0.4164665372109593}, "classification": {"f1_score": 0.6771443596457352, "hamming_loss": 0.3304, "jaccard_score": 0.5176845003077226, "accuracy_score": 0.6696, "recall_score": 0.6702301050906502, "precision_score": 0.7818909908912121}, "found_clusters": 4, "expected_clusters": 4, "time": 0.6426}, "birch": {"clustering": {"adjusted_mutual_info_score": 0.30631193829889863, "adjusted_rand_score": 0.20188608172799813, "completeness_score": 0.38789608631322664, "fowlkes_mallows_score": 0.48406034168806933, "homogeneity_score": 0.253579070310515, "v_measure_score": 0.3066754119118284}, "classification": {"f1_score": 0.13312668949211318, "hamming_loss": 0.7822, "jaccard_score": 0.08431705074447839, "accuracy_score": 0.2178, "recall_score": 0.2174469291963556, "precision_score": 0.10265396725863934}, "found_clusters": 3, "expected_clusters": 4, "time": 0.085}, "dbscan": {"clustering": {"adjusted_mutual_info_score": 0.0020412708371382164, "adjusted_rand_score": 9.802674637198126e-06, "completeness_score": 0.09144210998985162, "fowlkes_mallows_score": 0.498462993026651, "homogeneity_score": 0.0012700865891109993, "v_measure_score": 0.0025053747373832954}, "classification": {"f1_score": 0.07964091054825265, "hamming_loss": 0.7516, "jaccard_score": 0.04971977582065652, "accuracy_score": 0.2484, "recall_score": 0.19840255591054312, "precision_score": 0.049819494584837545}, "found_clusters": 2, "expected_clusters": 4, "time": 0.076}, "k_means": {"clustering": {"adjusted_mutual_info_score": 0.4270575375225846, "adjusted_rand_score": 0.42611832532181576, "completeness_score": 0.42931708328966445, "fowlkes_mallows_score": 0.5712730729202417, "homogeneity_score": 0.4255623179856758, "v_measure_score": 0.42743145487664985}, "classification": {"f1_score": 0.7328141934264385, "hamming_loss": 0.2684, "jaccard_score": 0.5795546909998386, "accuracy_score": 0.7316, "recall_score": 0.7316415025507391, "precision_score": 0.7428928158259779}, "found_clusters": 4, "expected_clusters": 4, "time": 0.111}, "mini_batch_k_means": {"clustering": {"adjusted_mutual_info_score": 0.42807848818789784, "adjusted_rand_score": 0.4289029895560675, "completeness_score": 0.43094747389918336, "fowlkes_mallows_score": 0.573993853218132, "homogeneity_score": 0.42598577612111904, "v_measure_score": 0.42845226073799797}, "classification": {"f1_score": 0.737857232812392, "hamming_loss": 0.2636, "jaccard_score": 0.5857835257817843, "accuracy_score": 0.7364, "recall_score": 0.7363714398382409, "precision_score": 0.7502061288816692}, "found_clusters": 4, "expected_clusters": 4, "time": 0.029}, "mean_shift": {"clustering": {"adjusted_mutual_info_score": 1.6027466755669203e-15, "adjusted_rand_score": 0.0, "completeness_score": 1.0, "fowlkes_mallows_score": 0.4998535492663254, "homogeneity_score": 4.805164721300143e-16, "v_measure_score": 9.610329442600282e-16}, "classification": {"f1_score": 0.10012795905310301, "hamming_loss": 0.7496, "jaccard_score": 0.0626, "accuracy_score": 0.2504, "recall_score": 0.25, "precision_score": 0.0626}, "found_clusters": 1, "expected_clusters": 4, "time": 31.3094}, "optics": {"clustering": {"adjusted_mutual_info_score": 0.15336559321803223, "adjusted_rand_score": 0.00214240843088336, "completeness_score": 0.1332978896389996, "fowlkes_mallows_score": 0.2551166672605675, "homogeneity_score": 0.33406864208398923, "v_measure_score": 0.19055983670972684}, "classification": {"f1_score": 2.1162448348618548e-05, "hamming_loss": 0.9992, "jaccard_score": 1.060241970468024e-05, "accuracy_score": 0.0008, "recall_score": 1.0642901325370526e-05, "precision_score": 0.0019039735099337747}, "found_clusters": 302, "expected_clusters": 4, "time": 3.3514}, "spectral_clustering": {"clustering": {"adjusted_mutual_info_score": 0.38905638074937504, "adjusted_rand_score": 0.19662737308227696, "completeness_score": 0.4416566204356055, "fowlkes_mallows_score": 0.4649726512517863, "homogeneity_score": 0.3483616810451474, "v_measure_score": 0.3895004519548197}, "classification": {"f1_score": 0.627851996073469, "hamming_loss": 0.3844, "jaccard_score": 0.45951144801769483, "accuracy_score": 0.6156, "recall_score": 0.6149023107183355, "precision_score": 0.8128100932795504}, "found_clusters": 4, "expected_clusters": 4, "time": 2.8237}, "gaussian_mixture_model": {"clustering": {"adjusted_mutual_info_score": 0.3520036811834942, "adjusted_rand_score": 0.2787380157397348, "completeness_score": 0.36149374948965474, "fowlkes_mallows_score": 0.4711699684629518, "homogeneity_score": 0.343819791685507, "v_measure_score": 0.3524353309254823}, "classification": {"f1_score": 0.5258218362767159, "hamming_loss": 0.468, "jaccard_score": 0.3711319574500512, "accuracy_score": 0.532, "recall_score": 0.5321806593576718, "precision_score": 0.5576537984912255}, "found_clusters": 4, "expected_clusters": 4, "time": 0.057}}, "classification_alg": {"KNeighborsClassifier": {"clustering": {"adjusted_mutual_info_score": 0.44103275363730626, "adjusted_rand_score": 0.46953917130756523, "completeness_score": 0.44386377613493766, "fowlkes_mallows_score": 0.6027885264670982, "homogeneity_score": 0.44186088073277113, "v_measure_score": 0.44286006385311766}, "classification": {"f1_score": 0.7602245331414905, "hamming_loss": 0.24, "jaccard_score": 0.6156766370700023, "accuracy_score": 0.76, "recall_score": 0.7618621263296974, "precision_score": 0.7638628827183684}, "time": 0.0276}, "DecisionTreeClassifier": {"clustering": {"adjusted_mutual_info_score": 0.3385924351900948, "adjusted_rand_score": 0.36453586909190205, "completeness_score": 0.3407552169929624, "fowlkes_mallows_score": 0.5231690894587818, "homogeneity_score": 0.3407441081974797, "v_measure_score": 0.3407496625046814}, "classification": {"f1_score": 0.6983262706638762, "hamming_loss": 0.302, "jaccard_score": 0.5383384960181519, "accuracy_score": 0.698, "recall_score": 0.700522751736002, "precision_score": 0.6979935370353851}, "time": 0.008}, "RandomForestClassifier": {"clustering": {"adjusted_mutual_info_score": 0.45447499004151587, "adjusted_rand_score": 0.4927084114041133, "completeness_score": 0.45648495168157516, "fowlkes_mallows_score": 0.6195154142717455, "homogeneity_score": 0.4560255747413402, "v_measure_score": 0.4562551475814638}, "classification": {"f1_score": 0.7741623738599811, "hamming_loss": 0.226, "jaccard_score": 0.6329984561473422, "accuracy_score": 0.774, "recall_score": 0.7755950507690095, "precision_score": 0.774683950514417}, "time": 0.376}, "LinearSVC": {"clustering": {"adjusted_mutual_info_score": 0.4772431613750133, "adjusted_rand_score": 0.49453913243241954, "completeness_score": 0.47916368200211107, "fowlkes_mallows_score": 0.620870231053824, "homogeneity_score": 0.47873436026807337, "v_measure_score": 0.47894892492592217}, "classification": {"f1_score": 0.7720944852758802, "hamming_loss": 0.23, "jaccard_score": 0.6315077327456539, "accuracy_score": 0.77, "recall_score": 0.7714517161846515, "precision_score": 0.7731356063826308}, "time": 0.1054}, "LogisticRegression": {"clustering": {"adjusted_mutual_info_score": 0.47719770438196196, "adjusted_rand_score": 0.505380797406309, "completeness_score": 0.4788459895007982, "fowlkes_mallows_score": 0.628806875903963,