{"clustering_alg": {"affinity_propagation": {"clustering": {"adjusted_mutual_info_score": -6.406945441146243e-16, "adjusted_rand_score": 0.0, "completeness_score": 1.0, "fowlkes_mallows_score": 0.4992587097480216, "homogeneity_score": 0.0, "v_measure_score": 0.0}, "classification": {"f1_score": 0.0, "hamming_loss": 1.0, "jaccard_score": 0.0, "accuracy_score": 0.0, "recall_score": 0.0, "precision_score": 0.0}, "found_clusters": 1, "expected_clusters": 4, "time": 9.3048}, "agglomerative": {"clustering": {"adjusted_mutual_info_score": 0.4345605724585261, "adjusted_rand_score": 0.3592409499347215, "completeness_score": 0.44065929956993183, "fowlkes_mallows_score": 0.5228982135985888, "homogeneity_score": 0.4322655526238695, "v_measure_score": 0.4364220703963971}, "classification": {"f1_score": 0.6295485208078535, "hamming_loss": 0.369, "jaccard_score": 0.46463838976367366, "accuracy_score": 0.631, "recall_score": 0.6315824417245975, "precision_score": 0.6465188622349768}, "found_clusters": 4, "expected_clusters": 4, "time": 0.034}, "birch": {"clustering": {"adjusted_mutual_info_score": 0.2918446014275795, "adjusted_rand_score": 0.2450021871298487, "completeness_score": 0.34306619291167817, "fowlkes_mallows_score": 0.48148166397241127, "homogeneity_score": 0.2566082974184916, "v_measure_score": 0.2936047241777446}, "classification": {"f1_score": 0.04994854274430204, "hamming_loss": 0.937, "jaccard_score": 0.026239326375711573, "accuracy_score": 0.063, "recall_score": 0.06298215133961345, "precision_score": 0.04362860638621577}, "found_clusters": 3, "expected_clusters": 4, "time": 0.03}, "dbscan": {"clustering": {"adjusted_mutual_info_score": 0.002348873225840863, "adjusted_rand_score": 9.060481894425441e-05, "completeness_score": 0.03256998321188867, "fowlkes_mallows_score": 0.4889438750080178, "homogeneity_score": 0.002394238296370024, "v_measure_score": 0.004460576998667814}, "classification": {"f1_score": 0.0781758957654723, "hamming_loss": 0.76, "jaccard_score": 0.048582995951417005, "accuracy_score": 0.24, "recall_score": 0.1927710843373494, "precision_score": 0.04902962206332993}, "found_clusters": 2, "expected_clusters": 4, "time": 0.012}, "k_means": {"clustering": {"adjusted_mutual_info_score": 0.45455653694618203, "adjusted_rand_score": 0.37667083581800925, "completeness_score": 0.45636750207798665, "fowlkes_mallows_score": 0.5320726036714196, "homogeneity_score": 0.45630188879155253, "v_measure_score": 0.4563346930762467}, "classification": {"f1_score": 0.6610661404269078, "hamming_loss": 0.339, "jaccard_score": 0.493897057054307, "accuracy_score": 0.661, "recall_score": 0.6610583726328868, "precision_score": 0.6611969006600704}, "found_clusters": 4, "expected_clusters": 4, "time": 0.0495}, "mini_batch_k_means": {"clustering": {"adjusted_mutual_info_score": 0.45160492356902265, "adjusted_rand_score": 0.3688278335523213, "completeness_score": 0.4536532028995259, "fowlkes_mallows_score": 0.5264000020698374, "homogeneity_score": 0.45313433427141797, "v_measure_score": 0.4533936201357843}, "classification": {"f1_score": 0.6533492688991676, "hamming_loss": 0.347, "jaccard_score": 0.48532544596786087, "accuracy_score": 0.653, "recall_score": 0.6530258570158627, "precision_score": 0.6546417249079018}, "found_clusters": 4, "expected_clusters": 4, "time": 0.024}, "mean_shift": {"clustering": {"adjusted_mutual_info_score": -6.406945441146243e-16, "adjusted_rand_score": 0.0, "completeness_score": 1.0, "fowlkes_mallows_score": 0.4992587097480216, "homogeneity_score": 0.0, "v_measure_score": 0.0}, "classification": {"f1_score": 0.09967974379503602, "hamming_loss": 0.751, "jaccard_score": 0.06225, "accuracy_score": 0.249, "recall_score": 0.25, "precision_score": 0.06225}, "found_clusters": 1, "expected_clusters": 4, "time": 12.8761}, "optics": {"clustering": {"adjusted_mutual_info_score": 0.17535359257164063, "adjusted_rand_score": 0.009379412294705252, "completeness_score": 0.16969403896115381, "fowlkes_mallows_score": 0.2879128735896699, "homogeneity_score": 0.29417692899685466, "v_measure_score": 0.21523257413765892}, "classification": {"f1_score": 0.0017283594987757454, "hamming_loss": 0.988, "jaccard_score": 0.0009056603773584906, "accuracy_score": 0.012, "recall_score": 0.0009129640900791236, "precision_score": 0.016172506738544472}, "found_clusters": 53, "expected_clusters": 4, "time": 0.877}, "spectral_clustering": {"clustering": {"adjusted_mutual_info_score": 0.4597597276861541, "adjusted_rand_score": 0.40114642331934613, "completeness_score": 0.4630453954409621, "fowlkes_mallows_score": 0.5518468405703337, "homogeneity_score": 0.46001794106818084, "v_measure_score": 0.46152670354650827}, "classification": {"f1_score": 0.6949496623229925, "hamming_loss": 0.305, "jaccard_score": 0.5326438082140065, "accuracy_score": 0.695, "recall_score": 0.6948071445640827, "precision_score": 0.7006632953802959}, "found_clusters": 4, "expected_clusters": 4, "time": 0.2353}, "gaussian_mixture_model": {"clustering": {"adjusted_mutual_info_score": 0.4672445283403649, "adjusted_rand_score": 0.4166981923846972, "completeness_score": 0.4690513326330319, "fowlkes_mallows_score": 0.562152316625037, "homogeneity_score": 0.46891160531788195, "v_measure_score": 0.46898145856794415}, "classification": {"f1_score": 0.7021220705639455, "hamming_loss": 0.298, "jaccard_score": 0.54148374826241, "accuracy_score": 0.702, "recall_score": 0.7021519932644575, "precision_score": 0.702470575364925}, "found_clusters": 4, "expected_clusters": 4, "time": 0.021}}, "classification_alg": {"KNeighborsClassifier": {"clustering": {"adjusted_mutual_info_score": 0.48234821952186735, "adjusted_rand_score": 0.478189046791471, "completeness_score": 0.4903575606866679, "fowlkes_mallows_score": 0.6080407396525933, "homogeneity_score": 0.49158753838705316, "v_measure_score": 0.49097177920604224}, "classification": {"f1_score": 0.7610176754341513, "hamming_loss": 0.24, "jaccard_score": 0.6203973773542304, "accuracy_score": 0.76, "recall_score": 0.7669130276897532, "precision_score": 0.7583708397546662}, "time": 0.008}, "DecisionTreeClassifier": {"clustering": {"adjusted_mutual_info_score": 0.34535564165582905, "adjusted_rand_score": 0.3238152691199142, "completeness_score": 0.35637977197426063, "fowlkes_mallows_score": 0.4927595426349805, "homogeneity_score": 0.3561822736317884, "v_measure_score": 0.3562809954330603}, "classification": {"f1_score": 0.6568895926859766, "hamming_loss": 0.34, "jaccard_score": 0.4930812863425553, "accuracy_score": 0.66, "recall_score": 0.6614834585778634, "precision_score": 0.6556675818951172}, "time": 0.002}, "RandomForestClassifier": {"clustering": {"adjusted_mutual_info_score": 0.4464407765090358, "adjusted_rand_score": 0.42496757750873615, "completeness_score": 0.4555734115935988, "fowlkes_mallows_score": 0.568465669577523, "homogeneity_score": 0.45577382492834123, "v_measure_score": 0.4556735962246357}, "classification": {"f1_score": 0.7234542380170459, "hamming_loss": 0.275, "jaccard_score": 0.5712414651951733, "accuracy_score": 0.725, "recall_score": 0.7302920775242041, "precision_score": 0.7222838905025089}, "time": 0.1937}, "LinearSVC": {"clustering": {"adjusted_mutual_info_score": 0.4700749579889483, "adjusted_rand_score": 0.4478269406141694, "completeness_score": 0.4789069183636719, "fowlkes_mallows_score": 0.5856898489956882, "homogeneity_score": 0.4789245113644641, "v_measure_score": 0.47891571470249794}, "classification": {"f1_score": 0.7375828022120478, "hamming_loss": 0.26, "jaccard_score": 0.5860095438531573, "accuracy_score": 0.74, "recall_score": 0.7432911177145083, "precision_score": 0.7390090154098775}, "time": 0.022}, "LogisticRegression": {"clustering": {"adjusted_mutual_info_score": 0.4997483060527457, "adjusted_rand_score": 0.485732468255685, "completeness_score": 0.5077829204201865, "fowlkes_mallows_score": 0.6139123009669556, "homogeneity_score": 0.5083944358833596, "v_measure_score": 0.508088494152809},