{"clustering_alg": {"affinity_propagation": {"clustering": {"adjusted_mutual_info_score": 0.3091185083156532, "adjusted_rand_score": 0.027067113630833157, "completeness_score": 0.20437292341383315, "fowlkes_mallows_score": 0.12478259348466969, "homogeneity_score": 0.7467125947838414, "v_measure_score": 0.3209129631898874}, "classification": {"f1_score": 0.00022481522769355732, "hamming_loss": 0.995, "jaccard_score": 0.00011353216571637196, "accuracy_score": 0.005, "recall_score": 0.00011353216571637196, "precision_score": 0.011363636363636364}, "found_clusters": 176, "expected_clusters": 4, "time": 45.9992}, "agglomerative": {"clustering": {"adjusted_mutual_info_score": 0.39362789927764325, "adjusted_rand_score": 0.3077104614190114, "completeness_score": 0.41515687946832985, "fowlkes_mallows_score": 0.5041983269152441, "homogeneity_score": 0.3749710770491509, "v_measure_score": 0.39404205598478925}, "classification": {"f1_score": 0.5857638130815774, "hamming_loss": 0.4036, "jaccard_score": 0.41668291129538376, "accuracy_score": 0.5964, "recall_score": 0.596519099177135, "precision_score": 0.6689279578885229}, "found_clusters": 4, "expected_clusters": 4, "time": 1.0143}, "birch": {"clustering": {"adjusted_mutual_info_score": 0.34974237348380416, "adjusted_rand_score": 0.2999204673220561, "completeness_score": 0.4265393795273895, "fowlkes_mallows_score": 0.5327156822342948, "homogeneity_score": 0.2968576020680352, "v_measure_score": 0.35007460803839574}, "classification": {"f1_score": 0.24366455036418452, "hamming_loss": 0.6592, "jaccard_score": 0.16364621688748535, "accuracy_score": 0.3408, "recall_score": 0.3411539302904984, "precision_score": 0.1906774899586882}, "found_clusters": 3, "expected_clusters": 4, "time": 0.8761}, "dbscan": {"clustering": {"adjusted_mutual_info_score": 0.061444431518405285, "adjusted_rand_score": 0.0017246040825506178, "completeness_score": 0.16872018722750773, "fowlkes_mallows_score": 0.47357737062700817, "homogeneity_score": 0.0474293931136119, "v_measure_score": 0.07404405850417775}, "classification": {"f1_score": 0.0, "hamming_loss": 1.0, "jaccard_score": 0.0, "accuracy_score": 0.0, "recall_score": 0.0, "precision_score": 0.0}, "found_clusters": 34, "expected_clusters": 4, "time": 0.06}, "k_means": {"clustering": {"adjusted_mutual_info_score": 0.3684096335908, "adjusted_rand_score": 0.3555784860829805, "completeness_score": 0.37208271857108915, "fowlkes_mallows_score": 0.5205371228868841, "homogeneity_score": 0.36562113301300264, "v_measure_score": 0.36882362711376543}, "classification": {"f1_score": 0.6642650610258661, "hamming_loss": 0.3296, "jaccard_score": 0.5031872801512676, "accuracy_score": 0.6704, "recall_score": 0.6704916646210857, "precision_score": 0.6744168383401046}, "found_clusters": 4, "expected_clusters": 4, "time": 0.179}, "mini_batch_k_means": {"clustering": {"adjusted_mutual_info_score": 0.36044690021390163, "adjusted_rand_score": 0.34857368615364337, "completeness_score": 0.36389346043763415, "fowlkes_mallows_score": 0.5152084041602316, "homogeneity_score": 0.3578883584951603, "v_measure_score": 0.36086592875311685}, "classification": {"f1_score": 0.663341770316215, "hamming_loss": 0.331, "jaccard_score": 0.5012452813939324, "accuracy_score": 0.669, "recall_score": 0.6691151152511782, "precision_score": 0.6722645646957217}, "found_clusters": 4, "expected_clusters": 4, "time": 0.059}, "mean_shift": {"clustering": {"adjusted_mutual_info_score": 6.458133174420883e-16, "adjusted_rand_score": 0.0, "completeness_score": 1.0, "fowlkes_mallows_score": 0.4998526688316345, "homogeneity_score": 3.203439074555772e-16, "v_measure_score": 6.406878149111543e-16}, "classification": {"f1_score": 0.1003197442046363, "hamming_loss": 0.749, "jaccard_score": 0.06275, "accuracy_score": 0.251, "recall_score": 0.25, "precision_score": 0.06275}, "found_clusters": 1, "expected_clusters": 4, "time": 43.0333}, "optics": {"clustering": {"adjusted_mutual_info_score": 0.09686429875395396, "adjusted_rand_score": 0.001188159888397347, "completeness_score": 0.16181362844614022, "fowlkes_mallows_score": 0.4457706894934927, "homogeneity_score": 0.09567419237828773, "v_measure_score": 0.1202494795118175}, "classification": {"f1_score": 3.97456279809221e-05, "hamming_loss": 0.9996, "jaccard_score": 1.9904458598726117e-05, "accuracy_score": 0.0004, "recall_score": 1.9952114924181965e-05, "precision_score": 0.005}, "found_clusters": 80, "expected_clusters": 4, "time": 6.0209}, "spectral_clustering": {"clustering": {"adjusted_mutual_info_score": 0.4033081870361018, "adjusted_rand_score": 0.363020377548695, "completeness_score": 0.4574752619552811, "fowlkes_mallows_score": 0.5520794057204365, "homogeneity_score": 0.36133930301423006, "v_measure_score": 0.40376368319078143}, "classification": {"f1_score": 0.518378906343857, "hamming_loss": 0.393, "jaccard_score": 0.40288148320464967, "accuracy_score": 0.607, "recall_score": 0.6076823938730787, "precision_score": 0.4543759391452006}, "found_clusters": 4, "expected_clusters": 4, "time": 6.8114}, "gaussian_mixture_model": {"clustering": {"adjusted_mutual_info_score": 0.7777495030960564, "adjusted_rand_score": 0.8302068553919368, "completeness_score": 0.7779216419658487, "fowlkes_mallows_score": 0.872634331389829, "homogeneity_score": 0.7778661943808173, "v_measure_score": 0.7778939171852693}, "classification": {"f1_score": 0.9329811758620631, "hamming_loss": 0.067, "jaccard_score": 0.874886631414314, "accuracy_score": 0.933, "recall_score": 0.9330236560355518, "precision_score": 0.9330171857909271}, "found_clusters": 4, "expected_clusters": 4, "time": 0.043}}, "classification_alg": {"KNeighborsClassifier": {"clustering": {"adjusted_mutual_info_score": 0.6931601720846293, "adjusted_rand_score": 0.7395037372394543, "completeness_score": 0.6944760840405876, "fowlkes_mallows_score": 0.8045678345544155, "homogeneity_score": 0.6938465194129323, "v_measure_score": 0.694161158981976}, "classification": {"f1_score": 0.8960396547813787, "hamming_loss": 0.105, "jaccard_score": 0.8128984834951994, "accuracy_score": 0.895, "recall_score": 0.8953209659151081, "precision_score": 0.8971650107358221}, "time": 0.046}, "DecisionTreeClassifier": {"clustering": {"adjusted_mutual_info_score": 0.5035646624462615, "adjusted_rand_score": 0.5498091976440583, "completeness_score": 0.5055220197155964, "fowlkes_mallows_score": 0.662320694333966, "homogeneity_score": 0.5048474543257603, "v_measure_score": 0.5051845118364874}, "classification": {"f1_score": 0.8069552273086331, "hamming_loss": 0.194, "jaccard_score": 0.6774242748798182, "accuracy_score": 0.806, "recall_score": 0.8060935472232543, "precision_score": 0.8084361439940773}, "time": 0.021}, "RandomForestClassifier": {"clustering": {"adjusted_mutual_info_score": 0.6633133605243225, "adjusted_rand_score": 0.7151536849974957, "completeness_score": 0.6643999270154913, "fowlkes_mallows_score": 0.7862067314107076, "homogeneity_score": 0.6644224438814956, "v_measure_score": 0.6644111852577195}, "classification": {"f1_score": 0.8844156599398334, "hamming_loss": 0.116, "jaccard_score": 0.7934787487879367, "accuracy_score": 0.884, "recall_score": 0.884604228256948, "precision_score": 0.8843231627902207}, "time": 0.7058}, "LinearSVC": {"clustering": {"adjusted_mutual_info_score": 0.4230596932318727, "adjusted_rand_score": 0.4399205041230811, "completeness_score": 0.4264540770610858, "fowlkes_mallows_score": 0.5809396478779562, "homogeneity_score": 0.4234520814364713, "v_measure_score": 0.4249477775000854}, "classification": {"f1_score": 0.7375297968586236, "hamming_loss": 0.26, "jaccard_score": 0.5866076545138581, "accuracy_score": 0.74, "recall_score": 0.7420105024330965, "precision_score": 0.7437243960084918}, "time": 0.373}, "LogisticRegression": {"clustering": {"adjusted_mutual_info_score": 0.4260782864278874, "adjusted_rand_score": 0.44666123376854855, "completeness_score": 0.4280681645253894, "fowlkes_mallows_score": 0.584799382026883,