{"clustering_alg": {"affinity_propagation": {"clustering": {"adjusted_mutual_info_score": -1.281370601507323e-15, "adjusted_rand_score": 0.0, "completeness_score": 1.0, "fowlkes_mallows_score": 0.4998499474782395, "homogeneity_score": 6.40685300762983e-16, "v_measure_score": 1.2813706015259653e-15}, "classification": {"f1_score": 0.0, "hamming_loss": 1.0, "jaccard_score": 0.0, "accuracy_score": 0.0, "recall_score": 0.0, "precision_score": 0.0}, "found_clusters": 1, "expected_clusters": 4, "time": 148.9426}, "agglomerative": {"clustering": {"adjusted_mutual_info_score": 0.9052268304751038, "adjusted_rand_score": 0.9073882131880576, "completeness_score": 0.9061532925390239, "fowlkes_mallows_score": 0.930591230812806, "homogeneity_score": 0.9044252943897637, "v_measure_score": 0.9052884688722923}, "classification": {"f1_score": 0.9624075225740945, "hamming_loss": 0.0374, "jaccard_score": 0.9298363718772078, "accuracy_score": 0.9626, "recall_score": 0.9625999999999999, "precision_score": 0.9647007733422897}, "found_clusters": 4, "expected_clusters": 4, "time": 0.679}, "birch": {"clustering": {"adjusted_mutual_info_score": 0.7525271944558255, "adjusted_rand_score": 0.63249160764131, "completeness_score": 0.8820479361919179, "fowlkes_mallows_score": 0.7599177958139806, "homogeneity_score": 0.6563609242820548, "v_measure_score": 0.7526501095185298}, "classification": {"f1_score": 0.01478673754818299, "hamming_loss": 0.9776, "jaccard_score": 0.007612440175492604, "accuracy_score": 0.0224, "recall_score": 0.0224, "precision_score": 0.011066012532657592}, "found_clusters": 3, "expected_clusters": 4, "time": 0.156}, "dbscan": {"clustering": {"adjusted_mutual_info_score": 0.5595459233577481, "adjusted_rand_score": 0.3296210373640132, "completeness_score": 0.9220987377123631, "fowlkes_mallows_score": 0.6266496355764402, "homogeneity_score": 0.40190835491883864, "v_measure_score": 0.5598145037278026}, "classification": {"f1_score": 0.29883296562648914, "hamming_loss": 0.5042, "jaccard_score": 0.2643024128686327, "accuracy_score": 0.4958, "recall_score": 0.39664, "precision_score": 0.26680988184747584}, "found_clusters": 3, "expected_clusters": 4, "time": 0.133}, "k_means": {"clustering": {"adjusted_mutual_info_score": 0.9271682505136543, "adjusted_rand_score": 0.9396619256073443, "completeness_score": 0.9272244383658208, "fowlkes_mallows_score": 0.954737792735426, "homogeneity_score": 0.927206709311307, "v_measure_score": 0.9272155737538157}, "classification": {"f1_score": 0.976422487781835, "hamming_loss": 0.0236, "jaccard_score": 0.954835331721353, "accuracy_score": 0.9764, "recall_score": 0.9763999999999999, "precision_score": 0.9764702799694605}, "found_clusters": 4, "expected_clusters": 4, "time": 0.051}, "mini_batch_k_means": {"clustering": {"adjusted_mutual_info_score": 0.9262184755426603, "adjusted_rand_score": 0.9381970763250073, "completeness_score": 0.9263278984509008, "fowlkes_mallows_score": 0.9536414015930804, "homogeneity_score": 0.9262049470023968, "v_measure_score": 0.9262664186465432}, "classification": {"f1_score": 0.9758170873230527, "hamming_loss": 0.0242, "jaccard_score": 0.9537145010938142, "accuracy_score": 0.9758, "recall_score": 0.9757999999999999, "precision_score": 0.9760089593256005}, "found_clusters": 4, "expected_clusters": 4, "time": 0.031}, "mean_shift": {"clustering": {"adjusted_mutual_info_score": 0.5731802020251292, "adjusted_rand_score": 0.33284555375085606, "completeness_score": 0.9925067474961691, "fowlkes_mallows_score": 0.6318492198138559, "homogeneity_score": 0.4030707451652718, "v_measure_score": 0.5733116740539052}, "classification": {"f1_score": 0.3744752244874691, "hamming_loss": 0.5006, "jaccard_score": 0.3325347698856079, "accuracy_score": 0.4994, "recall_score": 0.4994, "precision_score": 0.3326013298002062}, "found_clusters": 2, "expected_clusters": 4, "time": 16.2741}, "optics": {"clustering": {"adjusted_mutual_info_score": 0.23443076422799866, "adjusted_rand_score": 0.0034673455757377298, "completeness_score": 0.18919594456465988, "fowlkes_mallows_score": 0.2623452289449227, "homogeneity_score": 0.4652371977877444, "v_measure_score": 0.2689991853580959}, "classification": {"f1_score": 3.651681729853802e-05, "hamming_loss": 0.9986, "jaccard_score": 1.836065573770492e-05, "accuracy_score": 0.0014, "recall_score": 1.836065573770492e-05, "precision_score": 0.003278688524590164}, "found_clusters": 305, "expected_clusters": 4, "time": 3.0502}, "spectral_clustering": {"clustering": {"adjusted_mutual_info_score": 0.927240849127795, "adjusted_rand_score": 0.9401026372409915, "completeness_score": 0.9272927731041469, "fowlkes_mallows_score": 0.95506820010334, "homogeneity_score": 0.9272834769027252, "v_measure_score": 0.927288124980137}, "classification": {"f1_score": 0.976627195521756, "hamming_loss": 0.0234, "jaccard_score": 0.9551945455211295, "accuracy_score": 0.9766, "recall_score": 0.9765999999999999, "precision_score": 0.9766677591399234}, "found_clusters": 4, "expected_clusters": 4, "time": 3.0959}, "gaussian_mixture_model": {"clustering": {"adjusted_mutual_info_score": 0.92767449909981, "adjusted_rand_score": 0.9401523286135877, "completeness_score": 0.9277346895392284, "fowlkes_mallows_score": 0.9551058596505714, "homogeneity_score": 0.9277082980752597, "v_measure_score": 0.9277214936195505}, "classification": {"f1_score": 0.9766212424617059, "hamming_loss": 0.0234, "jaccard_score": 0.9551992308961996, "accuracy_score": 0.9766, "recall_score": 0.9765999999999999, "precision_score": 0.9766800925027375}, "found_clusters": 4, "expected_clusters": 4, "time": 0.02}}, "classification_alg": {"KNeighborsClassifier": {"clustering": {"adjusted_mutual_info_score": 0.9187849875283742, "adjusted_rand_score": 0.9275544272194188, "completeness_score": 0.9190095427567817, "fowlkes_mallows_score": 0.9456418960232283, "homogeneity_score": 0.9190902484458627, "v_measure_score": 0.9190498938295445}, "classification": {"f1_score": 0.9725828646510739, "hamming_loss": 0.028, "jaccard_score": 0.9479108456325579, "accuracy_score": 0.972, "recall_score": 0.9726753857188639, "precision_score": 0.9725015966706672}, "time": 0.028}, "DecisionTreeClassifier": {"clustering": {"adjusted_mutual_info_score": 0.8971855558659378, "adjusted_rand_score": 0.9080112886922027, "completeness_score": 0.8974955453077373, "fowlkes_mallows_score": 0.9309791871317564, "homogeneity_score": 0.8975462967680327, "v_measure_score": 0.8975209203204336}, "classification": {"f1_score": 0.9646101299654469, "hamming_loss": 0.036, "jaccard_score": 0.93340803331516, "accuracy_score": 0.964, "recall_score": 0.9647265861190149, "precision_score": 0.9645394131787983}, "time": 0.005}, "RandomForestClassifier": {"clustering": {"adjusted_mutual_info_score": 0.9137399516892318, "adjusted_rand_score": 0.9273750834052288, "completeness_score": 0.9139954768054918, "fowlkes_mallows_score": 0.945508197080104, "homogeneity_score": 0.9140471613017477, "v_measure_score": 0.9140213183229783}, "classification": {"f1_score": 0.9724403475566208, "hamming_loss": 0.028, "jaccard_score": 0.9473835473826616, "accuracy_score": 0.972, "recall_score": 0.9725401591499792, "precision_score": 0.9723868950603475}, "time": 0.259}, "LinearSVC": {"clustering": {"adjusted_mutual_info_score": 0.8442088683168677, "adjusted_rand_score": 0.824521919442999, "completeness_score": 0.8468698068592894, "fowlkes_mallows_score": 0.8686704029650301, "homogeneity_score": 0.842577842177421, "v_measure_score": 0.8447183727481151}, "classification": {"f1_score": 0.9258176999930251, "hamming_loss": 0.075, "jaccard_score": 0.8699432286052075, "accuracy_score": 0.925, "recall_score": 0.9272856990248295, "precision_score": 0.9316113555689389}, "time": 0.114}, "LogisticRegression": {"clustering": {"adjusted_mutual_info_score": 0.9283387146877873, "adjusted_rand_score": 0.939903143710522, "completeness_score": 0.9285317489497402, "fowlkes_mallows_score": 0.9549075723771575, "homogeneity_score": 0.9286131720941283,