{"clustering_alg": {"affinity_propagation": {"clustering": {"adjusted_mutual_info_score": -9.63084916590371e-16, "adjusted_rand_score": 0.0, "completeness_score": 1.0, "fowlkes_mallows_score": 0.4998548298958349, "homogeneity_score": 4.805173546123317e-16, "v_measure_score": 9.61034709224663e-16}, "classification": {"f1_score": 0.0, "hamming_loss": 1.0, "jaccard_score": 0.0, "accuracy_score": 0.0, "recall_score": 0.0, "precision_score": 0.0}, "found_clusters": 1, "expected_clusters": 4, "time": 146.3769}, "agglomerative": {"clustering": {"adjusted_mutual_info_score": 0.44791376602928823, "adjusted_rand_score": 0.3751105840321614, "completeness_score": 0.45552010437023255, "fowlkes_mallows_score": 0.5381020069851333, "homogeneity_score": 0.44126300274696095, "v_measure_score": 0.44827822350973484}, "classification": {"f1_score": 0.6889506314600901, "hamming_loss": 0.3142, "jaccard_score": 0.527136927492413, "accuracy_score": 0.6858, "recall_score": 0.6859565630104311, "precision_score": 0.7267544662813049}, "found_clusters": 4, "expected_clusters": 4, "time": 0.697}, "birch": {"clustering": {"adjusted_mutual_info_score": 0.3874672506142998, "adjusted_rand_score": 0.22406121455449868, "completeness_score": 0.5132104219870831, "fowlkes_mallows_score": 0.5175344950710944, "homogeneity_score": 0.31164180952129505, "v_measure_score": 0.3877975192738931}, "classification": {"f1_score": 0.3025323664943339, "hamming_loss": 0.6632, "jaccard_score": 0.23463741439012026, "accuracy_score": 0.3368, "recall_score": 0.335510240362488, "precision_score": 0.32157986752923423}, "found_clusters": 3, "expected_clusters": 4, "time": 0.081}, "dbscan": {"clustering": {"adjusted_mutual_info_score": 9.906389239486337e-05, "adjusted_rand_score": -1.9926583415923847e-06, "completeness_score": 0.04049333261811723, "fowlkes_mallows_score": 0.4991538891714146, "homogeneity_score": 0.00030959109674941643, "v_measure_score": 0.0006144841650998735}, "classification": {"f1_score": 0.08008970046452027, "hamming_loss": 0.75, "jaccard_score": 0.05007009813739235, "accuracy_score": 0.25, "recall_score": 0.2, "precision_score": 0.05007009813739235}, "found_clusters": 2, "expected_clusters": 4, "time": 0.08}, "k_means": {"clustering": {"adjusted_mutual_info_score": 0.5000594741888251, "adjusted_rand_score": 0.4644269425582521, "completeness_score": 0.5040552534925788, "fowlkes_mallows_score": 0.6008211390724004, "homogeneity_score": 0.49677114751408924, "v_measure_score": 0.5003866933089532}, "classification": {"f1_score": 0.7473809736317308, "hamming_loss": 0.2542, "jaccard_score": 0.5987221841691823, "accuracy_score": 0.7458, "recall_score": 0.7458961379037238, "precision_score": 0.7681178607392979}, "found_clusters": 4, "expected_clusters": 4, "time": 0.088}, "mini_batch_k_means": {"clustering": {"adjusted_mutual_info_score": 0.4916193953152204, "adjusted_rand_score": 0.47412729281609467, "completeness_score": 0.49275538554438564, "fowlkes_mallows_score": 0.6061155591552787, "homogeneity_score": 0.49114776692204787, "v_measure_score": 0.4919502628734474}, "classification": {"f1_score": 0.7538670868816482, "hamming_loss": 0.2476, "jaccard_score": 0.6063198505750008, "accuracy_score": 0.7524, "recall_score": 0.7523790780356947, "precision_score": 0.7591099910332446}, "found_clusters": 4, "expected_clusters": 4, "time": 0.046}, "mean_shift": {"clustering": {"adjusted_mutual_info_score": -9.63084916590371e-16, "adjusted_rand_score": 0.0, "completeness_score": 1.0, "fowlkes_mallows_score": 0.4998548298958349, "homogeneity_score": 4.805173546123317e-16, "v_measure_score": 9.61034709224663e-16}, "classification": {"f1_score": 0.1, "hamming_loss": 0.75, "jaccard_score": 0.0625, "accuracy_score": 0.25, "recall_score": 0.25, "precision_score": 0.0625}, "found_clusters": 1, "expected_clusters": 4, "time": 35.4991}, "optics": {"clustering": {"adjusted_mutual_info_score": 0.21181089013304977, "adjusted_rand_score": 0.004287911079842376, "completeness_score": 0.17011106599150067, "fowlkes_mallows_score": 0.241436420121386, "homogeneity_score": 0.45206210828213933, "v_measure_score": 0.24720052330773726}, "classification": {"f1_score": 2.976611489197302e-05, "hamming_loss": 0.9988, "jaccard_score": 1.4918805565309317e-05, "accuracy_score": 0.0012, "recall_score": 1.4960693196001657e-05, "precision_score": 0.003027950310559006}, "found_clusters": 322, "expected_clusters": 4, "time": 3.5936}, "spectral_clustering": {"clustering": {"adjusted_mutual_info_score": 0.47979744264525026, "adjusted_rand_score": 0.4406651880100284, "completeness_score": 0.486805399065135, "fowlkes_mallows_score": 0.5852740654867987, "homogeneity_score": 0.4736548725275831, "v_measure_score": 0.48014010794547873}, "classification": {"f1_score": 0.733055489853596, "hamming_loss": 0.2648, "jaccard_score": 0.5794336046176161, "accuracy_score": 0.7352, "recall_score": 0.7355542271785274, "precision_score": 0.7676560817505973}, "found_clusters": 4, "expected_clusters": 4, "time": 3.2204}, "gaussian_mixture_model": {"clustering": {"adjusted_mutual_info_score": 0.728758392432604, "adjusted_rand_score": 0.7531276217687284, "completeness_score": 0.7309397267744495, "fowlkes_mallows_score": 0.8153058721578113, "homogeneity_score": 0.726941478308225, "v_measure_score": 0.7289351199304285}, "classification": {"f1_score": 0.9001945099494375, "hamming_loss": 0.1004, "jaccard_score": 0.8211862853399878, "accuracy_score": 0.8996, "recall_score": 0.8996935088001099, "precision_score": 0.9072699833683001}, "found_clusters": 4, "expected_clusters": 4, "time": 0.074}}, "classification_alg": {"KNeighborsClassifier": {"clustering": {"adjusted_mutual_info_score": 0.7075496015438463, "adjusted_rand_score": 0.7389348088739129, "completeness_score": 0.7087750946280631, "fowlkes_mallows_score": 0.8041818752618195, "homogeneity_score": 0.708232863606171, "v_measure_score": 0.7085038753722936}, "classification": {"f1_score": 0.8913765152460703, "hamming_loss": 0.108, "jaccard_score": 0.8066007631277902, "accuracy_score": 0.892, "recall_score": 0.892478495297503, "precision_score": 0.8937171722279091}, "time": 0.035}, "DecisionTreeClassifier": {"clustering": {"adjusted_mutual_info_score": 0.6052419563916916, "adjusted_rand_score": 0.6448616820455066, "completeness_score": 0.606895545272026, "fowlkes_mallows_score": 0.7336772679862036, "homogeneity_score": 0.6061655967606218, "v_measure_score": 0.6065303513963843}, "classification": {"f1_score": 0.8483152369068359, "hamming_loss": 0.151, "jaccard_score": 0.7392981346388464, "accuracy_score": 0.849, "recall_score": 0.848221251773229, "precision_score": 0.849753652324128}, "time": 0.008}, "RandomForestClassifier": {"clustering": {"adjusted_mutual_info_score": 0.6867822942444428, "adjusted_rand_score": 0.7287802180278296, "completeness_score": 0.6878615373495889, "fowlkes_mallows_score": 0.7965094347106213, "homogeneity_score": 0.6877465098570635, "v_measure_score": 0.6878040187940624}, "classification": {"f1_score": 0.8874479647044923, "hamming_loss": 0.112, "jaccard_score": 0.7995669348409075, "accuracy_score": 0.888, "recall_score": 0.8880110891732269, "precision_score": 0.8885428253615127}, "time": 0.395}, "LinearSVC": {"clustering": {"adjusted_mutual_info_score": 0.5896944555225281, "adjusted_rand_score": 0.6007739752393444, "completeness_score": 0.5918635208274237, "fowlkes_mallows_score": 0.7008196862023726, "homogeneity_score": 0.5902081877968323, "v_measure_score": 0.5910346952760804}, "classification": {"f1_score": 0.8302262953003242, "hamming_loss": 0.171, "jaccard_score": 0.711005836133842, "accuracy_score": 0.829, "recall_score": 0.831028728502649, "precision_score": 0.8359408234186472}, "time": 0.102}, "LogisticRegression": {"clustering": {"adjusted_mutual_info_score": 0.5920020470742855, "adjusted_rand_score": 0.6099156878454517, "completeness_score": 0.5937267311970049, "fowlkes_mallows_score": 0.7074801402224952, "homogeneity_score": 0.5929412645920666, "v_measure_score": 0.593333737940703},