{"clustering_alg": {"affinity_propagation": {"clustering": {"adjusted_mutual_info_score": -1.281370601507323e-15, "adjusted_rand_score": 0.0, "completeness_score": 1.0, "fowlkes_mallows_score": 0.4998499474782395, "homogeneity_score": 6.40685300762983e-16, "v_measure_score": 1.2813706015259653e-15}, "classification": {"f1_score": 0.0, "hamming_loss": 1.0, "jaccard_score": 0.0, "accuracy_score": 0.0, "recall_score": 0.0, "precision_score": 0.0}, "found_clusters": 1, "expected_clusters": 4, "time": 146.712}, "agglomerative": {"clustering": {"adjusted_mutual_info_score": 0.8779741161601092, "adjusted_rand_score": 0.8806150637295654, "completeness_score": 0.8782384647232461, "fowlkes_mallows_score": 0.9104609604487983, "homogeneity_score": 0.8778684529658883, "v_measure_score": 0.8780534198638255}, "classification": {"f1_score": 0.9507722214466343, "hamming_loss": 0.0492, "jaccard_score": 0.909716148592595, "accuracy_score": 0.9508, "recall_score": 0.9508, "precision_score": 0.9512749877216353}, "found_clusters": 4, "expected_clusters": 4, "time": 0.603}, "birch": {"clustering": {"adjusted_mutual_info_score": 0.8473144989458122, "adjusted_rand_score": 0.7102564705091068, "completeness_score": 0.9885491128718904, "fowlkes_mallows_score": 0.8135654833971487, "homogeneity_score": 0.741507182543805, "v_measure_score": 0.8473900756110198}, "classification": {"f1_score": 0.0013966480446927373, "hamming_loss": 0.9986, "jaccard_score": 0.0007002801120448179, "accuracy_score": 0.0014, "recall_score": 0.0014, "precision_score": 0.001393312101910828}, "found_clusters": 3, "expected_clusters": 4, "time": 0.16}, "dbscan": {"clustering": {"adjusted_mutual_info_score": 0.8227255175807915, "adjusted_rand_score": 0.6996912768513092, "completeness_score": 0.9345083914274561, "fowlkes_mallows_score": 0.8038783200985833, "homogeneity_score": 0.735118518022765, "v_measure_score": 0.8229077045867669}, "classification": {"f1_score": 0.5287051127181761, "hamming_loss": 0.2608, "jaccard_score": 0.4911483878477959, "accuracy_score": 0.7392, "recall_score": 0.5913600000000001, "precision_score": 0.4986624703276473}, "found_clusters": 5, "expected_clusters": 4, "time": 0.062}, "k_means": {"clustering": {"adjusted_mutual_info_score": 0.8849791609089613, "adjusted_rand_score": 0.8875887247790131, "completeness_score": 0.8850605896006919, "fowlkes_mallows_score": 0.91567526786197, "homogeneity_score": 0.8850472041600509, "v_measure_score": 0.8850538968297615}, "classification": {"f1_score": 0.9537906387810574, "hamming_loss": 0.0462, "jaccard_score": 0.9150520419444776, "accuracy_score": 0.9538, "recall_score": 0.9538, "precision_score": 0.953800651667497}, "found_clusters": 4, "expected_clusters": 4, "time": 0.073}, "mini_batch_k_means": {"clustering": {"adjusted_mutual_info_score": 0.884946861240658, "adjusted_rand_score": 0.8875875482994129, "completeness_score": 0.885023302967248, "fowlkes_mallows_score": 0.9156739444098754, "homogeneity_score": 0.8850199324860336, "v_measure_score": 0.8850216177234318}, "classification": {"f1_score": 0.9537907861556459, "hamming_loss": 0.0462, "jaccard_score": 0.9150523474174446, "accuracy_score": 0.9538, "recall_score": 0.9538, "precision_score": 0.9537866629378181}, "found_clusters": 4, "expected_clusters": 4, "time": 0.029}, "mean_shift": {"clustering": {"adjusted_mutual_info_score": 0.8504177553523988, "adjusted_rand_score": 0.7116210580925892, "completeness_score": 0.9921666486978549, "fowlkes_mallows_score": 0.8145403928661687, "homogeneity_score": 0.7442218279965487, "v_measure_score": 0.8504917959105769}, "classification": {"f1_score": 0.000998003992015968, "hamming_loss": 0.999, "jaccard_score": 0.0005, "accuracy_score": 0.001, "recall_score": 0.001, "precision_score": 0.00099601593625498}, "found_clusters": 3, "expected_clusters": 4, "time": 9.0245}, "optics": {"clustering": {"adjusted_mutual_info_score": 0.2219212705983822, "adjusted_rand_score": 0.0029248166759513906, "completeness_score": 0.18142064968781593, "fowlkes_mallows_score": 0.2654100108548409, "homogeneity_score": 0.4411149729080641, "v_measure_score": 0.2571013194017789}, "classification": {"f1_score": 8.8564499701746e-05, "hamming_loss": 0.9966, "jaccard_score": 4.488448844884488e-05, "accuracy_score": 0.0034, "recall_score": 4.488448844884488e-05, "precision_score": 0.0033003300330033004}, "found_clusters": 303, "expected_clusters": 4, "time": 3.8786}, "spectral_clustering": {"clustering": {"adjusted_mutual_info_score": 0.8852832018508512, "adjusted_rand_score": 0.8880251427006521, "completeness_score": 0.8853594256781044, "fowlkes_mallows_score": 0.9160022052853629, "homogeneity_score": 0.885356053916816, "v_measure_score": 0.88535773979425}, "classification": {"f1_score": 0.9539911066684664, "hamming_loss": 0.046, "jaccard_score": 0.9153894697755723, "accuracy_score": 0.954, "recall_score": 0.954, "precision_score": 0.9539873049923926}, "found_clusters": 4, "expected_clusters": 4, "time": 3.3473}, "gaussian_mixture_model": {"clustering": {"adjusted_mutual_info_score": 0.8831802261222413, "adjusted_rand_score": 0.8857470905531778, "completeness_score": 0.8832613817374867, "fowlkes_mallows_score": 0.9142936474829298, "homogeneity_score": 0.8832508799154578, "v_measure_score": 0.8832561307952558}, "classification": {"f1_score": 0.952990023163108, "hamming_loss": 0.047, "jaccard_score": 0.9136445966868318, "accuracy_score": 0.953, "recall_score": 0.9530000000000001, "precision_score": 0.9529954600114737}, "found_clusters": 4, "expected_clusters": 4, "time": 0.017}}, "classification_alg": {"KNeighborsClassifier": {"clustering": {"adjusted_mutual_info_score": 0.8659073215744555, "adjusted_rand_score": 0.854521749061031, "completeness_score": 0.8662863722533641, "fowlkes_mallows_score": 0.8908715220760219, "homogeneity_score": 0.8664032801614444, "v_measure_score": 0.8663448222634035}, "classification": {"f1_score": 0.9415067142098474, "hamming_loss": 0.06, "jaccard_score": 0.8952873213742779, "accuracy_score": 0.94, "recall_score": 0.941583181542198, "precision_score": 0.9414436961533794}, "time": 0.028}, "DecisionTreeClassifier": {"clustering": {"adjusted_mutual_info_score": 0.8398408099403376, "adjusted_rand_score": 0.8247981638348345, "completeness_score": 0.8402842495529158, "fowlkes_mallows_score": 0.8685716420905958, "homogeneity_score": 0.840442451046045, "v_measure_score": 0.8403633428539771}, "classification": {"f1_score": 0.9278429225968778, "hamming_loss": 0.074, "jaccard_score": 0.8732159405942312, "accuracy_score": 0.926, "recall_score": 0.9278880531305259, "precision_score": 0.92782988577322}, "time": 0.005}, "RandomForestClassifier": {"clustering": {"adjusted_mutual_info_score": 0.8626541403188164, "adjusted_rand_score": 0.8538686330747182, "completeness_score": 0.8630390068706533, "fowlkes_mallows_score": 0.8903810136721445, "homogeneity_score": 0.8631655072123074, "v_measure_score": 0.8631022524063585}, "classification": {"f1_score": 0.9415792239142428, "hamming_loss": 0.06, "jaccard_score": 0.8952003963471138, "accuracy_score": 0.94, "recall_score": 0.9416117557698774, "precision_score": 0.9415712429754064}, "time": 0.27}, "LinearSVC": {"clustering": {"adjusted_mutual_info_score": 0.8282901019159499, "adjusted_rand_score": 0.8341530353836658, "completeness_score": 0.8293385251930562, "fowlkes_mallows_score": 0.8756715247207001, "homogeneity_score": 0.8283634711358813, "v_measure_score": 0.8288507114029108}, "classification": {"f1_score": 0.9345221179276579, "hamming_loss": 0.067, "jaccard_score": 0.8815722908809785, "accuracy_score": 0.933, "recall_score": 0.9339775687777124, "precision_score": 0.9355478138205116}, "time": 0.121}, "LogisticRegression": {"clustering": {"adjusted_mutual_info_score": 0.8717340299398836, "adjusted_rand_score": 0.8667645532730442, "completeness_score": 0.872211042086046, "fowlkes_mallows_score": 0.9000680956002183, "homogeneity_score": 0.8720941209986877, "v_measure_score": 0.8721525776237461},