{"clustering_alg": {"affinity_propagation": {"clustering": {"adjusted_mutual_info_score": 0.30949519357697886, "adjusted_rand_score": 0.02983905984267115, "completeness_score": 0.20485323535879935, "fowlkes_mallows_score": 0.131465003250906, "homogeneity_score": 0.7375967820942835, "v_measure_score": 0.3206516725642171}, "classification": {"f1_score": 0.0005181218335432303, "hamming_loss": 0.989, "jaccard_score": 0.0002648924930633923, "accuracy_score": 0.011, "recall_score": 0.000267379048669141, "precision_score": 0.008664830119375574}, "found_clusters": 165, "expected_clusters": 4, "time": 48.8843}, "agglomerative": {"clustering": {"adjusted_mutual_info_score": 0.3481411766673627, "adjusted_rand_score": 0.3197979660904147, "completeness_score": 0.354626946852312, "fowlkes_mallows_score": 0.4984460286778806, "homogeneity_score": 0.34272033057568213, "v_measure_score": 0.3485719910014816}, "classification": {"f1_score": 0.526219940818236, "hamming_loss": 0.4606, "jaccard_score": 0.3822716419261327, "accuracy_score": 0.5394, "recall_score": 0.5392135977504385, "precision_score": 0.5320625018594759}, "found_clusters": 4, "expected_clusters": 4, "time": 1.3481}, "birch": {"clustering": {"adjusted_mutual_info_score": 0.1150760803445245, "adjusted_rand_score": 0.05160994634105246, "completeness_score": 0.1418136634847558, "fowlkes_mallows_score": 0.36685175123565766, "homogeneity_score": 0.09746643079385535, "v_measure_score": 0.1155304761921901}, "classification": {"f1_score": 0.13558312237564848, "hamming_loss": 0.8146, "jaccard_score": 0.07853382574132883, "accuracy_score": 0.1854, "recall_score": 0.1852446885591412, "precision_score": 0.11592099535552255}, "found_clusters": 3, "expected_clusters": 4, "time": 0.6982}, "dbscan": {"clustering": {"adjusted_mutual_info_score": 0.23599966205991565, "adjusted_rand_score": 0.10489696842194003, "completeness_score": 0.3042915658813353, "fowlkes_mallows_score": 0.46597920385485087, "homogeneity_score": 0.2074982789454633, "v_measure_score": 0.24674180957758218}, "classification": {"f1_score": 0.0009848376043825272, "hamming_loss": 0.9904, "jaccard_score": 0.0005040851903971771, "accuracy_score": 0.0096, "recall_score": 0.0008176754169292881, "precision_score": 0.0012379110251450676}, "found_clusters": 47, "expected_clusters": 4, "time": 0.093}, "k_means": {"clustering": {"adjusted_mutual_info_score": 0.2908117482815497, "adjusted_rand_score": 0.2320209760372014, "completeness_score": 0.2919157830058437, "fowlkes_mallows_score": 0.42509364092336666, "homogeneity_score": 0.2906341699371942, "v_measure_score": 0.29127356669365406}, "classification": {"f1_score": 0.5333779056494322, "hamming_loss": 0.4704, "jaccard_score": 0.3712957909151393, "accuracy_score": 0.5296, "recall_score": 0.5295160333622801, "precision_score": 0.5398737168087805}, "found_clusters": 4, "expected_clusters": 4, "time": 0.14}, "mini_batch_k_means": {"clustering": {"adjusted_mutual_info_score": 0.19411044631373592, "adjusted_rand_score": 0.1483270994736995, "completeness_score": 0.19576809753766944, "fowlkes_mallows_score": 0.3643810760848172, "homogeneity_score": 0.19351913527227874, "v_measure_score": 0.1946371201332692}, "classification": {"f1_score": 0.4827990043379822, "hamming_loss": 0.5276, "jaccard_score": 0.33017158269794844, "accuracy_score": 0.4724, "recall_score": 0.4721891566297845, "precision_score": 0.5046382001409605}, "found_clusters": 4, "expected_clusters": 4, "time": 0.048}, "mean_shift": {"clustering": {"adjusted_mutual_info_score": 3.2188114982500877e-16, "adjusted_rand_score": 0.0, "completeness_score": 1.0, "fowlkes_mallows_score": 0.4998517883953927, "homogeneity_score": 4.805152515302266e-16, "v_measure_score": 9.610305030604528e-16}, "classification": {"f1_score": 0.10012795905310301, "hamming_loss": 0.7496, "jaccard_score": 0.0626, "accuracy_score": 0.2504, "recall_score": 0.25, "precision_score": 0.0626}, "found_clusters": 1, "expected_clusters": 4, "time": 46.5619}, "optics": {"clustering": {"adjusted_mutual_info_score": 0.10947007167114021, "adjusted_rand_score": 0.0005236193889439355, "completeness_score": 0.1677669302798264, "fowlkes_mallows_score": 0.4388921250732845, "homogeneity_score": 0.11037142101458183, "v_measure_score": 0.1331472226542315}, "classification": {"f1_score": 0.0001296844073842637, "hamming_loss": 0.9986, "jaccard_score": 6.504226284124275e-05, "accuracy_score": 0.0014, "recall_score": 6.517601695562438e-05, "precision_score": 0.012804540420819492}, "found_clusters": 86, "expected_clusters": 4, "time": 6.8943}, "spectral_clustering": {"clustering": {"adjusted_mutual_info_score": 0.37997933294501435, "adjusted_rand_score": 0.2353417694123056, "completeness_score": 0.4086615851038427, "fowlkes_mallows_score": 0.4623996178152389, "homogeneity_score": 0.355812406032815, "v_measure_score": 0.3804102259457752}, "classification": {"f1_score": 0.5915253976446716, "hamming_loss": 0.4218, "jaccard_score": 0.4321950803533027, "accuracy_score": 0.5782, "recall_score": 0.5778769326771749, "precision_score": 0.7194345574703436}, "found_clusters": 4, "expected_clusters": 4, "time": 6.074}, "gaussian_mixture_model": {"clustering": {"adjusted_mutual_info_score": 0.9021926965123293, "adjusted_rand_score": 0.935649084158585, "completeness_score": 0.9022734002454126, "fowlkes_mallows_score": 0.9517281278657352, "homogeneity_score": 0.9022390977463287, "v_measure_score": 0.9022562486698377}, "classification": {"f1_score": 0.9754069786122425, "hamming_loss": 0.0246, "jaccard_score": 0.9521379926455117, "accuracy_score": 0.9754, "recall_score": 0.9754243461027713, "precision_score": 0.9754656601269203}, "found_clusters": 4, "expected_clusters": 4, "time": 0.085}}, "classification_alg": {"KNeighborsClassifier": {"clustering": {"adjusted_mutual_info_score": 0.7111838282072742, "adjusted_rand_score": 0.7496465401476013, "completeness_score": 0.7120833754070242, "fowlkes_mallows_score": 0.8121542203435497, "homogeneity_score": 0.7121684098636407, "v_measure_score": 0.7121258900968561}, "classification": {"f1_score": 0.8939749912111055, "hamming_loss": 0.105, "jaccard_score": 0.8121804090278342, "accuracy_score": 0.895, "recall_score": 0.8947889451790704, "precision_score": 0.8941134727633696}, "time": 0.043}, "DecisionTreeClassifier": {"clustering": {"adjusted_mutual_info_score": 0.565137142114298, "adjusted_rand_score": 0.6043065664645725, "completeness_score": 0.5669311873083738, "fowlkes_mallows_score": 0.7033040759525832, "homogeneity_score": 0.5661825611419652, "v_measure_score": 0.5665566269238117}, "classification": {"f1_score": 0.8254377230105385, "hamming_loss": 0.174, "jaccard_score": 0.7085378166015539, "accuracy_score": 0.826, "recall_score": 0.8245030604982662, "precision_score": 0.8269191054649649}, "time": 0.021}, "RandomForestClassifier": {"clustering": {"adjusted_mutual_info_score": 0.675433329844333, "adjusted_rand_score": 0.7057788955136794, "completeness_score": 0.6764116402458561, "fowlkes_mallows_score": 0.7792275911622395, "homogeneity_score": 0.6765722562779044, "v_measure_score": 0.6764919387283189}, "classification": {"f1_score": 0.8747565694777036, "hamming_loss": 0.125, "jaccard_score": 0.7821675313924773, "accuracy_score": 0.875, "recall_score": 0.8756005711519577, "precision_score": 0.8764738668105314}, "time": 0.7141}, "LinearSVC": {"clustering": {"adjusted_mutual_info_score": 0.5120586438770967, "adjusted_rand_score": 0.5190318192931673, "completeness_score": 0.513796303146287, "fowlkes_mallows_score": 0.6392292015358658, "homogeneity_score": 0.5135053274138958, "v_measure_score": 0.5136507740717089}, "classification": {"f1_score": 0.7762605898148235, "hamming_loss": 0.222, "jaccard_score": 0.6405043775998243, "accuracy_score": 0.778, "recall_score": 0.7776325078279478, "precision_score": 0.7779617454567139}, "time": 0.294}, "LogisticRegression": {"clustering": {"adjusted_mutual_info_score": 0.49646557385552104, "adjusted_rand_score": 0.5130720901393605,