{"clustering_alg": {"affinity_propagation": {"clustering": {"adjusted_mutual_info_score": -1.281370601507323e-15, "adjusted_rand_score": 0.0, "completeness_score": 1.0, "fowlkes_mallows_score": 0.4998499474782395, "homogeneity_score": 6.40685300762983e-16, "v_measure_score": 1.2813706015259653e-15}, "classification": {"f1_score": 0.0, "hamming_loss": 1.0, "jaccard_score": 0.0, "accuracy_score": 0.0, "recall_score": 0.0, "precision_score": 0.0}, "found_clusters": 1, "expected_clusters": 4, "time": 149.1968}, "agglomerative": {"clustering": {"adjusted_mutual_info_score": 0.9939098154934154, "adjusted_rand_score": 0.9968057630744596, "completeness_score": 0.9939137726205901, "fowlkes_mallows_score": 0.9976038430744597, "homogeneity_score": 0.9939137726205901, "v_measure_score": 0.9939137726205901}, "classification": {"f1_score": 0.9988, "hamming_loss": 0.0012, "jaccard_score": 0.9976057462090981, "accuracy_score": 0.9988, "recall_score": 0.9988, "precision_score": 0.9988}, "found_clusters": 4, "expected_clusters": 4, "time": 0.726}, "birch": {"clustering": {"adjusted_mutual_info_score": 0.8570721064109494, "adjusted_rand_score": 0.7141631882897822, "completeness_score": 1.0, "fowlkes_mallows_score": 0.8163876493575091, "homogeneity_score": 0.7500000000000001, "v_measure_score": 0.8571428571428573}, "classification": {"f1_score": 0.41666666666666663, "hamming_loss": 0.5, "jaccard_score": 0.375, "accuracy_score": 0.5, "recall_score": 0.5, "precision_score": 0.375}, "found_clusters": 3, "expected_clusters": 4, "time": 0.17}, "dbscan": {"clustering": {"adjusted_mutual_info_score": 0.9728781646193447, "adjusted_rand_score": 0.9854844505441188, "completeness_score": 0.9594133749344572, "fowlkes_mallows_score": 0.9891189707658844, "homogeneity_score": 0.9867741604317395, "v_measure_score": 0.9729014397163879}, "classification": {"f1_score": 0.3976663803825855, "hamming_loss": 0.5056, "jaccard_score": 0.3953624300559552, "accuracy_score": 0.4944, "recall_score": 0.39552, "precision_score": 0.39983779399837793}, "found_clusters": 5, "expected_clusters": 4, "time": 0.046}, "k_means": {"clustering": {"adjusted_mutual_info_score": 0.9948076039884639, "adjusted_rand_score": 0.997337068872591, "completeness_score": 0.9948110351817353, "fowlkes_mallows_score": 0.9980024022414216, "homogeneity_score": 0.994810920365007, "v_measure_score": 0.9948109777733679}, "classification": {"f1_score": 0.99899999984, "hamming_loss": 0.001, "jaccard_score": 0.9980039916978803, "accuracy_score": 0.999, "recall_score": 0.999, "precision_score": 0.999000159360102}, "found_clusters": 4, "expected_clusters": 4, "time": 0.037}, "mini_batch_k_means": {"clustering": {"adjusted_mutual_info_score": 0.9948076039884639, "adjusted_rand_score": 0.997337068872591, "completeness_score": 0.9948110351817353, "fowlkes_mallows_score": 0.9980024022414216, "homogeneity_score": 0.994810920365007, "v_measure_score": 0.9948109777733679}, "classification": {"f1_score": 0.99899999984, "hamming_loss": 0.001, "jaccard_score": 0.9980039916978803, "accuracy_score": 0.999, "recall_score": 0.999, "precision_score": 0.999000159360102}, "found_clusters": 4, "expected_clusters": 4, "time": 0.037}, "mean_shift": {"clustering": {"adjusted_mutual_info_score": 0.6650059307212449, "adjusted_rand_score": 0.49945000503053244, "completeness_score": 0.9976540336915438, "fowlkes_mallows_score": 0.7066824464099931, "homogeneity_score": 0.4988269592733494, "v_measure_score": 0.6651026379522073}, "classification": {"f1_score": 0.16662223407091442, "hamming_loss": 0.75, "jaccard_score": 0.1249500199920032, "accuracy_score": 0.25, "recall_score": 0.25, "precision_score": 0.1249500199920032}, "found_clusters": 2, "expected_clusters": 4, "time": 9.2354}, "optics": {"clustering": {"adjusted_mutual_info_score": 0.24488763712476697, "adjusted_rand_score": 0.004018296184875795, "completeness_score": 0.1964810865857038, "fowlkes_mallows_score": 0.2673374075061314, "homogeneity_score": 0.4719749059229769, "v_measure_score": 0.2774577336315152}, "classification": {"f1_score": 3.867232387518783e-05, "hamming_loss": 0.9986, "jaccard_score": 1.9444444444444445e-05, "accuracy_score": 0.0014, "recall_score": 1.9444444444444445e-05, "precision_score": 0.003472222222222222}, "found_clusters": 288, "expected_clusters": 4, "time": 3.7656}, "spectral_clustering": {"clustering": {"adjusted_mutual_info_score": 0.9948076039884639, "adjusted_rand_score": 0.997337068872591, "completeness_score": 0.9948110351817353, "fowlkes_mallows_score": 0.9980024022414216, "homogeneity_score": 0.994810920365007, "v_measure_score": 0.9948109777733679}, "classification": {"f1_score": 0.99899999984, "hamming_loss": 0.001, "jaccard_score": 0.9980039916978803, "accuracy_score": 0.999, "recall_score": 0.999, "precision_score": 0.999000159360102}, "found_clusters": 4, "expected_clusters": 4, "time": 3.7791}, "gaussian_mixture_model": {"clustering": {"adjusted_mutual_info_score": 0.9948076039884639, "adjusted_rand_score": 0.997337068872591, "completeness_score": 0.9948110351817353, "fowlkes_mallows_score": 0.9980024022414216, "homogeneity_score": 0.994810920365007, "v_measure_score": 0.9948109777733679}, "classification": {"f1_score": 0.99899999984, "hamming_loss": 0.001, "jaccard_score": 0.9980039916978803, "accuracy_score": 0.999, "recall_score": 0.999, "precision_score": 0.999000159360102}, "found_clusters": 4, "expected_clusters": 4, "time": 0.02}}, "classification_alg": {"KNeighborsClassifier": {"clustering": {"adjusted_mutual_info_score": 0.995285350046047, "adjusted_rand_score": 0.9973673247870863, "completeness_score": 0.9953313016658609, "fowlkes_mallows_score": 0.9980252309502375, "homogeneity_score": 0.995270166742038, "v_measure_score": 0.9953007332651681}, "classification": {"f1_score": 0.9989860218805805, "hamming_loss": 0.001, "jaccard_score": 0.997976155431263, "accuracy_score": 0.999, "recall_score": 0.998945147679325, "precision_score": 0.999031007751938}, "time": 0.028}, "DecisionTreeClassifier": {"clustering": {"adjusted_mutual_info_score": 0.9788048616515859, "adjusted_rand_score": 0.9868384522157083, "completeness_score": 0.9789775863881022, "fowlkes_mallows_score": 0.9901282356315081, "homogeneity_score": 0.9787704827986352, "v_measure_score": 0.9788740236389724}, "classification": {"f1_score": 0.9949519727017782, "hamming_loss": 0.005, "jaccard_score": 0.9899733045560792, "accuracy_score": 0.995, "recall_score": 0.9948166552874578, "precision_score": 0.9951075814961176}, "time": 0.003}, "RandomForestClassifier": {"clustering": {"adjusted_mutual_info_score": 0.9905534578770566, "adjusted_rand_score": 0.994670981066405, "completeness_score": 0.9906557487001578, "fowlkes_mallows_score": 0.9960028716444257, "homogeneity_score": 0.9905128253765009, "v_measure_score": 0.9905842818830193}, "classification": {"f1_score": 0.9979946231462793, "hamming_loss": 0.002, "jaccard_score": 0.9959972945057649, "accuracy_score": 0.998, "recall_score": 0.9978991225747225, "precision_score": 0.9980981719310424}, "time": 0.226}, "LinearSVC": {"clustering": {"adjusted_mutual_info_score": 0.9905534578770566, "adjusted_rand_score": 0.994670981066405, "completeness_score": 0.9906557487001578, "fowlkes_mallows_score": 0.9960028716444257, "homogeneity_score": 0.9905128253765009, "v_measure_score": 0.9905842818830193}, "classification": {"f1_score": 0.9979946231462793, "hamming_loss": 0.002, "jaccard_score": 0.9959972945057649, "accuracy_score": 0.998, "recall_score": 0.9978991225747225, "precision_score": 0.9980981719310424}, "time": 0.03}, "LogisticRegression": {"clustering": {"adjusted_mutual_info_score": 0.995285350046047, "adjusted_rand_score": 0.9973673247870863, "completeness_score": 0.9953313016658609, "fowlkes_mallows_score": 0.9980252309502375, "homogeneity_score": 0.995270166742038, "v_measure_score": 0.9953007332651681}, "classification": {"f1_score": 0.9989860218805805, "hamming_loss": 0.001, "jaccard_score": 0.997976155431263, "accuracy_score": 0.999,