{"clustering_alg": {"affinity_propagation": {"clustering": {"adjusted_mutual_info_score": 0.0, "adjusted_rand_score": 0.0, "completeness_score": 1.0, "fowlkes_mallows_score": 0.4992506897854536, "homogeneity_score": 0.0, "v_measure_score": 0.0}, "classification": {"f1_score": 0.0, "hamming_loss": 1.0, "jaccard_score": 0.0, "accuracy_score": 0.0, "recall_score": 0.0, "precision_score": 0.0}, "found_clusters": 1, "expected_clusters": 4, "time": 8.1329}, "agglomerative": {"clustering": {"adjusted_mutual_info_score": 0.7111090460482348, "adjusted_rand_score": 0.679917663860689, "completeness_score": 0.7213518871925383, "fowlkes_mallows_score": 0.7630249733673828, "homogeneity_score": 0.7030106494319429, "v_measure_score": 0.7120631800468092}, "classification": {"f1_score": 0.872280486366838, "hamming_loss": 0.13, "jaccard_score": 0.7774280433788874, "accuracy_score": 0.87, "recall_score": 0.8702387558200931, "precision_score": 0.9030318591137818}, "found_clusters": 4, "expected_clusters": 4, "time": 0.038}, "birch": {"clustering": {"adjusted_mutual_info_score": 0.42834138469211774, "adjusted_rand_score": 0.3491458066054398, "completeness_score": 0.5135090670599354, "fowlkes_mallows_score": 0.5610652012949837, "homogeneity_score": 0.369537629270572, "v_measure_score": 0.4297868369562369}, "classification": {"f1_score": 0.2861831567042716, "hamming_loss": 0.609, "jaccard_score": 0.20624718135482167, "accuracy_score": 0.391, "recall_score": 0.39003984063745023, "precision_score": 0.22601008744601764}, "found_clusters": 3, "expected_clusters": 4, "time": 0.028}, "dbscan": {"clustering": {"adjusted_mutual_info_score": 0.0038057727827641888, "adjusted_rand_score": 3.0199304649567624e-05, "completeness_score": 0.07942028255157642, "fowlkes_mallows_score": 0.4943010305423357, "homogeneity_score": 0.003208316097808704, "v_measure_score": 0.006167486201331927}, "classification": {"f1_score": 0.08064516129032259, "hamming_loss": 0.75, "jaccard_score": 0.05050505050505051, "accuracy_score": 0.25, "recall_score": 0.2, "precision_score": 0.05050505050505051}, "found_clusters": 2, "expected_clusters": 4, "time": 0.0121}, "k_means": {"clustering": {"adjusted_mutual_info_score": 0.6150276399169743, "adjusted_rand_score": 0.6157794627782547, "completeness_score": 0.6168952863846802, "fowlkes_mallows_score": 0.7118115423176417, "homogeneity_score": 0.6156735760930876, "v_measure_score": 0.616283825765193}, "classification": {"f1_score": 0.8337887685572929, "hamming_loss": 0.167, "jaccard_score": 0.7160311020507228, "accuracy_score": 0.833, "recall_score": 0.8329467351477623, "precision_score": 0.8368192178469591}, "found_clusters": 4, "expected_clusters": 4, "time": 0.0402}, "mini_batch_k_means": {"clustering": {"adjusted_mutual_info_score": 0.602734157281563, "adjusted_rand_score": 0.5874547901130902, "completeness_score": 0.6049736089476975, "fowlkes_mallows_score": 0.6907453516059132, "homogeneity_score": 0.6030917359790975, "v_measure_score": 0.6040312067124408}, "classification": {"f1_score": 0.8136646544825719, "hamming_loss": 0.187, "jaccard_score": 0.6890724894176032, "accuracy_score": 0.813, "recall_score": 0.8129828157250516, "precision_score": 0.8175317529542682}, "found_clusters": 4, "expected_clusters": 4, "time": 0.03}, "mean_shift": {"clustering": {"adjusted_mutual_info_score": 0.0, "adjusted_rand_score": 0.0, "completeness_score": 1.0, "fowlkes_mallows_score": 0.4992506897854536, "homogeneity_score": 0.0, "v_measure_score": 0.0}, "classification": {"f1_score": 0.1, "hamming_loss": 0.75, "jaccard_score": 0.0625, "accuracy_score": 0.25, "recall_score": 0.25, "precision_score": 0.0625}, "found_clusters": 1, "expected_clusters": 4, "time": 10.1231}, "optics": {"clustering": {"adjusted_mutual_info_score": 0.2800809899335219, "adjusted_rand_score": 0.015529110763612637, "completeness_score": 0.2401473441437822, "fowlkes_mallows_score": 0.2647912436258455, "homogeneity_score": 0.46344281989069436, "v_measure_score": 0.3163619051212373}, "classification": {"f1_score": 0.0009263915452087318, "hamming_loss": 0.993, "jaccard_score": 0.00047298728813559326, "accuracy_score": 0.007, "recall_score": 0.0004745762711864407, "precision_score": 0.019370460048426148}, "found_clusters": 59, "expected_clusters": 4, "time": 0.8214}, "spectral_clustering": {"clustering": {"adjusted_mutual_info_score": 0.6024734444709179, "adjusted_rand_score": 0.5977568506999412, "completeness_score": 0.6060452017590872, "fowlkes_mallows_score": 0.6990438062188238, "homogeneity_score": 0.6015202927306545, "v_measure_score": 0.6037742695259359}, "classification": {"f1_score": 0.8268182378086326, "hamming_loss": 0.174, "jaccard_score": 0.7055873087021302, "accuracy_score": 0.826, "recall_score": 0.8258545576729227, "precision_score": 0.8369339992720954}, "found_clusters": 4, "expected_clusters": 4, "time": 0.2998}, "gaussian_mixture_model": {"clustering": {"adjusted_mutual_info_score": 0.8267518736269923, "adjusted_rand_score": 0.8665961579967794, "completeness_score": 0.8274544832587372, "fowlkes_mallows_score": 0.8998628132164268, "homogeneity_score": 0.827178990453501, "v_measure_score": 0.8273167139216484}, "classification": {"f1_score": 0.9479722065138998, "hamming_loss": 0.052, "jaccard_score": 0.9011083763855233, "accuracy_score": 0.948, "recall_score": 0.9480194723115569, "precision_score": 0.9483883804347171}, "found_clusters": 4, "expected_clusters": 4, "time": 0.013}}, "classification_alg": {"KNeighborsClassifier": {"clustering": {"adjusted_mutual_info_score": 0.7724771241531144, "adjusted_rand_score": 0.8011818773281497, "completeness_score": 0.7787356150314514, "fowlkes_mallows_score": 0.8514321441323143, "homogeneity_score": 0.7738637998841443, "v_measure_score": 0.7762920639592233}, "classification": {"f1_score": 0.9173019201233521, "hamming_loss": 0.08, "jaccard_score": 0.8478146853146853, "accuracy_score": 0.92, "recall_score": 0.9154042861843783, "precision_score": 0.9226769626769626}, "time": 0.007}, "DecisionTreeClassifier": {"clustering": {"adjusted_mutual_info_score": 0.638349934189325, "adjusted_rand_score": 0.66441118371672, "completeness_score": 0.643886877939896, "fowlkes_mallows_score": 0.7482929436438375, "homogeneity_score": 0.6448862018835347, "v_measure_score": 0.6443861524702177}, "classification": {"f1_score": 0.8588621827922067, "hamming_loss": 0.14, "jaccard_score": 0.7535548941798942, "accuracy_score": 0.86, "recall_score": 0.859842661359256, "precision_score": 0.8588133428755269}, "time": 0.003}, "RandomForestClassifier": {"clustering": {"adjusted_mutual_info_score": 0.7434646349797432, "adjusted_rand_score": 0.773927679040358, "completeness_score": 0.7479612474300557, "fowlkes_mallows_score": 0.8305935744452051, "homogeneity_score": 0.7475423336835216, "v_measure_score": 0.74775173188467}, "classification": {"f1_score": 0.9098703440179773, "hamming_loss": 0.09, "jaccard_score": 0.83526910991127, "accuracy_score": 0.91, "recall_score": 0.9099181078974881, "precision_score": 0.9110410435360584}, "time": 0.212}, "LinearSVC": {"clustering": {"adjusted_mutual_info_score": 0.6496441979058244, "adjusted_rand_score": 0.6505692452956455, "completeness_score": 0.6561877912334632, "fowlkes_mallows_score": 0.7383505650318802, "homogeneity_score": 0.65482205246027, "v_measure_score": 0.6555042104706684}, "classification": {"f1_score": 0.8480380730380731, "hamming_loss": 0.15, "jaccard_score": 0.7376333976213436, "accuracy_score": 0.85, "recall_score": 0.8476618856271532, "precision_score": 0.8499840720486058}, "time": 0.0123}, "LogisticRegression": {"clustering": {"adjusted_mutual_info_score": 0.6405902479643922, "adjusted_rand_score": 0.6571423960113664, "completeness_score": 0.6465944200216351, "fowlkes_mallows_score": 0.7430290872617854, "homogeneity_score": 0.6465944200216351, "v_measure_score": 0.6465944200216351}, "classification": {"f1_score": 0.8533347767159866, "hamming_loss": 0.145, "jaccard_score": 0.7452837640923384, "accuracy_score": 0.855,