{"clustering_alg": {"affinity_propagation": {"clustering": {"adjusted_mutual_info_score": 1.6116090380348985e-15, "adjusted_rand_score": 0.0, "completeness_score": 1.0, "fowlkes_mallows_score": 0.5176714756980051, "homogeneity_score": 6.57477577528475e-16, "v_measure_score": 1.3149551550569493e-15}, "classification": {"f1_score": 0.0, "hamming_loss": 1.0, "jaccard_score": 0.0, "accuracy_score": 0.0, "recall_score": 0.0, "precision_score": 0.0}, "found_clusters": 1, "expected_clusters": 4, "time": 143.7277}, "agglomerative": {"clustering": {"adjusted_mutual_info_score": 0.3300062862174192, "adjusted_rand_score": 0.2381484438358838, "completeness_score": 0.32784385627191254, "fowlkes_mallows_score": 0.43808893389388304, "homogeneity_score": 0.3330969280762309, "v_measure_score": 0.3304495168066903}, "classification": {"f1_score": 0.4866275172929311, "hamming_loss": 0.5088, "jaccard_score": 0.33228925822063277, "accuracy_score": 0.4912, "recall_score": 0.5232732464366516, "precision_score": 0.4997113315009317}, "found_clusters": 4, "expected_clusters": 4, "time": 0.6411}, "birch": {"clustering": {"adjusted_mutual_info_score": 0.30550585782694784, "adjusted_rand_score": 0.16011793166934968, "completeness_score": 0.5070228674795976, "fowlkes_mallows_score": 0.5120586775424575, "homogeneity_score": 0.2188373194627802, "v_measure_score": 0.30572147976033226}, "classification": {"f1_score": 0.1234131044163718, "hamming_loss": 0.788, "jaccard_score": 0.07558381517846888, "accuracy_score": 0.212, "recall_score": 0.2699780058651026, "precision_score": 0.08531929369757446}, "found_clusters": 2, "expected_clusters": 4, "time": 0.087}, "dbscan": {"clustering": {"adjusted_mutual_info_score": 1.6116090380348985e-15, "adjusted_rand_score": 0.0, "completeness_score": 1.0, "fowlkes_mallows_score": 0.5176714756980051, "homogeneity_score": 6.57477577528475e-16, "v_measure_score": 1.3149551550569493e-15}, "classification": {"f1_score": 0.07990253738867419, "hamming_loss": 0.8098, "jaccard_score": 0.04755, "accuracy_score": 0.1902, "recall_score": 0.25, "precision_score": 0.04755}, "found_clusters": 1, "expected_clusters": 4, "time": 0.256}, "k_means": {"clustering": {"adjusted_mutual_info_score": 0.3256895686232581, "adjusted_rand_score": 0.21516206258009243, "completeness_score": 0.3264883046975786, "fowlkes_mallows_score": 0.42585477316200165, "homogeneity_score": 0.32579190325412033, "v_measure_score": 0.3261397322222959}, "classification": {"f1_score": 0.48084660638430876, "hamming_loss": 0.5118, "jaccard_score": 0.3279110183823223, "accuracy_score": 0.4882, "recall_score": 0.5205394486018297, "precision_score": 0.5231803935112264}, "found_clusters": 4, "expected_clusters": 4, "time": 0.143}, "mini_batch_k_means": {"clustering": {"adjusted_mutual_info_score": 0.326335288119201, "adjusted_rand_score": 0.21770999338372737, "completeness_score": 0.3261260057365636, "fowlkes_mallows_score": 0.4260534868439134, "homogeneity_score": 0.3274439072702575, "v_measure_score": 0.32678362775156783}, "classification": {"f1_score": 0.502934592789481, "hamming_loss": 0.4956, "jaccard_score": 0.34535182695552163, "accuracy_score": 0.5044, "recall_score": 0.5340622429956173, "precision_score": 0.5463203259397946}, "found_clusters": 4, "expected_clusters": 4, "time": 0.029}, "mean_shift": {"clustering": {"adjusted_mutual_info_score": 1.6116090380348985e-15, "adjusted_rand_score": 0.0, "completeness_score": 1.0, "fowlkes_mallows_score": 0.5176714756980051, "homogeneity_score": 6.57477577528475e-16, "v_measure_score": 1.3149551550569493e-15}, "classification": {"f1_score": 0.07990253738867419, "hamming_loss": 0.8098, "jaccard_score": 0.04755, "accuracy_score": 0.1902, "recall_score": 0.25, "precision_score": 0.04755}, "found_clusters": 1, "expected_clusters": 4, "time": 27.1125}, "optics": {"clustering": {"adjusted_mutual_info_score": 0.12268900160102458, "adjusted_rand_score": 0.0021512024338760987, "completeness_score": 0.1105602422235183, "fowlkes_mallows_score": 0.24520015448545435, "homogeneity_score": 0.30447178257695023, "v_measure_score": 0.16221627257856858}, "classification": {"f1_score": 3.056763978726682e-05, "hamming_loss": 0.999, "jaccard_score": 1.532015703331963e-05, "accuracy_score": 0.001, "recall_score": 1.542177152911184e-05, "precision_score": 0.001763668430335097}, "found_clusters": 324, "expected_clusters": 4, "time": 4.07}, "spectral_clustering": {"clustering": {"adjusted_mutual_info_score": 0.25569517432879535, "adjusted_rand_score": 0.14802227658050754, "completeness_score": 0.2605584564617342, "fowlkes_mallows_score": 0.3831568877891731, "homogeneity_score": 0.2519848150892979, "v_measure_score": 0.25619992736525765}, "classification": {"f1_score": 0.41118829336904694, "hamming_loss": 0.5892, "jaccard_score": 0.2647996804631002, "accuracy_score": 0.4108, "recall_score": 0.4488466338626565, "precision_score": 0.5082374174828879}, "found_clusters": 4, "expected_clusters": 4, "time": 2.775}, "gaussian_mixture_model": {"clustering": {"adjusted_mutual_info_score": 0.32932869736103304, "adjusted_rand_score": 0.21348286110050554, "completeness_score": 0.3316403129170538, "fowlkes_mallows_score": 0.4270267761972845, "homogeneity_score": 0.32793742847706453, "v_measure_score": 0.3297784766583315}, "classification": {"f1_score": 0.46137548862112693, "hamming_loss": 0.529, "jaccard_score": 0.31321867844760526, "accuracy_score": 0.471, "recall_score": 0.5046721152193935, "precision_score": 0.5102826478321648}, "found_clusters": 4, "expected_clusters": 4, "time": 0.032}}, "classification_alg": {"KNeighborsClassifier": {"clustering": {"adjusted_mutual_info_score": 0.29856577468178136, "adjusted_rand_score": 0.3172501934982505, "completeness_score": 0.30116762745025805, "fowlkes_mallows_score": 0.497185992089951, "homogeneity_score": 0.3006339104968743, "v_measure_score": 0.30090053230602015}, "classification": {"f1_score": 0.569342207739944, "hamming_loss": 0.402, "jaccard_score": 0.4150991008013716, "accuracy_score": 0.598, "recall_score": 0.5785017997031211, "precision_score": 0.5709179323944125}, "time": 0.029}, "DecisionTreeClassifier": {"clustering": {"adjusted_mutual_info_score": 0.24277187430516695, "adjusted_rand_score": 0.25450267182432124, "completeness_score": 0.24531376247482076, "fowlkes_mallows_score": 0.4504797053612212, "homogeneity_score": 0.2452668683735457, "v_measure_score": 0.2452903131829036}, "classification": {"f1_score": 0.5209145121397795, "hamming_loss": 0.451, "jaccard_score": 0.36819747204627634, "accuracy_score": 0.549, "recall_score": 0.5184072848946288, "precision_score": 0.5256493109410005}, "time": 0.009}, "RandomForestClassifier": {"clustering": {"adjusted_mutual_info_score": 0.29041357585716526, "adjusted_rand_score": 0.3149444939294441, "completeness_score": 0.2921295890061202, "fowlkes_mallows_score": 0.4942323276230689, "homogeneity_score": 0.29340913372321753, "v_measure_score": 0.2927679633062489}, "classification": {"f1_score": 0.5743363194598877, "hamming_loss": 0.399, "jaccard_score": 0.41773520787944995, "accuracy_score": 0.601, "recall_score": 0.5762790970373926, "precision_score": 0.5736199314763568}, "time": 0.408}, "LinearSVC": {"clustering": {"adjusted_mutual_info_score": 0.3483723305979353, "adjusted_rand_score": 0.3774736307537566, "completeness_score": 0.3610639510558282, "fowlkes_mallows_score": 0.5534331915341725, "homogeneity_score": 0.3407337170029355, "v_measure_score": 0.35060436281961804}, "classification": {"f1_score": 0.5005898759255364, "hamming_loss": 0.43, "jaccard_score": 0.36859190764771754, "accuracy_score": 0.57, "recall_score": 0.5295839707684309, "precision_score": 0.5022109743533145}, "time": 0.015}, "LogisticRegression": {"clustering": {"adjusted_mutual_info_score": 0.31637172724153406, "adjusted_rand_score": 0.31512415126456805, "completeness_score": 0.3240724168366869, "fowlkes_mallows_score": 0.5021501794235443, "homogeneity_score": 0.3134725900751891, "v_measure_score": 0.31868438706716884},