{"clustering_alg": {"affinity_propagation": {"clustering": {"adjusted_mutual_info_score": -1.281370601507323e-15, "adjusted_rand_score": 0.0, "completeness_score": 1.0, "fowlkes_mallows_score": 0.4998499474782395, "homogeneity_score": 6.40685300762983e-16, "v_measure_score": 1.2813706015259653e-15}, "classification": {"f1_score": 0.0, "hamming_loss": 1.0, "jaccard_score": 0.0, "accuracy_score": 0.0, "recall_score": 0.0, "precision_score": 0.0}, "found_clusters": 1, "expected_clusters": 4, "time": 149.8832}, "agglomerative": {"clustering": {"adjusted_mutual_info_score": 0.8877258159680648, "adjusted_rand_score": 0.88513519014168, "completeness_score": 0.8880221718634242, "fowlkes_mallows_score": 0.9138543855326499, "homogeneity_score": 0.8875755107180499, "v_measure_score": 0.8877987851107306}, "classification": {"f1_score": 0.9523668015660195, "hamming_loss": 0.0476, "jaccard_score": 0.9130246995310378, "accuracy_score": 0.9524, "recall_score": 0.9524, "precision_score": 0.9529658362770065}, "found_clusters": 4, "expected_clusters": 4, "time": 0.689}, "birch": {"clustering": {"adjusted_mutual_info_score": 0.8547492152505195, "adjusted_rand_score": 0.7136411651527301, "completeness_score": 0.9971396274062866, "fowlkes_mallows_score": 0.8159524462039075, "homogeneity_score": 0.7480538033157393, "v_measure_score": 0.8548211076058317}, "classification": {"f1_score": 0.24980015987210233, "hamming_loss": 0.75, "jaccard_score": 0.2496006389776358, "accuracy_score": 0.25, "recall_score": 0.25, "precision_score": 0.2496006389776358}, "found_clusters": 3, "expected_clusters": 4, "time": 0.158}, "dbscan": {"clustering": {"adjusted_mutual_info_score": 0.8312193526828627, "adjusted_rand_score": 0.7042575165571575, "completeness_score": 0.9455792230702613, "fowlkes_mallows_score": 0.806999442476015, "homogeneity_score": 0.7417333885751518, "v_measure_score": 0.8313429016691969}, "classification": {"f1_score": 0.6682058788102889, "hamming_loss": 0.2556, "jaccard_score": 0.6208661215547804, "accuracy_score": 0.7444, "recall_score": 0.7444000000000001, "precision_score": 0.6853869608106896}, "found_clusters": 4, "expected_clusters": 4, "time": 0.046}, "k_means": {"clustering": {"adjusted_mutual_info_score": 0.9044958723290634, "adjusted_rand_score": 0.9081278559142347, "completeness_score": 0.9045712914969809, "fowlkes_mallows_score": 0.9310830500599598, "homogeneity_score": 0.9045445639469373, "v_measure_score": 0.9045579275245251}, "classification": {"f1_score": 0.9627984762255862, "hamming_loss": 0.0372, "jaccard_score": 0.9307495903991218, "accuracy_score": 0.9628, "recall_score": 0.9628, "precision_score": 0.9628348708652426}, "found_clusters": 4, "expected_clusters": 4, "time": 0.058}, "mini_batch_k_means": {"clustering": {"adjusted_mutual_info_score": 0.9044958723290634, "adjusted_rand_score": 0.9081278559142347, "completeness_score": 0.9045712914969809, "fowlkes_mallows_score": 0.9310830500599598, "homogeneity_score": 0.9045445639469373, "v_measure_score": 0.9045579275245251}, "classification": {"f1_score": 0.9627984762255862, "hamming_loss": 0.0372, "jaccard_score": 0.9307495903991218, "accuracy_score": 0.9628, "recall_score": 0.9628, "precision_score": 0.9628348708652426}, "found_clusters": 4, "expected_clusters": 4, "time": 0.055}, "mean_shift": {"clustering": {"adjusted_mutual_info_score": 0.8557962493240693, "adjusted_rand_score": 0.7139019973935784, "completeness_score": 0.9984362309636161, "fowlkes_mallows_score": 0.8161698951675351, "homogeneity_score": 0.7489269304309852, "v_measure_score": 0.8558676275284025}, "classification": {"f1_score": 0.0, "hamming_loss": 1.0, "jaccard_score": 0.0, "accuracy_score": 0.0, "recall_score": 0.0, "precision_score": 0.0}, "found_clusters": 3, "expected_clusters": 4, "time": 6.8209}, "optics": {"clustering": {"adjusted_mutual_info_score": 0.2270684208804335, "adjusted_rand_score": 0.0036745939335665165, "completeness_score": 0.1836991887893589, "fowlkes_mallows_score": 0.25961213115894033, "homogeneity_score": 0.457288252570595, "v_measure_score": 0.2621064801578496}, "classification": {"f1_score": 2.578682035611599e-05, "hamming_loss": 0.999, "jaccard_score": 1.2944983818770227e-05, "accuracy_score": 0.001, "recall_score": 1.2944983818770227e-05, "precision_score": 0.003236245954692557}, "found_clusters": 309, "expected_clusters": 4, "time": 3.0566}, "spectral_clustering": {"clustering": {"adjusted_mutual_info_score": 0.9038491370160542, "adjusted_rand_score": 0.9072225016995891, "completeness_score": 0.9039368627494788, "fowlkes_mallows_score": 0.9304047560523475, "homogeneity_score": 0.9038863651877962, "v_measure_score": 0.9039116132633683}, "classification": {"f1_score": 0.9623970880304972, "hamming_loss": 0.0376, "jaccard_score": 0.9300548384328555, "accuracy_score": 0.9624, "recall_score": 0.9624, "precision_score": 0.9624658134103621}, "found_clusters": 4, "expected_clusters": 4, "time": 2.8477}, "gaussian_mixture_model": {"clustering": {"adjusted_mutual_info_score": 0.9037686034779926, "adjusted_rand_score": 0.9072202427028039, "completeness_score": 0.9038444844617042, "fowlkes_mallows_score": 0.9304022132770365, "homogeneity_score": 0.9038177783867742, "v_measure_score": 0.9038311312269638}, "classification": {"f1_score": 0.9623984598409151, "hamming_loss": 0.0376, "jaccard_score": 0.9300570456719697, "accuracy_score": 0.9624, "recall_score": 0.9624, "precision_score": 0.9624348053185033}, "found_clusters": 4, "expected_clusters": 4, "time": 0.018}}, "classification_alg": {"KNeighborsClassifier": {"clustering": {"adjusted_mutual_info_score": 0.8928548200795074, "adjusted_rand_score": 0.8959473622827354, "completeness_score": 0.8932489525058189, "fowlkes_mallows_score": 0.9219498011626255, "homogeneity_score": 0.8931598892019593, "v_measure_score": 0.8932044186337165}, "classification": {"f1_score": 0.9529270160849108, "hamming_loss": 0.045, "jaccard_score": 0.9139551038315297, "accuracy_score": 0.955, "recall_score": 0.9531083092548813, "precision_score": 0.953225749929913}, "time": 0.027}, "DecisionTreeClassifier": {"clustering": {"adjusted_mutual_info_score": 0.8787456438351443, "adjusted_rand_score": 0.8777370424509393, "completeness_score": 0.8792050500652588, "fowlkes_mallows_score": 0.9082920275855999, "homogeneity_score": 0.8790775346239618, "v_measure_score": 0.8791412877207267}, "classification": {"f1_score": 0.9435106885865854, "hamming_loss": 0.054, "jaccard_score": 0.8984905020352781, "accuracy_score": 0.946, "recall_score": 0.9437089571841345, "precision_score": 0.9438719175561281}, "time": 0.004}, "RandomForestClassifier": {"clustering": {"adjusted_mutual_info_score": 0.9000561920432345, "adjusted_rand_score": 0.9043288813995003, "completeness_score": 0.9004707497809409, "fowlkes_mallows_score": 0.9282398914354486, "homogeneity_score": 0.900293887226062, "v_measure_score": 0.9003823098182012}, "classification": {"f1_score": 0.9571082776340613, "hamming_loss": 0.041, "jaccard_score": 0.9209945941129296, "accuracy_score": 0.959, "recall_score": 0.9573286052009456, "precision_score": 0.9575648667601683}, "time": 0.268}, "LinearSVC": {"clustering": {"adjusted_mutual_info_score": 0.8943668532910029, "adjusted_rand_score": 0.898064708361061, "completeness_score": 0.8949551317449617, "fowlkes_mallows_score": 0.9235532474583544, "homogeneity_score": 0.8944681948809173, "v_measure_score": 0.8947115970604474}, "classification": {"f1_score": 0.9539095371669004, "hamming_loss": 0.044, "jaccard_score": 0.9156084656084655, "accuracy_score": 0.956, "recall_score": 0.9537868838105245, "precision_score": 0.9544312692138779}, "time": 0.104}, "LogisticRegression": {"clustering": {"adjusted_mutual_info_score": 0.9064273526470585, "adjusted_rand_score": 0.9128593402376881, "completeness_score": 0.9067449824932704, "fowlkes_mallows_score": 0.9346334278157032, "homogeneity_score": 0.9067203272330916, "v_measure_score": 0.9067326546955787}, "classification": {"f1_score": 0.9612969017388603, "hamming_loss": 0.037,