{"clustering_alg": {"affinity_propagation": {"clustering": {"adjusted_mutual_info_score": -3.223937735770677e-16, "adjusted_rand_score": 0.0, "completeness_score": 1.0, "fowlkes_mallows_score": 0.49985194847482467, "homogeneity_score": 1.6017178734949695e-16, "v_measure_score": 3.2034357469899384e-16}, "classification": {"f1_score": 0.0, "hamming_loss": 1.0, "jaccard_score": 0.0, "accuracy_score": 0.0, "recall_score": 0.0, "precision_score": 0.0}, "found_clusters": 1, "expected_clusters": 4, "time": 151.3277}, "agglomerative": {"clustering": {"adjusted_mutual_info_score": 0.5243291544139316, "adjusted_rand_score": 0.478367061731675, "completeness_score": 0.5366998934681378, "fowlkes_mallows_score": 0.6165623661860661, "homogeneity_score": 0.5131201501877577, "v_measure_score": 0.524645212493944}, "classification": {"f1_score": 0.7055173255487853, "hamming_loss": 0.2826, "jaccard_score": 0.560952344997079, "accuracy_score": 0.7174, "recall_score": 0.7174996544136931, "precision_score": 0.7459952377732749}, "found_clusters": 4, "expected_clusters": 4, "time": 0.7631}, "birch": {"clustering": {"adjusted_mutual_info_score": 0.38934902896510837, "adjusted_rand_score": 0.3018424428291568, "completeness_score": 0.45765774631726497, "fowlkes_mallows_score": 0.5236092066017815, "homogeneity_score": 0.3392435007234047, "v_measure_score": 0.38965283733814843}, "classification": {"f1_score": 0.17513428212089271, "hamming_loss": 0.7432, "jaccard_score": 0.12947447596594439, "accuracy_score": 0.2568, "recall_score": 0.25757380537699615, "precision_score": 0.13344127842341794}, "found_clusters": 3, "expected_clusters": 4, "time": 0.086}, "dbscan": {"clustering": {"adjusted_mutual_info_score": 0.0010835335336850768, "adjusted_rand_score": 1.2060723189390032e-07, "completeness_score": 0.12107283974514138, "fowlkes_mallows_score": 0.4992524569378011, "homogeneity_score": 0.0008095858291717932, "v_measure_score": 0.0016084165521548577}, "classification": {"f1_score": 0.07987179487179488, "hamming_loss": 0.7508, "jaccard_score": 0.049899879855826994, "accuracy_score": 0.2492, "recall_score": 0.2, "precision_score": 0.049899879855826994}, "found_clusters": 2, "expected_clusters": 4, "time": 0.088}, "k_means": {"clustering": {"adjusted_mutual_info_score": 0.46772907975771677, "adjusted_rand_score": 0.4041013680601233, "completeness_score": 0.4771107869951057, "fowlkes_mallows_score": 0.5614129464851438, "homogeneity_score": 0.45938762864204713, "v_measure_score": 0.46808150313442387}, "classification": {"f1_score": 0.6873532535588429, "hamming_loss": 0.302, "jaccard_score": 0.5277476346282829, "accuracy_score": 0.698, "recall_score": 0.698277929774727, "precision_score": 0.7114166029162885}, "found_clusters": 4, "expected_clusters": 4, "time": 0.122}, "mini_batch_k_means": {"clustering": {"adjusted_mutual_info_score": 0.5689074057067757, "adjusted_rand_score": 0.48570933431661634, "completeness_score": 0.5812803875721846, "fowlkes_mallows_score": 0.6222259376927963, "homogeneity_score": 0.5575987738419824, "v_measure_score": 0.5691933654597301}, "classification": {"f1_score": 0.7392831811696253, "hamming_loss": 0.2598, "jaccard_score": 0.5963312644455414, "accuracy_score": 0.7402, "recall_score": 0.7403414631611578, "precision_score": 0.7823745708897083}, "found_clusters": 4, "expected_clusters": 4, "time": 0.039}, "mean_shift": {"clustering": {"adjusted_mutual_info_score": -3.223937735770677e-16, "adjusted_rand_score": 0.0, "completeness_score": 1.0, "fowlkes_mallows_score": 0.49985194847482467, "homogeneity_score": 1.6017178734949695e-16, "v_measure_score": 3.2034357469899384e-16}, "classification": {"f1_score": 0.09974383605507524, "hamming_loss": 0.7508, "jaccard_score": 0.0623, "accuracy_score": 0.2492, "recall_score": 0.25, "precision_score": 0.0623}, "found_clusters": 1, "expected_clusters": 4, "time": 33.6643}, "optics": {"clustering": {"adjusted_mutual_info_score": 0.19082368172268407, "adjusted_rand_score": 0.002488603002590822, "completeness_score": 0.16005078542308815, "fowlkes_mallows_score": 0.2609107043424123, "homogeneity_score": 0.3959992598762887, "v_measure_score": 0.22796506575604314}, "classification": {"f1_score": 1.5335933626079267e-05, "hamming_loss": 0.9994, "jaccard_score": 7.686296614186342e-06, "accuracy_score": 0.0006, "recall_score": 7.69856524405735e-06, "precision_score": 0.0019292604501607716}, "found_clusters": 311, "expected_clusters": 4, "time": 3.6814}, "spectral_clustering": {"clustering": {"adjusted_mutual_info_score": 0.4877798878900188, "adjusted_rand_score": 0.4038642749488943, "completeness_score": 0.503116530662969, "fowlkes_mallows_score": 0.5665076826412037, "homogeneity_score": 0.4739966436679154, "v_measure_score": 0.4881226723227806}, "classification": {"f1_score": 0.6981310470303899, "hamming_loss": 0.2938, "jaccard_score": 0.5405070021970793, "accuracy_score": 0.7062, "recall_score": 0.7066612407158605, "precision_score": 0.7420515897868307}, "found_clusters": 4, "expected_clusters": 4, "time": 2.8853}, "gaussian_mixture_model": {"clustering": {"adjusted_mutual_info_score": 0.6763092292556742, "adjusted_rand_score": 0.7022599208245488, "completeness_score": 0.6786407676105135, "fowlkes_mallows_score": 0.777295750915358, "homogeneity_score": 0.674412863851471, "v_measure_score": 0.6765202102388742}, "classification": {"f1_score": 0.8694538392646476, "hamming_loss": 0.1278, "jaccard_score": 0.7730197898238953, "accuracy_score": 0.8722, "recall_score": 0.87238711106556, "precision_score": 0.8743844684940477}, "found_clusters": 4, "expected_clusters": 4, "time": 0.054}}, "classification_alg": {"KNeighborsClassifier": {"clustering": {"adjusted_mutual_info_score": 0.6440148996633397, "adjusted_rand_score": 0.6677839628333933, "completeness_score": 0.6459390512120289, "fowlkes_mallows_score": 0.7511789075889954, "homogeneity_score": 0.6444196479302698, "v_measure_score": 0.6451784550189857}, "classification": {"f1_score": 0.8458707152771867, "hamming_loss": 0.149, "jaccard_score": 0.7397777435083616, "accuracy_score": 0.851, "recall_score": 0.8476291451769921, "precision_score": 0.8464534375806624}, "time": 0.028}, "DecisionTreeClassifier": {"clustering": {"adjusted_mutual_info_score": 0.5362525911920997, "adjusted_rand_score": 0.5697125659018575, "completeness_score": 0.5375362981552957, "fowlkes_mallows_score": 0.6772662216987991, "homogeneity_score": 0.5379956481784127, "v_measure_score": 0.537765875074722}, "classification": {"f1_score": 0.8019628191994324, "hamming_loss": 0.195, "jaccard_score": 0.675477699749812, "accuracy_score": 0.805, "recall_score": 0.8019875359887322, "precision_score": 0.802181674924151}, "time": 0.008}, "RandomForestClassifier": {"clustering": {"adjusted_mutual_info_score": 0.6504260003184837, "adjusted_rand_score": 0.6741929467946368, "completeness_score": 0.6519722493285368, "fowlkes_mallows_score": 0.7558604222264513, "homogeneity_score": 0.6511641428948786, "v_measure_score": 0.6515679455485234}, "classification": {"f1_score": 0.8508210614047668, "hamming_loss": 0.145, "jaccard_score": 0.7470128048030503, "accuracy_score": 0.855, "recall_score": 0.8521575115474637, "precision_score": 0.8515900520181062}, "time": 0.376}, "LinearSVC": {"clustering": {"adjusted_mutual_info_score": 0.5896031462004071, "adjusted_rand_score": 0.5896034215857943, "completeness_score": 0.59249936506451, "fowlkes_mallows_score": 0.6930681832255705, "homogeneity_score": 0.5894018071316558, "v_measure_score": 0.5909465270170984}, "classification": {"f1_score": 0.7979272766658143, "hamming_loss": 0.195, "jaccard_score": 0.6752030380293338, "accuracy_score": 0.805, "recall_score": 0.8019868887093768, "precision_score": 0.8010225745609221}, "time": 0.101}, "LogisticRegression": {"clustering": {"adjusted_mutual_info_score": 0.5812121353375003, "adjusted_rand_score": 0.5939044801424266, "completeness_score": 0.5832114755677527, "fowlkes_mallows_score": 0.6958317028925943, "homogeneity_score": 0.5819515385588095,