{"clustering_alg": {"affinity_propagation": {"clustering": {"adjusted_mutual_info_score": -3.2393388913716974e-16, "adjusted_rand_score": 0.0, "completeness_score": 1.0, "fowlkes_mallows_score": 0.49985723106732194, "homogeneity_score": 8.00865034462808e-16, "v_measure_score": 1.6017300689256145e-15}, "classification": {"f1_score": 0.0, "hamming_loss": 1.0, "jaccard_score": 0.0, "accuracy_score": 0.0, "recall_score": 0.0, "precision_score": 0.0}, "found_clusters": 1, "expected_clusters": 4, "time": 211.5402}, "agglomerative": {"clustering": {"adjusted_mutual_info_score": 0.5631458706072352, "adjusted_rand_score": 0.46995258540157653, "completeness_score": 0.5696246970424078, "fowlkes_mallows_score": 0.6063384644322716, "homogeneity_score": 0.5573741169579962, "v_measure_score": 0.5634328245377628}, "classification": {"f1_score": 0.717858416066417, "hamming_loss": 0.283, "jaccard_score": 0.5695090857105359, "accuracy_score": 0.717, "recall_score": 0.7175738764128781, "precision_score": 0.74420604811541}, "found_clusters": 4, "expected_clusters": 4, "time": 1.415}, "birch": {"clustering": {"adjusted_mutual_info_score": 0.23294506277760907, "adjusted_rand_score": 0.08143574456480596, "completeness_score": 0.3909691226981322, "fowlkes_mallows_score": 0.4691907767119476, "homogeneity_score": 0.16636748443807306, "v_measure_score": 0.23341208384093318}, "classification": {"f1_score": 0.102200698162148, "hamming_loss": 0.7886, "jaccard_score": 0.06341016213277251, "accuracy_score": 0.2114, "recall_score": 0.21257783362312677, "precision_score": 0.07426575908725858}, "found_clusters": 3, "expected_clusters": 4, "time": 0.0846}, "dbscan": {"clustering": {"adjusted_mutual_info_score": 0.0002954939631776076, "adjusted_rand_score": -3.5063128147341394e-06, "completeness_score": 0.15636207105993316, "fowlkes_mallows_score": 0.4996546575477111, "homogeneity_score": 0.0003981057292495016, "v_measure_score": 0.0007941894121488715}, "classification": {"f1_score": 0.07966672007691075, "hamming_loss": 0.7514, "jaccard_score": 0.04973989595838335, "accuracy_score": 0.2486, "recall_score": 0.2, "precision_score": 0.04973989595838335}, "found_clusters": 2, "expected_clusters": 4, "time": 0.138}, "k_means": {"clustering": {"adjusted_mutual_info_score": 0.5989127462977035, "adjusted_rand_score": 0.5484296898736433, "completeness_score": 0.601034551795329, "fowlkes_mallows_score": 0.6622364036512255, "homogeneity_score": 0.5973252659964685, "v_measure_score": 0.5991741682156234}, "classification": {"f1_score": 0.7838340983999276, "hamming_loss": 0.2162, "jaccard_score": 0.6490947372339481, "accuracy_score": 0.7838, "recall_score": 0.7839086543484627, "precision_score": 0.7915888851782364}, "found_clusters": 4, "expected_clusters": 4, "time": 0.089}, "mini_batch_k_means": {"clustering": {"adjusted_mutual_info_score": 0.4690118656833944, "adjusted_rand_score": 0.3517773675093902, "completeness_score": 0.4771043212150844, "fowlkes_mallows_score": 0.5204392931169847, "homogeneity_score": 0.4618679472420553, "v_measure_score": 0.4693625165778444}, "classification": {"f1_score": 0.6516502295148388, "hamming_loss": 0.3548, "jaccard_score": 0.486820486854073, "accuracy_score": 0.6452, "recall_score": 0.6451772256219057, "precision_score": 0.695939501313205}, "found_clusters": 4, "expected_clusters": 4, "time": 0.056}, "mean_shift": {"clustering": {"adjusted_mutual_info_score": -3.2393388913716974e-16, "adjusted_rand_score": 0.0, "completeness_score": 1.0, "fowlkes_mallows_score": 0.49985723106732194, "homogeneity_score": 8.00865034462808e-16, "v_measure_score": 1.6017300689256145e-15}, "classification": {"f1_score": 0.09955149767739868, "hamming_loss": 0.7514, "jaccard_score": 0.06215, "accuracy_score": 0.2486, "recall_score": 0.25, "precision_score": 0.06215}, "found_clusters": 1, "expected_clusters": 4, "time": 34.7325}, "optics": {"clustering": {"adjusted_mutual_info_score": 0.2255938206729619, "adjusted_rand_score": 0.006140309448452079, "completeness_score": 0.1853355583071308, "fowlkes_mallows_score": 0.2750307014105422, "homogeneity_score": 0.4376865291745307, "v_measure_score": 0.2604044989029692}, "classification": {"f1_score": 6.426218973411518e-05, "hamming_loss": 0.9976, "jaccard_score": 3.243856945908685e-05, "accuracy_score": 0.0024, "recall_score": 3.243856945908685e-05, "precision_score": 0.003389830508474576}, "found_clusters": 295, "expected_clusters": 4, "time": 4.628}, "spectral_clustering": {"clustering": {"adjusted_mutual_info_score": 0.6292738454790405, "adjusted_rand_score": 0.5911691160531259, "completeness_score": 0.6320024752467497, "fowlkes_mallows_score": 0.6944889344875346, "homogeneity_score": 0.6270483810619418, "v_measure_score": 0.6295156815070722}, "classification": {"f1_score": 0.807771582752725, "hamming_loss": 0.1908, "jaccard_score": 0.6817010958827868, "accuracy_score": 0.8092, "recall_score": 0.8091943949504826, "precision_score": 0.8153668842724112}, "found_clusters": 4, "expected_clusters": 4, "time": 3.9324}, "gaussian_mixture_model": {"clustering": {"adjusted_mutual_info_score": 0.8627487235359819, "adjusted_rand_score": 0.9004347036828337, "completeness_score": 0.8628664296038278, "fowlkes_mallows_score": 0.9253141131270923, "homogeneity_score": 0.8628093865369734, "v_measure_score": 0.8628379071276073}, "classification": {"f1_score": 0.961353944017861, "hamming_loss": 0.0386, "jaccard_score": 0.9257953294847047, "accuracy_score": 0.9614, "recall_score": 0.9614232055165337, "precision_score": 0.9614459737942336}, "found_clusters": 4, "expected_clusters": 4, "time": 0.041}}, "classification_alg": {"KNeighborsClassifier": {"clustering": {"adjusted_mutual_info_score": 0.8610251625551945, "adjusted_rand_score": 0.8950627996378243, "completeness_score": 0.8610425402905247, "fowlkes_mallows_score": 0.9213719787356741, "homogeneity_score": 0.8619162554497624, "v_measure_score": 0.8614791763389665}, "classification": {"f1_score": 0.95872348535639, "hamming_loss": 0.041, "jaccard_score": 0.9212521617145497, "accuracy_score": 0.959, "recall_score": 0.9594720687231603, "precision_score": 0.9581559546991931}, "time": 0.032}, "DecisionTreeClassifier": {"clustering": {"adjusted_mutual_info_score": 0.7847664536558758, "adjusted_rand_score": 0.8377362695301318, "completeness_score": 0.7850610295669117, "fowlkes_mallows_score": 0.878417152743822, "homogeneity_score": 0.7858785664817528, "v_measure_score": 0.7854695852960362}, "classification": {"f1_score": 0.9355227422284247, "hamming_loss": 0.064, "jaccard_score": 0.8793201575700396, "accuracy_score": 0.936, "recall_score": 0.9362632924119771, "precision_score": 0.9351440185926545}, "time": 0.007}, "RandomForestClassifier": {"clustering": {"adjusted_mutual_info_score": 0.8207112083781595, "adjusted_rand_score": 0.8652748380513894, "completeness_score": 0.8208389362450192, "fowlkes_mallows_score": 0.899047831588965, "homogeneity_score": 0.8217553594904163, "v_measure_score": 0.8212968922259057}, "classification": {"f1_score": 0.9465530622996776, "hamming_loss": 0.053, "jaccard_score": 0.8991961625639655, "accuracy_score": 0.947, "recall_score": 0.9473602974685216, "precision_score": 0.945966629417189}, "time": 0.357}, "LinearSVC": {"clustering": {"adjusted_mutual_info_score": 0.6393966079532253, "adjusted_rand_score": 0.6408416012441304, "completeness_score": 0.6398368609006183, "fowlkes_mallows_score": 0.7307298941519691, "homogeneity_score": 0.6413125885665174, "v_measure_score": 0.6405738748045667}, "classification": {"f1_score": 0.8375586866403055, "hamming_loss": 0.16, "jaccard_score": 0.7249994535442341, "accuracy_score": 0.84, "recall_score": 0.837877270221638, "precision_score": 0.8394360888405807}, "time": 0.089}, "LogisticRegression": {"clustering": {"adjusted_mutual_info_score": 0.6895591910648731, "adjusted_rand_score": 0.7149799050331895, "completeness_score": 0.6902719867208369, "fowlkes_mallows_score": 0.7864502160270755, "homogeneity_score": 0.6908751497210653,