{"clustering_alg": {"affinity_propagation": {"clustering": {"adjusted_mutual_info_score": 0.11876570386517418, "adjusted_rand_score": 0.02207007181448482, "completeness_score": 0.09659270412805816, "fowlkes_mallows_score": 0.1251967427284174, "homogeneity_score": 0.2404576569674572, "v_measure_score": 0.13782186875154626}, "classification": {"f1_score": 0.00783713880257495, "hamming_loss": 0.961, "jaccard_score": 0.004097723630291028, "accuracy_score": 0.039, "recall_score": 0.004734089482323468, "precision_score": 0.023358743884400957}, "found_clusters": 34, "expected_clusters": 4, "time": 6.7868}, "agglomerative": {"clustering": {"adjusted_mutual_info_score": 0.07817460866705671, "adjusted_rand_score": 0.059112268210426616, "completeness_score": 0.0822350885303777, "fowlkes_mallows_score": 0.3055970034228308, "homogeneity_score": 0.08026403145348174, "v_measure_score": 0.08123760587796046}, "classification": {"f1_score": 0.3265138155257398, "hamming_loss": 0.671, "jaccard_score": 0.19660634315930825, "accuracy_score": 0.329, "recall_score": 0.3377491824952907, "precision_score": 0.34657316292942897}, "found_clusters": 4, "expected_clusters": 4, "time": 0.043}, "birch": {"clustering": {"adjusted_mutual_info_score": -3.2503557689054663e-16, "adjusted_rand_score": 0.0, "completeness_score": 1.0, "fowlkes_mallows_score": 0.5038887812840289, "homogeneity_score": 0.0, "v_measure_score": 0.0}, "classification": {"f1_score": 0.09382615759545085, "hamming_loss": 0.769, "jaccard_score": 0.05775, "accuracy_score": 0.231, "recall_score": 0.25, "precision_score": 0.05775}, "found_clusters": 1, "expected_clusters": 4, "time": 0.023}, "dbscan": {"clustering": {"adjusted_mutual_info_score": -3.2503557689054663e-16, "adjusted_rand_score": 0.0, "completeness_score": 1.0, "fowlkes_mallows_score": 0.5038887812840289, "homogeneity_score": 0.0, "v_measure_score": 0.0}, "classification": {"f1_score": 0.09382615759545085, "hamming_loss": 0.769, "jaccard_score": 0.05775, "accuracy_score": 0.231, "recall_score": 0.25, "precision_score": 0.05775}, "found_clusters": 1, "expected_clusters": 4, "time": 0.032}, "k_means": {"clustering": {"adjusted_mutual_info_score": 0.09936795823070553, "adjusted_rand_score": 0.08361007787025079, "completeness_score": 0.10250610700183937, "fowlkes_mallows_score": 0.3171700961802985, "homogeneity_score": 0.10215235866524125, "v_measure_score": 0.10232892710984294}, "classification": {"f1_score": 0.3865749354871129, "hamming_loss": 0.608, "jaccard_score": 0.24519874462600844, "accuracy_score": 0.392, "recall_score": 0.394939931321047, "precision_score": 0.3934724714922447}, "found_clusters": 4, "expected_clusters": 4, "time": 0.082}, "mini_batch_k_means": {"clustering": {"adjusted_mutual_info_score": 0.060439108116042764, "adjusted_rand_score": 0.049210979759673146, "completeness_score": 0.06346923481913037, "fowlkes_mallows_score": 0.2900617899045229, "homogeneity_score": 0.06357085985943024, "v_measure_score": 0.06352000669207816}, "classification": {"f1_score": 0.3356906086188152, "hamming_loss": 0.662, "jaccard_score": 0.20324331062205314, "accuracy_score": 0.338, "recall_score": 0.3436855683543044, "precision_score": 0.33459606704336486}, "found_clusters": 4, "expected_clusters": 4, "time": 0.027}, "mean_shift": {"clustering": {"adjusted_mutual_info_score": -3.2503557689054663e-16, "adjusted_rand_score": 0.0, "completeness_score": 1.0, "fowlkes_mallows_score": 0.5038887812840289, "homogeneity_score": 0.0, "v_measure_score": 0.0}, "classification": {"f1_score": 0.09382615759545085, "hamming_loss": 0.769, "jaccard_score": 0.05775, "accuracy_score": 0.231, "recall_score": 0.25, "precision_score": 0.05775}, "found_clusters": 1, "expected_clusters": 4, "time": 8.3587}, "optics": {"clustering": {"adjusted_mutual_info_score": 0.07478456215597243, "adjusted_rand_score": 0.010655105485297519, "completeness_score": 0.09447970598326338, "fowlkes_mallows_score": 0.26665248050798807, "homogeneity_score": 0.18438570512537975, "v_measure_score": 0.12493989224770258}, "classification": {"f1_score": 0.0016415824453353215, "hamming_loss": 0.987, "jaccard_score": 0.000833528531866742, "accuracy_score": 0.013, "recall_score": 0.0008556407939548889, "precision_score": 0.02341441627155913}, "found_clusters": 63, "expected_clusters": 4, "time": 1.2148}, "spectral_clustering": {"clustering": {"adjusted_mutual_info_score": 0.10850978713645154, "adjusted_rand_score": 0.05315966833031143, "completeness_score": 0.11541246525948151, "fowlkes_mallows_score": 0.31350686889831525, "homogeneity_score": 0.10791323476275158, "v_measure_score": 0.11153693871197479}, "classification": {"f1_score": 0.37907418384075553, "hamming_loss": 0.624, "jaccard_score": 0.23723050770858367, "accuracy_score": 0.376, "recall_score": 0.37531889904017407, "precision_score": 0.43779288371305847}, "found_clusters": 4, "expected_clusters": 4, "time": 0.4722}, "gaussian_mixture_model": {"clustering": {"adjusted_mutual_info_score": 0.0978436905136412, "adjusted_rand_score": 0.069069266827077, "completeness_score": 0.10178132079020577, "fowlkes_mallows_score": 0.3106584374157174, "homogeneity_score": 0.09990203974770935, "v_measure_score": 0.10083292471959725}, "classification": {"f1_score": 0.3747612090694564, "hamming_loss": 0.624, "jaccard_score": 0.23519977028593222, "accuracy_score": 0.376, "recall_score": 0.3843055007343369, "precision_score": 0.39257418246579856}, "found_clusters": 4, "expected_clusters": 4, "time": 0.022}}, "classification_alg": {"KNeighborsClassifier": {"clustering": {"adjusted_mutual_info_score": 0.10685028796932469, "adjusted_rand_score": 0.11818441941029063, "completeness_score": 0.12586734085414872, "fowlkes_mallows_score": 0.35638578924530423, "homogeneity_score": 0.11910141364178727, "v_measure_score": 0.12239094130929662}, "classification": {"f1_score": 0.4620997740963856, "hamming_loss": 0.51, "jaccard_score": 0.30948401458446984, "accuracy_score": 0.49, "recall_score": 0.4768215644295225, "precision_score": 0.4714133089133089}, "time": 0.008}, "DecisionTreeClassifier": {"clustering": {"adjusted_mutual_info_score": 0.0668426389016859, "adjusted_rand_score": 0.06540317555408788, "completeness_score": 0.08312765443765127, "fowlkes_mallows_score": 0.3057779175703748, "homogeneity_score": 0.08215188573477634, "v_measure_score": 0.08263688974010285}, "classification": {"f1_score": 0.4143782438526334, "hamming_loss": 0.575, "jaccard_score": 0.26711086659738775, "accuracy_score": 0.425, "recall_score": 0.4314530726013084, "precision_score": 0.41253802694480657}, "time": 0.003}, "RandomForestClassifier": {"clustering": {"adjusted_mutual_info_score": 0.06979361616400268, "adjusted_rand_score": 0.07459432401788377, "completeness_score": 0.08647977662053478, "fowlkes_mallows_score": 0.31472012461624826, "homogeneity_score": 0.0847772230462521, "v_measure_score": 0.08562003685471536}, "classification": {"f1_score": 0.4469553382397419, "hamming_loss": 0.54, "jaccard_score": 0.29154687835228493, "accuracy_score": 0.46, "recall_score": 0.4589472428918484, "precision_score": 0.4560185185185185}, "time": 0.3296}, "LinearSVC": {"clustering": {"adjusted_mutual_info_score": 0.08066594897257383, "adjusted_rand_score": 0.05618458830898105, "completeness_score": 0.11565155161048002, "fowlkes_mallows_score": 0.359444868373783, "homogeneity_score": 0.08723310760421889, "v_measure_score": 0.09945201658204979}, "classification": {"f1_score": 0.33527709563947705, "hamming_loss": 0.615, "jaccard_score": 0.21135977292314018, "accuracy_score": 0.385, "recall_score": 0.407629873797641, "precision_score": 0.4573212519947915}, "time": 0.007}, "LogisticRegression": {"clustering": {"adjusted_mutual_info_score": 0.08613582706562128, "adjusted_rand_score": 0.0469254327092726, "completeness_score": 0.11989228356241136, "fowlkes_mallows_score": 0.35213038707666183, "homogeneity_score": 0.09244735356332356, "v_measure_score": 0.10439618790009861}, "classification": {"f1_score": 0.3389995006187984,