{"clustering_alg": {"affinity_propagation": {"clustering": {"adjusted_mutual_info_score": 0.0, "adjusted_rand_score": 0.0, "completeness_score": 1.0, "fowlkes_mallows_score": 0.49924868477468143, "homogeneity_score": 0.0, "v_measure_score": 0.0}, "classification": {"f1_score": 0.0, "hamming_loss": 1.0, "jaccard_score": 0.0, "accuracy_score": 0.0, "recall_score": 0.0, "precision_score": 0.0}, "found_clusters": 1, "expected_clusters": 4, "time": 10.9693}, "agglomerative": {"clustering": {"adjusted_mutual_info_score": 0.9003333310509184, "adjusted_rand_score": 0.9016090940482944, "completeness_score": 0.9008455465893145, "fowlkes_mallows_score": 0.926147282459735, "homogeneity_score": 0.900471104850335, "v_measure_score": 0.9006582868020099}, "classification": {"f1_score": 0.9599769467213115, "hamming_loss": 0.04, "jaccard_score": 0.9258893280632412, "accuracy_score": 0.96, "recall_score": 0.96, "precision_score": 0.9604849573417154}, "found_clusters": 4, "expected_clusters": 4, "time": 0.045}, "birch": {"clustering": {"adjusted_mutual_info_score": 0.8381592692966251, "adjusted_rand_score": 0.7072355316786678, "completeness_score": 0.9765032095087172, "fowlkes_mallows_score": 0.8105815241431326, "homogeneity_score": 0.734766008776725, "v_measure_score": 0.8385604767989251}, "classification": {"f1_score": 0.16442953020134227, "hamming_loss": 0.755, "jaccard_score": 0.1225, "accuracy_score": 0.245, "recall_score": 0.245, "precision_score": 0.12373737373737374}, "found_clusters": 3, "expected_clusters": 4, "time": 0.038}, "dbscan": {"clustering": {"adjusted_mutual_info_score": 0.765065658978637, "adjusted_rand_score": 0.6632648513824917, "completeness_score": 0.8240686893759361, "fowlkes_mallows_score": 0.7694999298222667, "homogeneity_score": 0.7159723877738813, "v_measure_score": 0.7662268701483277}, "classification": {"f1_score": 0.0, "hamming_loss": 1.0, "jaccard_score": 0.0, "accuracy_score": 0.0, "recall_score": 0.0, "precision_score": 0.0}, "found_clusters": 5, "expected_clusters": 4, "time": 0.007}, "k_means": {"clustering": {"adjusted_mutual_info_score": 0.9037636199139303, "adjusted_rand_score": 0.9125871355122664, "completeness_score": 0.9040864740086636, "fowlkes_mallows_score": 0.9343753392150981, "homogeneity_score": 0.9040681818673082, "v_measure_score": 0.90407732784546}, "classification": {"f1_score": 0.9649393166179525, "hamming_loss": 0.035, "jaccard_score": 0.9342345438128317, "accuracy_score": 0.965, "recall_score": 0.965, "precision_score": 0.9649053999284656}, "found_clusters": 4, "expected_clusters": 4, "time": 0.034}, "mini_batch_k_means": {"clustering": {"adjusted_mutual_info_score": 0.9073491414698668, "adjusted_rand_score": 0.9150678423079572, "completeness_score": 0.9076524682301907, "fowlkes_mallows_score": 0.9362372038742013, "homogeneity_score": 0.9076498492917774, "v_measure_score": 0.9076511587590949}, "classification": {"f1_score": 0.9659679318717275, "hamming_loss": 0.034, "jaccard_score": 0.9361537404772508, "accuracy_score": 0.966, "recall_score": 0.966, "precision_score": 0.9659397270356326}, "found_clusters": 4, "expected_clusters": 4, "time": 0.046}, "mean_shift": {"clustering": {"adjusted_mutual_info_score": 0.5765052673248838, "adjusted_rand_score": 0.33266533066132264, "completeness_score": 0.9999999999999988, "fowlkes_mallows_score": 0.6316949117560324, "homogeneity_score": 0.40563906222956586, "v_measure_score": 0.5771596324111227}, "classification": {"f1_score": 0.125, "hamming_loss": 0.75, "jaccard_score": 0.08333333333333333, "accuracy_score": 0.25, "recall_score": 0.25, "precision_score": 0.08333333333333333}, "found_clusters": 2, "expected_clusters": 4, "time": 5.8411}, "optics": {"clustering": {"adjusted_mutual_info_score": 0.2715896173570853, "adjusted_rand_score": 0.02336779437687748, "completeness_score": 0.23928203553692515, "fowlkes_mallows_score": 0.2869114715174212, "homogeneity_score": 0.4368927860857395, "v_measure_score": 0.3092117358499705}, "classification": {"f1_score": 0.000676132521974307, "hamming_loss": 0.995, "jaccard_score": 0.0003448275862068966, "accuracy_score": 0.005, "recall_score": 0.0003448275862068966, "precision_score": 0.017241379310344827}, "found_clusters": 58, "expected_clusters": 4, "time": 0.6794}, "spectral_clustering": {"clustering": {"adjusted_mutual_info_score": 0.9022903964621013, "adjusted_rand_score": 0.9081809321398708, "completeness_score": 0.9026833246282774, "fowlkes_mallows_score": 0.9310720279816007, "homogeneity_score": 0.902534548375881, "v_measure_score": 0.9026089303714138}, "classification": {"f1_score": 0.9629637391402792, "hamming_loss": 0.037, "jaccard_score": 0.9309057220316594, "accuracy_score": 0.963, "recall_score": 0.963, "precision_score": 0.9631403959362729}, "found_clusters": 4, "expected_clusters": 4, "time": 0.326}, "gaussian_mixture_model": {"clustering": {"adjusted_mutual_info_score": 0.9039270980438578, "adjusted_rand_score": 0.912589949431172, "completeness_score": 0.9042651458834142, "fowlkes_mallows_score": 0.9343785039586494, "homogeneity_score": 0.9042154128020564, "v_measure_score": 0.9042402786589073}, "classification": {"f1_score": 0.9649416911545337, "hamming_loss": 0.035, "jaccard_score": 0.9342379919749808, "accuracy_score": 0.965, "recall_score": 0.965, "precision_score": 0.9649554551728465}, "found_clusters": 4, "expected_clusters": 4, "time": 0.009}}, "classification_alg": {"KNeighborsClassifier": {"clustering": {"adjusted_mutual_info_score": 0.8947058112554288, "adjusted_rand_score": 0.8933819227320919, "completeness_score": 0.8964582756195041, "fowlkes_mallows_score": 0.9198542805100182, "homogeneity_score": 0.896458275619504, "v_measure_score": 0.896458275619504}, "classification": {"f1_score": 0.9536082474226804, "hamming_loss": 0.045, "jaccard_score": 0.9150943396226415, "accuracy_score": 0.955, "recall_score": 0.9548167092924127, "precision_score": 0.9548167092924127}, "time": 0.007}, "DecisionTreeClassifier": {"clustering": {"adjusted_mutual_info_score": 0.8915057924090894, "adjusted_rand_score": 0.8933385524407618, "completeness_score": 0.8931111668041154, "fowlkes_mallows_score": 0.9198057590561315, "homogeneity_score": 0.8935110161265707, "v_measure_score": 0.893311046721837}, "classification": {"f1_score": 0.9535885167464115, "hamming_loss": 0.045, "jaccard_score": 0.9150641025641026, "accuracy_score": 0.955, "recall_score": 0.9542838874680307, "precision_score": 0.9537627551020408}, "time": 0.002}, "RandomForestClassifier": {"clustering": {"adjusted_mutual_info_score": 0.9222674151446691, "adjusted_rand_score": 0.9264782135934092, "completeness_score": 0.923423127762221, "fowlkes_mallows_score": 0.9447257304226583, "homogeneity_score": 0.9236987802621545, "v_measure_score": 0.9235609334438916}, "classification": {"f1_score": 0.9690688775510204, "hamming_loss": 0.03, "jaccard_score": 0.9417420814479638, "accuracy_score": 0.97, "recall_score": 0.9700554134697357, "precision_score": 0.9696808510638297}, "time": 0.1851}, "LinearSVC": {"clustering": {"adjusted_mutual_info_score": 0.888912827078049, "adjusted_rand_score": 0.8909645618780452, "completeness_score": 0.8913765099864963, "fowlkes_mallows_score": 0.9180907723717299, "homogeneity_score": 0.890150682295248, "v_measure_score": 0.8907631744090189}, "classification": {"f1_score": 0.9537337131648999, "hamming_loss": 0.045, "jaccard_score": 0.9146845753465792, "accuracy_score": 0.955, "recall_score": 0.9553495311167945, "precision_score": 0.9563539908367494}, "time": 0.023}, "LogisticRegression": {"clustering": {"adjusted_mutual_info_score": 0.9172350257383408, "adjusted_rand_score": 0.9264981437016694, "completeness_score": 0.9186125250069758, "fowlkes_mallows_score": 0.9447480267152398, "homogeneity_score": 0.9186125250069758, "v_measure_score": 0.9186125250069758}, "classification": {"f1_score": 0.9689897698209718, "hamming_loss": 0.03, "jaccard_score": 0.941609977324263, "accuracy_score": 0.97, "recall_score": 0.9689897698209718,