{"clustering_alg": {"affinity_propagation": {"clustering": {"adjusted_mutual_info_score": 0.2360958577502359, "adjusted_rand_score": 0.04106905514691648, "completeness_score": 0.1771489251436623, "fowlkes_mallows_score": 0.14672970829126156, "homogeneity_score": 0.5194576993587263, "v_measure_score": 0.2641989606823858}, "classification": {"f1_score": 0.0006527254921114392, "hamming_loss": 0.995, "jaccard_score": 0.0003310367816374025, "accuracy_score": 0.005, "recall_score": 0.0003530548535751449, "precision_score": 0.004344352341955458}, "found_clusters": 62, "expected_clusters": 4, "time": 2.0377}, "agglomerative": {"clustering": {"adjusted_mutual_info_score": 0.30840736504967786, "adjusted_rand_score": 0.1926889269925786, "completeness_score": 0.34008012041842606, "fowlkes_mallows_score": 0.44389269342097504, "homogeneity_score": 0.2862761337608203, "v_measure_score": 0.31086724653168485}, "classification": {"f1_score": 0.5475159903602107, "hamming_loss": 0.447, "jaccard_score": 0.3862292532075093, "accuracy_score": 0.553, "recall_score": 0.5587163951092766, "precision_score": 0.6717634435469283}, "found_clusters": 4, "expected_clusters": 4, "time": 0.051}, "birch": {"clustering": {"adjusted_mutual_info_score": 0.30143780333231396, "adjusted_rand_score": 0.23923283077453905, "completeness_score": 0.3713617883043536, "fowlkes_mallows_score": 0.49876121104969984, "homogeneity_score": 0.25623598040552203, "v_measure_score": 0.30323961191551835}, "classification": {"f1_score": 0.18459496823374494, "hamming_loss": 0.745, "jaccard_score": 0.11320374412522367, "accuracy_score": 0.255, "recall_score": 0.2748768261594274, "precision_score": 0.15815331928345627}, "found_clusters": 3, "expected_clusters": 4, "time": 0.027}, "dbscan": {"clustering": {"adjusted_mutual_info_score": 0.0072685586637213865, "adjusted_rand_score": -0.0009661399129855311, "completeness_score": 0.13508753893586312, "fowlkes_mallows_score": 0.49575711128417177, "homogeneity_score": 0.005016539242453562, "v_measure_score": 0.009673836037459633}, "classification": {"f1_score": 0.07941888619854723, "hamming_loss": 0.754, "jaccard_score": 0.04954682779456193, "accuracy_score": 0.246, "recall_score": 0.19838709677419356, "precision_score": 0.0496468213925328}, "found_clusters": 2, "expected_clusters": 4, "time": 0.031}, "k_means": {"clustering": {"adjusted_mutual_info_score": 0.3520535721141273, "adjusted_rand_score": 0.32376890084711984, "completeness_score": 0.3559563193873152, "fowlkes_mallows_score": 0.49599564217723385, "homogeneity_score": 0.3524249513854516, "v_measure_score": 0.3541818332338709}, "classification": {"f1_score": 0.6639726203486005, "hamming_loss": 0.336, "jaccard_score": 0.5005685748314761, "accuracy_score": 0.664, "recall_score": 0.6663913900972277, "precision_score": 0.68167064810968}, "found_clusters": 4, "expected_clusters": 4, "time": 0.087}, "mini_batch_k_means": {"clustering": {"adjusted_mutual_info_score": 0.34711686739518344, "adjusted_rand_score": 0.33080051427065477, "completeness_score": 0.3497005359865077, "fowlkes_mallows_score": 0.49929292282120763, "homogeneity_score": 0.3488071656169575, "v_measure_score": 0.3492532795047982}, "classification": {"f1_score": 0.6733081728491838, "hamming_loss": 0.328, "jaccard_score": 0.510000692811153, "accuracy_score": 0.672, "recall_score": 0.6739118049792862, "precision_score": 0.6867116234703028}, "found_clusters": 4, "expected_clusters": 4, "time": 0.05}, "mean_shift": {"clustering": {"adjusted_mutual_info_score": -9.222910614408277e-16, "adjusted_rand_score": 0.0, "completeness_score": 1.0, "fowlkes_mallows_score": 0.5009700300127453, "homogeneity_score": 0.0, "v_measure_score": 0.0}, "classification": {"f1_score": 0.09935897435897435, "hamming_loss": 0.752, "jaccard_score": 0.062, "accuracy_score": 0.248, "recall_score": 0.25, "precision_score": 0.062}, "found_clusters": 1, "expected_clusters": 4, "time": 8.9571}, "optics": {"clustering": {"adjusted_mutual_info_score": 0.06710998014125648, "adjusted_rand_score": 0.0022876431705675503, "completeness_score": 0.15367629133280553, "fowlkes_mallows_score": 0.45117991770650484, "homogeneity_score": 0.06804304666168247, "v_measure_score": 0.09432287825261636}, "classification": {"f1_score": 0.0018637377946942757, "hamming_loss": 0.996, "jaccard_score": 0.0009411764705882353, "accuracy_score": 0.004, "recall_score": 0.0009506949908208761, "precision_score": 0.047058823529411764}, "found_clusters": 17, "expected_clusters": 4, "time": 1.2497}, "spectral_clustering": {"clustering": {"adjusted_mutual_info_score": 0.3273063499656951, "adjusted_rand_score": 0.28028466526070583, "completeness_score": 0.3352006665965279, "fowlkes_mallows_score": 0.46960654811142283, "homogeneity_score": 0.32407269296447727, "v_measure_score": 0.3295427644149264}, "classification": {"f1_score": 0.6485259226508328, "hamming_loss": 0.352, "jaccard_score": 0.4804994710167124, "accuracy_score": 0.648, "recall_score": 0.6573675037983957, "precision_score": 0.6925629317454433}, "found_clusters": 4, "expected_clusters": 4, "time": 0.3872}, "gaussian_mixture_model": {"clustering": {"adjusted_mutual_info_score": 0.3536691710219099, "adjusted_rand_score": 0.32883107231841585, "completeness_score": 0.36323960369085445, "fowlkes_mallows_score": 0.5075209100199785, "homogeneity_score": 0.3487080198256529, "v_measure_score": 0.3558255094656016}, "classification": {"f1_score": 0.5963209896895408, "hamming_loss": 0.385, "jaccard_score": 0.4422201946534393, "accuracy_score": 0.615, "recall_score": 0.6051765123035336, "precision_score": 0.6208642509742249}, "found_clusters": 4, "expected_clusters": 4, "time": 0.028}}, "classification_alg": {"KNeighborsClassifier": {"clustering": {"adjusted_mutual_info_score": 0.3340118439558878, "adjusted_rand_score": 0.34072578920150826, "completeness_score": 0.3447426385469468, "fowlkes_mallows_score": 0.5046506616805838, "homogeneity_score": 0.34546312953676983, "v_measure_score": 0.3451025079893169}, "classification": {"f1_score": 0.6757671008345887, "hamming_loss": 0.32, "jaccard_score": 0.5151534095726179, "accuracy_score": 0.68, "recall_score": 0.6763123299347604, "precision_score": 0.6822945845004669}, "time": 0.011}, "DecisionTreeClassifier": {"clustering": {"adjusted_mutual_info_score": 0.3336204136347945, "adjusted_rand_score": 0.3580274977134412, "completeness_score": 0.34594141416349494, "fowlkes_mallows_score": 0.5195442294960333, "homogeneity_score": 0.3436168170522269, "v_measure_score": 0.34477519733708617}, "classification": {"f1_score": 0.6689621168787836, "hamming_loss": 0.32, "jaccard_score": 0.5100501219978246, "accuracy_score": 0.68, "recall_score": 0.6718213782250926, "precision_score": 0.6732238844827771}, "time": 0.0075}, "RandomForestClassifier": {"clustering": {"adjusted_mutual_info_score": 0.4349465277255683, "adjusted_rand_score": 0.4713337356668678, "completeness_score": 0.4446122786865733, "fowlkes_mallows_score": 0.6033411522599181, "homogeneity_score": 0.4441354559164036, "v_measure_score": 0.4443737393912023}, "classification": {"f1_score": 0.7408719029982508, "hamming_loss": 0.25, "jaccard_score": 0.59606353376097, "accuracy_score": 0.75, "recall_score": 0.7420116873750123, "precision_score": 0.7409012028716778}, "time": 0.3736}, "LinearSVC": {"clustering": {"adjusted_mutual_info_score": 0.39244910124095894, "adjusted_rand_score": 0.43536658759593183, "completeness_score": 0.4030654566955769, "fowlkes_mallows_score": 0.5765971226077817, "homogeneity_score": 0.40212138173760414, "v_measure_score": 0.4025928657565216}, "classification": {"f1_score": 0.7201633892423366, "hamming_loss": 0.27, "jaccard_score": 0.569774171693915, "accuracy_score": 0.73, "recall_score": 0.7210107202570238, "precision_score": 0.7206696998722861}, "time": 0.007}, "LogisticRegression": {"clustering": {"adjusted_mutual_info_score": 0.3806673059344134, "adjusted_rand_score": 0.42360209681962413, "completeness_score": 0.39167924666337256,