{"clustering_alg": {"affinity_propagation": {"clustering": {"adjusted_mutual_info_score": 2.718270906076592e-15, "adjusted_rand_score": 0.0, "completeness_score": 1.0, "fowlkes_mallows_score": 0.5164539717544906, "homogeneity_score": 6.14511447903332e-16, "v_measure_score": 1.2290228958066632e-15}, "classification": {"f1_score": 0.0, "hamming_loss": 1.0, "jaccard_score": 0.0, "accuracy_score": 0.0, "recall_score": 0.0, "precision_score": 0.0}, "found_clusters": 1, "expected_clusters": 4, "time": 129.8022}, "agglomerative": {"clustering": {"adjusted_mutual_info_score": 0.49401575283951615, "adjusted_rand_score": 0.4005259067005265, "completeness_score": 0.49147235618476776, "fowlkes_mallows_score": 0.5575406565134037, "homogeneity_score": 0.4972618815995473, "v_measure_score": 0.49435016863229625}, "classification": {"f1_score": 0.5376103820494406, "hamming_loss": 0.436, "jaccard_score": 0.39059196313665134, "accuracy_score": 0.564, "recall_score": 0.5396623649700594, "precision_score": 0.5542675489193143}, "found_clusters": 4, "expected_clusters": 4, "time": 0.4862}, "birch": {"clustering": {"adjusted_mutual_info_score": 0.6042164825658998, "adjusted_rand_score": 0.5951577556255659, "completeness_score": 0.6902809134215372, "fowlkes_mallows_score": 0.7273324608673684, "homogeneity_score": 0.5375458864231363, "v_measure_score": 0.6044136934184742}, "classification": {"f1_score": 0.03268945123067845, "hamming_loss": 0.9606, "jaccard_score": 0.016925384343267395, "accuracy_score": 0.0394, "recall_score": 0.0407246514243859, "precision_score": 0.03248509550870556}, "found_clusters": 3, "expected_clusters": 4, "time": 0.084}, "dbscan": {"clustering": {"adjusted_mutual_info_score": 2.718270906076592e-15, "adjusted_rand_score": 0.0, "completeness_score": 1.0, "fowlkes_mallows_score": 0.5164539717544906, "homogeneity_score": 6.14511447903332e-16, "v_measure_score": 1.2290228958066632e-15}, "classification": {"f1_score": 0.1326770496620629, "hamming_loss": 0.6388, "jaccard_score": 0.0903, "accuracy_score": 0.3612, "recall_score": 0.25, "precision_score": 0.0903}, "found_clusters": 1, "expected_clusters": 4, "time": 0.166}, "k_means": {"clustering": {"adjusted_mutual_info_score": 0.5455311129615882, "adjusted_rand_score": 0.4359498415417569, "completeness_score": 0.5484349306390036, "fowlkes_mallows_score": 0.588370782367445, "homogeneity_score": 0.5432590002473406, "v_measure_score": 0.5458346954036211}, "classification": {"f1_score": 0.5108942459279229, "hamming_loss": 0.4666, "jaccard_score": 0.38801697340601754, "accuracy_score": 0.5334, "recall_score": 0.5528245202818678, "precision_score": 0.5388483581810151}, "found_clusters": 4, "expected_clusters": 4, "time": 0.087}, "mini_batch_k_means": {"clustering": {"adjusted_mutual_info_score": 0.5395846668784872, "adjusted_rand_score": 0.4297494593876021, "completeness_score": 0.5432195675286615, "fowlkes_mallows_score": 0.5843469573308555, "homogeneity_score": 0.536606231193745, "v_measure_score": 0.5398926478458521}, "classification": {"f1_score": 0.5033903243317597, "hamming_loss": 0.4664, "jaccard_score": 0.3795265010604733, "accuracy_score": 0.5336, "recall_score": 0.5529372467757125, "precision_score": 0.5113874157071915}, "found_clusters": 4, "expected_clusters": 4, "time": 0.057}, "mean_shift": {"clustering": {"adjusted_mutual_info_score": 0.5373846858005488, "adjusted_rand_score": 0.4433395889801819, "completeness_score": 0.8006524611736141, "fowlkes_mallows_score": 0.6715684849639572, "homogeneity_score": 0.40456272640557334, "v_measure_score": 0.5375208443005907}, "classification": {"f1_score": 0.00021593608291945585, "hamming_loss": 0.9996, "jaccard_score": 0.00010801468999783971, "accuracy_score": 0.0004, "recall_score": 0.0002768549280177187, "precision_score": 0.00017699115044247788}, "found_clusters": 2, "expected_clusters": 4, "time": 20.9116}, "optics": {"clustering": {"adjusted_mutual_info_score": 0.16504692323719897, "adjusted_rand_score": 0.007796514710028606, "completeness_score": 0.14109312252833192, "fowlkes_mallows_score": 0.2722800856336684, "homogeneity_score": 0.3562489354891853, "v_measure_score": 0.20213160699066815}, "classification": {"f1_score": 5.457104185154311e-05, "hamming_loss": 0.9978, "jaccard_score": 2.740181618370062e-05, "accuracy_score": 0.0022, "recall_score": 2.7478396595774362e-05, "precision_score": 0.0043518518518518515}, "found_clusters": 300, "expected_clusters": 4, "time": 3.4665}, "spectral_clustering": {"clustering": {"adjusted_mutual_info_score": 0.5054322855478018, "adjusted_rand_score": 0.3714532289255648, "completeness_score": 0.5098021921816076, "fowlkes_mallows_score": 0.5421115711039322, "homogeneity_score": 0.5017887068970034, "v_measure_score": 0.5057637094621333}, "classification": {"f1_score": 0.48283543721121924, "hamming_loss": 0.4828, "jaccard_score": 0.3562967539703432, "accuracy_score": 0.5172, "recall_score": 0.5413542361186341, "precision_score": 0.5040693236670856}, "found_clusters": 4, "expected_clusters": 4, "time": 2.4411}, "gaussian_mixture_model": {"clustering": {"adjusted_mutual_info_score": 0.5681296734654924, "adjusted_rand_score": 0.44923757440040507, "completeness_score": 0.5745683392739767, "fowlkes_mallows_score": 0.6007605909744633, "homogeneity_score": 0.5624016137209104, "v_measure_score": 0.5684198783784062}, "classification": {"f1_score": 0.5255572250116174, "hamming_loss": 0.4484, "jaccard_score": 0.4057517577688665, "accuracy_score": 0.5516, "recall_score": 0.5681648059547975, "precision_score": 0.5547309597821513}, "found_clusters": 4, "expected_clusters": 4, "time": 0.03}}, "classification_alg": {"KNeighborsClassifier": {"clustering": {"adjusted_mutual_info_score": 0.5496794320066651, "adjusted_rand_score": 0.5900251855641254, "completeness_score": 0.551308655971833, "fowlkes_mallows_score": 0.698338985365281, "homogeneity_score": 0.5510485858070738, "v_measure_score": 0.5511785902113358}, "classification": {"f1_score": 0.7292001747369797, "hamming_loss": 0.242, "jaccard_score": 0.5967193182597955, "accuracy_score": 0.758, "recall_score": 0.727130447600826, "precision_score": 0.7326908066359834}, "time": 0.027}, "DecisionTreeClassifier": {"clustering": {"adjusted_mutual_info_score": 0.5188382161281463, "adjusted_rand_score": 0.5635092053108401, "completeness_score": 0.5204013334999587, "fowlkes_mallows_score": 0.6787787029283828, "homogeneity_score": 0.5204777260641047, "v_measure_score": 0.5204395269787166}, "classification": {"f1_score": 0.7155551056214524, "hamming_loss": 0.254, "jaccard_score": 0.5779237508663706, "accuracy_score": 0.746, "recall_score": 0.7148651384626501, "precision_score": 0.716866856710271}, "time": 0.007}, "RandomForestClassifier": {"clustering": {"adjusted_mutual_info_score": 0.5495703409107137, "adjusted_rand_score": 0.5896428644808195, "completeness_score": 0.551083285641647, "fowlkes_mallows_score": 0.697997836276101, "homogeneity_score": 0.551055788743383, "v_measure_score": 0.5510695368495097}, "classification": {"f1_score": 0.7388837957169346, "hamming_loss": 0.234, "jaccard_score": 0.6053069564030077, "accuracy_score": 0.766, "recall_score": 0.737369429307222, "precision_score": 0.7418253522326167}, "time": 0.351}, "LinearSVC": {"clustering": {"adjusted_mutual_info_score": 0.5007945068280258, "adjusted_rand_score": 0.5287745108809435, "completeness_score": 0.524942146786356, "fowlkes_mallows_score": 0.66452492839534, "homogeneity_score": 0.4819567011476162, "v_measure_score": 0.502531879696997}, "classification": {"f1_score": 0.6565920802813746, "hamming_loss": 0.282, "jaccard_score": 0.5179085687764549, "accuracy_score": 0.718, "recall_score": 0.6677592586095739, "precision_score": 0.7346746198819063}, "time": 0.014}, "LogisticRegression": {"clustering": {"adjusted_mutual_info_score": 0.5654177752346833, "adjusted_rand_score": 0.6081879527220402, "completeness_score": 0.5668265153947178, "fowlkes_mallows_score": 0.7117122314431097, "homogeneity_score": 0.5669016173971552,