{"clustering_alg": {"affinity_propagation": {"clustering": {"adjusted_mutual_info_score": 1.2661976578240118e-15, "adjusted_rand_score": 0.0, "completeness_score": 1.0, "fowlkes_mallows_score": 0.5018650552755605, "homogeneity_score": 6.827032433979828e-16, "v_measure_score": 1.3654064867959646e-15}, "classification": {"f1_score": 0.0, "hamming_loss": 1.0, "jaccard_score": 0.0, "accuracy_score": 0.0, "recall_score": 0.0, "precision_score": 0.0}, "found_clusters": 1, "expected_clusters": 4, "time": 151.669}, "agglomerative": {"clustering": {"adjusted_mutual_info_score": 0.13750374275676194, "adjusted_rand_score": 0.11894930063430258, "completeness_score": 0.13866239890718451, "fowlkes_mallows_score": 0.34324520736420777, "homogeneity_score": 0.13747909384079163, "v_measure_score": 0.13806821105981593}, "classification": {"f1_score": 0.4074113563906901, "hamming_loss": 0.5926, "jaccard_score": 0.26192201245384505, "accuracy_score": 0.4074, "recall_score": 0.406492528192687, "precision_score": 0.42538856580100637}, "found_clusters": 4, "expected_clusters": 4, "time": 0.825}, "birch": {"clustering": {"adjusted_mutual_info_score": 0.15057985985798505, "adjusted_rand_score": 0.08874295380007605, "completeness_score": 0.25313689795177946, "fowlkes_mallows_score": 0.4523358045611304, "homogeneity_score": 0.10742582444202772, "v_measure_score": 0.15083888749578847}, "classification": {"f1_score": 0.05856283346852021, "hamming_loss": 0.8824, "jaccard_score": 0.03305936836221736, "accuracy_score": 0.1176, "recall_score": 0.10368871921490291, "precision_score": 0.04091870203054138}, "found_clusters": 2, "expected_clusters": 4, "time": 0.086}, "dbscan": {"clustering": {"adjusted_mutual_info_score": 1.2661976578240118e-15, "adjusted_rand_score": 0.0, "completeness_score": 1.0, "fowlkes_mallows_score": 0.5018650552755605, "homogeneity_score": 6.827032433979828e-16, "v_measure_score": 1.3654064867959646e-15}, "classification": {"f1_score": 0.11053123539492132, "hamming_loss": 0.7162, "jaccard_score": 0.07095, "accuracy_score": 0.2838, "recall_score": 0.25, "precision_score": 0.07095}, "found_clusters": 1, "expected_clusters": 4, "time": 0.227}, "k_means": {"clustering": {"adjusted_mutual_info_score": 0.1522352863280976, "adjusted_rand_score": 0.12302684699015921, "completeness_score": 0.15378766314412587, "fowlkes_mallows_score": 0.3475498620976186, "homogeneity_score": 0.15180782793320327, "v_measure_score": 0.15279133224465852}, "classification": {"f1_score": 0.4761814443251776, "hamming_loss": 0.525, "jaccard_score": 0.3162803704546017, "accuracy_score": 0.475, "recall_score": 0.48032879609631085, "precision_score": 0.4982721044955392}, "found_clusters": 4, "expected_clusters": 4, "time": 0.135}, "mini_batch_k_means": {"clustering": {"adjusted_mutual_info_score": 0.15321954216711864, "adjusted_rand_score": 0.1235837933135268, "completeness_score": 0.1559313754434244, "fowlkes_mallows_score": 0.3514856199971662, "homogeneity_score": 0.15168526898404736, "v_measure_score": 0.15377901719986398}, "classification": {"f1_score": 0.47532550300036724, "hamming_loss": 0.5258, "jaccard_score": 0.3155497133075401, "accuracy_score": 0.4742, "recall_score": 0.4804193079436296, "precision_score": 0.5141376576684932}, "found_clusters": 4, "expected_clusters": 4, "time": 0.033}, "mean_shift": {"clustering": {"adjusted_mutual_info_score": 1.2661976578240118e-15, "adjusted_rand_score": 0.0, "completeness_score": 1.0, "fowlkes_mallows_score": 0.5018650552755605, "homogeneity_score": 6.827032433979828e-16, "v_measure_score": 1.3654064867959646e-15}, "classification": {"f1_score": 0.11053123539492132, "hamming_loss": 0.7162, "jaccard_score": 0.07095, "accuracy_score": 0.2838, "recall_score": 0.25, "precision_score": 0.07095}, "found_clusters": 1, "expected_clusters": 4, "time": 39.0808}, "optics": {"clustering": {"adjusted_mutual_info_score": 0.07312207716547683, "adjusted_rand_score": 0.00487079355658367, "completeness_score": 0.07875150211114801, "fowlkes_mallows_score": 0.24224355450666066, "homogeneity_score": 0.21013944021327274, "v_measure_score": 0.11456777728259081}, "classification": {"f1_score": 2.321604218949704e-05, "hamming_loss": 0.999, "jaccard_score": 1.1630060185445888e-05, "accuracy_score": 0.001, "recall_score": 1.1668181542593554e-05, "precision_score": 0.0025614399446175144}, "found_clusters": 321, "expected_clusters": 4, "time": 4.6899}, "spectral_clustering": {"clustering": {"adjusted_mutual_info_score": 0.16014064236379216, "adjusted_rand_score": 0.10197522854631466, "completeness_score": 0.16977935610539183, "fowlkes_mallows_score": 0.35371081539550703, "homogeneity_score": 0.1525738944900094, "v_measure_score": 0.16071745836072757}, "classification": {"f1_score": 0.4458119285623651, "hamming_loss": 0.5468, "jaccard_score": 0.2905037697340628, "accuracy_score": 0.4532, "recall_score": 0.4697063991971705, "precision_score": 0.5686290262011008}, "found_clusters": 4, "expected_clusters": 4, "time": 3.1724}, "gaussian_mixture_model": {"clustering": {"adjusted_mutual_info_score": 0.16633548121809125, "adjusted_rand_score": 0.12972053315307097, "completeness_score": 0.16915398200643048, "fowlkes_mallows_score": 0.3565386550474399, "homogeneity_score": 0.1646781569645849, "v_measure_score": 0.16688606487021365}, "classification": {"f1_score": 0.48833265601711356, "hamming_loss": 0.5126, "jaccard_score": 0.3269847675013843, "accuracy_score": 0.4874, "recall_score": 0.49517161273916166, "precision_score": 0.5252049536137224}, "found_clusters": 4, "expected_clusters": 4, "time": 0.027}}, "classification_alg": {"KNeighborsClassifier": {"clustering": {"adjusted_mutual_info_score": 0.10650125501523161, "adjusted_rand_score": 0.11738551879398805, "completeness_score": 0.11032768308249861, "fowlkes_mallows_score": 0.3439085265088238, "homogeneity_score": 0.10857961272761014, "v_measure_score": 0.10944666835246722}, "classification": {"f1_score": 0.47586499062931287, "hamming_loss": 0.514, "jaccard_score": 0.31620285113712815, "accuracy_score": 0.486, "recall_score": 0.4830101524770728, "precision_score": 0.47782616196888233}, "time": 0.029}, "DecisionTreeClassifier": {"clustering": {"adjusted_mutual_info_score": 0.08847610294697186, "adjusted_rand_score": 0.09471754797787806, "completeness_score": 0.09150153356043395, "fowlkes_mallows_score": 0.32255500610370796, "homogeneity_score": 0.09141435236820837, "v_measure_score": 0.09145792218821348}, "classification": {"f1_score": 0.4411318800287059, "hamming_loss": 0.553, "jaccard_score": 0.2871694452999241, "accuracy_score": 0.447, "recall_score": 0.44133945667181174, "precision_score": 0.44129875355407133}, "time": 0.01}, "RandomForestClassifier": {"clustering": {"adjusted_mutual_info_score": 0.1200861604531117, "adjusted_rand_score": 0.12992124364021373, "completeness_score": 0.12307244543153407, "fowlkes_mallows_score": 0.349086817598539, "homogeneity_score": 0.12285921884255298, "v_measure_score": 0.12296573970165424}, "classification": {"f1_score": 0.47998612753399456, "hamming_loss": 0.513, "jaccard_score": 0.32101968005748566, "accuracy_score": 0.487, "recall_score": 0.4833212482156288, "precision_score": 0.4794971047024204}, "time": 0.465}, "LinearSVC": {"clustering": {"adjusted_mutual_info_score": 0.12012536258025218, "adjusted_rand_score": 0.12686843087225216, "completeness_score": 0.13869322628915315, "fowlkes_mallows_score": 0.38304624450180014, "homogeneity_score": 0.10932228974553966, "v_measure_score": 0.12226864925665036}, "classification": {"f1_score": 0.3899343794028526, "hamming_loss": 0.541, "jaccard_score": 0.2641897189793436, "accuracy_score": 0.459, "recall_score": 0.4548338313659614, "precision_score": 0.3417481583595399}, "time": 0.019}, "LogisticRegression": {"clustering": {"adjusted_mutual_info_score": 0.13294212613752346, "adjusted_rand_score": 0.13797216255281944, "completeness_score": 0.13779947697760161, "fowlkes_mallows_score": 0.3624076149261693, "homogeneity_score": 0.1338950281356927,