{"clustering_alg": {"affinity_propagation": {"clustering": {"adjusted_mutual_info_score": 0.32035878223050185, "adjusted_rand_score": 0.06543844120204953, "completeness_score": 0.23126763892638152, "fowlkes_mallows_score": 0.19387823350283756, "homogeneity_score": 0.6589973050402842, "v_measure_score": 0.34238066280911866}, "classification": {"f1_score": 0.0013722126929674098, "hamming_loss": 0.988, "jaccard_score": 0.0007119971520113919, "accuracy_score": 0.012, "recall_score": 0.0007119971520113919, "precision_score": 0.018867924528301886}, "found_clusters": 53, "expected_clusters": 4, "time": 2.2032}, "agglomerative": {"clustering": {"adjusted_mutual_info_score": 0.5086809704209825, "adjusted_rand_score": 0.37556325213195085, "completeness_score": 0.5469538816600584, "fowlkes_mallows_score": 0.573083380877271, "homogeneity_score": 0.47847313297310223, "v_measure_score": 0.5104268438711066}, "classification": {"f1_score": 0.7197241655389353, "hamming_loss": 0.302, "jaccard_score": 0.5855732889287708, "accuracy_score": 0.698, "recall_score": 0.725854808815969, "precision_score": 0.8204236997639403}, "found_clusters": 4, "expected_clusters": 4, "time": 0.08}, "birch": {"clustering": {"adjusted_mutual_info_score": 0.3300033272790238, "adjusted_rand_score": 0.2140920392344484, "completeness_score": 0.4085655530749281, "fowlkes_mallows_score": 0.48901899761607004, "homogeneity_score": 0.27927550148222013, "v_measure_score": 0.3317695242742483}, "classification": {"f1_score": 0.45422656611258383, "hamming_loss": 0.459, "jaccard_score": 0.3318348290756732, "accuracy_score": 0.541, "recall_score": 0.5280768547277981, "precision_score": 0.496865242666387}, "found_clusters": 3, "expected_clusters": 4, "time": 0.037}, "dbscan": {"clustering": {"adjusted_mutual_info_score": 0.019423624070913078, "adjusted_rand_score": -0.003128980048200557, "completeness_score": 0.17362242622426136, "fowlkes_mallows_score": 0.5010086933399853, "homogeneity_score": 0.011512680391458406, "v_measure_score": 0.021593522033165426}, "classification": {"f1_score": 0.09292307692307691, "hamming_loss": 0.698, "jaccard_score": 0.06052104208416834, "accuracy_score": 0.302, "recall_score": 0.189937106918239, "precision_score": 0.0615071283095723}, "found_clusters": 2, "expected_clusters": 4, "time": 0.035}, "k_means": {"clustering": {"adjusted_mutual_info_score": 0.48288357271869864, "adjusted_rand_score": 0.42140045043330987, "completeness_score": 0.48484569415409545, "fowlkes_mallows_score": 0.5735609073576978, "homogeneity_score": 0.4843629149227523, "v_measure_score": 0.484604184298166}, "classification": {"f1_score": 0.7472777423049324, "hamming_loss": 0.263, "jaccard_score": 0.603155192179327, "accuracy_score": 0.737, "recall_score": 0.7732159038988625, "precision_score": 0.7660097626714345}, "found_clusters": 4, "expected_clusters": 4, "time": 0.205}, "mini_batch_k_means": {"clustering": {"adjusted_mutual_info_score": 0.4500324173713588, "adjusted_rand_score": 0.391347171431546, "completeness_score": 0.452639923674887, "fowlkes_mallows_score": 0.5522759404041753, "homogeneity_score": 0.451091793111637, "v_measure_score": 0.4518645323867734}, "classification": {"f1_score": 0.7353704557681884, "hamming_loss": 0.281, "jaccard_score": 0.591576275457901, "accuracy_score": 0.719, "recall_score": 0.7464432049563522, "precision_score": 0.742474005732217}, "found_clusters": 4, "expected_clusters": 4, "time": 0.044}, "mean_shift": {"clustering": {"adjusted_mutual_info_score": 1.3065784231627227e-17, "adjusted_rand_score": 0.0, "completeness_score": 1.0, "fowlkes_mallows_score": 0.5123968682091554, "homogeneity_score": 0.0, "v_measure_score": 0.0}, "classification": {"f1_score": 0.12063732928679817, "hamming_loss": 0.682, "jaccard_score": 0.0795, "accuracy_score": 0.318, "recall_score": 0.25, "precision_score": 0.0795}, "found_clusters": 1, "expected_clusters": 4, "time": 8.7329}, "optics": {"clustering": {"adjusted_mutual_info_score": 0.07142282339435746, "adjusted_rand_score": 0.00967254664047046, "completeness_score": 0.16512904610170698, "fowlkes_mallows_score": 0.47224027979302896, "homogeneity_score": 0.06420142050970262, "v_measure_score": 0.09245626613672372}, "classification": {"f1_score": 0.007969283759952032, "hamming_loss": 0.987, "jaccard_score": 0.0040831347317448535, "accuracy_score": 0.013, "recall_score": 0.004132150358565453, "precision_score": 0.12307692307692307}, "found_clusters": 13, "expected_clusters": 4, "time": 1.1232}, "spectral_clustering": {"clustering": {"adjusted_mutual_info_score": 0.5008267081688129, "adjusted_rand_score": 0.4225085579208412, "completeness_score": 0.5098431349560729, "fowlkes_mallows_score": 0.5803028319464127, "homogeneity_score": 0.495387341367044, "v_measure_score": 0.5025112968400354}, "classification": {"f1_score": 0.7469616814546658, "hamming_loss": 0.266, "jaccard_score": 0.6081421520101193, "accuracy_score": 0.734, "recall_score": 0.7702195861695059, "precision_score": 0.7862688383258123}, "found_clusters": 4, "expected_clusters": 4, "time": 1.279}, "gaussian_mixture_model": {"clustering": {"adjusted_mutual_info_score": 0.6111865459849953, "adjusted_rand_score": 0.5366769823122347, "completeness_score": 0.6205823045602844, "fowlkes_mallows_score": 0.6633572016139191, "homogeneity_score": 0.6046192738550835, "v_measure_score": 0.6124967988301885}, "classification": {"f1_score": 0.8133239476575862, "hamming_loss": 0.201, "jaccard_score": 0.6965257814506596, "accuracy_score": 0.799, "recall_score": 0.830789901795522, "precision_score": 0.8430656256552551}, "found_clusters": 4, "expected_clusters": 4, "time": 0.021}}, "classification_alg": {"KNeighborsClassifier": {"clustering": {"adjusted_mutual_info_score": 0.5504506333434666, "adjusted_rand_score": 0.5260246455969663, "completeness_score": 0.5543396615081997, "fowlkes_mallows_score": 0.64787962605444, "homogeneity_score": 0.5617844610379662, "v_measure_score": 0.5580372320274288}, "classification": {"f1_score": 0.8077482138457748, "hamming_loss": 0.205, "jaccard_score": 0.6878825415330808, "accuracy_score": 0.795, "recall_score": 0.8187122926093514, "precision_score": 0.8047932269084221}, "time": 0.01}, "DecisionTreeClassifier": {"clustering": {"adjusted_mutual_info_score": 0.41228330871348406, "adjusted_rand_score": 0.41530025808646964, "completeness_score": 0.4203625373382783, "fowlkes_mallows_score": 0.5664774971874731, "homogeneity_score": 0.42410912593480016, "v_measure_score": 0.42222752056659923}, "classification": {"f1_score": 0.7469900511236162, "hamming_loss": 0.26, "jaccard_score": 0.6009142021781155, "accuracy_score": 0.74, "recall_score": 0.7520173453996983, "precision_score": 0.7437792559743779}, "time": 0.004}, "RandomForestClassifier": {"clustering": {"adjusted_mutual_info_score": 0.5218185868406882, "adjusted_rand_score": 0.5081197191063785, "completeness_score": 0.5277281863270071, "fowlkes_mallows_score": 0.635370667347098, "homogeneity_score": 0.5321152530130582, "v_measure_score": 0.5299126398600374}, "classification": {"f1_score": 0.8022254420056402, "hamming_loss": 0.21, "jaccard_score": 0.677939933216865, "accuracy_score": 0.79, "recall_score": 0.8082754255548374, "precision_score": 0.8019742968895511}, "time": 0.234}, "LinearSVC": {"clustering": {"adjusted_mutual_info_score": 0.5311132412107145, "adjusted_rand_score": 0.5173142667234963, "completeness_score": 0.5362329046751009, "fowlkes_mallows_score": 0.64194428988633, "homogeneity_score": 0.5418742354535243, "v_measure_score": 0.5390388105790226}, "classification": {"f1_score": 0.8001432831597393, "hamming_loss": 0.21, "jaccard_score": 0.6779615919580629, "accuracy_score": 0.79, "recall_score": 0.8098187351863823, "precision_score": 0.7927859515899383}, "time": 0.004}, "LogisticRegression": {"clustering": {"adjusted_mutual_info_score": 0.5697880364593795, "adjusted_rand_score": 0.5560880519869542, "completeness_score": 0.5755186049872879, "fowlkes_mallows_score": 0.6713973724547158,