{"clustering_alg": {"affinity_propagation": {"clustering": {"adjusted_mutual_info_score": 8.092170772675064e-16, "adjusted_rand_score": 0.0, "completeness_score": 1.0, "fowlkes_mallows_score": 0.5128061173804429, "homogeneity_score": 4.484416738801381e-16, "v_measure_score": 8.968833477602759e-16}, "classification": {"f1_score": 0.0, "hamming_loss": 1.0, "jaccard_score": 0.0, "accuracy_score": 0.0, "recall_score": 0.0, "precision_score": 0.0}, "found_clusters": 1, "expected_clusters": 4, "time": 145.2215}, "agglomerative": {"clustering": {"adjusted_mutual_info_score": 0.36667218322188433, "adjusted_rand_score": 0.30156963498992256, "completeness_score": 0.3735400843071745, "fowlkes_mallows_score": 0.49271250335981365, "homogeneity_score": 0.3608752124108958, "v_measure_score": 0.3670984465348997}, "classification": {"f1_score": 0.5623407822713797, "hamming_loss": 0.4148, "jaccard_score": 0.415528564449282, "accuracy_score": 0.5852, "recall_score": 0.6261404759720466, "precision_score": 0.5639885773662978}, "found_clusters": 4, "expected_clusters": 4, "time": 0.715}, "birch": {"clustering": {"adjusted_mutual_info_score": 0.4049133433755384, "adjusted_rand_score": 0.31516376046736666, "completeness_score": 0.4830485162618017, "fowlkes_mallows_score": 0.5484534471642836, "homogeneity_score": 0.34898795476085875, "v_measure_score": 0.4052180874554053}, "classification": {"f1_score": 0.15334590243289395, "hamming_loss": 0.7346, "jaccard_score": 0.10492382405448365, "accuracy_score": 0.2654, "recall_score": 0.19579017435109491, "precision_score": 0.1270917113854362}, "found_clusters": 3, "expected_clusters": 4, "time": 0.088}, "dbscan": {"clustering": {"adjusted_mutual_info_score": 8.092170772675064e-16, "adjusted_rand_score": 0.0, "completeness_score": 1.0, "fowlkes_mallows_score": 0.5128061173804429, "homogeneity_score": 4.484416738801381e-16, "v_measure_score": 8.968833477602759e-16}, "classification": {"f1_score": 0.08402662229617305, "hamming_loss": 0.798, "jaccard_score": 0.0505, "accuracy_score": 0.202, "recall_score": 0.25, "precision_score": 0.0505}, "found_clusters": 1, "expected_clusters": 4, "time": 0.22}, "k_means": {"clustering": {"adjusted_mutual_info_score": 0.40469218429894815, "adjusted_rand_score": 0.3183801034753143, "completeness_score": 0.40594148480508646, "fowlkes_mallows_score": 0.4980216840116706, "homogeneity_score": 0.4042358256264972, "v_measure_score": 0.405086859761145}, "classification": {"f1_score": 0.6144061826379309, "hamming_loss": 0.3968, "jaccard_score": 0.46493509956841317, "accuracy_score": 0.6032, "recall_score": 0.627992574795846, "precision_score": 0.6278703947393032}, "found_clusters": 4, "expected_clusters": 4, "time": 0.153}, "mini_batch_k_means": {"clustering": {"adjusted_mutual_info_score": 0.3793664420589779, "adjusted_rand_score": 0.3082006892959741, "completeness_score": 0.38242043931061787, "fowlkes_mallows_score": 0.4929488501127139, "homogeneity_score": 0.3771755500875237, "v_measure_score": 0.37977988713705985}, "classification": {"f1_score": 0.6222423505219913, "hamming_loss": 0.3864, "jaccard_score": 0.47004193362227864, "accuracy_score": 0.6136, "recall_score": 0.6503010913430018, "precision_score": 0.6382472850946816}, "found_clusters": 4, "expected_clusters": 4, "time": 0.027}, "mean_shift": {"clustering": {"adjusted_mutual_info_score": 8.092170772675064e-16, "adjusted_rand_score": 0.0, "completeness_score": 1.0, "fowlkes_mallows_score": 0.5128061173804429, "homogeneity_score": 4.484416738801381e-16, "v_measure_score": 8.968833477602759e-16}, "classification": {"f1_score": 0.08402662229617305, "hamming_loss": 0.798, "jaccard_score": 0.0505, "accuracy_score": 0.202, "recall_score": 0.25, "precision_score": 0.0505}, "found_clusters": 1, "expected_clusters": 4, "time": 44.7931}, "optics": {"clustering": {"adjusted_mutual_info_score": 0.12038718592459083, "adjusted_rand_score": 0.004138869091647447, "completeness_score": 0.11117540738866273, "fowlkes_mallows_score": 0.25793371743147026, "homogeneity_score": 0.29107538929951987, "v_measure_score": 0.16089676019348162}, "classification": {"f1_score": 4.0636128085219665e-05, "hamming_loss": 0.9984, "jaccard_score": 2.03650632484068e-05, "accuracy_score": 0.0016, "recall_score": 2.048879334844131e-05, "precision_score": 0.002734375}, "found_clusters": 320, "expected_clusters": 4, "time": 4.1206}, "spectral_clustering": {"clustering": {"adjusted_mutual_info_score": 0.3576641028270107, "adjusted_rand_score": 0.23339839926080283, "completeness_score": 0.37978050282294107, "fowlkes_mallows_score": 0.46067140023211645, "homogeneity_score": 0.33878539562950954, "v_measure_score": 0.3581135374733016}, "classification": {"f1_score": 0.5403925196393293, "hamming_loss": 0.464, "jaccard_score": 0.38817970412678415, "accuracy_score": 0.536, "recall_score": 0.5551243949228023, "precision_score": 0.6631170224889309}, "found_clusters": 4, "expected_clusters": 4, "time": 3.1157}, "gaussian_mixture_model": {"clustering": {"adjusted_mutual_info_score": 0.4012212783314015, "adjusted_rand_score": 0.3222341037220995, "completeness_score": 0.40277082285723836, "fowlkes_mallows_score": 0.5015208706176846, "homogeneity_score": 0.4004728558522263, "v_measure_score": 0.4016185522747988}, "classification": {"f1_score": 0.6150211716292837, "hamming_loss": 0.3928, "jaccard_score": 0.4668861212072247, "accuracy_score": 0.6072, "recall_score": 0.6427053966837923, "precision_score": 0.6220662745557027}, "found_clusters": 4, "expected_clusters": 4, "time": 0.045}}, "classification_alg": {"KNeighborsClassifier": {"clustering": {"adjusted_mutual_info_score": 0.34233731963136316, "adjusted_rand_score": 0.30308334255899, "completeness_score": 0.34379219114030274, "fowlkes_mallows_score": 0.48260874239771673, "homogeneity_score": 0.3452260109547884, "v_measure_score": 0.3445076091861882}, "classification": {"f1_score": 0.6418578904484878, "hamming_loss": 0.368, "jaccard_score": 0.4861739617848784, "accuracy_score": 0.632, "recall_score": 0.650743606196186, "precision_score": 0.6361643578444237}, "time": 0.03}, "DecisionTreeClassifier": {"clustering": {"adjusted_mutual_info_score": 0.282237338822, "adjusted_rand_score": 0.24380644607096283, "completeness_score": 0.2855330435190986, "fowlkes_mallows_score": 0.4416679633462316, "homogeneity_score": 0.28371033112673616, "v_measure_score": 0.28461876916821127}, "classification": {"f1_score": 0.6140046586834933, "hamming_loss": 0.397, "jaccard_score": 0.45145583721729465, "accuracy_score": 0.603, "recall_score": 0.6123281827029017, "precision_score": 0.6178328135454877}, "time": 0.011}, "RandomForestClassifier": {"clustering": {"adjusted_mutual_info_score": 0.33062387116901704, "adjusted_rand_score": 0.29839170388258224, "completeness_score": 0.33256649033764873, "fowlkes_mallows_score": 0.47976510373377823, "homogeneity_score": 0.33310534456928986, "v_measure_score": 0.3328356993551003}, "classification": {"f1_score": 0.646029744490018, "hamming_loss": 0.364, "jaccard_score": 0.48911240772120507, "accuracy_score": 0.636, "recall_score": 0.6515668623143052, "precision_score": 0.6423680732244228}, "time": 0.416}, "LinearSVC": {"clustering": {"adjusted_mutual_info_score": 0.4052347302765462, "adjusted_rand_score": 0.3603885610804674, "completeness_score": 0.4486789933830932, "fowlkes_mallows_score": 0.5530066253995287, "homogeneity_score": 0.3731429752750504, "v_measure_score": 0.40743961811521}, "classification": {"f1_score": 0.5647591355185115, "hamming_loss": 0.39, "jaccard_score": 0.44420167149206746, "accuracy_score": 0.61, "recall_score": 0.6726047176644614, "precision_score": 0.6868433852336646}, "time": 0.016}, "LogisticRegression": {"clustering": {"adjusted_mutual_info_score": 0.37141816045184456, "adjusted_rand_score": 0.29673204862963104, "completeness_score": 0.37992245590358553, "fowlkes_mallows_score": 0.48670350470049856, "homogeneity_score": 0.36735500261816073, "v_measure_score": 0.373533051724183},