{"clustering_alg": {"affinity_propagation": {"clustering": {"adjusted_mutual_info_score": 0.3230242803782506, "adjusted_rand_score": 0.029901181373993255, "completeness_score": 0.21325384615895998, "fowlkes_mallows_score": 0.13208564898631672, "homogeneity_score": 0.770086316563967, "v_measure_score": 0.3340123288098124}, "classification": {"f1_score": 0.0008086192206235717, "hamming_loss": 0.9828, "jaccard_score": 0.00041393661745184497, "accuracy_score": 0.0172, "recall_score": 0.00041445530651490763, "precision_score": 0.01740237691001698}, "found_clusters": 166, "expected_clusters": 4, "time": 55.9747}, "agglomerative": {"clustering": {"adjusted_mutual_info_score": 0.4101269115392953, "adjusted_rand_score": 0.29354311435141905, "completeness_score": 0.4378204135287913, "fowlkes_mallows_score": 0.4979274392356691, "homogeneity_score": 0.38644962854984943, "v_measure_score": 0.41053423645742665}, "classification": {"f1_score": 0.5579679612058994, "hamming_loss": 0.4504, "jaccard_score": 0.40041117824929096, "accuracy_score": 0.5496, "recall_score": 0.5498943091442539, "precision_score": 0.6960965174257521}, "found_clusters": 4, "expected_clusters": 4, "time": 1.4275}, "birch": {"clustering": {"adjusted_mutual_info_score": 0.3590912412189225, "adjusted_rand_score": 0.3161758933187045, "completeness_score": 0.4070185577817941, "fowlkes_mallows_score": 0.5174113895584644, "homogeneity_score": 0.3217586214956705, "v_measure_score": 0.3594012924632631}, "classification": {"f1_score": 0.15640109417186798, "hamming_loss": 0.8172, "jaccard_score": 0.0925160603667001, "accuracy_score": 0.1828, "recall_score": 0.18263727232898894, "precision_score": 0.13716851484922354}, "found_clusters": 3, "expected_clusters": 4, "time": 0.9602}, "dbscan": {"clustering": {"adjusted_mutual_info_score": 0.10473495904252961, "adjusted_rand_score": 0.006543562297863105, "completeness_score": 0.17777070687748084, "fowlkes_mallows_score": 0.45168023663302376, "homogeneity_score": 0.09123296013905445, "v_measure_score": 0.1205823548379198}, "classification": {"f1_score": 0.00177861342548145, "hamming_loss": 0.9876, "jaccard_score": 0.0009289467572495624, "accuracy_score": 0.0124, "recall_score": 0.0009351130609166293, "precision_score": 0.020375428570303254}, "found_clusters": 53, "expected_clusters": 4, "time": 0.125}, "k_means": {"clustering": {"adjusted_mutual_info_score": 0.3938102264695769, "adjusted_rand_score": 0.3496701789004234, "completeness_score": 0.3996450284491193, "fowlkes_mallows_score": 0.5186246886826845, "homogeneity_score": 0.38891981285528426, "v_measure_score": 0.3942094841963081}, "classification": {"f1_score": 0.6263739834618316, "hamming_loss": 0.3764, "jaccard_score": 0.4693325871644707, "accuracy_score": 0.6236, "recall_score": 0.6238172332472802, "precision_score": 0.6543483874583418}, "found_clusters": 4, "expected_clusters": 4, "time": 0.482}, "mini_batch_k_means": {"clustering": {"adjusted_mutual_info_score": 0.30150192548308424, "adjusted_rand_score": 0.25639887349383117, "completeness_score": 0.30319860030193174, "fowlkes_mallows_score": 0.44429019128313313, "homogeneity_score": 0.30072680710633065, "v_measure_score": 0.3019576453297634}, "classification": {"f1_score": 0.532980893651927, "hamming_loss": 0.4628, "jaccard_score": 0.3772842876150915, "accuracy_score": 0.5372, "recall_score": 0.5373219346432305, "precision_score": 0.5342343008319277}, "found_clusters": 4, "expected_clusters": 4, "time": 0.05}, "mean_shift": {"clustering": {"adjusted_mutual_info_score": 1.2823967344209894e-15, "adjusted_rand_score": 0.0, "completeness_score": 1.0, "fowlkes_mallows_score": 0.4998505077580908, "homogeneity_score": 6.406858185568202e-16, "v_measure_score": 1.2813716371136396e-15}, "classification": {"f1_score": 0.09980790779574196, "hamming_loss": 0.7506, "jaccard_score": 0.06235, "accuracy_score": 0.2494, "recall_score": 0.25, "precision_score": 0.06235}, "found_clusters": 1, "expected_clusters": 4, "time": 51.948}, "optics": {"clustering": {"adjusted_mutual_info_score": 0.11697604356595212, "adjusted_rand_score": 0.001144572311361995, "completeness_score": 0.1663467312675329, "fowlkes_mallows_score": 0.43004346089047973, "homogeneity_score": 0.12675322330850108, "v_measure_score": 0.1438757259822304}, "classification": {"f1_score": 9.17207379130222e-05, "hamming_loss": 0.9988, "jaccard_score": 4.596999547552682e-05, "accuracy_score": 0.0012, "recall_score": 4.6135399372809445e-05, "precision_score": 0.008012820512820512}, "found_clusters": 104, "expected_clusters": 4, "time": 4.842}, "spectral_clustering": {"clustering": {"adjusted_mutual_info_score": 0.4550088655586715, "adjusted_rand_score": 0.2665222580030718, "completeness_score": 0.5004747188121373, "fowlkes_mallows_score": 0.5000517007466023, "homogeneity_score": 0.4177652820225879, "v_measure_score": 0.4553950206039011}, "classification": {"f1_score": 0.6815336994588455, "hamming_loss": 0.3324, "jaccard_score": 0.5193607901478474, "accuracy_score": 0.6676, "recall_score": 0.6673700698183329, "precision_score": 0.8357042335492232}, "found_clusters": 4, "expected_clusters": 4, "time": 5.2321}, "gaussian_mixture_model": {"clustering": {"adjusted_mutual_info_score": 0.8948247280647083, "adjusted_rand_score": 0.9301408066174432, "completeness_score": 0.8949035259717432, "fowlkes_mallows_score": 0.9475957281694701, "homogeneity_score": 0.8948826084133357, "v_measure_score": 0.8948930670703057}, "classification": {"f1_score": 0.9731677866632478, "hamming_loss": 0.0268, "jaccard_score": 0.947927294121471, "accuracy_score": 0.9732, "recall_score": 0.9732020068570992, "precision_score": 0.9731717219843936}, "found_clusters": 4, "expected_clusters": 4, "time": 0.065}}, "classification_alg": {"KNeighborsClassifier": {"clustering": {"adjusted_mutual_info_score": 0.7221964218531399, "adjusted_rand_score": 0.7727117409069277, "completeness_score": 0.7238746405062798, "fowlkes_mallows_score": 0.8296571307258773, "homogeneity_score": 0.7223343599217221, "v_measure_score": 0.7231036799783785}, "classification": {"f1_score": 0.9088843670083246, "hamming_loss": 0.091, "jaccard_score": 0.8331574465571963, "accuracy_score": 0.909, "recall_score": 0.9080163850356404, "precision_score": 0.9106780036300655}, "time": 0.045}, "DecisionTreeClassifier": {"clustering": {"adjusted_mutual_info_score": 0.6122282970027236, "adjusted_rand_score": 0.6674607524669216, "completeness_score": 0.6140684664234132, "fowlkes_mallows_score": 0.7507399932445236, "homogeneity_score": 0.6129216525822335, "v_measure_score": 0.6134945235645277}, "classification": {"f1_score": 0.8617967487661619, "hamming_loss": 0.138, "jaccard_score": 0.7579509191766932, "accuracy_score": 0.862, "recall_score": 0.8610224379845595, "precision_score": 0.8633454091523712}, "time": 0.017}, "RandomForestClassifier": {"clustering": {"adjusted_mutual_info_score": 0.7119584186820717, "adjusted_rand_score": 0.768028754258205, "completeness_score": 0.7136707174705131, "fowlkes_mallows_score": 0.8261485430896288, "homogeneity_score": 0.7121292057013933, "v_measure_score": 0.7128991282788054}, "classification": {"f1_score": 0.906751697093888, "hamming_loss": 0.093, "jaccard_score": 0.8298076254774562, "accuracy_score": 0.907, "recall_score": 0.9058737878615297, "precision_score": 0.908598023378709}, "time": 0.575}, "LinearSVC": {"clustering": {"adjusted_mutual_info_score": 0.4890051161333875, "adjusted_rand_score": 0.5302303027904016, "completeness_score": 0.4912122398521253, "fowlkes_mallows_score": 0.6479352123172604, "homogeneity_score": 0.4901369151751778, "v_measure_score": 0.490673988363931}, "classification": {"f1_score": 0.7962249551057488, "hamming_loss": 0.204, "jaccard_score": 0.6616440523482776, "accuracy_score": 0.796, "recall_score": 0.7961411103342692, "precision_score": 0.798558524616386}, "time": 0.218}, "LogisticRegression": {"clustering": {"adjusted_mutual_info_score": 0.4895902756629555, "adjusted_rand_score": 0.5276755931091635,