{"clustering_alg": {"affinity_propagation": {"clustering": {"adjusted_mutual_info_score": 0.3968305166625767, "adjusted_rand_score": 0.094215823397005, "completeness_score": 0.2824042749041073, "fowlkes_mallows_score": 0.24020872390158354, "homogeneity_score": 0.7825046348836064, "v_measure_score": 0.4150263970792775}, "classification": {"f1_score": 0.005650557620817845, "hamming_loss": 0.962, "jaccard_score": 0.003040688651018416, "accuracy_score": 0.038, "recall_score": 0.0030822909809084926, "precision_score": 0.03404761904761905}, "found_clusters": 50, "expected_clusters": 4, "time": 1.9549}, "agglomerative": {"clustering": {"adjusted_mutual_info_score": 0.48175842771142274, "adjusted_rand_score": 0.43628048220727356, "completeness_score": 0.49347134937122694, "fowlkes_mallows_score": 0.5857225338197398, "homogeneity_score": 0.47389080188587385, "v_measure_score": 0.48348290897538543}, "classification": {"f1_score": 0.7114865288011067, "hamming_loss": 0.29, "jaccard_score": 0.5676540722577867, "accuracy_score": 0.71, "recall_score": 0.71215170434539, "precision_score": 0.746737524864198}, "found_clusters": 4, "expected_clusters": 4, "time": 0.057}, "birch": {"clustering": {"adjusted_mutual_info_score": 0.4429777262901792, "adjusted_rand_score": 0.3844855072758178, "completeness_score": 0.5236614376177158, "fowlkes_mallows_score": 0.5851541178754096, "homogeneity_score": 0.3859349135962305, "v_measure_score": 0.44437124535723915}, "classification": {"f1_score": 0.041884223008266906, "hamming_loss": 0.952, "jaccard_score": 0.021554592020468034, "accuracy_score": 0.048, "recall_score": 0.04765414149852204, "precision_score": 0.039690029141322254}, "found_clusters": 3, "expected_clusters": 4, "time": 0.204}, "dbscan": {"clustering": {"adjusted_mutual_info_score": 0.023876434509795423, "adjusted_rand_score": 0.000577358786255108, "completeness_score": 0.2410937571122942, "fowlkes_mallows_score": 0.4922811454284996, "homogeneity_score": 0.015206643920548, "v_measure_score": 0.02860882699441392}, "classification": {"f1_score": 0.015325670498084292, "hamming_loss": 0.99, "jaccard_score": 0.00796812749003984, "accuracy_score": 0.01, "recall_score": 0.00796812749003984, "precision_score": 0.2}, "found_clusters": 3, "expected_clusters": 4, "time": 0.017}, "k_means": {"clustering": {"adjusted_mutual_info_score": 0.40481990805396, "adjusted_rand_score": 0.3666966887281983, "completeness_score": 0.4107840831904513, "fowlkes_mallows_score": 0.5290216966841051, "homogeneity_score": 0.40285247431636084, "v_measure_score": 0.4067796187283918}, "classification": {"f1_score": 0.680434873183719, "hamming_loss": 0.326, "jaccard_score": 0.5258754222004333, "accuracy_score": 0.674, "recall_score": 0.6749507114727398, "precision_score": 0.7049309989215697}, "found_clusters": 4, "expected_clusters": 4, "time": 0.139}, "mini_batch_k_means": {"clustering": {"adjusted_mutual_info_score": 0.4349042171923053, "adjusted_rand_score": 0.4002791612261116, "completeness_score": 0.4398860432914865, "fowlkes_mallows_score": 0.5529096562640726, "homogeneity_score": 0.4336778060876693, "v_measure_score": 0.4367598643621009}, "classification": {"f1_score": 0.7231174596225202, "hamming_loss": 0.285, "jaccard_score": 0.5728935205964758, "accuracy_score": 0.715, "recall_score": 0.7148147985739728, "precision_score": 0.7448195231225411}, "found_clusters": 4, "expected_clusters": 4, "time": 0.048}, "mean_shift": {"clustering": {"adjusted_mutual_info_score": -1.15334318239262e-17, "adjusted_rand_score": 0.0, "completeness_score": 1.0, "fowlkes_mallows_score": 0.499314845879146, "homogeneity_score": 1.6018655311806712e-16, "v_measure_score": 3.203731062361342e-16}, "classification": {"f1_score": 0.1003197442046363, "hamming_loss": 0.749, "jaccard_score": 0.06275, "accuracy_score": 0.251, "recall_score": 0.25, "precision_score": 0.06275}, "found_clusters": 1, "expected_clusters": 4, "time": 10.6348}, "optics": {"clustering": {"adjusted_mutual_info_score": 0.1561768557298782, "adjusted_rand_score": 0.005883818796125803, "completeness_score": 0.21382838173017457, "fowlkes_mallows_score": 0.4103188174857764, "homogeneity_score": 0.156840873153222, "v_measure_score": 0.1809539348282391}, "classification": {"f1_score": 0.00477827464334211, "hamming_loss": 0.987, "jaccard_score": 0.0024686017833428194, "accuracy_score": 0.013, "recall_score": 0.002480263590922994, "precision_score": 0.06547619047619048}, "found_clusters": 21, "expected_clusters": 4, "time": 1.2819}, "spectral_clustering": {"clustering": {"adjusted_mutual_info_score": 0.5555578485126542, "adjusted_rand_score": 0.4894183942803112, "completeness_score": 0.5722630745743679, "fowlkes_mallows_score": 0.6275870781861714, "homogeneity_score": 0.5426176324476678, "v_measure_score": 0.5570462071986133}, "classification": {"f1_score": 0.7908841779170905, "hamming_loss": 0.214, "jaccard_score": 0.6565457634035666, "accuracy_score": 0.786, "recall_score": 0.7867556923187762, "precision_score": 0.8484720264541292}, "found_clusters": 4, "expected_clusters": 4, "time": 2.3948}, "gaussian_mixture_model": {"clustering": {"adjusted_mutual_info_score": 0.8961392852930644, "adjusted_rand_score": 0.929448637805995, "completeness_score": 0.8964417172573038, "fowlkes_mallows_score": 0.9470362012652244, "homogeneity_score": 0.896514010163741, "v_measure_score": 0.8964778622530786}, "classification": {"f1_score": 0.972934616213935, "hamming_loss": 0.027, "jaccard_score": 0.9473820647379654, "accuracy_score": 0.973, "recall_score": 0.9729957679158284, "precision_score": 0.9729427491116356}, "found_clusters": 4, "expected_clusters": 4, "time": 0.025}}, "classification_alg": {"KNeighborsClassifier": {"clustering": {"adjusted_mutual_info_score": 0.805999234307114, "adjusted_rand_score": 0.8471531587610834, "completeness_score": 0.8091587197037904, "fowlkes_mallows_score": 0.8848349144269985, "homogeneity_score": 0.8092791497381757, "v_measure_score": 0.8092189302403064}, "classification": {"f1_score": 0.9393682598790958, "hamming_loss": 0.06, "jaccard_score": 0.8863960113960113, "accuracy_score": 0.94, "recall_score": 0.9394021372869934, "precision_score": 0.9394329847323546}, "time": 0.012}, "DecisionTreeClassifier": {"clustering": {"adjusted_mutual_info_score": 0.5870557253360306, "adjusted_rand_score": 0.6169885733374848, "completeness_score": 0.5939096662391359, "fowlkes_mallows_score": 0.7114326472386385, "homogeneity_score": 0.5939096662391358, "v_measure_score": 0.5939096662391358}, "classification": {"f1_score": 0.8347099587113458, "hamming_loss": 0.165, "jaccard_score": 0.7210318601604193, "accuracy_score": 0.835, "recall_score": 0.8339677802381181, "precision_score": 0.8372250569622284}, "time": 0.004}, "RandomForestClassifier": {"clustering": {"adjusted_mutual_info_score": 0.7685037078153221, "adjusted_rand_score": 0.8104319895125269, "completeness_score": 0.7721481342626647, "fowlkes_mallows_score": 0.8571430754897972, "homogeneity_score": 0.772541754612671, "v_measure_score": 0.7723448942861841}, "classification": {"f1_score": 0.9245673645593789, "hamming_loss": 0.075, "jaccard_score": 0.8606743535988819, "accuracy_score": 0.925, "recall_score": 0.9247867526716087, "precision_score": 0.9249999999999999}, "time": 0.423}, "LinearSVC": {"clustering": {"adjusted_mutual_info_score": 0.5887106612361901, "adjusted_rand_score": 0.6208581638717628, "completeness_score": 0.5960696938401197, "fowlkes_mallows_score": 0.7145782596837313, "homogeneity_score": 0.5950194211359524, "v_measure_score": 0.5955440944358852}, "classification": {"f1_score": 0.832362757856179, "hamming_loss": 0.165, "jaccard_score": 0.7174667015288074, "accuracy_score": 0.835, "recall_score": 0.8339502904271365, "precision_score": 0.8337512106043103}, "time": 0.0626}, "LogisticRegression": {"clustering": {"adjusted_mutual_info_score": 0.5905945297663392, "adjusted_rand_score": 0.6398952363246289, "completeness_score": 0.5976729183945041, "fowlkes_mallows_score": 0.7288090227796417,