{"clustering_alg": {"affinity_propagation": {"clustering": {"adjusted_mutual_info_score": 0.3018025465339842, "adjusted_rand_score": 0.08751400843035353, "completeness_score": 0.22275000541121526, "fowlkes_mallows_score": 0.22001535618400173, "homogeneity_score": 0.5392760192463284, "v_measure_score": 0.3152746292601809}, "classification": {"f1_score": 0.014934173670462587, "hamming_loss": 0.935, "jaccard_score": 0.007918162813375469, "accuracy_score": 0.065, "recall_score": 0.008572226778559159, "precision_score": 0.05929292929292929}, "found_clusters": 30, "expected_clusters": 4, "time": 6.0011}, "agglomerative": {"clustering": {"adjusted_mutual_info_score": 0.3146026690887293, "adjusted_rand_score": 0.21211667208828044, "completeness_score": 0.32380270536644024, "fowlkes_mallows_score": 0.4226996993784393, "homogeneity_score": 0.31029330124005516, "v_measure_score": 0.31690409449610457}, "classification": {"f1_score": 0.5236331702198174, "hamming_loss": 0.477, "jaccard_score": 0.3600312179692989, "accuracy_score": 0.523, "recall_score": 0.5499253937821128, "precision_score": 0.5922672788869973}, "found_clusters": 4, "expected_clusters": 4, "time": 0.04}, "birch": {"clustering": {"adjusted_mutual_info_score": 0.336339386954538, "adjusted_rand_score": 0.2440452169942768, "completeness_score": 0.39523827892802976, "fowlkes_mallows_score": 0.4847680580688734, "homogeneity_score": 0.29524703923877427, "v_measure_score": 0.33800264416089876}, "classification": {"f1_score": 0.14553051742247375, "hamming_loss": 0.809, "jaccard_score": 0.08544725462590508, "accuracy_score": 0.191, "recall_score": 0.1704029421170451, "precision_score": 0.13051809467086417}, "found_clusters": 3, "expected_clusters": 4, "time": 0.027}, "dbscan": {"clustering": {"adjusted_mutual_info_score": 5.680771966342856e-16, "adjusted_rand_score": 0.0, "completeness_score": 1.0, "fowlkes_mallows_score": 0.5043434964013737, "homogeneity_score": 0.0, "v_measure_score": 0.0}, "classification": {"f1_score": 0.10474308300395256, "hamming_loss": 0.735, "jaccard_score": 0.06625, "accuracy_score": 0.265, "recall_score": 0.25, "precision_score": 0.06625}, "found_clusters": 1, "expected_clusters": 4, "time": 0.035}, "k_means": {"clustering": {"adjusted_mutual_info_score": 0.37858561986013023, "adjusted_rand_score": 0.2845862836032767, "completeness_score": 0.3851349757486902, "fowlkes_mallows_score": 0.47152301292103455, "homogeneity_score": 0.3762716255461756, "v_measure_score": 0.3806517125887801}, "classification": {"f1_score": 0.5654227962525221, "hamming_loss": 0.44, "jaccard_score": 0.4120150815996237, "accuracy_score": 0.56, "recall_score": 0.5898304470152994, "precision_score": 0.613466055014869}, "found_clusters": 4, "expected_clusters": 4, "time": 0.084}, "mini_batch_k_means": {"clustering": {"adjusted_mutual_info_score": 0.3537085435661868, "adjusted_rand_score": 0.3137529430239137, "completeness_score": 0.355933521779218, "fowlkes_mallows_score": 0.4883798183783176, "homogeneity_score": 0.3557311869791988, "v_measure_score": 0.3558323256161049}, "classification": {"f1_score": 0.642364705889169, "hamming_loss": 0.364, "jaccard_score": 0.4831119623785992, "accuracy_score": 0.636, "recall_score": 0.6411672467453756, "precision_score": 0.6473637633825058}, "found_clusters": 4, "expected_clusters": 4, "time": 0.027}, "mean_shift": {"clustering": {"adjusted_mutual_info_score": 5.680771966342856e-16, "adjusted_rand_score": 0.0, "completeness_score": 1.0, "fowlkes_mallows_score": 0.5043434964013737, "homogeneity_score": 0.0, "v_measure_score": 0.0}, "classification": {"f1_score": 0.10474308300395256, "hamming_loss": 0.735, "jaccard_score": 0.06625, "accuracy_score": 0.265, "recall_score": 0.25, "precision_score": 0.06625}, "found_clusters": 1, "expected_clusters": 4, "time": 10.9405}, "optics": {"clustering": {"adjusted_mutual_info_score": 0.1683839865610317, "adjusted_rand_score": 0.007241390825616012, "completeness_score": 0.16598391212704397, "fowlkes_mallows_score": 0.28704819583578967, "homogeneity_score": 0.29764613171990534, "v_measure_score": 0.21312022388549273}, "classification": {"f1_score": 0.001280938994530892, "hamming_loss": 0.99, "jaccard_score": 0.0006488580863990709, "accuracy_score": 0.01, "recall_score": 0.0006577278969576135, "precision_score": 0.02650231124807396}, "found_clusters": 59, "expected_clusters": 4, "time": 0.8405}, "spectral_clustering": {"clustering": {"adjusted_mutual_info_score": 0.3068618239242037, "adjusted_rand_score": 0.20535243652722798, "completeness_score": 0.321989588838312, "fowlkes_mallows_score": 0.42607437736852727, "homogeneity_score": 0.29744885718606756, "v_measure_score": 0.309233099238397}, "classification": {"f1_score": 0.5103257946759499, "hamming_loss": 0.489, "jaccard_score": 0.3510253464452858, "accuracy_score": 0.511, "recall_score": 0.5435966541355878, "precision_score": 0.606008205960783}, "found_clusters": 4, "expected_clusters": 4, "time": 0.256}, "gaussian_mixture_model": {"clustering": {"adjusted_mutual_info_score": 0.3355799848781878, "adjusted_rand_score": 0.2977687949092202, "completeness_score": 0.3401112630580535, "fowlkes_mallows_score": 0.4798181015006436, "homogeneity_score": 0.33547660734126217, "v_measure_score": 0.3377780379089024}, "classification": {"f1_score": 0.6198605625323718, "hamming_loss": 0.374, "jaccard_score": 0.4574108457347549, "accuracy_score": 0.626, "recall_score": 0.6414388005522009, "precision_score": 0.6332561782560574}, "found_clusters": 4, "expected_clusters": 4, "time": 0.014}}, "classification_alg": {"KNeighborsClassifier": {"clustering": {"adjusted_mutual_info_score": 0.4535378291632382, "adjusted_rand_score": 0.4507322821240525, "completeness_score": 0.46444719050940275, "fowlkes_mallows_score": 0.5896802147827128, "homogeneity_score": 0.46097614661747743, "v_measure_score": 0.46270515903141496}, "classification": {"f1_score": 0.7592024440522871, "hamming_loss": 0.245, "jaccard_score": 0.6155138301414897, "accuracy_score": 0.755, "recall_score": 0.7547523763536006, "precision_score": 0.7711935280869104}, "time": 0.007}, "DecisionTreeClassifier": {"clustering": {"adjusted_mutual_info_score": 0.39908545834396897, "adjusted_rand_score": 0.4002665425264699, "completeness_score": 0.4092784537967334, "fowlkes_mallows_score": 0.5505767758735693, "homogeneity_score": 0.40897489417056954, "v_measure_score": 0.40912661767563463}, "classification": {"f1_score": 0.6991949027079928, "hamming_loss": 0.3, "jaccard_score": 0.5478816201824679, "accuracy_score": 0.7, "recall_score": 0.7010308877581624, "precision_score": 0.7033626255380201}, "time": 0.003}, "RandomForestClassifier": {"clustering": {"adjusted_mutual_info_score": 0.44442285492714717, "adjusted_rand_score": 0.43964961308980477, "completeness_score": 0.45479743471760475, "fowlkes_mallows_score": 0.5808700036337969, "homogeneity_score": 0.45266292369570504, "v_measure_score": 0.4537276688285098}, "classification": {"f1_score": 0.7126703632680966, "hamming_loss": 0.285, "jaccard_score": 0.5673033913249177, "accuracy_score": 0.715, "recall_score": 0.7149383523562381, "precision_score": 0.7174934832192896}, "time": 0.198}, "LinearSVC": {"clustering": {"adjusted_mutual_info_score": 0.46974516080217416, "adjusted_rand_score": 0.4668235654946485, "completeness_score": 0.49237615197422646, "fowlkes_mallows_score": 0.6095330234076056, "homogeneity_score": 0.4661685449315321, "v_measure_score": 0.47891407686203885}, "classification": {"f1_score": 0.6760537790697674, "hamming_loss": 0.295, "jaccard_score": 0.5462079426365141, "accuracy_score": 0.705, "recall_score": 0.7071243958517678, "precision_score": 0.690218718479588}, "time": 0.004}, "LogisticRegression": {"clustering": {"adjusted_mutual_info_score": 0.4558791503793686, "adjusted_rand_score": 0.45394610587490386, "completeness_score": 0.46900098853021255, "fowlkes_mallows_score": 0.5939160282851083, "homogeneity_score": 0.46117710929911443, "v_measure_score": 0.46505614495446185},