{"clustering_alg": {"affinity_propagation": {"clustering": {"adjusted_mutual_info_score": 3.2377126432793336e-16, "adjusted_rand_score": 0.0, "completeness_score": 1.0, "fowlkes_mallows_score": 0.5106053501136792, "homogeneity_score": 6.921669383039257e-16, "v_measure_score": 1.3843338766078504e-15}, "classification": {"f1_score": 0.0, "hamming_loss": 1.0, "jaccard_score": 0.0, "accuracy_score": 0.0, "recall_score": 0.0, "precision_score": 0.0}, "found_clusters": 1, "expected_clusters": 4, "time": 150.6233}, "agglomerative": {"clustering": {"adjusted_mutual_info_score": 0.24250687935203577, "adjusted_rand_score": 0.17422887013410973, "completeness_score": 0.24620844839655112, "fowlkes_mallows_score": 0.3975869101150971, "homogeneity_score": 0.2399012008147655, "v_measure_score": 0.2430139064999156}, "classification": {"f1_score": 0.45194787228908645, "hamming_loss": 0.5382, "jaccard_score": 0.3079472864543066, "accuracy_score": 0.4618, "recall_score": 0.4411137135583293, "precision_score": 0.4880679236880283}, "found_clusters": 4, "expected_clusters": 4, "time": 0.5976}, "birch": {"clustering": {"adjusted_mutual_info_score": 0.113605747641222, "adjusted_rand_score": 0.08367460345473322, "completeness_score": 0.17648890587769364, "fowlkes_mallows_score": 0.43418623813952506, "homogeneity_score": 0.08404924350097862, "v_measure_score": 0.11387014961694408}, "classification": {"f1_score": 0.10528752991166186, "hamming_loss": 0.8304, "jaccard_score": 0.05951910732694315, "accuracy_score": 0.1696, "recall_score": 0.16213996468152478, "precision_score": 0.07795534850322473}, "found_clusters": 2, "expected_clusters": 4, "time": 0.084}, "dbscan": {"clustering": {"adjusted_mutual_info_score": 3.2377126432793336e-16, "adjusted_rand_score": 0.0, "completeness_score": 1.0, "fowlkes_mallows_score": 0.5106053501136792, "homogeneity_score": 6.921669383039257e-16, "v_measure_score": 1.3843338766078504e-15}, "classification": {"f1_score": 0.11913467397928094, "hamming_loss": 0.6872, "jaccard_score": 0.0782, "accuracy_score": 0.3128, "recall_score": 0.25, "precision_score": 0.0782}, "found_clusters": 1, "expected_clusters": 4, "time": 0.193}, "k_means": {"clustering": {"adjusted_mutual_info_score": 0.246300069420352, "adjusted_rand_score": 0.18805223118574757, "completeness_score": 0.24615833093390005, "fowlkes_mallows_score": 0.39873135112717256, "homogeneity_score": 0.2474385185069334, "v_measure_score": 0.24679676457993566}, "classification": {"f1_score": 0.49413106250122313, "hamming_loss": 0.5102, "jaccard_score": 0.34316618276847516, "accuracy_score": 0.4898, "recall_score": 0.5264803305770572, "precision_score": 0.5022407866105129}, "found_clusters": 4, "expected_clusters": 4, "time": 0.112}, "mini_batch_k_means": {"clustering": {"adjusted_mutual_info_score": 0.25329772640543474, "adjusted_rand_score": 0.19972863082715872, "completeness_score": 0.25339133118830487, "fowlkes_mallows_score": 0.40795970454769104, "homogeneity_score": 0.25419055791208517, "v_measure_score": 0.2537903153282215}, "classification": {"f1_score": 0.49996943657645343, "hamming_loss": 0.5006, "jaccard_score": 0.3505924982078505, "accuracy_score": 0.4994, "recall_score": 0.5385212667192976, "precision_score": 0.5041627171465933}, "found_clusters": 4, "expected_clusters": 4, "time": 0.033}, "mean_shift": {"clustering": {"adjusted_mutual_info_score": 3.2377126432793336e-16, "adjusted_rand_score": 0.0, "completeness_score": 1.0, "fowlkes_mallows_score": 0.5106053501136792, "homogeneity_score": 6.921669383039257e-16, "v_measure_score": 1.3843338766078504e-15}, "classification": {"f1_score": 0.11913467397928094, "hamming_loss": 0.6872, "jaccard_score": 0.0782, "accuracy_score": 0.3128, "recall_score": 0.25, "precision_score": 0.0782}, "found_clusters": 1, "expected_clusters": 4, "time": 41.3081}, "optics": {"clustering": {"adjusted_mutual_info_score": 0.09262932791354125, "adjusted_rand_score": 0.0010467847671980378, "completeness_score": 0.09079491295599415, "fowlkes_mallows_score": 0.24795780091721123, "homogeneity_score": 0.24095343476955758, "v_measure_score": 0.13189121384531177}, "classification": {"f1_score": 5.009290575178612e-05, "hamming_loss": 0.9984, "jaccard_score": 2.5138571572810084e-05, "accuracy_score": 0.0016, "recall_score": 2.5198440721034613e-05, "precision_score": 0.004451682953311618}, "found_clusters": 307, "expected_clusters": 4, "time": 3.9555}, "spectral_clustering": {"clustering": {"adjusted_mutual_info_score": 0.20818142156095928, "adjusted_rand_score": 0.09597664877103752, "completeness_score": 0.2186003341142122, "fowlkes_mallows_score": 0.3567299399347484, "homogeneity_score": 0.19970957542921713, "v_measure_score": 0.20872840407861223}, "classification": {"f1_score": 0.42178466942032333, "hamming_loss": 0.5864, "jaccard_score": 0.27164315581232445, "accuracy_score": 0.4136, "recall_score": 0.46039935217869926, "precision_score": 0.5364090185807491}, "found_clusters": 4, "expected_clusters": 4, "time": 2.7651}, "gaussian_mixture_model": {"clustering": {"adjusted_mutual_info_score": 0.2464286025175148, "adjusted_rand_score": 0.18114783886146152, "completeness_score": 0.24772523191178017, "fowlkes_mallows_score": 0.3970775350856917, "homogeneity_score": 0.2461361223436201, "v_measure_score": 0.24692812046964432}, "classification": {"f1_score": 0.49388727641858876, "hamming_loss": 0.509, "jaccard_score": 0.34330060496261255, "accuracy_score": 0.491, "recall_score": 0.5300105076622712, "precision_score": 0.5107122463241094}, "found_clusters": 4, "expected_clusters": 4, "time": 0.037}}, "classification_alg": {"KNeighborsClassifier": {"clustering": {"adjusted_mutual_info_score": 0.19078870567279008, "adjusted_rand_score": 0.19427376474136338, "completeness_score": 0.1949297083531134, "fowlkes_mallows_score": 0.4055918382842404, "homogeneity_score": 0.19204944469817647, "v_measure_score": 0.19347885770699988}, "classification": {"f1_score": 0.5105436220384485, "hamming_loss": 0.474, "jaccard_score": 0.3597857017103695, "accuracy_score": 0.526, "recall_score": 0.5176310828208783, "precision_score": 0.509760023874083}, "time": 0.029}, "DecisionTreeClassifier": {"clustering": {"adjusted_mutual_info_score": 0.17004948744823437, "adjusted_rand_score": 0.16902515988061717, "completeness_score": 0.17219835680667886, "fowlkes_mallows_score": 0.3808321624624287, "homogeneity_score": 0.17336186295295905, "v_measure_score": 0.1727781511089955}, "classification": {"f1_score": 0.5019625276883666, "hamming_loss": 0.494, "jaccard_score": 0.3475349812499643, "accuracy_score": 0.506, "recall_score": 0.5031186046595892, "precision_score": 0.5019280160807069}, "time": 0.01}, "RandomForestClassifier": {"clustering": {"adjusted_mutual_info_score": 0.20406909309178245, "adjusted_rand_score": 0.21089903352751893, "completeness_score": 0.20585027733614067, "fowlkes_mallows_score": 0.4117135590094047, "homogeneity_score": 0.20752460997763286, "v_measure_score": 0.20668405280045063}, "classification": {"f1_score": 0.5359115473245908, "hamming_loss": 0.457, "jaccard_score": 0.3798801010786872, "accuracy_score": 0.543, "recall_score": 0.5434443257930961, "precision_score": 0.5338415122388731}, "time": 0.439}, "LinearSVC": {"clustering": {"adjusted_mutual_info_score": 0.26965570449889115, "adjusted_rand_score": 0.2715378812895123, "completeness_score": 0.2952377016323411, "fowlkes_mallows_score": 0.4865241650117026, "homogeneity_score": 0.2526273430962187, "v_measure_score": 0.2722755060314744}, "classification": {"f1_score": 0.48120336970473143, "hamming_loss": 0.445, "jaccard_score": 0.35781751884571805, "accuracy_score": 0.555, "recall_score": 0.5384862469153326, "precision_score": 0.4583437093520971}, "time": 0.015}, "LogisticRegression": {"clustering": {"adjusted_mutual_info_score": 0.2714940936906376, "adjusted_rand_score": 0.27759278978344565, "completeness_score": 0.2792287362194076, "fowlkes_mallows_score": 0.47218544410185065, "homogeneity_score": 0.2688566882570344,