{"clustering_alg": {"affinity_propagation": {"clustering": {"adjusted_mutual_info_score": -1.281370601507323e-15, "adjusted_rand_score": 0.0, "completeness_score": 1.0, "fowlkes_mallows_score": 0.4998499474782395, "homogeneity_score": 6.40685300762983e-16, "v_measure_score": 1.2813706015259653e-15}, "classification": {"f1_score": 0.0, "hamming_loss": 1.0, "jaccard_score": 0.0, "accuracy_score": 0.0, "recall_score": 0.0, "precision_score": 0.0}, "found_clusters": 1, "expected_clusters": 4, "time": 145.3121}, "agglomerative": {"clustering": {"adjusted_mutual_info_score": 0.9969543864554749, "adjusted_rand_score": 0.9984009619212275, "completeness_score": 0.9969568831492832, "fowlkes_mallows_score": 0.9988004821140335, "homogeneity_score": 0.996955847568868, "v_measure_score": 0.9969563653588066}, "classification": {"f1_score": 0.9993999991359988, "hamming_loss": 0.0006, "jaccard_score": 0.9988014365522746, "accuracy_score": 0.9994, "recall_score": 0.9994000000000001, "precision_score": 0.9994014365522745}, "found_clusters": 4, "expected_clusters": 4, "time": 0.678}, "birch": {"clustering": {"adjusted_mutual_info_score": 0.8557962493240693, "adjusted_rand_score": 0.7139019973935784, "completeness_score": 0.9984362309636161, "fowlkes_mallows_score": 0.8161698951675351, "homogeneity_score": 0.7489269304309852, "v_measure_score": 0.8558676275284025}, "classification": {"f1_score": 0.2499000399840064, "hamming_loss": 0.75, "jaccard_score": 0.24980015987210233, "accuracy_score": 0.25, "recall_score": 0.25, "precision_score": 0.24980015987210233}, "found_clusters": 3, "expected_clusters": 4, "time": 0.167}, "dbscan": {"clustering": {"adjusted_mutual_info_score": 0.8346603206607369, "adjusted_rand_score": 0.7063238528735432, "completeness_score": 0.9531398029815072, "fowlkes_mallows_score": 0.8088613859931605, "homogeneity_score": 0.7425716842739183, "v_measure_score": 0.8347819003031572}, "classification": {"f1_score": 0.669270836404926, "hamming_loss": 0.2534, "jaccard_score": 0.6226412243746837, "accuracy_score": 0.7466, "recall_score": 0.7465999999999999, "precision_score": 0.7007833329105223}, "found_clusters": 4, "expected_clusters": 4, "time": 0.047}, "k_means": {"clustering": {"adjusted_mutual_info_score": 0.9957807549723025, "adjusted_rand_score": 0.9978681636002091, "completeness_score": 0.9957842437656489, "fowlkes_mallows_score": 0.9984008039716665, "homogeneity_score": 0.9957827491344052, "v_measure_score": 0.9957834964494662}, "classification": {"f1_score": 0.9991997585268831, "hamming_loss": 0.0008, "jaccard_score": 0.9984015964243769, "accuracy_score": 0.9992, "recall_score": 0.9992, "precision_score": 0.9992015964243769}, "found_clusters": 4, "expected_clusters": 4, "time": 0.038}, "mini_batch_k_means": {"clustering": {"adjusted_mutual_info_score": 0.9957807549723025, "adjusted_rand_score": 0.9978681636002091, "completeness_score": 0.9957842437656489, "fowlkes_mallows_score": 0.9984008039716665, "homogeneity_score": 0.9957827491344052, "v_measure_score": 0.9957834964494662}, "classification": {"f1_score": 0.9991997585268831, "hamming_loss": 0.0008, "jaccard_score": 0.9984015964243769, "accuracy_score": 0.9992, "recall_score": 0.9992, "precision_score": 0.9992015964243769}, "found_clusters": 4, "expected_clusters": 4, "time": 0.029}, "mean_shift": {"clustering": {"adjusted_mutual_info_score": -1.281370601507323e-15, "adjusted_rand_score": 0.0, "completeness_score": 1.0, "fowlkes_mallows_score": 0.4998499474782395, "homogeneity_score": 6.40685300762983e-16, "v_measure_score": 1.2813706015259653e-15}, "classification": {"f1_score": 0.1, "hamming_loss": 0.75, "jaccard_score": 0.0625, "accuracy_score": 0.25, "recall_score": 0.25, "precision_score": 0.0625}, "found_clusters": 1, "expected_clusters": 4, "time": 18.9566}, "optics": {"clustering": {"adjusted_mutual_info_score": 0.24416646323870034, "adjusted_rand_score": 0.0034185153120508925, "completeness_score": 0.19506137341984525, "fowlkes_mallows_score": 0.25653025773650395, "homogeneity_score": 0.4928967829063775, "v_measure_score": 0.2795086373897144}, "classification": {"f1_score": 2.4822827071775203e-05, "hamming_loss": 0.999, "jaccard_score": 1.2461059190031153e-05, "accuracy_score": 0.001, "recall_score": 1.2461059190031153e-05, "precision_score": 0.003115264797507788}, "found_clusters": 321, "expected_clusters": 4, "time": 2.9563}, "spectral_clustering": {"clustering": {"adjusted_mutual_info_score": 0.9957807549723025, "adjusted_rand_score": 0.9978681636002091, "completeness_score": 0.9957842437656489, "fowlkes_mallows_score": 0.9984008039716665, "homogeneity_score": 0.9957827491344052, "v_measure_score": 0.9957834964494662}, "classification": {"f1_score": 0.9991997585268831, "hamming_loss": 0.0008, "jaccard_score": 0.9984015964243769, "accuracy_score": 0.9992, "recall_score": 0.9992, "precision_score": 0.9992015964243769}, "found_clusters": 4, "expected_clusters": 4, "time": 3.0372}, "gaussian_mixture_model": {"clustering": {"adjusted_mutual_info_score": 0.9957807549723026, "adjusted_rand_score": 0.9978681636002091, "completeness_score": 0.995784243765649, "fowlkes_mallows_score": 0.9984008039716665, "homogeneity_score": 0.9957827491344053, "v_measure_score": 0.9957834964494663}, "classification": {"f1_score": 0.9991997585268831, "hamming_loss": 0.0008, "jaccard_score": 0.9984015964243769, "accuracy_score": 0.9992, "recall_score": 0.9992, "precision_score": 0.9992015964243769}, "found_clusters": 4, "expected_clusters": 4, "time": 0.014}}, "classification_alg": {"KNeighborsClassifier": {"clustering": {"adjusted_mutual_info_score": 1.0, "adjusted_rand_score": 1.0, "completeness_score": 1.0, "fowlkes_mallows_score": 1.0, "homogeneity_score": 1.0, "v_measure_score": 1.0}, "classification": {"f1_score": 1.0, "hamming_loss": 0.0, "jaccard_score": 1.0, "accuracy_score": 1.0, "recall_score": 1.0, "precision_score": 1.0}, "time": 0.028}, "DecisionTreeClassifier": {"clustering": {"adjusted_mutual_info_score": 1.0, "adjusted_rand_score": 1.0, "completeness_score": 1.0, "fowlkes_mallows_score": 1.0, "homogeneity_score": 1.0, "v_measure_score": 1.0}, "classification": {"f1_score": 1.0, "hamming_loss": 0.0, "jaccard_score": 1.0, "accuracy_score": 1.0, "recall_score": 1.0, "precision_score": 1.0}, "time": 0.003}, "RandomForestClassifier": {"clustering": {"adjusted_mutual_info_score": 1.0, "adjusted_rand_score": 1.0, "completeness_score": 1.0, "fowlkes_mallows_score": 1.0, "homogeneity_score": 1.0, "v_measure_score": 1.0}, "classification": {"f1_score": 1.0, "hamming_loss": 0.0, "jaccard_score": 1.0, "accuracy_score": 1.0, "recall_score": 1.0, "precision_score": 1.0}, "time": 0.2125}, "LinearSVC": {"clustering": {"adjusted_mutual_info_score": 1.0, "adjusted_rand_score": 1.0, "completeness_score": 1.0, "fowlkes_mallows_score": 1.0, "homogeneity_score": 1.0, "v_measure_score": 1.0}, "classification": {"f1_score": 1.0, "hamming_loss": 0.0, "jaccard_score": 1.0, "accuracy_score": 1.0, "recall_score": 1.0, "precision_score": 1.0}, "time": 0.032}, "LogisticRegression": {"clustering": {"adjusted_mutual_info_score": 1.0, "adjusted_rand_score": 1.0, "completeness_score": 1.0, "fowlkes_mallows_score": 1.0, "homogeneity_score": 1.0, "v_measure_score": 1.0}, "classification": {"f1_score": 1.0, "hamming_loss": 0.0, "jaccard_score": 1.0, "accuracy_score": 1.0, "recall_score": 1.0, "precision_score": 1.0}, "time": 0.074}, "GaussianNB": {"clustering": {"adjusted_mutual_info_score": 1.0, "adjusted_rand_score": 1.0, "completeness_score": 1.0, "fowlkes_mallows_score": 1.0, "homogeneity_score": 1.0, "v_measure_score": 1.0}, "classification": {"f1_score": 1.0, "hamming_loss": 0.0, "jaccard_score": 1.0, "accuracy_score": 1.0, "recall_score": 1.0, "precision_score": 1.0}, "time": 0.001}}}