{"clustering_alg": {"affinity_propagation": {"clustering": {"adjusted_mutual_info_score": 0.32230773316703476, "adjusted_rand_score": 0.06439430785832395, "completeness_score": 0.23212197996233402, "fowlkes_mallows_score": 0.19210700978818646, "homogeneity_score": 0.6639703946840105, "v_measure_score": 0.3439871312625585}, "classification": {"f1_score": 0.003767279834807144, "hamming_loss": 0.971, "jaccard_score": 0.001996476859624186, "accuracy_score": 0.029, "recall_score": 0.0020276545074656405, "precision_score": 0.02652267461105594}, "found_clusters": 53, "expected_clusters": 4, "time": 1.9445}, "agglomerative": {"clustering": {"adjusted_mutual_info_score": 0.4239124428841626, "adjusted_rand_score": 0.3592617851601626, "completeness_score": 0.4286811392855198, "fowlkes_mallows_score": 0.5285408629643558, "homogeneity_score": 0.42302347334426943, "v_measure_score": 0.4258335150676546}, "classification": {"f1_score": 0.6960081010058372, "hamming_loss": 0.322, "jaccard_score": 0.5578437188715226, "accuracy_score": 0.678, "recall_score": 0.7175751425006638, "precision_score": 0.7089730222678199}, "found_clusters": 4, "expected_clusters": 4, "time": 0.044}, "birch": {"clustering": {"adjusted_mutual_info_score": 0.39324334773181446, "adjusted_rand_score": 0.23620457388730026, "completeness_score": 0.517425706475574, "fowlkes_mallows_score": 0.528327676945076, "homogeneity_score": 0.31929597534580373, "v_measure_score": 0.39490298675773816}, "classification": {"f1_score": 0.46827760312770916, "hamming_loss": 0.495, "jaccard_score": 0.36415036739006407, "accuracy_score": 0.505, "recall_score": 0.5594471119744208, "precision_score": 0.5184714049133808}, "found_clusters": 3, "expected_clusters": 4, "time": 0.0351}, "dbscan": {"clustering": {"adjusted_mutual_info_score": 0.015527116056879947, "adjusted_rand_score": -0.0030314533355140414, "completeness_score": 0.21032171344541445, "fowlkes_mallows_score": 0.5017522598238503, "homogeneity_score": 0.009329380276624322, "v_measure_score": 0.01786625517691749}, "classification": {"f1_score": 0.07993527508090616, "hamming_loss": 0.753, "jaccard_score": 0.04994944388270981, "accuracy_score": 0.247, "recall_score": 0.2, "precision_score": 0.04994944388270981}, "found_clusters": 2, "expected_clusters": 4, "time": 0.034}, "k_means": {"clustering": {"adjusted_mutual_info_score": 0.5192316193628939, "adjusted_rand_score": 0.4690462991087949, "completeness_score": 0.5229154760298297, "fowlkes_mallows_score": 0.6084352539021568, "homogeneity_score": 0.5187620226121498, "v_measure_score": 0.5208304688429554}, "classification": {"f1_score": 0.7733651041715341, "hamming_loss": 0.235, "jaccard_score": 0.6401002505674447, "accuracy_score": 0.765, "recall_score": 0.7973438039947474, "precision_score": 0.7907626370223806}, "found_clusters": 4, "expected_clusters": 4, "time": 0.118}, "mini_batch_k_means": {"clustering": {"adjusted_mutual_info_score": 0.5110387441677292, "adjusted_rand_score": 0.4558988602660618, "completeness_score": 0.5156092857260356, "fowlkes_mallows_score": 0.5993054072548053, "homogeneity_score": 0.5097595286394687, "v_measure_score": 0.5126677206707906}, "classification": {"f1_score": 0.7636512214282208, "hamming_loss": 0.246, "jaccard_score": 0.6310424582983293, "accuracy_score": 0.754, "recall_score": 0.7890232020544831, "precision_score": 0.7821258573326898}, "found_clusters": 4, "expected_clusters": 4, "time": 0.0471}, "mean_shift": {"clustering": {"adjusted_mutual_info_score": 1.6917817413358998e-17, "adjusted_rand_score": 0.0, "completeness_score": 1.0, "fowlkes_mallows_score": 0.5095268566205491, "homogeneity_score": 0.0, "v_measure_score": 0.0}, "classification": {"f1_score": 0.09903769045709704, "hamming_loss": 0.753, "jaccard_score": 0.06175, "accuracy_score": 0.247, "recall_score": 0.25, "precision_score": 0.06175}, "found_clusters": 1, "expected_clusters": 4, "time": 11.5547}, "optics": {"clustering": {"adjusted_mutual_info_score": 0.10959947478904658, "adjusted_rand_score": 0.00552861436349624, "completeness_score": 0.18403501714769419, "fowlkes_mallows_score": 0.44025401641488765, "homogeneity_score": 0.11495253683580924, "v_measure_score": 0.1415128610264248}, "classification": {"f1_score": 0.0013640238704177323, "hamming_loss": 0.996, "jaccard_score": 0.0006928806513078123, "accuracy_score": 0.004, "recall_score": 0.0007041013906002464, "precision_score": 0.021739130434782608}, "found_clusters": 23, "expected_clusters": 4, "time": 1.2319}, "spectral_clustering": {"clustering": {"adjusted_mutual_info_score": 0.532284964978689, "adjusted_rand_score": 0.45358273071501765, "completeness_score": 0.53948595101136, "fowlkes_mallows_score": 0.599324415459156, "homogeneity_score": 0.5283320365417993, "v_measure_score": 0.5338507395565513}, "classification": {"f1_score": 0.7670024094762843, "hamming_loss": 0.246, "jaccard_score": 0.6372161795393511, "accuracy_score": 0.754, "recall_score": 0.7883421725576641, "precision_score": 0.799474019113125}, "found_clusters": 4, "expected_clusters": 4, "time": 0.3325}, "gaussian_mixture_model": {"clustering": {"adjusted_mutual_info_score": 0.5485333690472243, "adjusted_rand_score": 0.42411606014365427, "completeness_score": 0.610011435684324, "fowlkes_mallows_score": 0.6155087892272575, "homogeneity_score": 0.5010383880853598, "v_measure_score": 0.550180810815317}, "classification": {"f1_score": 0.538160954775256, "hamming_loss": 0.405, "jaccard_score": 0.4250772031807501, "accuracy_score": 0.595, "recall_score": 0.5735166562996752, "precision_score": 0.5770830943034874}, "found_clusters": 4, "expected_clusters": 4, "time": 0.056}}, "classification_alg": {"KNeighborsClassifier": {"clustering": {"adjusted_mutual_info_score": 0.6546001331347541, "adjusted_rand_score": 0.6302579592383237, "completeness_score": 0.6573596333773738, "fowlkes_mallows_score": 0.724399797108338, "homogeneity_score": 0.6634823965152443, "v_measure_score": 0.6604068239122588}, "classification": {"f1_score": 0.8535016501650166, "hamming_loss": 0.155, "jaccard_score": 0.7571304563492064, "accuracy_score": 0.845, "recall_score": 0.8590527561625946, "precision_score": 0.8537524366471736}, "time": 0.012}, "DecisionTreeClassifier": {"clustering": {"adjusted_mutual_info_score": 0.4474028450434836, "adjusted_rand_score": 0.46539165101265717, "completeness_score": 0.45602205089502257, "fowlkes_mallows_score": 0.6026876811117146, "homogeneity_score": 0.45743111269809483, "v_measure_score": 0.45672549501113613}, "classification": {"f1_score": 0.7754895480459391, "hamming_loss": 0.23, "jaccard_score": 0.6353470332944682, "accuracy_score": 0.77, "recall_score": 0.7770687439567017, "precision_score": 0.7747611865258924}, "time": 0.008}, "RandomForestClassifier": {"clustering": {"adjusted_mutual_info_score": 0.7067083443548716, "adjusted_rand_score": 0.71977122555686, "completeness_score": 0.7104240404217972, "fowlkes_mallows_score": 0.7917103554775318, "homogeneity_score": 0.7128907205762509, "v_measure_score": 0.7116552430550971}, "classification": {"f1_score": 0.8951012392028931, "hamming_loss": 0.11, "jaccard_score": 0.8163223027609819, "accuracy_score": 0.89, "recall_score": 0.8969533928279916, "precision_score": 0.8938795986622072}, "time": 0.3012}, "LinearSVC": {"clustering": {"adjusted_mutual_info_score": 0.6499775036952006, "adjusted_rand_score": 0.6551566300096481, "completeness_score": 0.6543711669290752, "fowlkes_mallows_score": 0.7435469214860371, "homogeneity_score": 0.6573904252063655, "v_measure_score": 0.6558773213812378}, "classification": {"f1_score": 0.8646013708513709, "hamming_loss": 0.14, "jaccard_score": 0.768606313455479, "accuracy_score": 0.86, "recall_score": 0.8703134352723513, "precision_score": 0.8619663270648807}, "time": 0.005}, "LogisticRegression": {"clustering": {"adjusted_mutual_info_score": 0.6513788502266709, "adjusted_rand_score": 0.6542559392438655, "completeness_score": 0.6557086271192223, "fowlkes_mallows_score": 0.7428853407818572,