{"clustering_alg": {"affinity_propagation": {"clustering": {"adjusted_mutual_info_score": 0.17770676634463445, "adjusted_rand_score": 0.04101454443403574, "completeness_score": 0.13681392841254383, "fowlkes_mallows_score": 0.1527701973280887, "homogeneity_score": 0.3328699084238791, "v_measure_score": 0.19392295944667687}, "classification": {"f1_score": 0.005217420504966295, "hamming_loss": 0.976, "jaccard_score": 0.002711902814014673, "accuracy_score": 0.024, "recall_score": 0.002960379187588164, "precision_score": 0.022561039979489963}, "found_clusters": 31, "expected_clusters": 4, "time": 6.4248}, "agglomerative": {"clustering": {"adjusted_mutual_info_score": 0.20068399195932268, "adjusted_rand_score": 0.16601991108282274, "completeness_score": 0.2034505235812918, "fowlkes_mallows_score": 0.37574533640149105, "homogeneity_score": 0.20314571230195091, "v_measure_score": 0.20329800368833048}, "classification": {"f1_score": 0.46277964602625854, "hamming_loss": 0.541, "jaccard_score": 0.3178368640574991, "accuracy_score": 0.459, "recall_score": 0.45316186196174285, "precision_score": 0.4775499563202287}, "found_clusters": 4, "expected_clusters": 4, "time": 0.035}, "birch": {"clustering": {"adjusted_mutual_info_score": 0.17523823412167075, "adjusted_rand_score": 0.14745937206926552, "completeness_score": 0.26429789086944844, "fowlkes_mallows_score": 0.45819691659688216, "homogeneity_score": 0.1324130652842765, "v_measure_score": 0.17643321080666985}, "classification": {"f1_score": 0.2755235602094241, "hamming_loss": 0.579, "jaccard_score": 0.19316788512605318, "accuracy_score": 0.421, "recall_score": 0.40264837819185645, "precision_score": 0.20974481301229508}, "found_clusters": 2, "expected_clusters": 4, "time": 0.024}, "dbscan": {"clustering": {"adjusted_mutual_info_score": -4.238735681542888e-17, "adjusted_rand_score": 0.0, "completeness_score": 1.0, "fowlkes_mallows_score": 0.500900090737565, "homogeneity_score": 0.0, "v_measure_score": 0.0}, "classification": {"f1_score": 0.10063897763578275, "hamming_loss": 0.748, "jaccard_score": 0.063, "accuracy_score": 0.252, "recall_score": 0.25, "precision_score": 0.063}, "found_clusters": 1, "expected_clusters": 4, "time": 0.02}, "k_means": {"clustering": {"adjusted_mutual_info_score": 0.1920234461958534, "adjusted_rand_score": 0.1438105113412708, "completeness_score": 0.19730606028746897, "fowlkes_mallows_score": 0.36604818969955516, "homogeneity_score": 0.19216124413322325, "v_measure_score": 0.19469967100966437}, "classification": {"f1_score": 0.4501854799710956, "hamming_loss": 0.557, "jaccard_score": 0.30035107408581535, "accuracy_score": 0.443, "recall_score": 0.43873458699992346, "precision_score": 0.4830149030960248}, "found_clusters": 4, "expected_clusters": 4, "time": 0.052}, "mini_batch_k_means": {"clustering": {"adjusted_mutual_info_score": 0.18487906991148062, "adjusted_rand_score": 0.14033110650059788, "completeness_score": 0.19072444816369763, "fowlkes_mallows_score": 0.36548486546255077, "homogeneity_score": 0.18455266618509342, "v_measure_score": 0.1875878068204104}, "classification": {"f1_score": 0.4379932098784598, "hamming_loss": 0.566, "jaccard_score": 0.2907328620991412, "accuracy_score": 0.434, "recall_score": 0.42954818327063715, "precision_score": 0.47262887792750213}, "found_clusters": 4, "expected_clusters": 4, "time": 0.06}, "mean_shift": {"clustering": {"adjusted_mutual_info_score": -4.238735681542888e-17, "adjusted_rand_score": 0.0, "completeness_score": 1.0, "fowlkes_mallows_score": 0.500900090737565, "homogeneity_score": 0.0, "v_measure_score": 0.0}, "classification": {"f1_score": 0.10063897763578275, "hamming_loss": 0.748, "jaccard_score": 0.063, "accuracy_score": 0.252, "recall_score": 0.25, "precision_score": 0.063}, "found_clusters": 1, "expected_clusters": 4, "time": 10.9262}, "optics": {"clustering": {"adjusted_mutual_info_score": 0.11445664312756085, "adjusted_rand_score": 0.00393041451231559, "completeness_score": 0.12053372515726654, "fowlkes_mallows_score": 0.2560125171707012, "homogeneity_score": 0.23365133900286128, "v_measure_score": 0.15902910160698192}, "classification": {"f1_score": 0.0009161704076958315, "hamming_loss": 0.993, "jaccard_score": 0.00047080979284369113, "accuracy_score": 0.007, "recall_score": 0.00047080979284369113, "precision_score": 0.01694915254237288}, "found_clusters": 59, "expected_clusters": 4, "time": 0.769}, "spectral_clustering": {"clustering": {"adjusted_mutual_info_score": 0.1725002291660533, "adjusted_rand_score": 0.09004659794257229, "completeness_score": 0.1850637944317872, "fowlkes_mallows_score": 0.34572561798597706, "homogeneity_score": 0.16660911677103737, "v_measure_score": 0.1753522341605323}, "classification": {"f1_score": 0.41262991374250746, "hamming_loss": 0.596, "jaccard_score": 0.2653496351099114, "accuracy_score": 0.404, "recall_score": 0.396776408688261, "precision_score": 0.5342054498814794}, "found_clusters": 4, "expected_clusters": 4, "time": 0.3028}, "gaussian_mixture_model": {"clustering": {"adjusted_mutual_info_score": 0.18982417767024787, "adjusted_rand_score": 0.15053097823687475, "completeness_score": 0.19464335031034377, "fowlkes_mallows_score": 0.37002024959037977, "homogeneity_score": 0.19040645750735857, "v_measure_score": 0.1925015935990425}, "classification": {"f1_score": 0.4400544898425639, "hamming_loss": 0.561, "jaccard_score": 0.29514998557338334, "accuracy_score": 0.439, "recall_score": 0.4285951169140567, "precision_score": 0.4673486908444473}, "found_clusters": 4, "expected_clusters": 4, "time": 0.016}}, "classification_alg": {"KNeighborsClassifier": {"clustering": {"adjusted_mutual_info_score": 0.17150980424679282, "adjusted_rand_score": 0.18088714330466132, "completeness_score": 0.18553046985381222, "fowlkes_mallows_score": 0.3840804850181841, "homogeneity_score": 0.18505600015377363, "v_measure_score": 0.18529293126699398}, "classification": {"f1_score": 0.5181339384943832, "hamming_loss": 0.475, "jaccard_score": 0.3623674874682127, "accuracy_score": 0.525, "recall_score": 0.5260470532507007, "precision_score": 0.515351839947318}, "time": 0.007}, "DecisionTreeClassifier": {"clustering": {"adjusted_mutual_info_score": 0.10217779335720596, "adjusted_rand_score": 0.09436638531715554, "completeness_score": 0.11707915846122834, "fowlkes_mallows_score": 0.3181124931945329, "homogeneity_score": 0.11710275996366523, "v_measure_score": 0.11709095802313439}, "classification": {"f1_score": 0.41928697891517785, "hamming_loss": 0.58, "jaccard_score": 0.2744597454968334, "accuracy_score": 0.42, "recall_score": 0.42091343307148776, "precision_score": 0.41789505400268856}, "time": 0.002}, "RandomForestClassifier": {"clustering": {"adjusted_mutual_info_score": 0.1737208439989801, "adjusted_rand_score": 0.16129845799691828, "completeness_score": 0.18771227560219306, "fowlkes_mallows_score": 0.36932984632937005, "homogeneity_score": 0.18722394334576298, "v_measure_score": 0.18746779146203277}, "classification": {"f1_score": 0.4863191923392854, "hamming_loss": 0.51, "jaccard_score": 0.3343459192823984, "accuracy_score": 0.49, "recall_score": 0.4895590731456993, "precision_score": 0.48417742469381}, "time": 0.315}, "LinearSVC": {"clustering": {"adjusted_mutual_info_score": 0.1868520716954265, "adjusted_rand_score": 0.18192196046682504, "completeness_score": 0.22269723011181258, "fowlkes_mallows_score": 0.4179661944375588, "homogeneity_score": 0.1763880716824027, "v_measure_score": 0.19685583413788507}, "classification": {"f1_score": 0.4156134515890613, "hamming_loss": 0.51, "jaccard_score": 0.29306834539467197, "accuracy_score": 0.49, "recall_score": 0.48385899814471245, "precision_score": 0.3651607087074035}, "time": 0.005}, "LogisticRegression": {"clustering": {"adjusted_mutual_info_score": 0.2200564030353499, "adjusted_rand_score": 0.2074587867139482, "completeness_score": 0.26038580223352964, "fowlkes_mallows_score": 0.4349472370347638, "homogeneity_score": 0.21392883270942917,