{"clustering_alg": {"affinity_propagation": {"clustering": {"adjusted_mutual_info_score": 0.39961955901084123, "adjusted_rand_score": 0.1340020383866376, "completeness_score": 0.2916180791013714, "fowlkes_mallows_score": 0.28202196277594366, "homogeneity_score": 0.6944976482226187, "v_measure_score": 0.4107592334313497}, "classification": {"f1_score": 0.00706713780918728, "hamming_loss": 0.971, "jaccard_score": 0.003937007874015748, "accuracy_score": 0.029, "recall_score": 0.004016064257028113, "precision_score": 0.029411764705882353}, "found_clusters": 29, "expected_clusters": 4, "time": 6.78}, "agglomerative": {"clustering": {"adjusted_mutual_info_score": 0.4893581820101795, "adjusted_rand_score": 0.38483759433322706, "completeness_score": 0.5070445438056157, "fowlkes_mallows_score": 0.5534191902973198, "homogeneity_score": 0.4760834015146158, "v_measure_score": 0.4910764510020617}, "classification": {"f1_score": 0.651758854970558, "hamming_loss": 0.343, "jaccard_score": 0.49226537267747544, "accuracy_score": 0.657, "recall_score": 0.6555233134546145, "precision_score": 0.7021657884171634}, "found_clusters": 4, "expected_clusters": 4, "time": 0.059}, "birch": {"clustering": {"adjusted_mutual_info_score": 0.39547121727384926, "adjusted_rand_score": 0.3383792148037277, "completeness_score": 0.4500387136522777, "fowlkes_mallows_score": 0.5336388790534697, "homogeneity_score": 0.35504698378066196, "v_measure_score": 0.3969388311735091}, "classification": {"f1_score": 0.20378884978565637, "hamming_loss": 0.77, "jaccard_score": 0.13260468132138833, "accuracy_score": 0.23, "recall_score": 0.22844393761758874, "precision_score": 0.18455870012932651}, "found_clusters": 3, "expected_clusters": 4, "time": 0.0266}, "dbscan": {"clustering": {"adjusted_mutual_info_score": 0.0029065220025428534, "adjusted_rand_score": 7.833914291030888e-05, "completeness_score": 0.05799746902346987, "fowlkes_mallows_score": 0.49337646279707054, "homogeneity_score": 0.0027195585762137433, "v_measure_score": 0.005195495251229667}, "classification": {"f1_score": 0.0815471394037067, "hamming_loss": 0.747, "jaccard_score": 0.05121457489878543, "accuracy_score": 0.253, "recall_score": 0.2, "precision_score": 0.05121457489878543}, "found_clusters": 2, "expected_clusters": 4, "time": 0.01}, "k_means": {"clustering": {"adjusted_mutual_info_score": 0.5543017453028277, "adjusted_rand_score": 0.4803473146814267, "completeness_score": 0.5630046627940444, "fowlkes_mallows_score": 0.6146433696500307, "homogeneity_score": 0.5487263709784107, "v_measure_score": 0.5557738267152332}, "classification": {"f1_score": 0.7208232052570354, "hamming_loss": 0.275, "jaccard_score": 0.5720951867236512, "accuracy_score": 0.725, "recall_score": 0.7236313444087275, "precision_score": 0.7453722382477275}, "found_clusters": 4, "expected_clusters": 4, "time": 0.045}, "mini_batch_k_means": {"clustering": {"adjusted_mutual_info_score": 0.44926773085170196, "adjusted_rand_score": 0.3436432989983782, "completeness_score": 0.45290235172777177, "fowlkes_mallows_score": 0.5091207149341757, "homogeneity_score": 0.4492533996075619, "v_measure_score": 0.4510704962037794}, "classification": {"f1_score": 0.5849353538737501, "hamming_loss": 0.411, "jaccard_score": 0.4173222167465322, "accuracy_score": 0.589, "recall_score": 0.5879161670622849, "precision_score": 0.5878893946630028}, "found_clusters": 4, "expected_clusters": 4, "time": 0.028}, "mean_shift": {"clustering": {"adjusted_mutual_info_score": 0.3247203772852547, "adjusted_rand_score": 0.28347194953238697, "completeness_score": 0.49208045887267665, "fowlkes_mallows_score": 0.5562314789944677, "homogeneity_score": 0.24340256627738227, "v_measure_score": 0.32570064137136057}, "classification": {"f1_score": 0.2943762733921923, "hamming_loss": 0.556, "jaccard_score": 0.20868032740050851, "accuracy_score": 0.444, "recall_score": 0.4395115753811406, "precision_score": 0.2223819326860999}, "found_clusters": 2, "expected_clusters": 4, "time": 10.8161}, "optics": {"clustering": {"adjusted_mutual_info_score": 0.20404669852006938, "adjusted_rand_score": 0.008765442957809453, "completeness_score": 0.19208674376391074, "fowlkes_mallows_score": 0.2848724432554782, "homogeneity_score": 0.34178967407022576, "v_measure_score": 0.2459492996923308}, "classification": {"f1_score": 0.0010692328254477412, "hamming_loss": 0.992, "jaccard_score": 0.0005452073070607553, "accuracy_score": 0.008, "recall_score": 0.0005556287386720981, "precision_score": 0.014367816091954021}, "found_clusters": 58, "expected_clusters": 4, "time": 0.7696}, "spectral_clustering": {"clustering": {"adjusted_mutual_info_score": 0.5376392479966994, "adjusted_rand_score": 0.45586646293791794, "completeness_score": 0.5489970437259438, "fowlkes_mallows_score": 0.5985444845360919, "homogeneity_score": 0.5296966340110204, "v_measure_score": 0.5391741736240054}, "classification": {"f1_score": 0.7043739342506585, "hamming_loss": 0.291, "jaccard_score": 0.5523795552134407, "accuracy_score": 0.709, "recall_score": 0.7074615837208625, "precision_score": 0.7376994590025474}, "found_clusters": 4, "expected_clusters": 4, "time": 0.2957}, "gaussian_mixture_model": {"clustering": {"adjusted_mutual_info_score": 0.5564561077501642, "adjusted_rand_score": 0.49969385201060923, "completeness_score": 0.5645487292278929, "fowlkes_mallows_score": 0.6286151628738976, "homogeneity_score": 0.551444023371112, "v_measure_score": 0.5579194343501964}, "classification": {"f1_score": 0.7436790256089276, "hamming_loss": 0.253, "jaccard_score": 0.5992930400479085, "accuracy_score": 0.747, "recall_score": 0.7456775578900878, "precision_score": 0.7661638974196178}, "found_clusters": 4, "expected_clusters": 4, "time": 0.019}}, "classification_alg": {"KNeighborsClassifier": {"clustering": {"adjusted_mutual_info_score": 0.5096872156489564, "adjusted_rand_score": 0.5129511457097982, "completeness_score": 0.5200082994853598, "fowlkes_mallows_score": 0.6359090517711472, "homogeneity_score": 0.5158305678792267, "v_measure_score": 0.5179110088963913}, "classification": {"f1_score": 0.773862959285005, "hamming_loss": 0.22, "jaccard_score": 0.6338819398727233, "accuracy_score": 0.78, "recall_score": 0.7727990691225985, "precision_score": 0.7790476190476191}, "time": 0.007}, "DecisionTreeClassifier": {"clustering": {"adjusted_mutual_info_score": 0.494291824324666, "adjusted_rand_score": 0.49025680828535906, "completeness_score": 0.5029829493873611, "fowlkes_mallows_score": 0.6177955353625977, "homogeneity_score": 0.502492684161504, "v_measure_score": 0.5027376972489147}, "classification": {"f1_score": 0.7678257971703095, "hamming_loss": 0.23, "jaccard_score": 0.6242774317907436, "accuracy_score": 0.77, "recall_score": 0.7691065062388592, "precision_score": 0.7684576023391814}, "time": 0.002}, "RandomForestClassifier": {"clustering": {"adjusted_mutual_info_score": 0.5460722358984196, "adjusted_rand_score": 0.5635927606189756, "completeness_score": 0.5539577678014224, "fowlkes_mallows_score": 0.6727608097827301, "homogeneity_score": 0.5533511458478995, "v_measure_score": 0.5536542906604632}, "classification": {"f1_score": 0.8065715967098713, "hamming_loss": 0.19, "jaccard_score": 0.676718623557031, "accuracy_score": 0.81, "recall_score": 0.8061769657357892, "precision_score": 0.8071350818992329}, "time": 0.265}, "LinearSVC": {"clustering": {"adjusted_mutual_info_score": 0.543056106306566, "adjusted_rand_score": 0.5562242261397151, "completeness_score": 0.5523645897613524, "fowlkes_mallows_score": 0.6679506578878072, "homogeneity_score": 0.5490668025707375, "v_measure_score": 0.5507107592265178}, "classification": {"f1_score": 0.7999370505703511, "hamming_loss": 0.195, "jaccard_score": 0.6680660289531257, "accuracy_score": 0.805, "recall_score": 0.7991037829273124, "precision_score": 0.8041488779419814}, "time": 0.0189}, "LogisticRegression": {"clustering": {"adjusted_mutual_info_score": 0.5365603325220343, "adjusted_rand_score": 0.5479018013732737,