{"clustering_alg": {"affinity_propagation": {"clustering": {"adjusted_mutual_info_score": 0.0, "adjusted_rand_score": 0.0, "completeness_score": 1.0, "fowlkes_mallows_score": 0.49924868477468143, "homogeneity_score": 0.0, "v_measure_score": 0.0}, "classification": {"f1_score": 0.0, "hamming_loss": 1.0, "jaccard_score": 0.0, "accuracy_score": 0.0, "recall_score": 0.0, "precision_score": 0.0}, "found_clusters": 1, "expected_clusters": 4, "time": 10.4924}, "agglomerative": {"clustering": {"adjusted_mutual_info_score": 0.890706873585949, "adjusted_rand_score": 0.8904784297599317, "completeness_score": 0.8910952956884094, "fowlkes_mallows_score": 0.9177793440486531, "homogeneity_score": 0.8910310124642585, "v_measure_score": 0.8910631529169513}, "classification": {"f1_score": 0.954995499549955, "hamming_loss": 0.045, "jaccard_score": 0.9174242424242425, "accuracy_score": 0.955, "recall_score": 0.955, "precision_score": 0.9550820328131252}, "found_clusters": 4, "expected_clusters": 4, "time": 0.036}, "birch": {"clustering": {"adjusted_mutual_info_score": 0.8567873240141083, "adjusted_rand_score": 0.7136715391229579, "completeness_score": 1.0, "fowlkes_mallows_score": 0.8159506119058424, "homogeneity_score": 0.75, "v_measure_score": 0.8571428571428571}, "classification": {"f1_score": 0.0, "hamming_loss": 1.0, "jaccard_score": 0.0, "accuracy_score": 0.0, "recall_score": 0.0, "precision_score": 0.0}, "found_clusters": 3, "expected_clusters": 4, "time": 0.04}, "dbscan": {"clustering": {"adjusted_mutual_info_score": 0.742709503855607, "adjusted_rand_score": 0.6483725463809136, "completeness_score": 0.778279926487202, "fowlkes_mallows_score": 0.7556979475160548, "homogeneity_score": 0.7138222370629541, "v_measure_score": 0.7446588199623791}, "classification": {"f1_score": 0.0, "hamming_loss": 1.0, "jaccard_score": 0.0, "accuracy_score": 0.0, "recall_score": 0.0, "precision_score": 0.0}, "found_clusters": 7, "expected_clusters": 4, "time": 0.01}, "k_means": {"clustering": {"adjusted_mutual_info_score": 0.9023663273497683, "adjusted_rand_score": 0.9038667657553427, "completeness_score": 0.902904961699279, "fowlkes_mallows_score": 0.9278443673855604, "homogeneity_score": 0.902464478682265, "v_measure_score": 0.9026846664551532}, "classification": {"f1_score": 0.9609736181658801, "hamming_loss": 0.039, "jaccard_score": 0.9276016696974707, "accuracy_score": 0.961, "recall_score": 0.961, "precision_score": 0.9615720909338852}, "found_clusters": 4, "expected_clusters": 4, "time": 0.042}, "mini_batch_k_means": {"clustering": {"adjusted_mutual_info_score": 0.9023663273497681, "adjusted_rand_score": 0.9038667657553427, "completeness_score": 0.9029049616992789, "fowlkes_mallows_score": 0.9278443673855604, "homogeneity_score": 0.9024644786822649, "v_measure_score": 0.902684666455153}, "classification": {"f1_score": 0.9609736181658801, "hamming_loss": 0.039, "jaccard_score": 0.9276016696974707, "accuracy_score": 0.961, "recall_score": 0.961, "precision_score": 0.9615720909338852}, "found_clusters": 4, "expected_clusters": 4, "time": 0.045}, "mean_shift": {"clustering": {"adjusted_mutual_info_score": 0.5142305296062006, "adjusted_rand_score": 0.32086737032513296, "completeness_score": 0.8653755969505458, "fowlkes_mallows_score": 0.6155486899572199, "homogeneity_score": 0.3665497412518029, "v_measure_score": 0.514971469960536}, "classification": {"f1_score": 0.11577868852459017, "hamming_loss": 0.774, "jaccard_score": 0.07533333333333334, "accuracy_score": 0.226, "recall_score": 0.226, "precision_score": 0.07782369146005509}, "found_clusters": 2, "expected_clusters": 4, "time": 4.0541}, "optics": {"clustering": {"adjusted_mutual_info_score": 0.25642053970650175, "adjusted_rand_score": 0.012855015448501953, "completeness_score": 0.22984862498588898, "fowlkes_mallows_score": 0.28091674846591275, "homogeneity_score": 0.4247135251866955, "v_measure_score": 0.2982751744852123}, "classification": {"f1_score": 0.0007436392708058626, "hamming_loss": 0.994, "jaccard_score": 0.00037827647023049325, "accuracy_score": 0.006, "recall_score": 0.00038095238095238096, "precision_score": 0.017195767195767195}, "found_clusters": 63, "expected_clusters": 4, "time": 0.8546}, "spectral_clustering": {"clustering": {"adjusted_mutual_info_score": 0.8992199385555736, "adjusted_rand_score": 0.8993904161463984, "completeness_score": 0.8998409284513682, "fowlkes_mallows_score": 0.924490295499, "homogeneity_score": 0.8992563892124421, "v_measure_score": 0.8995485638714718}, "classification": {"f1_score": 0.958963066760084, "hamming_loss": 0.041, "jaccard_score": 0.9241561123724594, "accuracy_score": 0.959, "recall_score": 0.959, "precision_score": 0.9597551184263349}, "found_clusters": 4, "expected_clusters": 4, "time": 0.257}, "gaussian_mixture_model": {"clustering": {"adjusted_mutual_info_score": 0.896764585723673, "adjusted_rand_score": 0.894980695563158, "completeness_score": 0.8975694462511871, "fowlkes_mallows_score": 0.9211955386674248, "homogeneity_score": 0.8966336126278767, "v_measure_score": 0.8971012853800409}, "classification": {"f1_score": 0.9569378182094945, "hamming_loss": 0.043, "jaccard_score": 0.9207132378908479, "accuracy_score": 0.957, "recall_score": 0.957, "precision_score": 0.9582025780910539}, "found_clusters": 4, "expected_clusters": 4, "time": 0.011}}, "classification_alg": {"KNeighborsClassifier": {"clustering": {"adjusted_mutual_info_score": 0.8767594259897767, "adjusted_rand_score": 0.8819345724171411, "completeness_score": 0.8791672337947414, "fowlkes_mallows_score": 0.911397964980938, "homogeneity_score": 0.8784642742831222, "v_measure_score": 0.8788156134656453}, "classification": {"f1_score": 0.9388216599437722, "hamming_loss": 0.055, "jaccard_score": 0.8911102484472051, "accuracy_score": 0.945, "recall_score": 0.9384146341463414, "precision_score": 0.9393382352941176}, "time": 0.0243}, "DecisionTreeClassifier": {"clustering": {"adjusted_mutual_info_score": 0.8568125853729325, "adjusted_rand_score": 0.855486510715799, "completeness_score": 0.8599607205018285, "fowlkes_mallows_score": 0.8915951023871129, "homogeneity_score": 0.8584465131034241, "v_measure_score": 0.8592029496662222}, "classification": {"f1_score": 0.921936274509804, "hamming_loss": 0.07, "jaccard_score": 0.8651870873074101, "accuracy_score": 0.93, "recall_score": 0.9212195121951219, "precision_score": 0.9230769230769231}, "time": 0.001}, "RandomForestClassifier": {"clustering": {"adjusted_mutual_info_score": 0.8767594259897767, "adjusted_rand_score": 0.8819345724171411, "completeness_score": 0.8791672337947414, "fowlkes_mallows_score": 0.911397964980938, "homogeneity_score": 0.8784642742831222, "v_measure_score": 0.8788156134656453}, "classification": {"f1_score": 0.9388216599437722, "hamming_loss": 0.055, "jaccard_score": 0.8911102484472051, "accuracy_score": 0.945, "recall_score": 0.9384146341463414, "precision_score": 0.9393382352941176}, "time": 0.2051}, "LinearSVC": {"clustering": {"adjusted_mutual_info_score": 0.8840923431871223, "adjusted_rand_score": 0.8912529848758465, "completeness_score": 0.8860252613486461, "fowlkes_mallows_score": 0.9183632332191091, "homogeneity_score": 0.8860252613486461, "v_measure_score": 0.8860252613486461}, "classification": {"f1_score": 0.9445121951219512, "hamming_loss": 0.05, "jaccard_score": 0.900197628458498, "accuracy_score": 0.95, "recall_score": 0.9445121951219512, "precision_score": 0.9445121951219512}, "time": 0.027}, "LogisticRegression": {"clustering": {"adjusted_mutual_info_score": 0.8847499282587106, "adjusted_rand_score": 0.8914137974766208, "completeness_score": 0.8874559065444713, "fowlkes_mallows_score": 0.9185460935262677, "homogeneity_score": 0.8858932859881937, "v_measure_score": 0.8866739077998383}, "classification": {"f1_score": 0.9442401960784315, "hamming_loss": 0.05, "jaccard_score": 0.8998015873015872, "accuracy_score": 0.95, "recall_score": 0.9434146341463414, "precision_score": 0.9455128205128205}, "time": 0.054},