{"clustering_alg": {"affinity_propagation": {"clustering": {"adjusted_mutual_info_score": 0.34103654293838054, "adjusted_rand_score": 0.06942307647363559, "completeness_score": 0.24553907324487276, "fowlkes_mallows_score": 0.19894870411506224, "homogeneity_score": 0.7028643268327166, "v_measure_score": 0.36393934356048846}, "classification": {"f1_score": 0.0033791306453944212, "hamming_loss": 0.973, "jaccard_score": 0.0018265048660338818, "accuracy_score": 0.027, "recall_score": 0.0018673402222711426, "precision_score": 0.01824712643678161}, "found_clusters": 58, "expected_clusters": 4, "time": 2.5288}, "agglomerative": {"clustering": {"adjusted_mutual_info_score": 0.2994514802091841, "adjusted_rand_score": 0.23390499621921815, "completeness_score": 0.3104011979762254, "fowlkes_mallows_score": 0.437567015796384, "homogeneity_score": 0.2936642570071533, "v_measure_score": 0.30180086090281955}, "classification": {"f1_score": 0.5528455644541923, "hamming_loss": 0.445, "jaccard_score": 0.3846837305647326, "accuracy_score": 0.555, "recall_score": 0.5545328725259604, "precision_score": 0.6169431532853132}, "found_clusters": 4, "expected_clusters": 4, "time": 0.06}, "birch": {"clustering": {"adjusted_mutual_info_score": 0.22093563545989273, "adjusted_rand_score": 0.10413922061937447, "completeness_score": 0.3012163834351742, "fowlkes_mallows_score": 0.433802006696766, "homogeneity_score": 0.17712431124888758, "v_measure_score": 0.22307424413502971}, "classification": {"f1_score": 0.1706568008456418, "hamming_loss": 0.753, "jaccard_score": 0.10302243456584961, "accuracy_score": 0.247, "recall_score": 0.24799196787148595, "precision_score": 0.14260349272753808}, "found_clusters": 3, "expected_clusters": 4, "time": 0.174}, "dbscan": {"clustering": {"adjusted_mutual_info_score": 0.007194460251536511, "adjusted_rand_score": 5.387840126225288e-05, "completeness_score": 0.220753869834726, "fowlkes_mallows_score": 0.4968006465235056, "homogeneity_score": 0.005012763467652342, "v_measure_score": 0.009802927189584285}, "classification": {"f1_score": 0.0, "hamming_loss": 1.0, "jaccard_score": 0.0, "accuracy_score": 0.0, "recall_score": 0.0, "precision_score": 0.0}, "found_clusters": 2, "expected_clusters": 4, "time": 0.015}, "k_means": {"clustering": {"adjusted_mutual_info_score": 0.2904291593524751, "adjusted_rand_score": 0.24662846054008694, "completeness_score": 0.29514562829566066, "fowlkes_mallows_score": 0.4386868229112615, "homogeneity_score": 0.2904152725558997, "v_measure_score": 0.2927613437321877}, "classification": {"f1_score": 0.60761376732075, "hamming_loss": 0.399, "jaccard_score": 0.4399214023750325, "accuracy_score": 0.601, "recall_score": 0.6010936174978799, "precision_score": 0.6275458838501711}, "found_clusters": 4, "expected_clusters": 4, "time": 0.3836}, "mini_batch_k_means": {"clustering": {"adjusted_mutual_info_score": 0.28060900351148027, "adjusted_rand_score": 0.2435346525154594, "completeness_score": 0.28453583114957864, "fowlkes_mallows_score": 0.4350287340841289, "homogeneity_score": 0.2814159438513141, "v_measure_score": 0.2829672880957057}, "classification": {"f1_score": 0.6004947331448354, "hamming_loss": 0.405, "jaccard_score": 0.4321403758121266, "accuracy_score": 0.595, "recall_score": 0.5950455207283316, "precision_score": 0.6148990043970042}, "found_clusters": 4, "expected_clusters": 4, "time": 0.047}, "mean_shift": {"clustering": {"adjusted_mutual_info_score": 0.0, "adjusted_rand_score": 0.0, "completeness_score": 1.0, "fowlkes_mallows_score": 0.49925269478817363, "homogeneity_score": 0.0, "v_measure_score": 0.0}, "classification": {"f1_score": 0.09967974379503602, "hamming_loss": 0.751, "jaccard_score": 0.06225, "accuracy_score": 0.249, "recall_score": 0.25, "precision_score": 0.06225}, "found_clusters": 1, "expected_clusters": 4, "time": 12.8117}, "optics": {"clustering": {"adjusted_mutual_info_score": 0.11541869069999862, "adjusted_rand_score": 0.0039971595040561685, "completeness_score": 0.19082956439545687, "fowlkes_mallows_score": 0.43001366431704197, "homogeneity_score": 0.11561042029215043, "v_measure_score": 0.14398829948002512}, "classification": {"f1_score": 0.003310857131455138, "hamming_loss": 0.991, "jaccard_score": 0.0017030266925627119, "accuracy_score": 0.009, "recall_score": 0.001721170395869191, "precision_score": 0.04338624338624339}, "found_clusters": 21, "expected_clusters": 4, "time": 3.5145}, "spectral_clustering": {"clustering": {"adjusted_mutual_info_score": 0.23222592915072762, "adjusted_rand_score": 0.05196617690767394, "completeness_score": 0.38541963581648436, "fowlkes_mallows_score": 0.45496414521107764, "homogeneity_score": 0.16989997959134778, "v_measure_score": 0.23583819639158324}, "classification": {"f1_score": 0.3506855353359912, "hamming_loss": 0.596, "jaccard_score": 0.2289093680841161, "accuracy_score": 0.404, "recall_score": 0.40502248035968574, "precision_score": 0.5623886660778499}, "found_clusters": 4, "expected_clusters": 4, "time": 1.8801}, "gaussian_mixture_model": {"clustering": {"adjusted_mutual_info_score": 0.8656539422758134, "adjusted_rand_score": 0.9041293832205969, "completeness_score": 0.8662226299641389, "fowlkes_mallows_score": 0.9280356010275725, "homogeneity_score": 0.8659612985955513, "v_measure_score": 0.8660919445665562}, "classification": {"f1_score": 0.9629287422037713, "hamming_loss": 0.037, "jaccard_score": 0.9286996872121882, "accuracy_score": 0.963, "recall_score": 0.9629314069025104, "precision_score": 0.9632394251516508}, "found_clusters": 4, "expected_clusters": 4, "time": 0.025}}, "classification_alg": {"KNeighborsClassifier": {"clustering": {"adjusted_mutual_info_score": 0.6963422143845869, "adjusted_rand_score": 0.7209909682657272, "completeness_score": 0.7069790390734851, "fowlkes_mallows_score": 0.7923372835944841, "homogeneity_score": 0.6960154311700613, "v_measure_score": 0.701454397925758}, "classification": {"f1_score": 0.8814002410528048, "hamming_loss": 0.115, "jaccard_score": 0.7892375048766743, "accuracy_score": 0.885, "recall_score": 0.8789772727272728, "precision_score": 0.8954729481045269}, "time": 0.011}, "DecisionTreeClassifier": {"clustering": {"adjusted_mutual_info_score": 0.43232726354354595, "adjusted_rand_score": 0.4780578126314018, "completeness_score": 0.44236545391371246, "fowlkes_mallows_score": 0.6088464525579186, "homogeneity_score": 0.4412612090113165, "v_measure_score": 0.44181264148966987}, "classification": {"f1_score": 0.7601915303235328, "hamming_loss": 0.235, "jaccard_score": 0.6150241494528795, "accuracy_score": 0.765, "recall_score": 0.7600378787878788, "precision_score": 0.7631139841730975}, "time": 0.003}, "RandomForestClassifier": {"clustering": {"adjusted_mutual_info_score": 0.6538838899241449, "adjusted_rand_score": 0.7086956814723234, "completeness_score": 0.660936448897425, "fowlkes_mallows_score": 0.7818900163603233, "homogeneity_score": 0.6584105337072187, "v_measure_score": 0.6596710733456992}, "classification": {"f1_score": 0.8773773578616366, "hamming_loss": 0.12, "jaccard_score": 0.782249584506494, "accuracy_score": 0.88, "recall_score": 0.8763257575757576, "precision_score": 0.8797433638712708}, "time": 0.4582}, "LinearSVC": {"clustering": {"adjusted_mutual_info_score": 0.4684213328837854, "adjusted_rand_score": 0.45800671174511026, "completeness_score": 0.4762889861058054, "fowlkes_mallows_score": 0.592625629479476, "homogeneity_score": 0.47825360646997633, "v_measure_score": 0.47726927451683243}, "classification": {"f1_score": 0.744468615641393, "hamming_loss": 0.255, "jaccard_score": 0.5932444601678835, "accuracy_score": 0.745, "recall_score": 0.7493371212121213, "precision_score": 0.7467274569402228}, "time": 0.0713}, "LogisticRegression": {"clustering": {"adjusted_mutual_info_score": 0.4738901537113584, "adjusted_rand_score": 0.4731674065616314, "completeness_score": 0.4821628753856554, "fowlkes_mallows_score": 0.6044005884629138, "homogeneity_score": 0.48315308567704585,