{"clustering_alg": {"affinity_propagation": {"clustering": {"adjusted_mutual_info_score": 0.2492966978588733, "adjusted_rand_score": 0.018622825610258603, "completeness_score": 0.16614413117900473, "fowlkes_mallows_score": 0.10044115714767632, "homogeneity_score": 0.61741883386777, "v_measure_score": 0.2618309448057984}, "classification": {"f1_score": 0.00019631601250066214, "hamming_loss": 0.995, "jaccard_score": 9.928125376033462e-05, "accuracy_score": 0.005, "recall_score": 0.0001003946008438876, "precision_score": 0.004449969372680431}, "found_clusters": 174, "expected_clusters": 4, "time": 64.2091}, "agglomerative": {"clustering": {"adjusted_mutual_info_score": 0.36930020326744367, "adjusted_rand_score": 0.33272003152647434, "completeness_score": 0.39461956444938845, "fowlkes_mallows_score": 0.534069601194581, "homogeneity_score": 0.34781130132296606, "v_measure_score": 0.3697398655317455}, "classification": {"f1_score": 0.663617772535479, "hamming_loss": 0.3192, "jaccard_score": 0.501002525478006, "accuracy_score": 0.6808, "recall_score": 0.6637822723352426, "precision_score": 0.7528141424804249}, "found_clusters": 4, "expected_clusters": 4, "time": 1.3554}, "birch": {"clustering": {"adjusted_mutual_info_score": 0.32957795703715514, "adjusted_rand_score": 0.2799270064507871, "completeness_score": 0.3771216481848728, "fowlkes_mallows_score": 0.5005096015699604, "homogeneity_score": 0.2932001294549944, "v_measure_score": 0.3299075750079265}, "classification": {"f1_score": 0.06209230387745047, "hamming_loss": 0.915, "jaccard_score": 0.033287100599382835, "accuracy_score": 0.085, "recall_score": 0.07237450698211098, "precision_score": 0.05497704266844784}, "found_clusters": 3, "expected_clusters": 4, "time": 0.09}, "dbscan": {"clustering": {"adjusted_mutual_info_score": 1.583037806253512e-15, "adjusted_rand_score": 0.0, "completeness_score": 1.0, "fowlkes_mallows_score": 0.5059755747627066, "homogeneity_score": 5.655553162161267e-16, "v_measure_score": 1.1311106324322527e-15}, "classification": {"f1_score": 0.11744452945677124, "hamming_loss": 0.693, "jaccard_score": 0.07675, "accuracy_score": 0.307, "recall_score": 0.25, "precision_score": 0.07675}, "found_clusters": 1, "expected_clusters": 4, "time": 0.4301}, "k_means": {"clustering": {"adjusted_mutual_info_score": 0.4534414246913273, "adjusted_rand_score": 0.4560309356675664, "completeness_score": 0.4563183413740092, "fowlkes_mallows_score": 0.597437734948131, "homogeneity_score": 0.4513126548757611, "v_measure_score": 0.45380169466432557}, "classification": {"f1_score": 0.7412849151446183, "hamming_loss": 0.2538, "jaccard_score": 0.5938882210470161, "accuracy_score": 0.7462, "recall_score": 0.7495575099226222, "precision_score": 0.7491631517153826}, "found_clusters": 4, "expected_clusters": 4, "time": 0.148}, "mini_batch_k_means": {"clustering": {"adjusted_mutual_info_score": 0.38008844592106317, "adjusted_rand_score": 0.34900775750514834, "completeness_score": 0.3865215725559154, "fowlkes_mallows_score": 0.5230071269884157, "homogeneity_score": 0.3746654494279539, "v_measure_score": 0.38050117648571896}, "classification": {"f1_score": 0.6367575885164346, "hamming_loss": 0.3466, "jaccard_score": 0.47386680203694426, "accuracy_score": 0.6534, "recall_score": 0.6471347511816423, "precision_score": 0.6501997112721882}, "found_clusters": 4, "expected_clusters": 4, "time": 0.045}, "mean_shift": {"clustering": {"adjusted_mutual_info_score": 1.583037806253512e-15, "adjusted_rand_score": 0.0, "completeness_score": 1.0, "fowlkes_mallows_score": 0.5059755747627066, "homogeneity_score": 5.655553162161267e-16, "v_measure_score": 1.1311106324322527e-15}, "classification": {"f1_score": 0.11744452945677124, "hamming_loss": 0.693, "jaccard_score": 0.07675, "accuracy_score": 0.307, "recall_score": 0.25, "precision_score": 0.07675}, "found_clusters": 1, "expected_clusters": 4, "time": 99.5619}, "optics": {"clustering": {"adjusted_mutual_info_score": 0.09320452390946687, "adjusted_rand_score": 0.0031668200275949926, "completeness_score": 0.13896175301674255, "fowlkes_mallows_score": 0.43733195044271445, "homogeneity_score": 0.10546007388207203, "v_measure_score": 0.11991495952605523}, "classification": {"f1_score": 0.0001531505785281423, "hamming_loss": 0.998, "jaccard_score": 7.686968336483931e-05, "accuracy_score": 0.002, "recall_score": 7.696673576152403e-05, "precision_score": 0.015238095238095238}, "found_clusters": 100, "expected_clusters": 4, "time": 5.8832}, "spectral_clustering": {"clustering": {"adjusted_mutual_info_score": 0.4351840713706641, "adjusted_rand_score": 0.44128674103961174, "completeness_score": 0.435895554462857, "fowlkes_mallows_score": 0.5846141668760388, "homogeneity_score": 0.43521420800093186, "v_measure_score": 0.4355546147712133}, "classification": {"f1_score": 0.738960460882713, "hamming_loss": 0.2588, "jaccard_score": 0.589656237205029, "accuracy_score": 0.7412, "recall_score": 0.7483041200281331, "precision_score": 0.7401818206671951}, "found_clusters": 4, "expected_clusters": 4, "time": 6.2099}, "gaussian_mixture_model": {"clustering": {"adjusted_mutual_info_score": 0.47074288340252174, "adjusted_rand_score": 0.4642861084743696, "completeness_score": 0.47672915444522734, "fowlkes_mallows_score": 0.6058722417676548, "homogeneity_score": 0.46559041065897083, "v_measure_score": 0.47109394946440225}, "classification": {"f1_score": 0.7415340338518728, "hamming_loss": 0.2506, "jaccard_score": 0.5953284946217412, "accuracy_score": 0.7494, "recall_score": 0.7534605195345166, "precision_score": 0.7594396614373412}, "found_clusters": 4, "expected_clusters": 4, "time": 0.0929}}, "classification_alg": {"KNeighborsClassifier": {"clustering": {"adjusted_mutual_info_score": 0.5045116929750132, "adjusted_rand_score": 0.5119568944074105, "completeness_score": 0.5101594423522405, "fowlkes_mallows_score": 0.6394334454729623, "homogeneity_score": 0.5022136864125138, "v_measure_score": 0.5061553826788828}, "classification": {"f1_score": 0.7897733889571019, "hamming_loss": 0.213, "jaccard_score": 0.6572150471714162, "accuracy_score": 0.787, "recall_score": 0.7866327943430746, "precision_score": 0.8005684139204208}, "time": 0.048}, "DecisionTreeClassifier": {"clustering": {"adjusted_mutual_info_score": 0.3879215406275066, "adjusted_rand_score": 0.3746824183288906, "completeness_score": 0.3902841194746239, "fowlkes_mallows_score": 0.5350073858630285, "homogeneity_score": 0.38959161577954926, "v_measure_score": 0.3899375601669708}, "classification": {"f1_score": 0.7070679308543593, "hamming_loss": 0.298, "jaccard_score": 0.5544878222846454, "accuracy_score": 0.702, "recall_score": 0.7074401307771291, "precision_score": 0.7071610237260791}, "time": 0.021}, "RandomForestClassifier": {"clustering": {"adjusted_mutual_info_score": 0.4803303028933734, "adjusted_rand_score": 0.48192002173981147, "completeness_score": 0.4836608366768247, "fowlkes_mallows_score": 0.6155991746710284, "homogeneity_score": 0.4804424426614615, "v_measure_score": 0.48204626780688514}, "classification": {"f1_score": 0.7722129922049712, "hamming_loss": 0.231, "jaccard_score": 0.6335648797159645, "accuracy_score": 0.769, "recall_score": 0.7711598762038563, "precision_score": 0.7756016350177313}, "time": 0.805}, "LinearSVC": {"clustering": {"adjusted_mutual_info_score": 0.4634330408469711, "adjusted_rand_score": 0.4656554660011475, "completeness_score": 0.467057620208046, "fowlkes_mallows_score": 0.6039695967329455, "homogeneity_score": 0.4633687804236505, "v_measure_score": 0.4652058877874496}, "classification": {"f1_score": 0.7600036379424668, "hamming_loss": 0.242, "jaccard_score": 0.6186545295364537, "accuracy_score": 0.758, "recall_score": 0.7611612869446843, "precision_score": 0.7633743388691436}, "time": 0.026}, "LogisticRegression": {"clustering": {"adjusted_mutual_info_score": 0.4620723241398629, "adjusted_rand_score": 0.4610573014704708, "completeness_score": 0.46528565471054917, "fowlkes_mallows_score": 0.6001075421966655,