{"clustering_alg": {"affinity_propagation": {"clustering": {"adjusted_mutual_info_score": 0.278457559665857, "adjusted_rand_score": 0.06887448649209116, "completeness_score": 0.20591794319862386, "fowlkes_mallows_score": 0.1932028063491844, "homogeneity_score": 0.5109667941094337, "v_measure_score": 0.2935401629023542}, "classification": {"f1_score": 0.006370680818898136, "hamming_loss": 0.974, "jaccard_score": 0.003380907492240947, "accuracy_score": 0.026, "recall_score": 0.0035701661364439734, "precision_score": 0.03664552501761804}, "found_clusters": 33, "expected_clusters": 4, "time": 5.2372}, "agglomerative": {"clustering": {"adjusted_mutual_info_score": 0.31600419344368275, "adjusted_rand_score": 0.24738303069868348, "completeness_score": 0.328201230801151, "fowlkes_mallows_score": 0.4543250962213124, "homogeneity_score": 0.3090137247995227, "v_measure_score": 0.31831859538842344}, "classification": {"f1_score": 0.4883223444904244, "hamming_loss": 0.485, "jaccard_score": 0.33163069727527145, "accuracy_score": 0.515, "recall_score": 0.500183355504124, "precision_score": 0.5252344980128977}, "found_clusters": 4, "expected_clusters": 4, "time": 0.021}, "birch": {"clustering": {"adjusted_mutual_info_score": 0.3213918902725434, "adjusted_rand_score": 0.30709732408608215, "completeness_score": 0.36747076428374287, "fowlkes_mallows_score": 0.5155314181258487, "homogeneity_score": 0.28821818924934606, "v_measure_score": 0.3230548805595788}, "classification": {"f1_score": 0.17946915109903003, "hamming_loss": 0.807, "jaccard_score": 0.13132675095035395, "accuracy_score": 0.193, "recall_score": 0.17064596304424098, "precision_score": 0.19087923919357222}, "found_clusters": 3, "expected_clusters": 4, "time": 0.019}, "dbscan": {"clustering": {"adjusted_mutual_info_score": 6.965631536501883e-17, "adjusted_rand_score": 0.0, "completeness_score": 1.0, "fowlkes_mallows_score": 0.5037814960831688, "homogeneity_score": 0.0, "v_measure_score": 0.0}, "classification": {"f1_score": 0.0934959349593496, "hamming_loss": 0.77, "jaccard_score": 0.0575, "accuracy_score": 0.23, "recall_score": 0.25, "precision_score": 0.0575}, "found_clusters": 1, "expected_clusters": 4, "time": 0.02}, "k_means": {"clustering": {"adjusted_mutual_info_score": 0.34983982687432935, "adjusted_rand_score": 0.3352966482408804, "completeness_score": 0.3520873219769861, "fowlkes_mallows_score": 0.5041380124669051, "homogeneity_score": 0.3518615831366032, "v_measure_score": 0.3519744163623893}, "classification": {"f1_score": 0.6700223963886327, "hamming_loss": 0.329, "jaccard_score": 0.5055233677998239, "accuracy_score": 0.671, "recall_score": 0.6727329657820728, "precision_score": 0.6812540976552021}, "found_clusters": 4, "expected_clusters": 4, "time": 0.044}, "mini_batch_k_means": {"clustering": {"adjusted_mutual_info_score": 0.3560848555813682, "adjusted_rand_score": 0.3460686017850274, "completeness_score": 0.36039827173485384, "fowlkes_mallows_score": 0.5147891542947556, "homogeneity_score": 0.3560509448916417, "v_measure_score": 0.3582114187875681}, "classification": {"f1_score": 0.6649681579309727, "hamming_loss": 0.329, "jaccard_score": 0.5010726175283963, "accuracy_score": 0.671, "recall_score": 0.6621072389549519, "precision_score": 0.6764703583831535}, "found_clusters": 4, "expected_clusters": 4, "time": 0.02}, "mean_shift": {"clustering": {"adjusted_mutual_info_score": 6.965631536501883e-17, "adjusted_rand_score": 0.0, "completeness_score": 1.0, "fowlkes_mallows_score": 0.5037814960831688, "homogeneity_score": 0.0, "v_measure_score": 0.0}, "classification": {"f1_score": 0.0934959349593496, "hamming_loss": 0.77, "jaccard_score": 0.0575, "accuracy_score": 0.23, "recall_score": 0.25, "precision_score": 0.0575}, "found_clusters": 1, "expected_clusters": 4, "time": 6.2331}, "optics": {"clustering": {"adjusted_mutual_info_score": 0.15312718571507306, "adjusted_rand_score": 0.004029563834446672, "completeness_score": 0.14991012310135335, "fowlkes_mallows_score": 0.25225817416964536, "homogeneity_score": 0.30434024663550263, "v_measure_score": 0.20087461398987488}, "classification": {"f1_score": 0.00150328760176258, "hamming_loss": 0.988, "jaccard_score": 0.0007845585589464588, "accuracy_score": 0.012, "recall_score": 0.0007866288915971574, "precision_score": 0.017057569296375266}, "found_clusters": 67, "expected_clusters": 4, "time": 0.725}, "spectral_clustering": {"clustering": {"adjusted_mutual_info_score": 0.31948492845879856, "adjusted_rand_score": 0.22475441826945805, "completeness_score": 0.3366093071636045, "fowlkes_mallows_score": 0.4432543648472453, "homogeneity_score": 0.3082752163449697, "v_measure_score": 0.32181980868458804}, "classification": {"f1_score": 0.5961572573638672, "hamming_loss": 0.401, "jaccard_score": 0.42500849476459335, "accuracy_score": 0.599, "recall_score": 0.6102164752211316, "precision_score": 0.6939441034532334}, "found_clusters": 4, "expected_clusters": 4, "time": 0.225}, "gaussian_mixture_model": {"clustering": {"adjusted_mutual_info_score": 0.3746496241472217, "adjusted_rand_score": 0.33348681703267585, "completeness_score": 0.37897175336625927, "fowlkes_mallows_score": 0.5056610686344257, "homogeneity_score": 0.37448412853304747, "v_measure_score": 0.37671457667901226}, "classification": {"f1_score": 0.6795632312297498, "hamming_loss": 0.322, "jaccard_score": 0.5159820574927158, "accuracy_score": 0.678, "recall_score": 0.6896354891063169, "precision_score": 0.7046957149472673}, "found_clusters": 4, "expected_clusters": 4, "time": 0.013}}, "classification_alg": {"KNeighborsClassifier": {"clustering": {"adjusted_mutual_info_score": 0.29555606449988936, "adjusted_rand_score": 0.31264749598669184, "completeness_score": 0.30845527762326436, "fowlkes_mallows_score": 0.4853724510414961, "homogeneity_score": 0.3062471035153511, "v_measure_score": 0.30734722439556217}, "classification": {"f1_score": 0.6363385446329372, "hamming_loss": 0.35, "jaccard_score": 0.47506248378153215, "accuracy_score": 0.65, "recall_score": 0.6380579843534284, "precision_score": 0.6368440973376168}, "time": 0.007}, "DecisionTreeClassifier": {"clustering": {"adjusted_mutual_info_score": 0.26818259077616996, "adjusted_rand_score": 0.2831293057869367, "completeness_score": 0.2807112376112555, "fowlkes_mallows_score": 0.4621132691055128, "homogeneity_score": 0.2800817941026404, "v_measure_score": 0.28039616260797007}, "classification": {"f1_score": 0.6324540745685605, "hamming_loss": 0.36, "jaccard_score": 0.46642923480049087, "accuracy_score": 0.64, "recall_score": 0.6327657616198803, "precision_score": 0.6324851074851074}, "time": 0.002}, "RandomForestClassifier": {"clustering": {"adjusted_mutual_info_score": 0.31379218960099337, "adjusted_rand_score": 0.31783150617179634, "completeness_score": 0.3257029924858614, "fowlkes_mallows_score": 0.4882889500593428, "homogeneity_score": 0.32479451590514613, "v_measure_score": 0.32524811981206103}, "classification": {"f1_score": 0.6538723406536491, "hamming_loss": 0.34, "jaccard_score": 0.4887624756932134, "accuracy_score": 0.66, "recall_score": 0.6543948458352509, "precision_score": 0.6541891441891442}, "time": 0.15}, "LinearSVC": {"clustering": {"adjusted_mutual_info_score": 0.3467100962282413, "adjusted_rand_score": 0.36079413899250656, "completeness_score": 0.36566321105720734, "fowlkes_mallows_score": 0.5278545347826318, "homogeneity_score": 0.35045834401004583, "v_measure_score": 0.357899360815832}, "classification": {"f1_score": 0.6648436990002159, "hamming_loss": 0.315, "jaccard_score": 0.5064070016438448, "accuracy_score": 0.685, "recall_score": 0.6683156925908882, "precision_score": 0.690906492283611}, "time": 0.006}, "LogisticRegression": {"clustering": {"adjusted_mutual_info_score": 0.36211865060718673, "adjusted_rand_score": 0.37833736006505436, "completeness_score": 0.3732604511081446, "fowlkes_mallows_score": 0.5336450641897712, "homogeneity_score": 0.37227461174961324, "v_measure_score": 0.3727668796290581},