{"clustering_alg": {"affinity_propagation": {"clustering": {"adjusted_mutual_info_score": -3.244447192874602e-16, "adjusted_rand_score": 0.0, "completeness_score": 1.0, "fowlkes_mallows_score": 0.4998535492663254, "homogeneity_score": 1.601721560463369e-16, "v_measure_score": 3.2034431209267375e-16}, "classification": {"f1_score": 0.0, "hamming_loss": 1.0, "jaccard_score": 0.0, "accuracy_score": 0.0, "recall_score": 0.0, "precision_score": 0.0}, "found_clusters": 1, "expected_clusters": 4, "time": 154.4194}, "agglomerative": {"clustering": {"adjusted_mutual_info_score": 0.4913525125716018, "adjusted_rand_score": 0.454438199261324, "completeness_score": 0.5006528388161408, "fowlkes_mallows_score": 0.5981239012412812, "homogeneity_score": 0.48304041360368233, "v_measure_score": 0.49168895636664417}, "classification": {"f1_score": 0.7577336793159749, "hamming_loss": 0.2444, "jaccard_score": 0.6103133892808664, "accuracy_score": 0.7556, "recall_score": 0.7552611286589097, "precision_score": 0.7954280927929166}, "found_clusters": 4, "expected_clusters": 4, "time": 0.5755}, "birch": {"clustering": {"adjusted_mutual_info_score": 0.2843441061418599, "adjusted_rand_score": 0.18854312503540402, "completeness_score": 0.3833580001591467, "fowlkes_mallows_score": 0.4885987111298788, "homogeneity_score": 0.22647144165218946, "v_measure_score": 0.28473416667803897}, "classification": {"f1_score": 0.3861049130219758, "hamming_loss": 0.5552, "jaccard_score": 0.27321766133546965, "accuracy_score": 0.4448, "recall_score": 0.44559829765545134, "precision_score": 0.4799147371645036}, "found_clusters": 3, "expected_clusters": 4, "time": 0.082}, "dbscan": {"clustering": {"adjusted_mutual_info_score": 0.0008183506461785526, "adjusted_rand_score": 1.0109209372991806e-05, "completeness_score": 0.05375646307620728, "fowlkes_mallows_score": 0.4986626833622975, "homogeneity_score": 0.0006543515090847085, "v_measure_score": 0.0012929643860351656}, "classification": {"f1_score": 0.07961507618283882, "hamming_loss": 0.7518, "jaccard_score": 0.04969963956748098, "accuracy_score": 0.2482, "recall_score": 0.19903769045709702, "precision_score": 0.049759422614274254}, "found_clusters": 2, "expected_clusters": 4, "time": 0.072}, "k_means": {"clustering": {"adjusted_mutual_info_score": 0.5365587732856264, "adjusted_rand_score": 0.5050343113630757, "completeness_score": 0.5448084990035795, "fowlkes_mallows_score": 0.6343183505620499, "homogeneity_score": 0.5291484673773486, "v_measure_score": 0.5368643088807797}, "classification": {"f1_score": 0.7762780615723184, "hamming_loss": 0.2224, "jaccard_score": 0.6350606451524126, "accuracy_score": 0.7776, "recall_score": 0.7771289217387942, "precision_score": 0.8033390642394534}, "found_clusters": 4, "expected_clusters": 4, "time": 0.078}, "mini_batch_k_means": {"clustering": {"adjusted_mutual_info_score": 0.5448405087063033, "adjusted_rand_score": 0.5238566450040029, "completeness_score": 0.5515897226592879, "fowlkes_mallows_score": 0.6471484326790581, "homogeneity_score": 0.53883883168226, "v_measure_score": 0.5451397261054791}, "classification": {"f1_score": 0.7860626974193746, "hamming_loss": 0.2126, "jaccard_score": 0.6484118737698016, "accuracy_score": 0.7874, "recall_score": 0.7869608160093311, "precision_score": 0.8075807595523086}, "found_clusters": 4, "expected_clusters": 4, "time": 0.03}, "mean_shift": {"clustering": {"adjusted_mutual_info_score": 0.02358401976182549, "adjusted_rand_score": 0.000783164234776879, "completeness_score": 0.23515829214661552, "fowlkes_mallows_score": 0.493390260674414, "homogeneity_score": 0.012639733274195576, "v_measure_score": 0.02399000625530369}, "classification": {"f1_score": 0.12652868428403383, "hamming_loss": 0.7376, "jaccard_score": 0.0766684718415446, "accuracy_score": 0.2624, "recall_score": 0.2630422162467611, "precision_score": 0.3025325823882226}, "found_clusters": 2, "expected_clusters": 4, "time": 27.1739}, "optics": {"clustering": {"adjusted_mutual_info_score": 0.18921582446096316, "adjusted_rand_score": 0.003048552212012662, "completeness_score": 0.15720987003451758, "fowlkes_mallows_score": 0.25439006056697194, "homogeneity_score": 0.3970861872046051, "v_measure_score": 0.22524377385570196}, "classification": {"f1_score": 3.092410648531996e-05, "hamming_loss": 0.9988, "jaccard_score": 1.551520041652251e-05, "accuracy_score": 0.0012, "recall_score": 1.5554408177531394e-05, "precision_score": 0.002652396463471382}, "found_clusters": 307, "expected_clusters": 4, "time": 3.3792}, "spectral_clustering": {"clustering": {"adjusted_mutual_info_score": 0.4674503451066168, "adjusted_rand_score": 0.3622044629173986, "completeness_score": 0.5015826926734726, "fowlkes_mallows_score": 0.5535741489502926, "homogeneity_score": 0.4383155973049565, "v_measure_score": 0.4678198053579759}, "classification": {"f1_score": 0.6823478735286798, "hamming_loss": 0.3116, "jaccard_score": 0.5288909691251131, "accuracy_score": 0.6884, "recall_score": 0.6876521549037686, "precision_score": 0.7966568367859183}, "found_clusters": 4, "expected_clusters": 4, "time": 2.9663}, "gaussian_mixture_model": {"clustering": {"adjusted_mutual_info_score": 0.6322388322998074, "adjusted_rand_score": 0.6666201871463485, "completeness_score": 0.6340377275742071, "fowlkes_mallows_score": 0.7505116090092067, "homogeneity_score": 0.630926681019798, "v_measure_score": 0.6324783786515543}, "classification": {"f1_score": 0.8596701013275578, "hamming_loss": 0.1396, "jaccard_score": 0.7547929493142546, "accuracy_score": 0.8604, "recall_score": 0.8601520312767154, "precision_score": 0.8645736707322922}, "found_clusters": 4, "expected_clusters": 4, "time": 0.043}}, "classification_alg": {"KNeighborsClassifier": {"clustering": {"adjusted_mutual_info_score": 0.6090474938082717, "adjusted_rand_score": 0.6595099203187701, "completeness_score": 0.6106244419485826, "fowlkes_mallows_score": 0.7447389601630405, "homogeneity_score": 0.6100236561058893, "v_measure_score": 0.6103239011780609}, "classification": {"f1_score": 0.8579879357634059, "hamming_loss": 0.142, "jaccard_score": 0.7529620426084344, "accuracy_score": 0.858, "recall_score": 0.8577011241370925, "precision_score": 0.8585235904892393}, "time": 0.028}, "DecisionTreeClassifier": {"clustering": {"adjusted_mutual_info_score": 0.5044461568565353, "adjusted_rand_score": 0.5485394281849327, "completeness_score": 0.506289956094943, "fowlkes_mallows_score": 0.6615346112800846, "homogeneity_score": 0.5058382384946851, "v_measure_score": 0.5060639964929633}, "classification": {"f1_score": 0.8042205542205543, "hamming_loss": 0.196, "jaccard_score": 0.6745452548013889, "accuracy_score": 0.804, "recall_score": 0.8036899125013716, "precision_score": 0.8049082939304334}, "time": 0.007}, "RandomForestClassifier": {"clustering": {"adjusted_mutual_info_score": 0.6260944292108456, "adjusted_rand_score": 0.675555131932275, "completeness_score": 0.6278359631841205, "fowlkes_mallows_score": 0.7568448947997404, "homogeneity_score": 0.6267961021991508, "v_measure_score": 0.6273156017641559}, "classification": {"f1_score": 0.8646104522872953, "hamming_loss": 0.135, "jaccard_score": 0.763261378966992, "accuracy_score": 0.865, "recall_score": 0.8644134065533864, "precision_score": 0.865719596693048}, "time": 0.352}, "LinearSVC": {"clustering": {"adjusted_mutual_info_score": 0.632306541486379, "adjusted_rand_score": 0.6634409305440165, "completeness_score": 0.6352807190097115, "fowlkes_mallows_score": 0.7482409383715339, "homogeneity_score": 0.6317487975713395, "v_measure_score": 0.6335098355681723}, "classification": {"f1_score": 0.8564568303055256, "hamming_loss": 0.142, "jaccard_score": 0.7499833742149017, "accuracy_score": 0.858, "recall_score": 0.856720746849763, "precision_score": 0.8611764526788871}, "time": 0.099}, "LogisticRegression": {"clustering": {"adjusted_mutual_info_score": 0.6351781434561407, "adjusted_rand_score": 0.6801915864183764, "completeness_score": 0.6372559432588858,