{"clustering_alg": {"affinity_propagation": {"clustering": {"adjusted_mutual_info_score": 0.2982104638157106, "adjusted_rand_score": 0.05556804114998536, "completeness_score": 0.21584878963878504, "fowlkes_mallows_score": 0.1771078225708351, "homogeneity_score": 0.6277932089980087, "v_measure_score": 0.32124622653834545}, "classification": {"f1_score": 0.0018615730064328194, "hamming_loss": 0.984, "jaccard_score": 0.000972798414106776, "accuracy_score": 0.016, "recall_score": 0.0009917622355031497, "precision_score": 0.015311004784688994}, "found_clusters": 55, "expected_clusters": 4, "time": 2.4557}, "agglomerative": {"clustering": {"adjusted_mutual_info_score": 0.4465016377021598, "adjusted_rand_score": 0.3749756656641438, "completeness_score": 0.44922882916342993, "fowlkes_mallows_score": 0.5386704738407706, "homogeneity_score": 0.4474592860102919, "v_measure_score": 0.4483423115600552}, "classification": {"f1_score": 0.6958077929272954, "hamming_loss": 0.304, "jaccard_score": 0.5376718970200307, "accuracy_score": 0.696, "recall_score": 0.7293840305244431, "precision_score": 0.730950818404233}, "found_clusters": 4, "expected_clusters": 4, "time": 0.062}, "birch": {"clustering": {"adjusted_mutual_info_score": 0.4350186020225131, "adjusted_rand_score": 0.38332350015643823, "completeness_score": 0.5024158962853493, "fowlkes_mallows_score": 0.5805965307313228, "homogeneity_score": 0.38576739379677527, "v_measure_score": 0.4364316984485247}, "classification": {"f1_score": 0.19589202965388847, "hamming_loss": 0.799, "jaccard_score": 0.14673918441110143, "accuracy_score": 0.201, "recall_score": 0.2342718039037174, "precision_score": 0.16847621387136855}, "found_clusters": 3, "expected_clusters": 4, "time": 0.025}, "dbscan": {"clustering": {"adjusted_mutual_info_score": -0.00026112948035868986, "adjusted_rand_score": -0.00023963820328449208, "completeness_score": 0.14990104192168774, "fowlkes_mallows_score": 0.510290205733795, "homogeneity_score": 0.0008700418381370181, "v_measure_score": 0.0017300423237648949}, "classification": {"f1_score": 0.09285165257494235, "hamming_loss": 0.698, "jaccard_score": 0.06046046046046046, "accuracy_score": 0.302, "recall_score": 0.2, "precision_score": 0.06046046046046046}, "found_clusters": 2, "expected_clusters": 4, "time": 0.036}, "k_means": {"clustering": {"adjusted_mutual_info_score": 0.45393973137010213, "adjusted_rand_score": 0.4382547660570312, "completeness_score": 0.45285432000662623, "fowlkes_mallows_score": 0.5825069369242284, "homogeneity_score": 0.4586627310282166, "v_measure_score": 0.45574001920502855}, "classification": {"f1_score": 0.734323604398005, "hamming_loss": 0.263, "jaccard_score": 0.5806105686801255, "accuracy_score": 0.737, "recall_score": 0.7477519285321408, "precision_score": 0.7347725128799014}, "found_clusters": 4, "expected_clusters": 4, "time": 0.058}, "mini_batch_k_means": {"clustering": {"adjusted_mutual_info_score": 0.46307168398061344, "adjusted_rand_score": 0.43209381257475965, "completeness_score": 0.46140069278097, "fowlkes_mallows_score": 0.5775602525552768, "homogeneity_score": 0.4683307104022723, "v_measure_score": 0.46483987416228667}, "classification": {"f1_score": 0.7304467535780433, "hamming_loss": 0.268, "jaccard_score": 0.5757233316945127, "accuracy_score": 0.732, "recall_score": 0.7497376589730766, "precision_score": 0.7347983444651065}, "found_clusters": 4, "expected_clusters": 4, "time": 0.052}, "mean_shift": {"clustering": {"adjusted_mutual_info_score": 1.499470022919583e-16, "adjusted_rand_score": 0.0, "completeness_score": 1.0, "fowlkes_mallows_score": 0.510974652106242, "homogeneity_score": 0.0, "v_measure_score": 0.0}, "classification": {"f1_score": 0.11597542242703532, "hamming_loss": 0.698, "jaccard_score": 0.0755, "accuracy_score": 0.302, "recall_score": 0.25, "precision_score": 0.0755}, "found_clusters": 1, "expected_clusters": 4, "time": 14.4374}, "optics": {"clustering": {"adjusted_mutual_info_score": 0.11783579462380421, "adjusted_rand_score": 0.010387154953989583, "completeness_score": 0.17183553147480007, "fowlkes_mallows_score": 0.42610361751911274, "homogeneity_score": 0.12989359709119122, "v_measure_score": 0.14794948964602}, "classification": {"f1_score": 0.0036830357142857138, "hamming_loss": 0.988, "jaccard_score": 0.0018868658574540927, "accuracy_score": 0.012, "recall_score": 0.0019101710521655985, "precision_score": 0.05384615384615384}, "found_clusters": 24, "expected_clusters": 4, "time": 2.0189}, "spectral_clustering": {"clustering": {"adjusted_mutual_info_score": 0.42051239910849253, "adjusted_rand_score": 0.35197832004211177, "completeness_score": 0.4209598219056032, "fowlkes_mallows_score": 0.5197988196778442, "homogeneity_score": 0.4239075608579179, "v_measure_score": 0.42242854905699556}, "classification": {"f1_score": 0.6678956141138616, "hamming_loss": 0.329, "jaccard_score": 0.5035841162863429, "accuracy_score": 0.671, "recall_score": 0.6988950331653687, "precision_score": 0.6832754203584119}, "found_clusters": 4, "expected_clusters": 4, "time": 2.9897}, "gaussian_mixture_model": {"clustering": {"adjusted_mutual_info_score": 0.5437608169997293, "adjusted_rand_score": 0.544942252421669, "completeness_score": 0.5441284627527727, "fowlkes_mallows_score": 0.6630839277951542, "homogeneity_score": 0.5464196080644477, "v_measure_score": 0.5452716286614985}, "classification": {"f1_score": 0.792856805311769, "hamming_loss": 0.204, "jaccard_score": 0.6579291731642213, "accuracy_score": 0.796, "recall_score": 0.7992595772541994, "precision_score": 0.7926070903472345}, "found_clusters": 4, "expected_clusters": 4, "time": 0.025}}, "classification_alg": {"KNeighborsClassifier": {"clustering": {"adjusted_mutual_info_score": 0.4732328677642968, "adjusted_rand_score": 0.47590240808953316, "completeness_score": 0.48423581621547485, "fowlkes_mallows_score": 0.618936387159476, "homogeneity_score": 0.4805811491534705, "v_measure_score": 0.4824015608579431}, "classification": {"f1_score": 0.7644291665034407, "hamming_loss": 0.23, "jaccard_score": 0.6195000405153553, "accuracy_score": 0.77, "recall_score": 0.7739267798472729, "precision_score": 0.7786168547629198}, "time": 0.01}, "DecisionTreeClassifier": {"clustering": {"adjusted_mutual_info_score": 0.3856659646086876, "adjusted_rand_score": 0.377951603052942, "completeness_score": 0.39590092615892664, "fowlkes_mallows_score": 0.5458114186501047, "homogeneity_score": 0.39668344229119273, "v_measure_score": 0.396291797937163}, "classification": {"f1_score": 0.7159153209728868, "hamming_loss": 0.285, "jaccard_score": 0.5589096126255381, "accuracy_score": 0.715, "recall_score": 0.7176039822500172, "precision_score": 0.7163543171005857}, "time": 0.004}, "RandomForestClassifier": {"clustering": {"adjusted_mutual_info_score": 0.4945941225452849, "adjusted_rand_score": 0.5223010318330645, "completeness_score": 0.501575084672894, "fowlkes_mallows_score": 0.6504529704023971, "homogeneity_score": 0.505055080795123, "v_measure_score": 0.5033090674299643}, "classification": {"f1_score": 0.7768039721135026, "hamming_loss": 0.215, "jaccard_score": 0.637917439703154, "accuracy_score": 0.785, "recall_score": 0.7818990323818688, "precision_score": 0.7738854238854239}, "time": 0.3131}, "LinearSVC": {"clustering": {"adjusted_mutual_info_score": 0.48114939550281527, "adjusted_rand_score": 0.5125541506307425, "completeness_score": 0.48794384199386376, "fowlkes_mallows_score": 0.6430462663952359, "homogeneity_score": 0.49224642027718274, "v_measure_score": 0.4900856879791297}, "classification": {"f1_score": 0.7782707352891377, "hamming_loss": 0.215, "jaccard_score": 0.6382517752392713, "accuracy_score": 0.785, "recall_score": 0.784686100386328, "precision_score": 0.7744889076856291}, "time": 0.006}, "LogisticRegression": {"clustering": {"adjusted_mutual_info_score": 0.4715782517657309, "adjusted_rand_score": 0.49141389993392137, "completeness_score": 0.47854316661236956, "fowlkes_mallows_score": 0.6275133501717777,