{"clustering_alg": {"affinity_propagation": {"clustering": {"adjusted_mutual_info_score": 0.3308339581032262, "adjusted_rand_score": 0.03240689462016619, "completeness_score": 0.21824178711712738, "fowlkes_mallows_score": 0.13840181475107313, "homogeneity_score": 0.7793639616211743, "v_measure_score": 0.34099599769549527}, "classification": {"f1_score": 0.00024181457658267646, "hamming_loss": 0.995, "jaccard_score": 0.00012321644200202075, "accuracy_score": 0.005, "recall_score": 0.0001292390405293631, "precision_score": 0.0018754688672168044}, "found_clusters": 155, "expected_clusters": 4, "time": 53.0997}, "agglomerative": {"clustering": {"adjusted_mutual_info_score": 0.4935192435202873, "adjusted_rand_score": 0.4309868591330625, "completeness_score": 0.5029372471020634, "fowlkes_mallows_score": 0.5802558875926694, "homogeneity_score": 0.48509362352636864, "v_measure_score": 0.4938543093252535}, "classification": {"f1_score": 0.6815685122304863, "hamming_loss": 0.314, "jaccard_score": 0.5275784471969895, "accuracy_score": 0.686, "recall_score": 0.6864061155979848, "precision_score": 0.7162880148876822}, "found_clusters": 4, "expected_clusters": 4, "time": 1.0745}, "birch": {"clustering": {"adjusted_mutual_info_score": 0.37836590206057347, "adjusted_rand_score": 0.3233838697498207, "completeness_score": 0.4396989425218905, "fowlkes_mallows_score": 0.5337429170507414, "homogeneity_score": 0.3325214215656487, "v_measure_score": 0.37867252465182893}, "classification": {"f1_score": 0.17433841158613567, "hamming_loss": 0.8246, "jaccard_score": 0.1141932063816204, "accuracy_score": 0.1754, "recall_score": 0.17561651103623013, "precision_score": 0.18213961861638853}, "found_clusters": 3, "expected_clusters": 4, "time": 0.815}, "dbscan": {"clustering": {"adjusted_mutual_info_score": 0.14498881762299437, "adjusted_rand_score": 0.012235652828103499, "completeness_score": 0.20406170893039124, "fowlkes_mallows_score": 0.4371585377267563, "homogeneity_score": 0.13717966370065934, "v_measure_score": 0.16406636973365477}, "classification": {"f1_score": 0.0007107495891691017, "hamming_loss": 0.9934, "jaccard_score": 0.00035924256457378054, "accuracy_score": 0.0066, "recall_score": 0.00036092150823356146, "precision_score": 0.03896098694224145}, "found_clusters": 73, "expected_clusters": 4, "time": 0.063}, "k_means": {"clustering": {"adjusted_mutual_info_score": 0.3779140212810713, "adjusted_rand_score": 0.3201169860044766, "completeness_score": 0.3791574452904881, "fowlkes_mallows_score": 0.4910602344047779, "homogeneity_score": 0.3774845011803313, "v_measure_score": 0.3783191237860045}, "classification": {"f1_score": 0.6249961815594025, "hamming_loss": 0.372, "jaccard_score": 0.4570676877522507, "accuracy_score": 0.628, "recall_score": 0.628133303953736, "precision_score": 0.625806909443402}, "found_clusters": 4, "expected_clusters": 4, "time": 0.154}, "mini_batch_k_means": {"clustering": {"adjusted_mutual_info_score": 0.47170328520878646, "adjusted_rand_score": 0.43300649408193614, "completeness_score": 0.4742033091406498, "fowlkes_mallows_score": 0.5764148352246098, "homogeneity_score": 0.46991242854286736, "v_measure_score": 0.4720481181006314}, "classification": {"f1_score": 0.7191881814201915, "hamming_loss": 0.2806, "jaccard_score": 0.5632774132898845, "accuracy_score": 0.7194, "recall_score": 0.7195714970065487, "precision_score": 0.7291130777478927}, "found_clusters": 4, "expected_clusters": 4, "time": 0.043}, "mean_shift": {"clustering": {"adjusted_mutual_info_score": -3.1931847437453177e-16, "adjusted_rand_score": 0.0, "completeness_score": 1.0, "fowlkes_mallows_score": 0.49985194847482467, "homogeneity_score": 1.6017178690653025e-16, "v_measure_score": 3.2034357381306045e-16}, "classification": {"f1_score": 0.09980790779574196, "hamming_loss": 0.7506, "jaccard_score": 0.06235, "accuracy_score": 0.2494, "recall_score": 0.25, "precision_score": 0.06235}, "found_clusters": 1, "expected_clusters": 4, "time": 41.7996}, "optics": {"clustering": {"adjusted_mutual_info_score": 0.10814027853260057, "adjusted_rand_score": 0.0005224083818956889, "completeness_score": 0.16336056006246502, "fowlkes_mallows_score": 0.4368954214254971, "homogeneity_score": 0.11048639852976568, "v_measure_score": 0.13181902794095376}, "classification": {"f1_score": 0.00027323897480736653, "hamming_loss": 0.997, "jaccard_score": 0.00013826286535962171, "accuracy_score": 0.003, "recall_score": 0.00013826286535962171, "precision_score": 0.011494252873563218}, "found_clusters": 87, "expected_clusters": 4, "time": 4.8057}, "spectral_clustering": {"clustering": {"adjusted_mutual_info_score": 0.5092469949255729, "adjusted_rand_score": 0.444386353152747, "completeness_score": 0.526994266831681, "fowlkes_mallows_score": 0.5959629388001512, "homogeneity_score": 0.49327320010403614, "v_measure_score": 0.5095764725641735}, "classification": {"f1_score": 0.6387161244856681, "hamming_loss": 0.3462, "jaccard_score": 0.49638142925444756, "accuracy_score": 0.6538, "recall_score": 0.6535155852215933, "precision_score": 0.6959934895192083}, "found_clusters": 4, "expected_clusters": 4, "time": 4.9399}, "gaussian_mixture_model": {"clustering": {"adjusted_mutual_info_score": 0.8411659735322758, "adjusted_rand_score": 0.8778064898176915, "completeness_score": 0.8412744211875218, "fowlkes_mallows_score": 0.9083373072143643, "homogeneity_score": 0.8412639342045596, "v_measure_score": 0.8412691776633588}, "classification": {"f1_score": 0.9518144871184302, "hamming_loss": 0.0482, "jaccard_score": 0.9092123791643041, "accuracy_score": 0.9518, "recall_score": 0.951826267845789, "precision_score": 0.9518170964912005}, "found_clusters": 4, "expected_clusters": 4, "time": 0.062}}, "classification_alg": {"KNeighborsClassifier": {"clustering": {"adjusted_mutual_info_score": 0.7465588802529047, "adjusted_rand_score": 0.7868124746084514, "completeness_score": 0.7475097007017302, "fowlkes_mallows_score": 0.8399920622117374, "homogeneity_score": 0.7472608928719305, "v_measure_score": 0.747385276079527}, "classification": {"f1_score": 0.912790095597915, "hamming_loss": 0.087, "jaccard_score": 0.8421293061218609, "accuracy_score": 0.913, "recall_score": 0.9136651107844018, "precision_score": 0.9131580597305786}, "time": 0.044}, "DecisionTreeClassifier": {"clustering": {"adjusted_mutual_info_score": 0.5749926262509744, "adjusted_rand_score": 0.6152451879171342, "completeness_score": 0.5764106458619814, "fowlkes_mallows_score": 0.7111931848311022, "homogeneity_score": 0.5763459407737318, "v_measure_score": 0.5763782915018841}, "classification": {"f1_score": 0.832297424599554, "hamming_loss": 0.168, "jaccard_score": 0.7185296047618381, "accuracy_score": 0.832, "recall_score": 0.8326590013815548, "precision_score": 0.8325817666052311}, "time": 0.018}, "RandomForestClassifier": {"clustering": {"adjusted_mutual_info_score": 0.7393228952757199, "adjusted_rand_score": 0.7773713603450781, "completeness_score": 0.740162195544012, "fowlkes_mallows_score": 0.8328783189355603, "homogeneity_score": 0.7401832606476454, "v_measure_score": 0.7401727279459519}, "classification": {"f1_score": 0.9090981218550976, "hamming_loss": 0.091, "jaccard_score": 0.8358311908516762, "accuracy_score": 0.909, "recall_score": 0.9094426115510073, "precision_score": 0.9091128185423883}, "time": 0.617}, "LinearSVC": {"clustering": {"adjusted_mutual_info_score": 0.5605695260447887, "adjusted_rand_score": 0.5840352077099171, "completeness_score": 0.5623497708212716, "fowlkes_mallows_score": 0.6879301052677703, "homogeneity_score": 0.5616567332716773, "v_measure_score": 0.5620030383906623}, "classification": {"f1_score": 0.8194387480029539, "hamming_loss": 0.181, "jaccard_score": 0.6952345617534836, "accuracy_score": 0.819, "recall_score": 0.8188228976376258, "precision_score": 0.8209209412493581}, "time": 0.213}, "LogisticRegression": {"clustering": {"adjusted_mutual_info_score": 0.5478841979515618, "adjusted_rand_score": 0.57022270871363,