{"clustering_alg": {"affinity_propagation": {"clustering": {"adjusted_mutual_info_score": 1.838913579457097e-15, "adjusted_rand_score": 0.0, "completeness_score": 1.0, "fowlkes_mallows_score": 0.5078137995082392, "homogeneity_score": 6.482351873438726e-16, "v_measure_score": 1.2964703746877445e-15}, "classification": {"f1_score": 0.0, "hamming_loss": 1.0, "jaccard_score": 0.0, "accuracy_score": 0.0, "recall_score": 0.0, "precision_score": 0.0}, "found_clusters": 1, "expected_clusters": 4, "time": 151.748}, "agglomerative": {"clustering": {"adjusted_mutual_info_score": 0.23796304603008991, "adjusted_rand_score": 0.18573358642578885, "completeness_score": 0.24002868714571837, "fowlkes_mallows_score": 0.39972203467211087, "homogeneity_score": 0.23692613800958987, "v_measure_score": 0.2384673216731969}, "classification": {"f1_score": 0.47618466730980685, "hamming_loss": 0.5194, "jaccard_score": 0.32541771975545636, "accuracy_score": 0.4806, "recall_score": 0.4793316324632384, "precision_score": 0.516197348337698}, "found_clusters": 4, "expected_clusters": 4, "time": 0.6455}, "birch": {"clustering": {"adjusted_mutual_info_score": 0.20372127155243247, "adjusted_rand_score": 0.1088542179417128, "completeness_score": 0.26457252685542565, "fowlkes_mallows_score": 0.4365596439130151, "homogeneity_score": 0.16619487788059206, "v_measure_score": 0.20415007406720168}, "classification": {"f1_score": 0.08455937674726408, "hamming_loss": 0.8948, "jaccard_score": 0.0462264576488987, "accuracy_score": 0.1052, "recall_score": 0.10170497372676729, "precision_score": 0.08233835519879389}, "found_clusters": 3, "expected_clusters": 4, "time": 0.086}, "dbscan": {"clustering": {"adjusted_mutual_info_score": 1.838913579457097e-15, "adjusted_rand_score": 0.0, "completeness_score": 1.0, "fowlkes_mallows_score": 0.5078137995082392, "homogeneity_score": 6.482351873438726e-16, "v_measure_score": 1.2964703746877445e-15}, "classification": {"f1_score": 0.11366094884870963, "hamming_loss": 0.7058, "jaccard_score": 0.07355, "accuracy_score": 0.2942, "recall_score": 0.25, "precision_score": 0.07355}, "found_clusters": 1, "expected_clusters": 4, "time": 0.186}, "k_means": {"clustering": {"adjusted_mutual_info_score": 0.232179200297403, "adjusted_rand_score": 0.18760714853872687, "completeness_score": 0.2321913401148143, "fowlkes_mallows_score": 0.39596420259380893, "homogeneity_score": 0.2331766069461913, "v_measure_score": 0.23268293053781802}, "classification": {"f1_score": 0.45151093353593597, "hamming_loss": 0.5412, "jaccard_score": 0.3040257793806125, "accuracy_score": 0.4588, "recall_score": 0.45077007442800493, "precision_score": 0.47390114267868966}, "found_clusters": 4, "expected_clusters": 4, "time": 0.173}, "mini_batch_k_means": {"clustering": {"adjusted_mutual_info_score": 0.22621631452016652, "adjusted_rand_score": 0.1855090987764239, "completeness_score": 0.22660333695840706, "fowlkes_mallows_score": 0.395430072077368, "homogeneity_score": 0.2268463215428629, "v_measure_score": 0.2267247641480297}, "classification": {"f1_score": 0.4835000561017478, "hamming_loss": 0.5176, "jaccard_score": 0.3245887063407465, "accuracy_score": 0.4824, "recall_score": 0.49812724123312396, "precision_score": 0.4900808559590224}, "found_clusters": 4, "expected_clusters": 4, "time": 0.027}, "mean_shift": {"clustering": {"adjusted_mutual_info_score": 1.838913579457097e-15, "adjusted_rand_score": 0.0, "completeness_score": 1.0, "fowlkes_mallows_score": 0.5078137995082392, "homogeneity_score": 6.482351873438726e-16, "v_measure_score": 1.2964703746877445e-15}, "classification": {"f1_score": 0.11366094884870963, "hamming_loss": 0.7058, "jaccard_score": 0.07355, "accuracy_score": 0.2942, "recall_score": 0.25, "precision_score": 0.07355}, "found_clusters": 1, "expected_clusters": 4, "time": 47.2541}, "optics": {"clustering": {"adjusted_mutual_info_score": 0.09183106897148918, "adjusted_rand_score": -0.001983423207241596, "completeness_score": 0.09050498206641631, "fowlkes_mallows_score": 0.2343635157802179, "homogeneity_score": 0.24841410901587938, "v_measure_score": 0.13267304836520846}, "classification": {"f1_score": 5.677138751777762e-05, "hamming_loss": 0.9974, "jaccard_score": 2.8481316382351955e-05, "accuracy_score": 0.0026, "recall_score": 2.8680237566429826e-05, "precision_score": 0.00309208290859667}, "found_clusters": 327, "expected_clusters": 4, "time": 3.9087}, "spectral_clustering": {"clustering": {"adjusted_mutual_info_score": 0.1865083864472805, "adjusted_rand_score": 0.11315143622697685, "completeness_score": 0.19166511114906165, "fowlkes_mallows_score": 0.35387564156544254, "homogeneity_score": 0.18266371852466257, "v_measure_score": 0.18705618770772378}, "classification": {"f1_score": 0.4404976925033347, "hamming_loss": 0.5598, "jaccard_score": 0.2852404218177881, "accuracy_score": 0.4402, "recall_score": 0.4399485340464439, "precision_score": 0.525198704870502}, "found_clusters": 4, "expected_clusters": 4, "time": 2.7872}, "gaussian_mixture_model": {"clustering": {"adjusted_mutual_info_score": 0.2622215043035562, "adjusted_rand_score": 0.18985427370900826, "completeness_score": 0.2643512479888967, "fowlkes_mallows_score": 0.40215167652805867, "homogeneity_score": 0.2610881915591415, "v_measure_score": 0.2627095877431299}, "classification": {"f1_score": 0.5041653573557914, "hamming_loss": 0.4996, "jaccard_score": 0.3456837299112013, "accuracy_score": 0.5004, "recall_score": 0.5149274289931285, "precision_score": 0.5437034247284998}, "found_clusters": 4, "expected_clusters": 4, "time": 0.032}}, "classification_alg": {"KNeighborsClassifier": {"clustering": {"adjusted_mutual_info_score": 0.21222097737759762, "adjusted_rand_score": 0.2214352725634321, "completeness_score": 0.2142201925268713, "fowlkes_mallows_score": 0.41980543145208016, "homogeneity_score": 0.21540352438373894, "v_measure_score": 0.2148102288033232}, "classification": {"f1_score": 0.5268048331303016, "hamming_loss": 0.459, "jaccard_score": 0.37130321536795574, "accuracy_score": 0.541, "recall_score": 0.5338565540419014, "precision_score": 0.5262917392347762}, "time": 0.028}, "DecisionTreeClassifier": {"clustering": {"adjusted_mutual_info_score": 0.1483209791210132, "adjusted_rand_score": 0.15332754447847657, "completeness_score": 0.15094799361117395, "fowlkes_mallows_score": 0.36998560198978986, "homogeneity_score": 0.1513020495273503, "v_measure_score": 0.15112481419858573}, "classification": {"f1_score": 0.47931977077085564, "hamming_loss": 0.509, "jaccard_score": 0.32576650249798766, "accuracy_score": 0.491, "recall_score": 0.4771725734615426, "precision_score": 0.4830230754061805}, "time": 0.009}, "RandomForestClassifier": {"clustering": {"adjusted_mutual_info_score": 0.20321390718236967, "adjusted_rand_score": 0.20657357069898244, "completeness_score": 0.20531312768759902, "fowlkes_mallows_score": 0.40882433932584644, "homogeneity_score": 0.20635624167631006, "v_measure_score": 0.20583336312772385}, "classification": {"f1_score": 0.5213302130067439, "hamming_loss": 0.466, "jaccard_score": 0.3649148156752121, "accuracy_score": 0.534, "recall_score": 0.5211245261269558, "precision_score": 0.5222051851900724}, "time": 0.415}, "LinearSVC": {"clustering": {"adjusted_mutual_info_score": 0.2198365052073195, "adjusted_rand_score": 0.22060298634924966, "completeness_score": 0.23192844093626766, "fowlkes_mallows_score": 0.4372499792725941, "homogeneity_score": 0.21384273619173585, "v_measure_score": 0.222518704461923}, "classification": {"f1_score": 0.5147642522774682, "hamming_loss": 0.45, "jaccard_score": 0.36555033278948684, "accuracy_score": 0.55, "recall_score": 0.5304688072092791, "precision_score": 0.5591370733993697}, "time": 0.019}, "LogisticRegression": {"clustering": {"adjusted_mutual_info_score": 0.22615902695833526, "adjusted_rand_score": 0.19810967218697437, "completeness_score": 0.231262371762225, "fowlkes_mallows_score": 0.4098643108395105, "homogeneity_score": 0.22626882103033424,