{"clustering_alg": {"affinity_propagation": {"clustering": {"adjusted_mutual_info_score": 0.43828067496200235, "adjusted_rand_score": 0.09974907489064261, "completeness_score": 0.30838680900702214, "fowlkes_mallows_score": 0.25434947758937376, "homogeneity_score": 0.8661118390214656, "v_measure_score": 0.4548280523394096}, "classification": {"f1_score": 0.0019264342905303718, "hamming_loss": 0.984, "jaccard_score": 0.0010109306880646996, "accuracy_score": 0.016, "recall_score": 0.0010109306880646996, "precision_score": 0.02040816326530612}, "found_clusters": 49, "expected_clusters": 4, "time": 2.0234}, "agglomerative": {"clustering": {"adjusted_mutual_info_score": 0.7587854700404755, "adjusted_rand_score": 0.765814725285418, "completeness_score": 0.7571033108301838, "fowlkes_mallows_score": 0.8257352665609734, "homogeneity_score": 0.7620717374572437, "v_measure_score": 0.7595793995819075}, "classification": {"f1_score": 0.9159047898835537, "hamming_loss": 0.09, "jaccard_score": 0.8480815203413209, "accuracy_score": 0.91, "recall_score": 0.9225162642393187, "precision_score": 0.913865655845459}, "found_clusters": 4, "expected_clusters": 4, "time": 0.054}, "birch": {"clustering": {"adjusted_mutual_info_score": 0.4050408372278412, "adjusted_rand_score": 0.22123822183450703, "completeness_score": 0.5824020188821737, "fowlkes_mallows_score": 0.5455581129814523, "homogeneity_score": 0.3125007306763622, "v_measure_score": 0.4067504687807712}, "classification": {"f1_score": 0.3133012455767531, "hamming_loss": 0.558, "jaccard_score": 0.22897210523103217, "accuracy_score": 0.442, "recall_score": 0.370672391763723, "precision_score": 0.34271776155717765}, "found_clusters": 3, "expected_clusters": 4, "time": 0.039}, "dbscan": {"clustering": {"adjusted_mutual_info_score": 1.38211600278623e-05, "adjusted_rand_score": 3.732329277308531e-05, "completeness_score": 0.17449959079937089, "fowlkes_mallows_score": 0.5076174624945492, "homogeneity_score": 0.0010080344007092647, "v_measure_score": 0.002004489437252957}, "classification": {"f1_score": 0.09773071104387292, "hamming_loss": 0.677, "jaccard_score": 0.06466466466466467, "accuracy_score": 0.323, "recall_score": 0.2, "precision_score": 0.06466466466466467}, "found_clusters": 2, "expected_clusters": 4, "time": 0.049}, "k_means": {"clustering": {"adjusted_mutual_info_score": 0.7207020797983977, "adjusted_rand_score": 0.7227558281435003, "completeness_score": 0.7198151833165143, "fowlkes_mallows_score": 0.7938235815113378, "homogeneity_score": 0.7234380615941106, "v_measure_score": 0.7216220753506858}, "classification": {"f1_score": 0.8967715071847264, "hamming_loss": 0.11, "jaccard_score": 0.818588693406241, "accuracy_score": 0.89, "recall_score": 0.9003494677165225, "precision_score": 0.896120523132464}, "found_clusters": 4, "expected_clusters": 4, "time": 0.107}, "mini_batch_k_means": {"clustering": {"adjusted_mutual_info_score": 0.6328420477055172, "adjusted_rand_score": 0.6398553820020773, "completeness_score": 0.6309033698695293, "fowlkes_mallows_score": 0.7316245733732528, "homogeneity_score": 0.6372248595991383, "v_measure_score": 0.6340483587439407}, "classification": {"f1_score": 0.8464545417324784, "hamming_loss": 0.154, "jaccard_score": 0.7392386534911026, "accuracy_score": 0.846, "recall_score": 0.8552624777079835, "precision_score": 0.8461390349020549}, "found_clusters": 4, "expected_clusters": 4, "time": 0.082}, "mean_shift": {"clustering": {"adjusted_mutual_info_score": -4.451224741271731e-16, "adjusted_rand_score": 0.0, "completeness_score": 1.0, "fowlkes_mallows_score": 0.5080985772113165, "homogeneity_score": 0.0, "v_measure_score": 0.0}, "classification": {"f1_score": 0.12207105064247922, "hamming_loss": 0.677, "jaccard_score": 0.08075, "accuracy_score": 0.323, "recall_score": 0.25, "precision_score": 0.08075}, "found_clusters": 1, "expected_clusters": 4, "time": 14.2412}, "optics": {"clustering": {"adjusted_mutual_info_score": 0.17356204311291654, "adjusted_rand_score": 0.020157352099772236, "completeness_score": 0.23041708372590103, "fowlkes_mallows_score": 0.42707312549418114, "homogeneity_score": 0.1805306251928317, "v_measure_score": 0.20244590383333697}, "classification": {"f1_score": 0.0027775467775467775, "hamming_loss": 0.989, "jaccard_score": 0.001421188630490956, "accuracy_score": 0.011, "recall_score": 0.0014320114010516489, "precision_score": 0.046}, "found_clusters": 25, "expected_clusters": 4, "time": 1.693}, "spectral_clustering": {"clustering": {"adjusted_mutual_info_score": 0.6353375095454598, "adjusted_rand_score": 0.5810265270851671, "completeness_score": 0.6379249754689877, "fowlkes_mallows_score": 0.6897604743863569, "homogeneity_score": 0.6351699261067648, "v_measure_score": 0.6365444697465654}, "classification": {"f1_score": 0.834682213680839, "hamming_loss": 0.18, "jaccard_score": 0.7306917069004298, "accuracy_score": 0.82, "recall_score": 0.8322481827583037, "precision_score": 0.8500582522920341}, "found_clusters": 4, "expected_clusters": 4, "time": 0.3942}, "gaussian_mixture_model": {"clustering": {"adjusted_mutual_info_score": 0.8179128765961505, "adjusted_rand_score": 0.824765291175244, "completeness_score": 0.8170942126701185, "fowlkes_mallows_score": 0.8697782865725922, "homogeneity_score": 0.8199370071140432, "v_measure_score": 0.8185131415578937}, "classification": {"f1_score": 0.9402672538568976, "hamming_loss": 0.065, "jaccard_score": 0.8896033854904329, "accuracy_score": 0.935, "recall_score": 0.9432515244656112, "precision_score": 0.9399049165120594}, "found_clusters": 4, "expected_clusters": 4, "time": 0.0156}}, "classification_alg": {"KNeighborsClassifier": {"clustering": {"adjusted_mutual_info_score": 0.8050938885329677, "adjusted_rand_score": 0.8141043244283017, "completeness_score": 0.8062303481297433, "fowlkes_mallows_score": 0.8620669816229991, "homogeneity_score": 0.8105554977849732, "v_measure_score": 0.8083871377386208}, "classification": {"f1_score": 0.9330776014109348, "hamming_loss": 0.07, "jaccard_score": 0.877561261513, "accuracy_score": 0.93, "recall_score": 0.9366242488511841, "precision_score": 0.9300793241547638}, "time": 0.011}, "DecisionTreeClassifier": {"clustering": {"adjusted_mutual_info_score": 0.6814856774170196, "adjusted_rand_score": 0.6969796032414963, "completeness_score": 0.686333557095205, "fowlkes_mallows_score": 0.7754859992518456, "homogeneity_score": 0.6874267134101887, "v_measure_score": 0.6868797003184676}, "classification": {"f1_score": 0.8827751175642742, "hamming_loss": 0.12, "jaccard_score": 0.7935311830415442, "accuracy_score": 0.88, "recall_score": 0.8837120007069637, "precision_score": 0.8830915673020936}, "time": 0.004}, "RandomForestClassifier": {"clustering": {"adjusted_mutual_info_score": 0.789895823645997, "adjusted_rand_score": 0.808527175995227, "completeness_score": 0.7930105831142561, "fowlkes_mallows_score": 0.8581958026413187, "homogeneity_score": 0.7938991013348503, "v_measure_score": 0.793454593481781}, "classification": {"f1_score": 0.9342592815648151, "hamming_loss": 0.07, "jaccard_score": 0.8783889710109222, "accuracy_score": 0.93, "recall_score": 0.9352474372569812, "precision_score": 0.9334857723577236}, "time": 0.3976}, "LinearSVC": {"clustering": {"adjusted_mutual_info_score": 0.83764180216858, "adjusted_rand_score": 0.8643020488000381, "completeness_score": 0.8415915228233329, "fowlkes_mallows_score": 0.8996871064828218, "homogeneity_score": 0.8392083924256034, "v_measure_score": 0.8403982681579109}, "classification": {"f1_score": 0.9514567670846891, "hamming_loss": 0.05, "jaccard_score": 0.9083208706476468, "accuracy_score": 0.95, "recall_score": 0.9498670024743726, "precision_score": 0.9538188090279969}, "time": 0.004}, "LogisticRegression": {"clustering": {"adjusted_mutual_info_score": 0.8402188241583863, "adjusted_rand_score": 0.8661484066675392, "completeness_score": 0.843683921140902, "fowlkes_mallows_score": 0.9010055035270522, "homogeneity_score": 0.8421770808602946,