{"clustering_alg": {"affinity_propagation": {"clustering": {"adjusted_mutual_info_score": 0.0, "adjusted_rand_score": 0.0, "completeness_score": 1.0, "fowlkes_mallows_score": 0.49924868477468143, "homogeneity_score": 0.0, "v_measure_score": 0.0}, "classification": {"f1_score": 0.0, "hamming_loss": 1.0, "jaccard_score": 0.0, "accuracy_score": 0.0, "recall_score": 0.0, "precision_score": 0.0}, "found_clusters": 1, "expected_clusters": 4, "time": 8.05}, "agglomerative": {"clustering": {"adjusted_mutual_info_score": 0.9868501853394762, "adjusted_rand_score": 0.9920240695900462, "completeness_score": 0.9868944740502714, "fowlkes_mallows_score": 0.9940120722486897, "homogeneity_score": 0.9868916264671507, "v_measure_score": 0.986893050256657}, "classification": {"f1_score": 0.996999987999952, "hamming_loss": 0.003, "jaccard_score": 0.9940357617150446, "accuracy_score": 0.997, "recall_score": 0.997, "precision_score": 0.997003952063233}, "found_clusters": 4, "expected_clusters": 4, "time": 0.047}, "birch": {"clustering": {"adjusted_mutual_info_score": 0.8567873240141083, "adjusted_rand_score": 0.7136715391229579, "completeness_score": 1.0, "fowlkes_mallows_score": 0.8159506119058424, "homogeneity_score": 0.75, "v_measure_score": 0.8571428571428571}, "classification": {"f1_score": 0.41666666666666663, "hamming_loss": 0.5, "jaccard_score": 0.375, "accuracy_score": 0.5, "recall_score": 0.5, "precision_score": 0.375}, "found_clusters": 3, "expected_clusters": 4, "time": 0.038}, "dbscan": {"clustering": {"adjusted_mutual_info_score": 0.8597387192845908, "adjusted_rand_score": 0.8833734562698898, "completeness_score": 0.8052426338367192, "fowlkes_mallows_score": 0.9127173997210232, "homogeneity_score": 0.9242657562636799, "v_measure_score": 0.8606586660104587}, "classification": {"f1_score": 0.2741111725752699, "hamming_loss": 0.539, "jaccard_score": 0.26342857142857146, "accuracy_score": 0.461, "recall_score": 0.26342857142857146, "precision_score": 0.2857142857142857}, "found_clusters": 7, "expected_clusters": 4, "time": 0.009}, "k_means": {"clustering": {"adjusted_mutual_info_score": 0.9868501853394763, "adjusted_rand_score": 0.9920240695900462, "completeness_score": 0.9868944740502716, "fowlkes_mallows_score": 0.9940120722486897, "homogeneity_score": 0.9868916264671509, "v_measure_score": 0.9868930502566572}, "classification": {"f1_score": 0.996999987999952, "hamming_loss": 0.003, "jaccard_score": 0.9940357617150446, "accuracy_score": 0.997, "recall_score": 0.997, "precision_score": 0.997003952063233}, "found_clusters": 4, "expected_clusters": 4, "time": 0.025}, "mini_batch_k_means": {"clustering": {"adjusted_mutual_info_score": 0.9868501853394762, "adjusted_rand_score": 0.9920240695900462, "completeness_score": 0.9868944740502714, "fowlkes_mallows_score": 0.9940120722486897, "homogeneity_score": 0.9868916264671507, "v_measure_score": 0.986893050256657}, "classification": {"f1_score": 0.996999987999952, "hamming_loss": 0.003, "jaccard_score": 0.9940357617150446, "accuracy_score": 0.997, "recall_score": 0.997, "precision_score": 0.997003952063233}, "found_clusters": 4, "expected_clusters": 4, "time": 0.023}, "mean_shift": {"clustering": {"adjusted_mutual_info_score": 0.5765052673248838, "adjusted_rand_score": 0.33266533066132264, "completeness_score": 0.9999999999999988, "fowlkes_mallows_score": 0.6316949117560324, "homogeneity_score": 0.40563906222956586, "v_measure_score": 0.5771596324111227}, "classification": {"f1_score": 0.375, "hamming_loss": 0.5, "jaccard_score": 0.3333333333333333, "accuracy_score": 0.5, "recall_score": 0.5, "precision_score": 0.3333333333333333}, "found_clusters": 2, "expected_clusters": 4, "time": 2.0379}, "optics": {"clustering": {"adjusted_mutual_info_score": 0.2662392887389661, "adjusted_rand_score": 0.010836860528950552, "completeness_score": 0.24630561921615837, "fowlkes_mallows_score": 0.3074379567314349, "homogeneity_score": 0.4010056231067702, "v_measure_score": 0.30516985292586785}, "classification": {"f1_score": 0.001127554615926709, "hamming_loss": 0.992, "jaccard_score": 0.0005818181818181818, "accuracy_score": 0.008, "recall_score": 0.0005818181818181818, "precision_score": 0.01818181818181818}, "found_clusters": 55, "expected_clusters": 4, "time": 0.6486}, "spectral_clustering": {"clustering": {"adjusted_mutual_info_score": 0.9868501853394762, "adjusted_rand_score": 0.9920240695900462, "completeness_score": 0.9868944740502714, "fowlkes_mallows_score": 0.9940120722486897, "homogeneity_score": 0.9868916264671507, "v_measure_score": 0.986893050256657}, "classification": {"f1_score": 0.996999987999952, "hamming_loss": 0.003, "jaccard_score": 0.9940357617150446, "accuracy_score": 0.997, "recall_score": 0.997, "precision_score": 0.997003952063233}, "found_clusters": 4, "expected_clusters": 4, "time": 0.2286}, "gaussian_mixture_model": {"clustering": {"adjusted_mutual_info_score": 0.9868501853394763, "adjusted_rand_score": 0.9920240695900462, "completeness_score": 0.9868944740502716, "fowlkes_mallows_score": 0.9940120722486897, "homogeneity_score": 0.9868916264671509, "v_measure_score": 0.9868930502566572}, "classification": {"f1_score": 0.996999987999952, "hamming_loss": 0.003, "jaccard_score": 0.9940357617150446, "accuracy_score": 0.997, "recall_score": 0.997, "precision_score": 0.997003952063233}, "found_clusters": 4, "expected_clusters": 4, "time": 0.006}}, "classification_alg": {"KNeighborsClassifier": {"clustering": {"adjusted_mutual_info_score": 0.9822635484523202, "adjusted_rand_score": 0.9879251267244803, "completeness_score": 0.9821666547747158, "fowlkes_mallows_score": 0.9909388832680504, "homogeneity_score": 0.9829525983949415, "v_measure_score": 0.9825594694169181}, "classification": {"f1_score": 0.9944383327221611, "hamming_loss": 0.005, "jaccard_score": 0.9890004782400765, "accuracy_score": 0.995, "recall_score": 0.9950980392156863, "precision_score": 0.9939024390243902}, "time": 0.01}, "DecisionTreeClassifier": {"clustering": {"adjusted_mutual_info_score": 0.9646048170665049, "adjusted_rand_score": 0.9761346063717219, "completeness_score": 0.9651956451662551, "fowlkes_mallows_score": 0.9820961577147456, "homogeneity_score": 0.9651956451662551, "v_measure_score": 0.9651956451662551}, "classification": {"f1_score": 0.9888480392156863, "hamming_loss": 0.01, "jaccard_score": 0.9781894934333959, "accuracy_score": 0.99, "recall_score": 0.9888480392156863, "precision_score": 0.9888480392156863}, "time": 0.001}, "RandomForestClassifier": {"clustering": {"adjusted_mutual_info_score": 0.9822635484523202, "adjusted_rand_score": 0.9879251267244803, "completeness_score": 0.9821666547747158, "fowlkes_mallows_score": 0.9909388832680504, "homogeneity_score": 0.9829525983949415, "v_measure_score": 0.9825594694169181}, "classification": {"f1_score": 0.9944383327221611, "hamming_loss": 0.005, "jaccard_score": 0.9890004782400765, "accuracy_score": 0.995, "recall_score": 0.9950980392156863, "precision_score": 0.9939024390243902}, "time": 0.1541}, "LinearSVC": {"clustering": {"adjusted_mutual_info_score": 1.0, "adjusted_rand_score": 1.0, "completeness_score": 1.0, "fowlkes_mallows_score": 1.0, "homogeneity_score": 1.0, "v_measure_score": 1.0}, "classification": {"f1_score": 1.0, "hamming_loss": 0.0, "jaccard_score": 1.0, "accuracy_score": 1.0, "recall_score": 1.0, "precision_score": 1.0}, "time": 0.017}, "LogisticRegression": {"clustering": {"adjusted_mutual_info_score": 0.9822635484523202, "adjusted_rand_score": 0.9879251267244803, "completeness_score": 0.9821666547747158, "fowlkes_mallows_score": 0.9909388832680504, "homogeneity_score": 0.9829525983949415, "v_measure_score": 0.9825594694169181}, "classification": {"f1_score": 0.9944383327221611, "hamming_loss": 0.005, "jaccard_score": 0.9890004782400765, "accuracy_score": 0.995, "recall_score": 0.9950980392156863, "precision_score": 0.9939024390243902}, "time": 0.032}, "GaussianNB": {"clustering": {"adjusted_mutual_info_score": 0.9822635484523202,