{"clustering_alg": {"affinity_propagation": {"clustering": {"adjusted_mutual_info_score": 0.4907864903218653, "adjusted_rand_score": 0.18610053961477696, "completeness_score": 0.35795334220031017, "fowlkes_mallows_score": 0.3478051029875452, "homogeneity_score": 0.8277037237084368, "v_measure_score": 0.4997723587570303}, "classification": {"f1_score": 0.004681261186837395, "hamming_loss": 0.983, "jaccard_score": 0.002498530276308054, "accuracy_score": 0.017, "recall_score": 0.002518518518518519, "precision_score": 0.03313840155945419}, "found_clusters": 27, "expected_clusters": 4, "time": 5.0899}, "agglomerative": {"clustering": {"adjusted_mutual_info_score": 0.5479511421095264, "adjusted_rand_score": 0.4432770753755161, "completeness_score": 0.5650032453152201, "fowlkes_mallows_score": 0.5938605092130786, "homogeneity_score": 0.5347608510683752, "v_measure_score": 0.5494662306483857}, "classification": {"f1_score": 0.7386610594817856, "hamming_loss": 0.264, "jaccard_score": 0.5879862218333228, "accuracy_score": 0.736, "recall_score": 0.7360411686586985, "precision_score": 0.7962536359465671}, "found_clusters": 4, "expected_clusters": 4, "time": 0.021}, "birch": {"clustering": {"adjusted_mutual_info_score": 0.1972951890280755, "adjusted_rand_score": 0.04663089544099711, "completeness_score": 0.36864332135799904, "fowlkes_mallows_score": 0.4613551893721706, "homogeneity_score": 0.13709595563422464, "v_measure_score": 0.19986388532179025}, "classification": {"f1_score": 0.18917623332299102, "hamming_loss": 0.705, "jaccard_score": 0.11808718974839286, "accuracy_score": 0.295, "recall_score": 0.29417670682730923, "precision_score": 0.3239104829210836}, "found_clusters": 3, "expected_clusters": 4, "time": 0.018}, "dbscan": {"clustering": {"adjusted_mutual_info_score": 0.0018501079203470186, "adjusted_rand_score": 4.588321155036454e-05, "completeness_score": 0.08579244564686855, "fowlkes_mallows_score": 0.49629565733402964, "homogeneity_score": 0.0022698636266519417, "v_measure_score": 0.004422712813730318}, "classification": {"f1_score": 0.0806425702811245, "hamming_loss": 0.749, "jaccard_score": 0.05050301810865191, "accuracy_score": 0.251, "recall_score": 0.2, "precision_score": 0.05050301810865191}, "found_clusters": 2, "expected_clusters": 4, "time": 0.007}, "k_means": {"clustering": {"adjusted_mutual_info_score": 0.5977057693866173, "adjusted_rand_score": 0.5493739935525285, "completeness_score": 0.6056854032920127, "fowlkes_mallows_score": 0.6654231515143091, "homogeneity_score": 0.5925230001398085, "v_measure_score": 0.5990319067561002}, "classification": {"f1_score": 0.7983975515198287, "hamming_loss": 0.203, "jaccard_score": 0.6684407239970931, "accuracy_score": 0.797, "recall_score": 0.7969380630090082, "precision_score": 0.8239763080955742}, "found_clusters": 4, "expected_clusters": 4, "time": 0.039}, "mini_batch_k_means": {"clustering": {"adjusted_mutual_info_score": 0.5900447087698564, "adjusted_rand_score": 0.5364703327337726, "completeness_score": 0.5989274503666965, "fowlkes_mallows_score": 0.6565215654948667, "homogeneity_score": 0.5840560037167438, "v_measure_score": 0.591398251547748}, "classification": {"f1_score": 0.7938408296635879, "hamming_loss": 0.208, "jaccard_score": 0.6618564313759602, "accuracy_score": 0.792, "recall_score": 0.7919860317765084, "precision_score": 0.8216357479348828}, "found_clusters": 4, "expected_clusters": 4, "time": 0.022}, "mean_shift": {"clustering": {"adjusted_mutual_info_score": 0.0, "adjusted_rand_score": 0.0, "completeness_score": 1.0, "fowlkes_mallows_score": 0.4992506897854536, "homogeneity_score": 0.0, "v_measure_score": 0.0}, "classification": {"f1_score": 0.1003197442046363, "hamming_loss": 0.749, "jaccard_score": 0.06275, "accuracy_score": 0.251, "recall_score": 0.25, "precision_score": 0.06275}, "found_clusters": 1, "expected_clusters": 4, "time": 5.8498}, "optics": {"clustering": {"adjusted_mutual_info_score": 0.2709436322883606, "adjusted_rand_score": 0.015581605640594836, "completeness_score": 0.23513643548928786, "fowlkes_mallows_score": 0.27212183505282866, "homogeneity_score": 0.43959661871894684, "v_measure_score": 0.3063883748811167}, "classification": {"f1_score": 0.0004152823920265781, "hamming_loss": 0.997, "jaccard_score": 0.00021008403361344536, "accuracy_score": 0.003, "recall_score": 0.00021343198634035288, "precision_score": 0.007653061224489796}, "found_clusters": 56, "expected_clusters": 4, "time": 0.5286}, "spectral_clustering": {"clustering": {"adjusted_mutual_info_score": 0.4593698164279694, "adjusted_rand_score": 0.31285078117746445, "completeness_score": 0.4934074458950226, "fowlkes_mallows_score": 0.518368153830574, "homogeneity_score": 0.4330276791428205, "v_measure_score": 0.46124995780785155}, "classification": {"f1_score": 0.6883327998935206, "hamming_loss": 0.314, "jaccard_score": 0.5289390461759625, "accuracy_score": 0.686, "recall_score": 0.6857446519144307, "precision_score": 0.8017279988928917}, "found_clusters": 4, "expected_clusters": 4, "time": 0.245}, "gaussian_mixture_model": {"clustering": {"adjusted_mutual_info_score": 0.8157319761117076, "adjusted_rand_score": 0.8262382175682841, "completeness_score": 0.8170450362418085, "fowlkes_mallows_score": 0.869657360798143, "homogeneity_score": 0.8156225597836002, "v_measure_score": 0.8163331783399433}, "classification": {"f1_score": 0.9283397032130491, "hamming_loss": 0.072, "jaccard_score": 0.8710289859186918, "accuracy_score": 0.928, "recall_score": 0.928027536440583, "precision_score": 0.9306108170961749}, "found_clusters": 4, "expected_clusters": 4, "time": 0.012}}, "classification_alg": {"KNeighborsClassifier": {"clustering": {"adjusted_mutual_info_score": 0.7664729045934217, "adjusted_rand_score": 0.7485243595501809, "completeness_score": 0.7703384777159971, "fowlkes_mallows_score": 0.810761421319797, "homogeneity_score": 0.7703706997338813, "v_measure_score": 0.7703545883879974}, "classification": {"f1_score": 0.8977450376616609, "hamming_loss": 0.105, "jaccard_score": 0.8224876974876976, "accuracy_score": 0.895, "recall_score": 0.8974227508887066, "precision_score": 0.899766156462585}, "time": 0.007}, "DecisionTreeClassifier": {"clustering": {"adjusted_mutual_info_score": 0.6742245779541233, "adjusted_rand_score": 0.6631391645425315, "completeness_score": 0.6803371502455041, "fowlkes_mallows_score": 0.7467645761776323, "homogeneity_score": 0.6789562423688474, "v_measure_score": 0.6796459948741466}, "classification": {"f1_score": 0.858322757768212, "hamming_loss": 0.145, "jaccard_score": 0.7628887349038647, "accuracy_score": 0.855, "recall_score": 0.8563008796239733, "precision_score": 0.8623050396682292}, "time": 0.002}, "RandomForestClassifier": {"clustering": {"adjusted_mutual_info_score": 0.7211783122383114, "adjusted_rand_score": 0.7153731617216758, "completeness_score": 0.7254958573783338, "fowlkes_mallows_score": 0.7857293911781225, "homogeneity_score": 0.7261258356441835, "v_measure_score": 0.7258107098115187}, "classification": {"f1_score": 0.8827389843695412, "hamming_loss": 0.12, "jaccard_score": 0.7994734521943574, "accuracy_score": 0.88, "recall_score": 0.8834465104973718, "precision_score": 0.884721214320271}, "time": 0.159}, "LinearSVC": {"clustering": {"adjusted_mutual_info_score": 0.7720239696158212, "adjusted_rand_score": 0.7336320193789169, "completeness_score": 0.7761301010149598, "fowlkes_mallows_score": 0.79963555444552, "homogeneity_score": 0.775500627182467, "v_measure_score": 0.7758152364145621}, "classification": {"f1_score": 0.8879803448978206, "hamming_loss": 0.115, "jaccard_score": 0.8074724239978477, "accuracy_score": 0.885, "recall_score": 0.8912094005408198, "precision_score": 0.8925476735316552}, "time": 0.012}, "LogisticRegression": {"clustering": {"adjusted_mutual_info_score": 0.7540458365203653, "adjusted_rand_score": 0.7207671035465181, "completeness_score": 0.7585577282534626, "fowlkes_mallows_score": 0.7899868486901771, "homogeneity_score": 0.7577163192488908,