{"clustering_alg": {"affinity_propagation": {"clustering": {"adjusted_mutual_info_score": 0.2359487255257751, "adjusted_rand_score": 0.05330526094186376, "completeness_score": 0.17608100088151762, "fowlkes_mallows_score": 0.17229242670628758, "homogeneity_score": 0.44880317277606424, "v_measure_score": 0.2529291513294553}, "classification": {"f1_score": 0.005129053099017716, "hamming_loss": 0.975, "jaccard_score": 0.002636029465792023, "accuracy_score": 0.025, "recall_score": 0.003057261443089181, "precision_score": 0.01629251700680272}, "found_clusters": 35, "expected_clusters": 4, "time": 4.6076}, "agglomerative": {"clustering": {"adjusted_mutual_info_score": 0.28355037413862605, "adjusted_rand_score": 0.13445577714288023, "completeness_score": 0.3032140168495293, "fowlkes_mallows_score": 0.39575578210690154, "homogeneity_score": 0.27075747164120956, "v_measure_score": 0.286068079040753}, "classification": {"f1_score": 0.4847736019694727, "hamming_loss": 0.516, "jaccard_score": 0.32518231013341237, "accuracy_score": 0.484, "recall_score": 0.519494162186774, "precision_score": 0.6093247675543259}, "found_clusters": 4, "expected_clusters": 4, "time": 0.023}, "birch": {"clustering": {"adjusted_mutual_info_score": 0.25706299613372274, "adjusted_rand_score": 0.25066954781416817, "completeness_score": 0.38386161454803963, "fowlkes_mallows_score": 0.5360418978760695, "homogeneity_score": 0.19446748636734126, "v_measure_score": 0.2581526787288154}, "classification": {"f1_score": 0.10673355958880527, "hamming_loss": 0.844, "jaccard_score": 0.06558704453441296, "accuracy_score": 0.156, "recall_score": 0.20268286050938095, "precision_score": 0.07297088254725342}, "found_clusters": 2, "expected_clusters": 4, "time": 0.03}, "dbscan": {"clustering": {"adjusted_mutual_info_score": 2.0879293453986457e-17, "adjusted_rand_score": 0.0, "completeness_score": 1.0, "fowlkes_mallows_score": 0.5115561451978557, "homogeneity_score": 0.0, "v_measure_score": 0.0}, "classification": {"f1_score": 0.07877000842459983, "hamming_loss": 0.813, "jaccard_score": 0.04675, "accuracy_score": 0.187, "recall_score": 0.25, "precision_score": 0.04675}, "found_clusters": 1, "expected_clusters": 4, "time": 0.03}, "k_means": {"clustering": {"adjusted_mutual_info_score": 0.2958596822906698, "adjusted_rand_score": 0.21280678592433067, "completeness_score": 0.29832231267236603, "fowlkes_mallows_score": 0.41895606402483765, "homogeneity_score": 0.2980766386499811, "v_measure_score": 0.29819942506104663}, "classification": {"f1_score": 0.5142152301161738, "hamming_loss": 0.48, "jaccard_score": 0.3658687545922099, "accuracy_score": 0.52, "recall_score": 0.5164269543958064, "precision_score": 0.5670110849325252}, "found_clusters": 4, "expected_clusters": 4, "time": 0.058}, "mini_batch_k_means": {"clustering": {"adjusted_mutual_info_score": 0.3089254398994081, "adjusted_rand_score": 0.21572786029061014, "completeness_score": 0.3135084929814595, "fowlkes_mallows_score": 0.42531826960419333, "homogeneity_score": 0.3089996970600922, "v_measure_score": 0.31123776652824703}, "classification": {"f1_score": 0.52096389230438, "hamming_loss": 0.467, "jaccard_score": 0.3728050425887948, "accuracy_score": 0.533, "recall_score": 0.5366140941260411, "precision_score": 0.5737327044025157}, "found_clusters": 4, "expected_clusters": 4, "time": 0.033}, "mean_shift": {"clustering": {"adjusted_mutual_info_score": 2.0879293453986457e-17, "adjusted_rand_score": 0.0, "completeness_score": 1.0, "fowlkes_mallows_score": 0.5115561451978557, "homogeneity_score": 0.0, "v_measure_score": 0.0}, "classification": {"f1_score": 0.07877000842459983, "hamming_loss": 0.813, "jaccard_score": 0.04675, "accuracy_score": 0.187, "recall_score": 0.25, "precision_score": 0.04675}, "found_clusters": 1, "expected_clusters": 4, "time": 8.1222}, "optics": {"clustering": {"adjusted_mutual_info_score": 0.14260168367110812, "adjusted_rand_score": 0.008494955909628113, "completeness_score": 0.1463696974841322, "fowlkes_mallows_score": 0.28759149637495485, "homogeneity_score": 0.2683360467363536, "v_measure_score": 0.18941751606896529}, "classification": {"f1_score": 0.0011369797434593763, "hamming_loss": 0.992, "jaccard_score": 0.0005745510495311627, "accuracy_score": 0.008, "recall_score": 0.0005868758191101505, "precision_score": 0.02013888888888889}, "found_clusters": 60, "expected_clusters": 4, "time": 0.9004}, "spectral_clustering": {"clustering": {"adjusted_mutual_info_score": 0.2300641712663181, "adjusted_rand_score": 0.12091204806791526, "completeness_score": 0.2387148816743946, "fowlkes_mallows_score": 0.3638796766631925, "homogeneity_score": 0.22695951928067126, "v_measure_score": 0.2326888258355896}, "classification": {"f1_score": 0.4495563687439691, "hamming_loss": 0.55, "jaccard_score": 0.2987982912963981, "accuracy_score": 0.45, "recall_score": 0.4626636436414, "precision_score": 0.5615031365830017}, "found_clusters": 4, "expected_clusters": 4, "time": 0.256}, "gaussian_mixture_model": {"clustering": {"adjusted_mutual_info_score": 0.3358726678425009, "adjusted_rand_score": 0.24494076594282077, "completeness_score": 0.3398816052673158, "fowlkes_mallows_score": 0.4459053178559831, "homogeneity_score": 0.33631778308034455, "v_measure_score": 0.3380903028398544}, "classification": {"f1_score": 0.5580343650411005, "hamming_loss": 0.438, "jaccard_score": 0.40316129182937216, "accuracy_score": 0.562, "recall_score": 0.5858266222380775, "precision_score": 0.5956030242816275}, "found_clusters": 4, "expected_clusters": 4, "time": 0.015}}, "classification_alg": {"KNeighborsClassifier": {"clustering": {"adjusted_mutual_info_score": 0.3486941566880626, "adjusted_rand_score": 0.3397560118487789, "completeness_score": 0.35620440910756807, "fowlkes_mallows_score": 0.5101216749599281, "homogeneity_score": 0.3633608041361571, "v_measure_score": 0.3597470198613699}, "classification": {"f1_score": 0.630791023465612, "hamming_loss": 0.355, "jaccard_score": 0.47765358673130776, "accuracy_score": 0.645, "recall_score": 0.6688627910180466, "precision_score": 0.636593111121413}, "time": 0.007}, "DecisionTreeClassifier": {"clustering": {"adjusted_mutual_info_score": 0.3254271205628798, "adjusted_rand_score": 0.3315893522875042, "completeness_score": 0.3369580434716274, "fowlkes_mallows_score": 0.5086351038781357, "homogeneity_score": 0.33706303680397015, "v_measure_score": 0.3370105319603099}, "classification": {"f1_score": 0.6164149795331342, "hamming_loss": 0.37, "jaccard_score": 0.4657727673946981, "accuracy_score": 0.63, "recall_score": 0.6396662763466042, "precision_score": 0.6181818181818182}, "time": 0.002}, "RandomForestClassifier": {"clustering": {"adjusted_mutual_info_score": 0.35381774453777404, "adjusted_rand_score": 0.3532212752255713, "completeness_score": 0.3650783098622972, "fowlkes_mallows_score": 0.5243581388263212, "homogeneity_score": 0.3647806105792096, "v_measure_score": 0.3649293995070588}, "classification": {"f1_score": 0.5942837732919254, "hamming_loss": 0.38, "jaccard_score": 0.4532817682421227, "accuracy_score": 0.62, "recall_score": 0.6283917665426826, "precision_score": 0.5979230900707263}, "time": 0.199}, "LinearSVC": {"clustering": {"adjusted_mutual_info_score": 0.3559836194289199, "adjusted_rand_score": 0.37132038983455135, "completeness_score": 0.4422487401152997, "fowlkes_mallows_score": 0.5890400008328224, "homogeneity_score": 0.31036331748464097, "v_measure_score": 0.36475043084826086}, "classification": {"f1_score": 0.4764178625210381, "hamming_loss": 0.405, "jaccard_score": 0.36339880406145464, "accuracy_score": 0.595, "recall_score": 0.5448672911787666, "precision_score": 0.4423780487804878}, "time": 0.005}, "LogisticRegression": {"clustering": {"adjusted_mutual_info_score": 0.3946498800143368, "adjusted_rand_score": 0.3966882031801489, "completeness_score": 0.46012654384878876, "fowlkes_mallows_score": 0.5888204662864983, "homogeneity_score": 0.35755736945809563, "v_measure_score": 0.40240888675688424},