{"clustering_alg": {"affinity_propagation": {"clustering": {"adjusted_mutual_info_score": 0.27970233915701664, "adjusted_rand_score": 0.0641909821606265, "completeness_score": 0.20598630076126725, "fowlkes_mallows_score": 0.1869637489740702, "homogeneity_score": 0.5233279477330758, "v_measure_score": 0.2956157466032511}, "classification": {"f1_score": 0.006068553674823975, "hamming_loss": 0.976, "jaccard_score": 0.003327922077922078, "accuracy_score": 0.024, "recall_score": 0.003614822978371677, "precision_score": 0.01904761904761905}, "found_clusters": 35, "expected_clusters": 4, "time": 9.2148}, "agglomerative": {"clustering": {"adjusted_mutual_info_score": 0.28678346994049136, "adjusted_rand_score": 0.18444415729522756, "completeness_score": 0.30299279967258425, "fowlkes_mallows_score": 0.4168638170506191, "homogeneity_score": 0.2766910779637483, "v_measure_score": 0.2892452510444181}, "classification": {"f1_score": 0.4476359831276877, "hamming_loss": 0.529, "jaccard_score": 0.29748363361169416, "accuracy_score": 0.471, "recall_score": 0.5006931204624021, "precision_score": 0.5021140769327921}, "found_clusters": 4, "expected_clusters": 4, "time": 0.088}, "birch": {"clustering": {"adjusted_mutual_info_score": 0.32090966349934463, "adjusted_rand_score": 0.26223266131349343, "completeness_score": 0.3729943083786077, "fowlkes_mallows_score": 0.49222455224664, "homogeneity_score": 0.2842070438502056, "v_measure_score": 0.3226031395027566}, "classification": {"f1_score": 0.18146186349726173, "hamming_loss": 0.761, "jaccard_score": 0.11786782136208995, "accuracy_score": 0.239, "recall_score": 0.2357231164849294, "precision_score": 0.14812868260928336}, "found_clusters": 3, "expected_clusters": 4, "time": 0.021}, "dbscan": {"clustering": {"adjusted_mutual_info_score": 7.28126112983153e-16, "adjusted_rand_score": 0.0, "completeness_score": 1.0, "fowlkes_mallows_score": 0.5065319087427509, "homogeneity_score": 0.0, "v_measure_score": 0.0}, "classification": {"f1_score": 0.07734573119188504, "hamming_loss": 0.817, "jaccard_score": 0.04575, "accuracy_score": 0.183, "recall_score": 0.25, "precision_score": 0.04575}, "found_clusters": 1, "expected_clusters": 4, "time": 0.081}, "k_means": {"clustering": {"adjusted_mutual_info_score": 0.3509117753160892, "adjusted_rand_score": 0.26929490699221864, "completeness_score": 0.35161347358553724, "fowlkes_mallows_score": 0.4548342406102534, "homogeneity_score": 0.3544838781465175, "v_measure_score": 0.3530428415272329}, "classification": {"f1_score": 0.5653729108710943, "hamming_loss": 0.439, "jaccard_score": 0.4046621899516092, "accuracy_score": 0.561, "recall_score": 0.5859039776855433, "precision_score": 0.5567692847124824}, "found_clusters": 4, "expected_clusters": 4, "time": 0.062}, "mini_batch_k_means": {"clustering": {"adjusted_mutual_info_score": 0.3536163679039977, "adjusted_rand_score": 0.2661839270948979, "completeness_score": 0.3574992139109771, "fowlkes_mallows_score": 0.4566239731280596, "homogeneity_score": 0.3540341257848096, "v_measure_score": 0.3557582325512466}, "classification": {"f1_score": 0.583224499699609, "hamming_loss": 0.424, "jaccard_score": 0.42215775630007424, "accuracy_score": 0.576, "recall_score": 0.6040285133536809, "precision_score": 0.6031259486439919}, "found_clusters": 4, "expected_clusters": 4, "time": 0.1093}, "mean_shift": {"clustering": {"adjusted_mutual_info_score": 7.28126112983153e-16, "adjusted_rand_score": 0.0, "completeness_score": 1.0, "fowlkes_mallows_score": 0.5065319087427509, "homogeneity_score": 0.0, "v_measure_score": 0.0}, "classification": {"f1_score": 0.07734573119188504, "hamming_loss": 0.817, "jaccard_score": 0.04575, "accuracy_score": 0.183, "recall_score": 0.25, "precision_score": 0.04575}, "found_clusters": 1, "expected_clusters": 4, "time": 15.9374}, "optics": {"clustering": {"adjusted_mutual_info_score": 0.14860197059464783, "adjusted_rand_score": 0.013787173969744864, "completeness_score": 0.14893770487137561, "fowlkes_mallows_score": 0.27464417728887097, "homogeneity_score": 0.2898233303693742, "v_measure_score": 0.1967614176117891}, "classification": {"f1_score": 0.0014302823210817286, "hamming_loss": 0.989, "jaccard_score": 0.0007306066446183984, "accuracy_score": 0.011, "recall_score": 0.0007342284555148773, "precision_score": 0.027564102564102567}, "found_clusters": 65, "expected_clusters": 4, "time": 1.436}, "spectral_clustering": {"clustering": {"adjusted_mutual_info_score": 0.263617354829189, "adjusted_rand_score": 0.13989051612084671, "completeness_score": 0.2747313468845046, "fowlkes_mallows_score": 0.3803607133710765, "homogeneity_score": 0.25803789747559036, "v_measure_score": 0.2661230912676328}, "classification": {"f1_score": 0.4843273571648733, "hamming_loss": 0.527, "jaccard_score": 0.32573236183023263, "accuracy_score": 0.473, "recall_score": 0.4787711238759218, "precision_score": 0.5201809238910615}, "found_clusters": 4, "expected_clusters": 4, "time": 0.8009}, "gaussian_mixture_model": {"clustering": {"adjusted_mutual_info_score": 0.37794611610725604, "adjusted_rand_score": 0.29290102942509294, "completeness_score": 0.3927379392113697, "fowlkes_mallows_score": 0.48701777377050576, "homogeneity_score": 0.36818752039076413, "v_measure_score": 0.3800666837385641}, "classification": {"f1_score": 0.5513832293496042, "hamming_loss": 0.435, "jaccard_score": 0.39392809635052445, "accuracy_score": 0.565, "recall_score": 0.6034927192108983, "precision_score": 0.6176096173671571}, "found_clusters": 4, "expected_clusters": 4, "time": 0.036}}, "classification_alg": {"KNeighborsClassifier": {"clustering": {"adjusted_mutual_info_score": 0.32624529713330186, "adjusted_rand_score": 0.25624696161907795, "completeness_score": 0.33893294648542815, "fowlkes_mallows_score": 0.446281129073727, "homogeneity_score": 0.33628743167253006, "v_measure_score": 0.3376050065127743}, "classification": {"f1_score": 0.5949239333673296, "hamming_loss": 0.405, "jaccard_score": 0.42537102041941954, "accuracy_score": 0.595, "recall_score": 0.5951220218558134, "precision_score": 0.6058006535947713}, "time": 0.007}, "DecisionTreeClassifier": {"clustering": {"adjusted_mutual_info_score": 0.26301378642727563, "adjusted_rand_score": 0.2152323905847269, "completeness_score": 0.27796948771035934, "fowlkes_mallows_score": 0.4182102288854575, "homogeneity_score": 0.2731000712274377, "v_measure_score": 0.2755132656540819}, "classification": {"f1_score": 0.5606784519827998, "hamming_loss": 0.435, "jaccard_score": 0.392957857805791, "accuracy_score": 0.565, "recall_score": 0.5569033092636212, "precision_score": 0.5689826302729528}, "time": 0.006}, "RandomForestClassifier": {"clustering": {"adjusted_mutual_info_score": 0.27209610462359796, "adjusted_rand_score": 0.21404856638099426, "completeness_score": 0.28528266091999005, "fowlkes_mallows_score": 0.4143283360605295, "homogeneity_score": 0.28344471987748165, "v_measure_score": 0.28436072058631795}, "classification": {"f1_score": 0.5617994260719255, "hamming_loss": 0.44, "jaccard_score": 0.39356373819436963, "accuracy_score": 0.56, "recall_score": 0.5581389736262887, "precision_score": 0.5677738927738928}, "time": 0.469}, "LinearSVC": {"clustering": {"adjusted_mutual_info_score": 0.3172729549859351, "adjusted_rand_score": 0.25885754374413844, "completeness_score": 0.34690159852680197, "fowlkes_mallows_score": 0.4695055548307132, "homogeneity_score": 0.31371303042716014, "v_measure_score": 0.3294736355027138}, "classification": {"f1_score": 0.5647613139548624, "hamming_loss": 0.41, "jaccard_score": 0.4045881905383006, "accuracy_score": 0.59, "recall_score": 0.5746933364224942, "precision_score": 0.6120912443305561}, "time": 0.008}, "LogisticRegression": {"clustering": {"adjusted_mutual_info_score": 0.32293067720623486, "adjusted_rand_score": 0.2637696879810376, "completeness_score": 0.3457537438685643, "fowlkes_mallows_score": 0.46558503419683434, "homogeneity_score": 0.3243840391403012, "v_measure_score": 0.3347281673341563},