{"clustering_alg": {"affinity_propagation": {"clustering": {"adjusted_mutual_info_score": 0.32171198857698396, "adjusted_rand_score": 0.028900403499232178, "completeness_score": 0.21191810319055807, "fowlkes_mallows_score": 0.13003744319116511, "homogeneity_score": 0.7650389734533313, "v_measure_score": 0.33189914275052246}, "classification": {"f1_score": 0.0004770877630889631, "hamming_loss": 0.9898, "jaccard_score": 0.00024456234046117936, "accuracy_score": 0.0102, "recall_score": 0.00024641465260357906, "precision_score": 0.007546087809527517}, "found_clusters": 154, "expected_clusters": 4, "time": 90.2679}, "agglomerative": {"clustering": {"adjusted_mutual_info_score": 0.5657431737893956, "adjusted_rand_score": 0.5116930717915592, "completeness_score": 0.5665358290087228, "fowlkes_mallows_score": 0.6363676987195227, "homogeneity_score": 0.5655202461475055, "v_measure_score": 0.5660275820315336}, "classification": {"f1_score": 0.7866267384526642, "hamming_loss": 0.2266, "jaccard_score": 0.6685695674226932, "accuracy_score": 0.7734, "recall_score": 0.7857680186292053, "precision_score": 0.7891337123290153}, "found_clusters": 4, "expected_clusters": 4, "time": 1.9405}, "birch": {"clustering": {"adjusted_mutual_info_score": 0.5110777202809391, "adjusted_rand_score": 0.3784212514349326, "completeness_score": 0.6027174074453576, "fowlkes_mallows_score": 0.5840519099405509, "homogeneity_score": 0.4439970751188988, "v_measure_score": 0.5113233273956471}, "classification": {"f1_score": 0.07215298208077026, "hamming_loss": 0.9012, "jaccard_score": 0.03952983477655021, "accuracy_score": 0.0988, "recall_score": 0.10976176233021913, "precision_score": 0.057374013079228764}, "found_clusters": 3, "expected_clusters": 4, "time": 0.1396}, "dbscan": {"clustering": {"adjusted_mutual_info_score": 4.57967882411621e-05, "adjusted_rand_score": 4.217007045078311e-05, "completeness_score": 0.16125663255276154, "fowlkes_mallows_score": 0.5046265922210766, "homogeneity_score": 0.00022296449329122173, "v_measure_score": 0.0004453132658823919}, "classification": {"f1_score": 0.08485421591804569, "hamming_loss": 0.7308, "jaccard_score": 0.0538507701540308, "accuracy_score": 0.2692, "recall_score": 0.2, "precision_score": 0.0538507701540308}, "found_clusters": 2, "expected_clusters": 4, "time": 0.522}, "k_means": {"clustering": {"adjusted_mutual_info_score": 0.5695995240977199, "adjusted_rand_score": 0.5205264150584427, "completeness_score": 0.5704710902137773, "fowlkes_mallows_score": 0.6430449868286868, "homogeneity_score": 0.569293017278766, "v_measure_score": 0.5698814449115878}, "classification": {"f1_score": 0.7914805587976266, "hamming_loss": 0.2206, "jaccard_score": 0.6744790064100613, "accuracy_score": 0.7794, "recall_score": 0.7944398621304873, "precision_score": 0.7931474096768715}, "found_clusters": 4, "expected_clusters": 4, "time": 0.1395}, "mini_batch_k_means": {"clustering": {"adjusted_mutual_info_score": 0.5683151984726791, "adjusted_rand_score": 0.505932393778024, "completeness_score": 0.572253572144501, "fowlkes_mallows_score": 0.63426703534653, "homogeneity_score": 0.5649917549566269, "v_measure_score": 0.5685994785843945}, "classification": {"f1_score": 0.7801405396559069, "hamming_loss": 0.2322, "jaccard_score": 0.6622937762998454, "accuracy_score": 0.7678, "recall_score": 0.7859401540265158, "precision_score": 0.790063716501339}, "found_clusters": 4, "expected_clusters": 4, "time": 0.071}, "mean_shift": {"clustering": {"adjusted_mutual_info_score": 1.2748848530122575e-15, "adjusted_rand_score": 0.0, "completeness_score": 1.0, "fowlkes_mallows_score": 0.5046964074498039, "homogeneity_score": 3.225923211048667e-16, "v_measure_score": 6.451846422097333e-16}, "classification": {"f1_score": 0.10605105578317049, "hamming_loss": 0.7308, "jaccard_score": 0.0673, "accuracy_score": 0.2692, "recall_score": 0.25, "precision_score": 0.0673}, "found_clusters": 1, "expected_clusters": 4, "time": 85.7258}, "optics": {"clustering": {"adjusted_mutual_info_score": 0.10129805719415484, "adjusted_rand_score": 0.006512588865111607, "completeness_score": 0.16544885778275967, "fowlkes_mallows_score": 0.4530694993692653, "homogeneity_score": 0.10046873773760942, "v_measure_score": 0.12501946604198932}, "classification": {"f1_score": 9.026737195573288e-05, "hamming_loss": 0.999, "jaccard_score": 4.530134454390606e-05, "accuracy_score": 0.001, "recall_score": 4.530134454390606e-05, "precision_score": 0.012195121951219513}, "found_clusters": 82, "expected_clusters": 4, "time": 13.3769}, "spectral_clustering": {"clustering": {"adjusted_mutual_info_score": 0.5797939086163812, "adjusted_rand_score": 0.5174801666785634, "completeness_score": 0.5873597629519605, "fowlkes_mallows_score": 0.6450727932637109, "homogeneity_score": 0.5729634416462258, "v_measure_score": 0.5800722935330886}, "classification": {"f1_score": 0.793568893332705, "hamming_loss": 0.2174, "jaccard_score": 0.6758182045829668, "accuracy_score": 0.7826, "recall_score": 0.7930302309739568, "precision_score": 0.8142639267284181}, "found_clusters": 4, "expected_clusters": 4, "time": 7.2583}, "gaussian_mixture_model": {"clustering": {"adjusted_mutual_info_score": 0.7051080066277587, "adjusted_rand_score": 0.6906192356818891, "completeness_score": 0.7069252999420517, "fowlkes_mallows_score": 0.7699754453440999, "homogeneity_score": 0.7036849667078088, "v_measure_score": 0.7053014116167741}, "classification": {"f1_score": 0.880494672186267, "hamming_loss": 0.1256, "jaccard_score": 0.7941019341370097, "accuracy_score": 0.8744, "recall_score": 0.8825604483300686, "precision_score": 0.8857592018648284}, "found_clusters": 4, "expected_clusters": 4, "time": 0.0555}}, "classification_alg": {"KNeighborsClassifier": {"clustering": {"adjusted_mutual_info_score": 0.69319564020606, "adjusted_rand_score": 0.6683802899006511, "completeness_score": 0.6965718934157645, "fowlkes_mallows_score": 0.7541571814540738, "homogeneity_score": 0.69186287780111, "v_measure_score": 0.6942094000593432}, "classification": {"f1_score": 0.8694333562872185, "hamming_loss": 0.136, "jaccard_score": 0.7777662448378562, "accuracy_score": 0.864, "recall_score": 0.8721987980336992, "precision_score": 0.8777923739945223}, "time": 0.053}, "DecisionTreeClassifier": {"clustering": {"adjusted_mutual_info_score": 0.5934058658202244, "adjusted_rand_score": 0.5722933638916695, "completeness_score": 0.5962079906540694, "fowlkes_mallows_score": 0.6825308990603478, "homogeneity_score": 0.5932953032067743, "v_measure_score": 0.5947480808418665}, "classification": {"f1_score": 0.8228173147273197, "hamming_loss": 0.185, "jaccard_score": 0.7119463213213213, "accuracy_score": 0.815, "recall_score": 0.8209457924778094, "precision_score": 0.8265039389818611}, "time": 0.029}, "RandomForestClassifier": {"clustering": {"adjusted_mutual_info_score": 0.7136146472297636, "adjusted_rand_score": 0.7055465750166829, "completeness_score": 0.7164173950267549, "fowlkes_mallows_score": 0.7814628065229653, "homogeneity_score": 0.712712571497566, "v_measure_score": 0.7145601811385943}, "classification": {"f1_score": 0.8877110951529703, "hamming_loss": 0.118, "jaccard_score": 0.8048218479808595, "accuracy_score": 0.882, "recall_score": 0.8860699494282347, "precision_score": 0.8926049791854127}, "time": 1.024}, "LinearSVC": {"clustering": {"adjusted_mutual_info_score": 0.6402883138406367, "adjusted_rand_score": 0.6218072097437763, "completeness_score": 0.6416969606281465, "fowlkes_mallows_score": 0.7187435051988266, "homogeneity_score": 0.6412496065172753, "v_measure_score": 0.6414732055781531}, "classification": {"f1_score": 0.8490251654622814, "hamming_loss": 0.159, "jaccard_score": 0.7482593881378824, "accuracy_score": 0.841, "recall_score": 0.8490882987324435, "precision_score": 0.8500806665682772}, "time": 0.0347}, "LogisticRegression": {"clustering": {"adjusted_mutual_info_score": 0.6347012277980196, "adjusted_rand_score": 0.619468300147324, "completeness_score": 0.6359662794536455,