{"clustering_alg": {"affinity_propagation": {"clustering": {"adjusted_mutual_info_score": -1.15287371268059e-15, "adjusted_rand_score": 0.0, "completeness_score": 1.0, "fowlkes_mallows_score": 0.5118069062271946, "homogeneity_score": 3.67334011206964e-16, "v_measure_score": 7.346680224139277e-16}, "classification": {"f1_score": 0.0, "hamming_loss": 1.0, "jaccard_score": 0.0, "accuracy_score": 0.0, "recall_score": 0.0, "precision_score": 0.0}, "found_clusters": 1, "expected_clusters": 4, "time": 158.4607}, "agglomerative": {"clustering": {"adjusted_mutual_info_score": 0.2827993511421059, "adjusted_rand_score": 0.22942164848238217, "completeness_score": 0.2831504945465372, "fowlkes_mallows_score": 0.4317650295632815, "homogeneity_score": 0.283397976459644, "v_measure_score": 0.2832741814500832}, "classification": {"f1_score": 0.5118610473750275, "hamming_loss": 0.5002, "jaccard_score": 0.37092039027567114, "accuracy_score": 0.4998, "recall_score": 0.549207156559866, "precision_score": 0.5031599049414784}, "found_clusters": 4, "expected_clusters": 4, "time": 0.5585}, "birch": {"clustering": {"adjusted_mutual_info_score": 0.29849841142999883, "adjusted_rand_score": 0.2501864108464969, "completeness_score": 0.33841789589503507, "fowlkes_mallows_score": 0.47942804709944253, "homogeneity_score": 0.26755702035457773, "v_measure_score": 0.2988443297974518}, "classification": {"f1_score": 0.10538301297543222, "hamming_loss": 0.8828, "jaccard_score": 0.05881778631410229, "accuracy_score": 0.1172, "recall_score": 0.110392368632632, "precision_score": 0.10230795087258125}, "found_clusters": 3, "expected_clusters": 4, "time": 0.085}, "dbscan": {"clustering": {"adjusted_mutual_info_score": -1.15287371268059e-15, "adjusted_rand_score": 0.0, "completeness_score": 1.0, "fowlkes_mallows_score": 0.5118069062271946, "homogeneity_score": 3.67334011206964e-16, "v_measure_score": 7.346680224139277e-16}, "classification": {"f1_score": 0.10285941223193011, "hamming_loss": 0.741, "jaccard_score": 0.06475, "accuracy_score": 0.259, "recall_score": 0.25, "precision_score": 0.06475}, "found_clusters": 1, "expected_clusters": 4, "time": 0.193}, "k_means": {"clustering": {"adjusted_mutual_info_score": 0.2765331358409139, "adjusted_rand_score": 0.21531819330903762, "completeness_score": 0.2744930786506568, "fowlkes_mallows_score": 0.4163284516786014, "homogeneity_score": 0.27956925651403575, "v_measure_score": 0.2770079142586088}, "classification": {"f1_score": 0.528230060400062, "hamming_loss": 0.4894, "jaccard_score": 0.38059576773230575, "accuracy_score": 0.5106, "recall_score": 0.5582211179911013, "precision_score": 0.5150751654139178}, "found_clusters": 4, "expected_clusters": 4, "time": 0.128}, "mini_batch_k_means": {"clustering": {"adjusted_mutual_info_score": 0.2708913937146007, "adjusted_rand_score": 0.20440629094949433, "completeness_score": 0.27083629934071163, "fowlkes_mallows_score": 0.4118018911743901, "homogeneity_score": 0.2719125626310351, "v_measure_score": 0.27137336387845845}, "classification": {"f1_score": 0.5421733643484042, "hamming_loss": 0.4632, "jaccard_score": 0.38529702637662755, "accuracy_score": 0.5368, "recall_score": 0.5822802316233286, "precision_score": 0.544869373640283}, "found_clusters": 4, "expected_clusters": 4, "time": 0.027}, "mean_shift": {"clustering": {"adjusted_mutual_info_score": -1.15287371268059e-15, "adjusted_rand_score": 0.0, "completeness_score": 1.0, "fowlkes_mallows_score": 0.5118069062271946, "homogeneity_score": 3.67334011206964e-16, "v_measure_score": 7.346680224139277e-16}, "classification": {"f1_score": 0.10285941223193011, "hamming_loss": 0.741, "jaccard_score": 0.06475, "accuracy_score": 0.259, "recall_score": 0.25, "precision_score": 0.06475}, "found_clusters": 1, "expected_clusters": 4, "time": 47.858}, "optics": {"clustering": {"adjusted_mutual_info_score": 0.10240185252607986, "adjusted_rand_score": -0.004444008709042647, "completeness_score": 0.09830047764397236, "fowlkes_mallows_score": 0.2505422366089716, "homogeneity_score": 0.2566625127400556, "v_measure_score": 0.14215593331774493}, "classification": {"f1_score": 2.8434984153568775e-05, "hamming_loss": 0.9988, "jaccard_score": 1.4242784757879484e-05, "accuracy_score": 0.0012, "recall_score": 1.4288550814807874e-05, "precision_score": 0.0028895053166897826}, "found_clusters": 309, "expected_clusters": 4, "time": 3.6711}, "spectral_clustering": {"clustering": {"adjusted_mutual_info_score": 0.2851008405820835, "adjusted_rand_score": 0.20395276198149484, "completeness_score": 0.2894413997634811, "fowlkes_mallows_score": 0.4199326713630739, "homogeneity_score": 0.2818216579702615, "v_measure_score": 0.28558071124072754}, "classification": {"f1_score": 0.5415691594072207, "hamming_loss": 0.4966, "jaccard_score": 0.3967050925148438, "accuracy_score": 0.5034, "recall_score": 0.5462410141991934, "precision_score": 0.5695993461215788}, "found_clusters": 4, "expected_clusters": 4, "time": 2.9092}, "gaussian_mixture_model": {"clustering": {"adjusted_mutual_info_score": 0.2863450771666938, "adjusted_rand_score": 0.226122560184812, "completeness_score": 0.28495468535195734, "fowlkes_mallows_score": 0.4257755964284619, "homogeneity_score": 0.2886990921442506, "v_measure_score": 0.2868146683263303}, "classification": {"f1_score": 0.5486364995544055, "hamming_loss": 0.4752, "jaccard_score": 0.4050683151616792, "accuracy_score": 0.5248, "recall_score": 0.5704049469561027, "precision_score": 0.5378620775518014}, "found_clusters": 4, "expected_clusters": 4, "time": 0.036}}, "classification_alg": {"KNeighborsClassifier": {"clustering": {"adjusted_mutual_info_score": 0.3291564831981332, "adjusted_rand_score": 0.2672190781186167, "completeness_score": 0.3315661026112224, "fowlkes_mallows_score": 0.45930022349602045, "homogeneity_score": 0.33121092099771293, "v_measure_score": 0.3313884166337133}, "classification": {"f1_score": 0.5994633997116899, "hamming_loss": 0.43, "jaccard_score": 0.4645591658921918, "accuracy_score": 0.57, "recall_score": 0.6012610095218791, "precision_score": 0.6016508587150566}, "time": 0.03}, "DecisionTreeClassifier": {"clustering": {"adjusted_mutual_info_score": 0.24741592754439284, "adjusted_rand_score": 0.1992013335048364, "completeness_score": 0.25015933283054365, "fowlkes_mallows_score": 0.4091019501913594, "homogeneity_score": 0.24968307313539062, "v_measure_score": 0.24992097608815536}, "classification": {"f1_score": 0.5732578432348233, "hamming_loss": 0.456, "jaccard_score": 0.4270665024424266, "accuracy_score": 0.544, "recall_score": 0.5697484580636755, "precision_score": 0.5770898015278598}, "time": 0.011}, "RandomForestClassifier": {"clustering": {"adjusted_mutual_info_score": 0.30235961349082174, "adjusted_rand_score": 0.25562055899692254, "completeness_score": 0.3053321422350105, "fowlkes_mallows_score": 0.4516984277911169, "homogeneity_score": 0.30403949856792756, "v_measure_score": 0.3046844493763522}, "classification": {"f1_score": 0.5970400207080058, "hamming_loss": 0.426, "jaccard_score": 0.4579889373056899, "accuracy_score": 0.574, "recall_score": 0.6010336101096971, "precision_score": 0.5958527857799291}, "time": 0.506}, "LinearSVC": {"clustering": {"adjusted_mutual_info_score": 0.3626676050626751, "adjusted_rand_score": 0.29971274504027123, "completeness_score": 0.42076200846289896, "fowlkes_mallows_score": 0.5228093022684944, "homogeneity_score": 0.32115045823092264, "v_measure_score": 0.3642691500418984}, "classification": {"f1_score": 0.527467162379699, "hamming_loss": 0.411, "jaccard_score": 0.4210490581140857, "accuracy_score": 0.589, "recall_score": 0.6078389364258929, "precision_score": 0.46821133882701793}, "time": 0.02}, "LogisticRegression": {"clustering": {"adjusted_mutual_info_score": 0.34415364476458415, "adjusted_rand_score": 0.3088816638528285, "completeness_score": 0.3564813962362995, "fowlkes_mallows_score": 0.5027300069282663, "homogeneity_score": 0.3368699605952945, "v_measure_score": 0.3463983237931286},