{"clustering_alg": {"affinity_propagation": {"clustering": {"adjusted_mutual_info_score": 0.34354704458792956, "adjusted_rand_score": 0.03626473112190693, "completeness_score": 0.22656459986156638, "fowlkes_mallows_score": 0.14823226603438233, "homogeneity_score": 0.8029105895611084, "v_measure_score": 0.35340553772945577}, "classification": {"f1_score": 0.0006500606275160162, "hamming_loss": 0.9872, "jaccard_score": 0.0003372386174547478, "accuracy_score": 0.0128, "recall_score": 0.0003372386174547478, "precision_score": 0.013157894736842105}, "found_clusters": 152, "expected_clusters": 4, "time": 44.0404}, "agglomerative": {"clustering": {"adjusted_mutual_info_score": 0.41364158904830484, "adjusted_rand_score": 0.3920291653066332, "completeness_score": 0.4174210105978467, "fowlkes_mallows_score": 0.5473907077786477, "homogeneity_score": 0.41068516748458256, "v_measure_score": 0.4140256942555897}, "classification": {"f1_score": 0.6756056987414512, "hamming_loss": 0.3176, "jaccard_score": 0.5252599727766667, "accuracy_score": 0.6824, "recall_score": 0.6826675897362848, "precision_score": 0.6832962021393991}, "found_clusters": 4, "expected_clusters": 4, "time": 0.9498}, "birch": {"clustering": {"adjusted_mutual_info_score": 0.33990599544329975, "adjusted_rand_score": 0.3282024072106162, "completeness_score": 0.38518476058899864, "fowlkes_mallows_score": 0.5259589396546772, "homogeneity_score": 0.3046642517653771, "v_measure_score": 0.3402252515395047}, "classification": {"f1_score": 0.20668371162364851, "hamming_loss": 0.754, "jaccard_score": 0.13094462912079663, "accuracy_score": 0.246, "recall_score": 0.24581878878899296, "precision_score": 0.17869947516761106}, "found_clusters": 3, "expected_clusters": 4, "time": 0.757}, "dbscan": {"clustering": {"adjusted_mutual_info_score": 0.16115513379163937, "adjusted_rand_score": 0.028149825397470702, "completeness_score": 0.23971730341012518, "fowlkes_mallows_score": 0.4506457744803921, "homogeneity_score": 0.13844850099173184, "v_measure_score": 0.17552354513600768}, "classification": {"f1_score": 0.0018811370295627925, "hamming_loss": 0.9868, "jaccard_score": 0.0009849203817749097, "accuracy_score": 0.0132, "recall_score": 0.0009992790864933989, "precision_score": 0.017981996538246135}, "found_clusters": 53, "expected_clusters": 4, "time": 0.071}, "k_means": {"clustering": {"adjusted_mutual_info_score": 0.3909738014369465, "adjusted_rand_score": 0.3833005978888198, "completeness_score": 0.3918591410961585, "fowlkes_mallows_score": 0.5379284703746446, "homogeneity_score": 0.3908821119361234, "v_measure_score": 0.39137001674504746}, "classification": {"f1_score": 0.6733602937945271, "hamming_loss": 0.3228, "jaccard_score": 0.517741924903421, "accuracy_score": 0.6772, "recall_score": 0.677323000859102, "precision_score": 0.6719231503788999}, "found_clusters": 4, "expected_clusters": 4, "time": 0.123}, "mini_batch_k_means": {"clustering": {"adjusted_mutual_info_score": 0.3805677119957575, "adjusted_rand_score": 0.36302734698056227, "completeness_score": 0.38228013145676454, "fowlkes_mallows_score": 0.5236872463597915, "homogeneity_score": 0.3796719505224026, "v_measure_score": 0.3809715770554679}, "classification": {"f1_score": 0.6516242956833969, "hamming_loss": 0.346, "jaccard_score": 0.49598942293076215, "accuracy_score": 0.654, "recall_score": 0.654116384119554, "precision_score": 0.6552994781969351}, "found_clusters": 4, "expected_clusters": 4, "time": 0.0841}, "mean_shift": {"clustering": {"adjusted_mutual_info_score": 0.0, "adjusted_rand_score": 0.0, "completeness_score": 1.0, "fowlkes_mallows_score": 0.4998521085542055, "homogeneity_score": 0.0, "v_measure_score": 0.0}, "classification": {"f1_score": 0.09993598975836133, "hamming_loss": 0.7502, "jaccard_score": 0.06245, "accuracy_score": 0.2498, "recall_score": 0.25, "precision_score": 0.06245}, "found_clusters": 1, "expected_clusters": 4, "time": 36.9375}, "optics": {"clustering": {"adjusted_mutual_info_score": 0.11532413948832129, "adjusted_rand_score": 0.0009621927670769828, "completeness_score": 0.1784232790921122, "fowlkes_mallows_score": 0.4414078155414152, "homogeneity_score": 0.11337095936231602, "v_measure_score": 0.13864576922688066}, "classification": {"f1_score": 0.00018956734702447504, "hamming_loss": 0.998, "jaccard_score": 9.540777625230152e-05, "accuracy_score": 0.002, "recall_score": 9.552088663210626e-05, "precision_score": 0.012648809523809524}, "found_clusters": 84, "expected_clusters": 4, "time": 5.9287}, "spectral_clustering": {"clustering": {"adjusted_mutual_info_score": 0.43656090507181483, "adjusted_rand_score": 0.3465507853737057, "completeness_score": 0.4565195973414768, "fowlkes_mallows_score": 0.5322011701096137, "homogeneity_score": 0.41897592081154117, "v_measure_score": 0.4369427705767632}, "classification": {"f1_score": 0.7022466553280707, "hamming_loss": 0.3002, "jaccard_score": 0.542683411828105, "accuracy_score": 0.6998, "recall_score": 0.6999063160518089, "precision_score": 0.7737420308018647}, "found_clusters": 4, "expected_clusters": 4, "time": 6.7914}, "gaussian_mixture_model": {"clustering": {"adjusted_mutual_info_score": 0.8778484329971368, "adjusted_rand_score": 0.9163192630834869, "completeness_score": 0.877932265976784, "fowlkes_mallows_score": 0.9372273681817135, "homogeneity_score": 0.8779233385271088, "v_measure_score": 0.877927802229251}, "classification": {"f1_score": 0.9678059906287612, "hamming_loss": 0.0322, "jaccard_score": 0.9378539131163032, "accuracy_score": 0.9678, "recall_score": 0.9678402860207214, "precision_score": 0.9677997620691721}, "found_clusters": 4, "expected_clusters": 4, "time": 0.047}}, "classification_alg": {"KNeighborsClassifier": {"clustering": {"adjusted_mutual_info_score": 0.7897763806890643, "adjusted_rand_score": 0.8403778011030317, "completeness_score": 0.790624935778096, "fowlkes_mallows_score": 0.8802329858136125, "homogeneity_score": 0.790299318089448, "v_measure_score": 0.790462093400578}, "classification": {"f1_score": 0.9365465751715312, "hamming_loss": 0.063, "jaccard_score": 0.8812880228689461, "accuracy_score": 0.937, "recall_score": 0.9368160306771418, "precision_score": 0.9369496391457344}, "time": 0.045}, "DecisionTreeClassifier": {"clustering": {"adjusted_mutual_info_score": 0.650313883733745, "adjusted_rand_score": 0.7093317060412729, "completeness_score": 0.651342478456683, "fowlkes_mallows_score": 0.7818312608513871, "homogeneity_score": 0.6515656745959906, "v_measure_score": 0.6514540574089046}, "classification": {"f1_score": 0.8808084106542792, "hamming_loss": 0.119, "jaccard_score": 0.7879389299426065, "accuracy_score": 0.881, "recall_score": 0.8808867377478489, "precision_score": 0.8810623049456773}, "time": 0.017}, "RandomForestClassifier": {"clustering": {"adjusted_mutual_info_score": 0.7630460013373674, "adjusted_rand_score": 0.8170776561032805, "completeness_score": 0.7639783153775948, "fowlkes_mallows_score": 0.862751056837744, "homogeneity_score": 0.763659563023645, "v_measure_score": 0.7638189059456633}, "classification": {"f1_score": 0.9263201617839922, "hamming_loss": 0.073, "jaccard_score": 0.8635961604365161, "accuracy_score": 0.927, "recall_score": 0.9264749345304901, "precision_score": 0.926500703164455}, "time": 0.666}, "LinearSVC": {"clustering": {"adjusted_mutual_info_score": 0.6105060921687357, "adjusted_rand_score": 0.6576109497150898, "completeness_score": 0.6122711878259898, "fowlkes_mallows_score": 0.7432459887725488, "homogeneity_score": 0.6112842783823959, "v_measure_score": 0.6117773350878066}, "classification": {"f1_score": 0.8493309252983369, "hamming_loss": 0.148, "jaccard_score": 0.742657527918037, "accuracy_score": 0.852, "recall_score": 0.8498434343434343, "precision_score": 0.8496123927454243}, "time": 0.206}, "LogisticRegression": {"clustering": {"adjusted_mutual_info_score": 0.6400644044640191, "adjusted_rand_score": 0.6932126405794782, "completeness_score": 0.6413382859161961,