{"clustering_alg": {"affinity_propagation": {"clustering": {"adjusted_mutual_info_score": 0.25077590743258177, "adjusted_rand_score": 0.018239433343005384, "completeness_score": 0.1669017023531084, "fowlkes_mallows_score": 0.09980680894061147, "homogeneity_score": 0.6252486363106113, "v_measure_score": 0.2634728704913195}, "classification": {"f1_score": 0.00025989938181075615, "hamming_loss": 0.9958, "jaccard_score": 0.00013300904461503382, "accuracy_score": 0.0042, "recall_score": 0.00013300904461503382, "precision_score": 0.005649717514124294}, "found_clusters": 177, "expected_clusters": 4, "time": 42.4569}, "agglomerative": {"clustering": {"adjusted_mutual_info_score": 0.3185407805386164, "adjusted_rand_score": 0.24891273946468842, "completeness_score": 0.32445456496374964, "fowlkes_mallows_score": 0.4518193060022866, "homogeneity_score": 0.313719132373439, "v_measure_score": 0.31899655231716056}, "classification": {"f1_score": 0.6212133617356613, "hamming_loss": 0.3976, "jaccard_score": 0.4632458943344112, "accuracy_score": 0.6024, "recall_score": 0.618507356217231, "precision_score": 0.6477693368144775}, "found_clusters": 4, "expected_clusters": 4, "time": 0.868}, "birch": {"clustering": {"adjusted_mutual_info_score": 0.2824838370448478, "adjusted_rand_score": 0.1967273600436181, "completeness_score": 0.3327276880598836, "fowlkes_mallows_score": 0.45540878652069355, "homogeneity_score": 0.24597008220274524, "v_measure_score": 0.2828455922547525}, "classification": {"f1_score": 0.12534340419530088, "hamming_loss": 0.8518, "jaccard_score": 0.07591157634451076, "accuracy_score": 0.1482, "recall_score": 0.15774559002338043, "precision_score": 0.10903363291004013}, "found_clusters": 3, "expected_clusters": 4, "time": 0.089}, "dbscan": {"clustering": {"adjusted_mutual_info_score": 1.5877233221472041e-15, "adjusted_rand_score": 0.0, "completeness_score": 1.0, "fowlkes_mallows_score": 0.5076978938604001, "homogeneity_score": 4.0529614292753244e-16, "v_measure_score": 8.105922858550645e-16}, "classification": {"f1_score": 0.07569585879158182, "hamming_loss": 0.8216, "jaccard_score": 0.0446, "accuracy_score": 0.1784, "recall_score": 0.25, "precision_score": 0.0446}, "found_clusters": 1, "expected_clusters": 4, "time": 0.3655}, "k_means": {"clustering": {"adjusted_mutual_info_score": 0.36152311463112974, "adjusted_rand_score": 0.30662823389337673, "completeness_score": 0.3602167158925714, "fowlkes_mallows_score": 0.48321961284185366, "homogeneity_score": 0.3636819080868696, "v_measure_score": 0.36194101831672154}, "classification": {"f1_score": 0.6101878939274188, "hamming_loss": 0.4026, "jaccard_score": 0.4565682049651699, "accuracy_score": 0.5974, "recall_score": 0.6351082479986554, "precision_score": 0.6003762306645968}, "found_clusters": 4, "expected_clusters": 4, "time": 0.1669}, "mini_batch_k_means": {"clustering": {"adjusted_mutual_info_score": 0.34110202563374, "adjusted_rand_score": 0.29305920813158765, "completeness_score": 0.34037996451031627, "fowlkes_mallows_score": 0.4737708087446451, "homogeneity_score": 0.3426956943600656, "v_measure_score": 0.34153390409788204}, "classification": {"f1_score": 0.5783700391693574, "hamming_loss": 0.422, "jaccard_score": 0.4278860696716372, "accuracy_score": 0.578, "recall_score": 0.6188814855118333, "precision_score": 0.566134119030473}, "found_clusters": 4, "expected_clusters": 4, "time": 0.061}, "mean_shift": {"clustering": {"adjusted_mutual_info_score": 1.5877233221472041e-15, "adjusted_rand_score": 0.0, "completeness_score": 1.0, "fowlkes_mallows_score": 0.5076978938604001, "homogeneity_score": 4.0529614292753244e-16, "v_measure_score": 8.105922858550645e-16}, "classification": {"f1_score": 0.07569585879158182, "hamming_loss": 0.8216, "jaccard_score": 0.0446, "accuracy_score": 0.1784, "recall_score": 0.25, "precision_score": 0.0446}, "found_clusters": 1, "expected_clusters": 4, "time": 49.7432}, "optics": {"clustering": {"adjusted_mutual_info_score": 0.07838620160704006, "adjusted_rand_score": 0.002550287740685907, "completeness_score": 0.13247992543939363, "fowlkes_mallows_score": 0.44973726592643115, "homogeneity_score": 0.08525026132031695, "v_measure_score": 0.10374260392169267}, "classification": {"f1_score": 0.0003490632452047581, "hamming_loss": 0.997, "jaccard_score": 0.0001763190469422397, "accuracy_score": 0.003, "recall_score": 0.0001765778954415664, "precision_score": 0.017925561029009305}, "found_clusters": 87, "expected_clusters": 4, "time": 4.5768}, "spectral_clustering": {"clustering": {"adjusted_mutual_info_score": 0.3972573899385383, "adjusted_rand_score": 0.3689218403355474, "completeness_score": 0.39606981233445937, "fowlkes_mallows_score": 0.5300283575705486, "homogeneity_score": 0.3992473216861336, "v_measure_score": 0.39765221950107776}, "classification": {"f1_score": 0.6897883106508219, "hamming_loss": 0.3152, "jaccard_score": 0.5369199131269075, "accuracy_score": 0.6848, "recall_score": 0.7118359832714698, "precision_score": 0.6826270158370864}, "found_clusters": 4, "expected_clusters": 4, "time": 3.2021}, "gaussian_mixture_model": {"clustering": {"adjusted_mutual_info_score": 0.42594007994186295, "adjusted_rand_score": 0.3962050150345286, "completeness_score": 0.4264445338886889, "fowlkes_mallows_score": 0.552096563087554, "homogeneity_score": 0.4261910421295439, "v_measure_score": 0.4263177503270904}, "classification": {"f1_score": 0.6974839228357933, "hamming_loss": 0.3, "jaccard_score": 0.5471591295143324, "accuracy_score": 0.7, "recall_score": 0.7291850176323014, "precision_score": 0.6958238798392977}, "found_clusters": 4, "expected_clusters": 4, "time": 0.042}}, "classification_alg": {"KNeighborsClassifier": {"clustering": {"adjusted_mutual_info_score": 0.4776592595674835, "adjusted_rand_score": 0.4899613100244382, "completeness_score": 0.47822686958521493, "fowlkes_mallows_score": 0.6218140457651008, "homogeneity_score": 0.48055325207284194, "v_measure_score": 0.479387238463735}, "classification": {"f1_score": 0.7875471682363191, "hamming_loss": 0.221, "jaccard_score": 0.6531874617392825, "accuracy_score": 0.779, "recall_score": 0.7923430061349339, "precision_score": 0.7848836902534087}, "time": 0.051}, "DecisionTreeClassifier": {"clustering": {"adjusted_mutual_info_score": 0.3818168893667575, "adjusted_rand_score": 0.3848652557038345, "completeness_score": 0.38374678752193053, "fowlkes_mallows_score": 0.5446969759384849, "homogeneity_score": 0.38398611264112864, "v_measure_score": 0.38386641277916}, "classification": {"f1_score": 0.7280504671269538, "hamming_loss": 0.282, "jaccard_score": 0.5770774484142015, "accuracy_score": 0.718, "recall_score": 0.7288514888588936, "precision_score": 0.7278328429242159}, "time": 0.0161}, "RandomForestClassifier": {"clustering": {"adjusted_mutual_info_score": 0.49051638165600026, "adjusted_rand_score": 0.4968313172301248, "completeness_score": 0.4914735650056264, "fowlkes_mallows_score": 0.6272096629219653, "homogeneity_score": 0.49293554453580885, "v_measure_score": 0.4922034691528957}, "classification": {"f1_score": 0.7905824369545338, "hamming_loss": 0.219, "jaccard_score": 0.6595172866112741, "accuracy_score": 0.781, "recall_score": 0.7942368907162479, "precision_score": 0.7884794333873212}, "time": 0.5571}, "LinearSVC": {"clustering": {"adjusted_mutual_info_score": 0.463776950210894, "adjusted_rand_score": 0.4799252957651281, "completeness_score": 0.465072824871068, "fowlkes_mallows_score": 0.6149485544054819, "homogeneity_score": 0.4660349104887813, "v_measure_score": 0.46555337063285873}, "classification": {"f1_score": 0.7742309333517015, "hamming_loss": 0.231, "jaccard_score": 0.6373255567560425, "accuracy_score": 0.769, "recall_score": 0.7817341293701838, "precision_score": 0.7712281919304447}, "time": 0.02}, "LogisticRegression": {"clustering": {"adjusted_mutual_info_score": 0.4600790703239983, "adjusted_rand_score": 0.46668385465504564, "completeness_score": 0.4614098764382364, "fowlkes_mallows_score": 0.605081109931587,