{"clustering_alg": {"affinity_propagation": {"clustering": {"adjusted_mutual_info_score": -3.152197837194538e-16, "adjusted_rand_score": 0.0, "completeness_score": 1.0, "fowlkes_mallows_score": 0.49985571032671944, "homogeneity_score": 8.00863271656777e-16, "v_measure_score": 1.6017265433135526e-15}, "classification": {"f1_score": 0.0, "hamming_loss": 1.0, "jaccard_score": 0.0, "accuracy_score": 0.0, "recall_score": 0.0, "precision_score": 0.0}, "found_clusters": 1, "expected_clusters": 4, "time": 149.9805}, "agglomerative": {"clustering": {"adjusted_mutual_info_score": 0.5076703038486352, "adjusted_rand_score": 0.46819184913364176, "completeness_score": 0.515987377807941, "fowlkes_mallows_score": 0.6064940737382386, "homogeneity_score": 0.5002468026093188, "v_measure_score": 0.5079951863638479}, "classification": {"f1_score": 0.7406170487155558, "hamming_loss": 0.2546, "jaccard_score": 0.5948812924347424, "accuracy_score": 0.7454, "recall_score": 0.7457956309945861, "precision_score": 0.7755686240256946}, "found_clusters": 4, "expected_clusters": 4, "time": 0.7798}, "birch": {"clustering": {"adjusted_mutual_info_score": 0.35434473631135105, "adjusted_rand_score": 0.2979666301058226, "completeness_score": 0.4174411511641373, "fowlkes_mallows_score": 0.5204964572478543, "homogeneity_score": 0.3083038288792563, "v_measure_score": 0.35466647038460486}, "classification": {"f1_score": 0.406804205893882, "hamming_loss": 0.5306, "jaccard_score": 0.29542249411727795, "accuracy_score": 0.4694, "recall_score": 0.4690733039959326, "precision_score": 0.39771978168623406}, "found_clusters": 3, "expected_clusters": 4, "time": 0.086}, "dbscan": {"clustering": {"adjusted_mutual_info_score": 0.00209782176203247, "adjusted_rand_score": 9.280839728637244e-06, "completeness_score": 0.10692641487145221, "fowlkes_mallows_score": 0.4986642181071077, "homogeneity_score": 0.001301567748181683, "v_measure_score": 0.002571829755239824}, "classification": {"f1_score": 0.08005131494547786, "hamming_loss": 0.7504, "jaccard_score": 0.05004009623095429, "accuracy_score": 0.2496, "recall_score": 0.2, "precision_score": 0.05004009623095429}, "found_clusters": 2, "expected_clusters": 4, "time": 0.23}, "k_means": {"clustering": {"adjusted_mutual_info_score": 0.46982472841452, "adjusted_rand_score": 0.44281241062285387, "completeness_score": 0.47552381800106747, "fowlkes_mallows_score": 0.5862852615987403, "homogeneity_score": 0.4649414843954835, "v_measure_score": 0.4701731137627877}, "classification": {"f1_score": 0.7226826365733532, "hamming_loss": 0.272, "jaccard_score": 0.5717088007289242, "accuracy_score": 0.728, "recall_score": 0.7283054571589539, "precision_score": 0.7446604626532571}, "found_clusters": 4, "expected_clusters": 4, "time": 0.111}, "mini_batch_k_means": {"clustering": {"adjusted_mutual_info_score": 0.4676600810793555, "adjusted_rand_score": 0.44714589539075034, "completeness_score": 0.47234028052551236, "fowlkes_mallows_score": 0.5887995464918337, "homogeneity_score": 0.46375675226292207, "v_measure_score": 0.46800916312481566}, "classification": {"f1_score": 0.7264881218204545, "hamming_loss": 0.2678, "jaccard_score": 0.5766578968275882, "accuracy_score": 0.7322, "recall_score": 0.7324540640004868, "precision_score": 0.7417532465400114}, "found_clusters": 4, "expected_clusters": 4, "time": 0.046}, "mean_shift": {"clustering": {"adjusted_mutual_info_score": -3.152197837194538e-16, "adjusted_rand_score": 0.0, "completeness_score": 1.0, "fowlkes_mallows_score": 0.49985571032671944, "homogeneity_score": 8.00863271656777e-16, "v_measure_score": 1.6017265433135526e-15}, "classification": {"f1_score": 0.0998719590268886, "hamming_loss": 0.7504, "jaccard_score": 0.0624, "accuracy_score": 0.2496, "recall_score": 0.25, "precision_score": 0.0624}, "found_clusters": 1, "expected_clusters": 4, "time": 33.7765}, "optics": {"clustering": {"adjusted_mutual_info_score": 0.18768296248294036, "adjusted_rand_score": 0.0029025530671612527, "completeness_score": 0.15344887108264332, "fowlkes_mallows_score": 0.2343282759839501, "homogeneity_score": 0.4163937287154226, "v_measure_score": 0.22425542639288973}, "classification": {"f1_score": 3.889306632405241e-05, "hamming_loss": 0.9984, "jaccard_score": 1.949721133753652e-05, "accuracy_score": 0.0016, "recall_score": 1.9551618997250714e-05, "precision_score": 0.0038908246225319394}, "found_clusters": 328, "expected_clusters": 4, "time": 3.2578}, "spectral_clustering": {"clustering": {"adjusted_mutual_info_score": 0.4212386704085014, "adjusted_rand_score": 0.3587916797289024, "completeness_score": 0.4491189170408975, "fowlkes_mallows_score": 0.5424790746074709, "homogeneity_score": 0.397326170027213, "v_measure_score": 0.4216379820047805}, "classification": {"f1_score": 0.6180428448478332, "hamming_loss": 0.3486, "jaccard_score": 0.46064067756545457, "accuracy_score": 0.6514, "recall_score": 0.6524808519231751, "precision_score": 0.7300354175038364}, "found_clusters": 4, "expected_clusters": 4, "time": 3.4409}, "gaussian_mixture_model": {"clustering": {"adjusted_mutual_info_score": 0.6199796019098633, "adjusted_rand_score": 0.6076486726804892, "completeness_score": 0.6218737042553509, "fowlkes_mallows_score": 0.706381780623303, "homogeneity_score": 0.6185893544892779, "v_measure_score": 0.6202271814180123}, "classification": {"f1_score": 0.8220746329450356, "hamming_loss": 0.18, "jaccard_score": 0.7118108367368822, "accuracy_score": 0.82, "recall_score": 0.8201360854445661, "precision_score": 0.8310635415954442}, "found_clusters": 4, "expected_clusters": 4, "time": 0.059}}, "classification_alg": {"KNeighborsClassifier": {"clustering": {"adjusted_mutual_info_score": 0.5740920436634466, "adjusted_rand_score": 0.5727062698116175, "completeness_score": 0.5754563399724145, "fowlkes_mallows_score": 0.6793607559868816, "homogeneity_score": 0.5755058942611706, "v_measure_score": 0.575481116050021}, "classification": {"f1_score": 0.8020920250373754, "hamming_loss": 0.198, "jaccard_score": 0.6825485832466738, "accuracy_score": 0.802, "recall_score": 0.8040522096043284, "precision_score": 0.8023198064691841}, "time": 0.028}, "DecisionTreeClassifier": {"clustering": {"adjusted_mutual_info_score": 0.5648176836730369, "adjusted_rand_score": 0.55899426456586, "completeness_score": 0.5661136150937006, "fowlkes_mallows_score": 0.6690179951732025, "homogeneity_score": 0.5663599382646243, "v_measure_score": 0.5662367498904112}, "classification": {"f1_score": 0.7931606594193873, "hamming_loss": 0.208, "jaccard_score": 0.6740170948938584, "accuracy_score": 0.792, "recall_score": 0.7939800330555418, "precision_score": 0.7934542193270019}, "time": 0.008}, "RandomForestClassifier": {"clustering": {"adjusted_mutual_info_score": 0.6075896933765479, "adjusted_rand_score": 0.6003448364036226, "completeness_score": 0.608740273736711, "fowlkes_mallows_score": 0.7000538872953769, "homogeneity_score": 0.6089983681277473, "v_measure_score": 0.6088692935812393}, "classification": {"f1_score": 0.8151390171595154, "hamming_loss": 0.186, "jaccard_score": 0.7039800548420044, "accuracy_score": 0.814, "recall_score": 0.8155351067120322, "precision_score": 0.8157323637698091}, "time": 0.363}, "LinearSVC": {"clustering": {"adjusted_mutual_info_score": 0.5113263858532984, "adjusted_rand_score": 0.5119506126681002, "completeness_score": 0.5136318603038411, "fowlkes_mallows_score": 0.63425402622708, "homogeneity_score": 0.5122150816300131, "v_measure_score": 0.512922492623215}, "classification": {"f1_score": 0.7688388963212578, "hamming_loss": 0.229, "jaccard_score": 0.6333233879933786, "accuracy_score": 0.771, "recall_score": 0.7727838816066326, "precision_score": 0.7711961786329955}, "time": 0.126}, "LogisticRegression": {"clustering": {"adjusted_mutual_info_score": 0.5030693993174484, "adjusted_rand_score": 0.5049391360978112, "completeness_score": 0.5051862860342555, "fowlkes_mallows_score": 0.6288593586154284, "homogeneity_score": 0.5041982941067089,