{"clustering_alg": {"affinity_propagation": {"clustering": {"adjusted_mutual_info_score": 0.32108990740928267, "adjusted_rand_score": 0.08849172699181214, "completeness_score": 0.23493540254744993, "fowlkes_mallows_score": 0.22212939224500683, "homogeneity_score": 0.5824581917536484, "v_measure_score": 0.33482046030396523}, "classification": {"f1_score": 0.0023950906984798, "hamming_loss": 0.989, "jaccard_score": 0.0012215274329692154, "accuracy_score": 0.011, "recall_score": 0.0013619517628082035, "precision_score": 0.010091145833333332}, "found_clusters": 32, "expected_clusters": 4, "time": 4.0987}, "agglomerative": {"clustering": {"adjusted_mutual_info_score": 0.3935880046741625, "adjusted_rand_score": 0.3093419305883003, "completeness_score": 0.40456833875555476, "fowlkes_mallows_score": 0.4963460093546988, "homogeneity_score": 0.387068831329773, "v_measure_score": 0.395625167671855}, "classification": {"f1_score": 0.6313742866580776, "hamming_loss": 0.38, "jaccard_score": 0.4803777932711174, "accuracy_score": 0.62, "recall_score": 0.6408680414626785, "precision_score": 0.6694046678274612}, "found_clusters": 4, "expected_clusters": 4, "time": 0.022}, "birch": {"clustering": {"adjusted_mutual_info_score": 0.4118246825082354, "adjusted_rand_score": 0.36381069018349393, "completeness_score": 0.46960940464754164, "fowlkes_mallows_score": 0.5562920109264551, "homogeneity_score": 0.3689944865996385, "v_measure_score": 0.41326610329120433}, "classification": {"f1_score": 0.19125859703173467, "hamming_loss": 0.769, "jaccard_score": 0.14525751463246533, "accuracy_score": 0.231, "recall_score": 0.20260355373273642, "precision_score": 0.18126391213011125}, "found_clusters": 3, "expected_clusters": 4, "time": 0.024}, "dbscan": {"clustering": {"adjusted_mutual_info_score": -3.576120196349043e-16, "adjusted_rand_score": 0.0, "completeness_score": 1.0, "fowlkes_mallows_score": 0.5043117392350989, "homogeneity_score": 0.0, "v_measure_score": 0.0}, "classification": {"f1_score": 0.09514170040485831, "hamming_loss": 0.765, "jaccard_score": 0.05875, "accuracy_score": 0.235, "recall_score": 0.25, "precision_score": 0.05875}, "found_clusters": 1, "expected_clusters": 4, "time": 0.016}, "k_means": {"clustering": {"adjusted_mutual_info_score": 0.44066048216894715, "adjusted_rand_score": 0.39839785060449834, "completeness_score": 0.4425530822668577, "fowlkes_mallows_score": 0.5514715973208458, "homogeneity_score": 0.4424431524847342, "v_measure_score": 0.4424981105483336}, "classification": {"f1_score": 0.7174001979992235, "hamming_loss": 0.296, "jaccard_score": 0.575215866988739, "accuracy_score": 0.704, "recall_score": 0.7171484649999509, "precision_score": 0.7180993638098263}, "found_clusters": 4, "expected_clusters": 4, "time": 0.07}, "mini_batch_k_means": {"clustering": {"adjusted_mutual_info_score": 0.40268380266633486, "adjusted_rand_score": 0.36736033174132166, "completeness_score": 0.40380694695790637, "fowlkes_mallows_score": 0.5273770169436514, "homogeneity_score": 0.40548008114683876, "v_measure_score": 0.40464178451889626}, "classification": {"f1_score": 0.6795491543346864, "hamming_loss": 0.325, "jaccard_score": 0.52635845136326, "accuracy_score": 0.675, "recall_score": 0.6921007592146242, "precision_score": 0.6748470590896871}, "found_clusters": 4, "expected_clusters": 4, "time": 0.032}, "mean_shift": {"clustering": {"adjusted_mutual_info_score": -3.576120196349043e-16, "adjusted_rand_score": 0.0, "completeness_score": 1.0, "fowlkes_mallows_score": 0.5043117392350989, "homogeneity_score": 0.0, "v_measure_score": 0.0}, "classification": {"f1_score": 0.09514170040485831, "hamming_loss": 0.765, "jaccard_score": 0.05875, "accuracy_score": 0.235, "recall_score": 0.25, "precision_score": 0.05875}, "found_clusters": 1, "expected_clusters": 4, "time": 11.6347}, "optics": {"clustering": {"adjusted_mutual_info_score": 0.18759762093295687, "adjusted_rand_score": 0.02703747805112511, "completeness_score": 0.1720857225264827, "fowlkes_mallows_score": 0.2660797702012108, "homogeneity_score": 0.3508172315279058, "v_measure_score": 0.2309057016952355}, "classification": {"f1_score": 0.0016784976677531754, "hamming_loss": 0.986, "jaccard_score": 0.0008654281284311107, "accuracy_score": 0.014, "recall_score": 0.0008804439665104847, "precision_score": 0.018629807692307692}, "found_clusters": 64, "expected_clusters": 4, "time": 0.7571}, "spectral_clustering": {"clustering": {"adjusted_mutual_info_score": 0.38716348235373893, "adjusted_rand_score": 0.2594561232871236, "completeness_score": 0.4137000146853134, "fowlkes_mallows_score": 0.480569305071976, "homogeneity_score": 0.3676149857431924, "v_measure_score": 0.3892983621640226}, "classification": {"f1_score": 0.6728075607360401, "hamming_loss": 0.345, "jaccard_score": 0.5101434972962062, "accuracy_score": 0.655, "recall_score": 0.646929615520715, "precision_score": 0.7696084206788197}, "found_clusters": 4, "expected_clusters": 4, "time": 0.2612}, "gaussian_mixture_model": {"clustering": {"adjusted_mutual_info_score": 0.44178086514974635, "adjusted_rand_score": 0.41081362280651473, "completeness_score": 0.44345343234794365, "fowlkes_mallows_score": 0.5605183927878693, "homogeneity_score": 0.4437744867623155, "v_measure_score": 0.4436139014663709}, "classification": {"f1_score": 0.730698009615505, "hamming_loss": 0.282, "jaccard_score": 0.5892699691638675, "accuracy_score": 0.718, "recall_score": 0.730528059801673, "precision_score": 0.7312591428578872}, "found_clusters": 4, "expected_clusters": 4, "time": 0.013}}, "classification_alg": {"KNeighborsClassifier": {"clustering": {"adjusted_mutual_info_score": 0.39979795053544415, "adjusted_rand_score": 0.3872122758185803, "completeness_score": 0.4103949437364401, "fowlkes_mallows_score": 0.5423347528990237, "homogeneity_score": 0.40935679222063065, "v_measure_score": 0.4098752106096501}, "classification": {"f1_score": 0.7071083476272155, "hamming_loss": 0.3, "jaccard_score": 0.5633492089306043, "accuracy_score": 0.7, "recall_score": 0.7017692610777717, "precision_score": 0.7138888888888889}, "time": 0.007}, "DecisionTreeClassifier": {"clustering": {"adjusted_mutual_info_score": 0.3396152987275357, "adjusted_rand_score": 0.3447608838959231, "completeness_score": 0.35122274050699237, "fowlkes_mallows_score": 0.5108110764033317, "homogeneity_score": 0.3501880581814031, "v_measure_score": 0.3507046361911946}, "classification": {"f1_score": 0.6974473011542737, "hamming_loss": 0.31, "jaccard_score": 0.5422197691047443, "accuracy_score": 0.69, "recall_score": 0.6946399345335516, "precision_score": 0.705542801676322}, "time": 0.003}, "RandomForestClassifier": {"clustering": {"adjusted_mutual_info_score": 0.41953558411859837, "adjusted_rand_score": 0.40171750446547616, "completeness_score": 0.4305782847578584, "fowlkes_mallows_score": 0.553789454744948, "homogeneity_score": 0.4280327154024312, "v_measure_score": 0.4293017265882247}, "classification": {"f1_score": 0.7366651810468042, "hamming_loss": 0.275, "jaccard_score": 0.5937255548231157, "accuracy_score": 0.725, "recall_score": 0.7297440443717039, "precision_score": 0.7502465410785187}, "time": 0.189}, "LinearSVC": {"clustering": {"adjusted_mutual_info_score": 0.46740910336685454, "adjusted_rand_score": 0.46772021288250154, "completeness_score": 0.4812020542734319, "fowlkes_mallows_score": 0.6060822574403124, "homogeneity_score": 0.47176783016393375, "v_measure_score": 0.4764382436891691}, "classification": {"f1_score": 0.7403190376429101, "hamming_loss": 0.255, "jaccard_score": 0.6083197259428818, "accuracy_score": 0.745, "recall_score": 0.7443232102806571, "precision_score": 0.7449939564867043}, "time": 0.004}, "LogisticRegression": {"clustering": {"adjusted_mutual_info_score": 0.44447925864941856, "adjusted_rand_score": 0.40872651672494026, "completeness_score": 0.45588347032656407, "fowlkes_mallows_score": 0.559680902033761, "homogeneity_score": 0.45181823778039476, "v_measure_score": 0.45384175077896377},