{"clustering_alg": {"affinity_propagation": {"clustering": {"adjusted_mutual_info_score": 0.27731104504657145, "adjusted_rand_score": 0.07647358693775924, "completeness_score": 0.20603794657696617, "fowlkes_mallows_score": 0.20340221058205968, "homogeneity_score": 0.49615487174866224, "v_measure_score": 0.2911642736620718}, "classification": {"f1_score": 0.004424472066910032, "hamming_loss": 0.98, "jaccard_score": 0.002291846908087175, "accuracy_score": 0.02, "recall_score": 0.0025912013751830396, "precision_score": 0.015185185185185184}, "found_clusters": 30, "expected_clusters": 4, "time": 4.8886}, "agglomerative": {"clustering": {"adjusted_mutual_info_score": 0.32673467207022866, "adjusted_rand_score": 0.22238540062391673, "completeness_score": 0.34028842741208704, "fowlkes_mallows_score": 0.43529631556071646, "homogeneity_score": 0.31845774447417424, "v_measure_score": 0.32901135426416617}, "classification": {"f1_score": 0.5761059637454444, "hamming_loss": 0.435, "jaccard_score": 0.4074160443653418, "accuracy_score": 0.565, "recall_score": 0.5607950159570327, "precision_score": 0.6434501792146132}, "found_clusters": 4, "expected_clusters": 4, "time": 0.039}, "birch": {"clustering": {"adjusted_mutual_info_score": 0.1923718474214348, "adjusted_rand_score": 0.15182231156096068, "completeness_score": 0.3176765609248279, "fowlkes_mallows_score": 0.49062188216789926, "homogeneity_score": 0.13921744773962308, "v_measure_score": 0.19359465950509175}, "classification": {"f1_score": 0.3071138211382114, "hamming_loss": 0.558, "jaccard_score": 0.22439439014024648, "accuracy_score": 0.442, "recall_score": 0.4351403832686064, "precision_score": 0.24682989343046002}, "found_clusters": 2, "expected_clusters": 4, "time": 0.03}, "dbscan": {"clustering": {"adjusted_mutual_info_score": 4.8839217356323914e-17, "adjusted_rand_score": 0.0, "completeness_score": 1.0, "fowlkes_mallows_score": 0.5013395469552959, "homogeneity_score": 0.0, "v_measure_score": 0.0}, "classification": {"f1_score": 0.10876369327073553, "hamming_loss": 0.722, "jaccard_score": 0.0695, "accuracy_score": 0.278, "recall_score": 0.25, "precision_score": 0.0695}, "found_clusters": 1, "expected_clusters": 4, "time": 0.029}, "k_means": {"clustering": {"adjusted_mutual_info_score": 0.2042858545629527, "adjusted_rand_score": 0.17328178762756985, "completeness_score": 0.2074227309486139, "fowlkes_mallows_score": 0.38249031955661134, "homogeneity_score": 0.20636898093526965, "v_measure_score": 0.20689451421727847}, "classification": {"f1_score": 0.5434250879717705, "hamming_loss": 0.463, "jaccard_score": 0.3773859349430245, "accuracy_score": 0.537, "recall_score": 0.5432733734750865, "precision_score": 0.5507508150058872}, "found_clusters": 4, "expected_clusters": 4, "time": 0.06}, "mini_batch_k_means": {"clustering": {"adjusted_mutual_info_score": 0.20956757666627024, "adjusted_rand_score": 0.18054291356268515, "completeness_score": 0.21260769803604618, "fowlkes_mallows_score": 0.3876912221236715, "homogeneity_score": 0.21170974967535983, "v_measure_score": 0.21215777372831274}, "classification": {"f1_score": 0.5487430689913764, "hamming_loss": 0.457, "jaccard_score": 0.38285793926254463, "accuracy_score": 0.543, "recall_score": 0.5499701480081334, "precision_score": 0.554713325939554}, "found_clusters": 4, "expected_clusters": 4, "time": 0.029}, "mean_shift": {"clustering": {"adjusted_mutual_info_score": 4.8839217356323914e-17, "adjusted_rand_score": 0.0, "completeness_score": 1.0, "fowlkes_mallows_score": 0.5013395469552959, "homogeneity_score": 0.0, "v_measure_score": 0.0}, "classification": {"f1_score": 0.10876369327073553, "hamming_loss": 0.722, "jaccard_score": 0.0695, "accuracy_score": 0.278, "recall_score": 0.25, "precision_score": 0.0695}, "found_clusters": 1, "expected_clusters": 4, "time": 7.2975}, "optics": {"clustering": {"adjusted_mutual_info_score": 0.16588039892667397, "adjusted_rand_score": 0.011466598360231261, "completeness_score": 0.16034293751006956, "fowlkes_mallows_score": 0.27149381870894645, "homogeneity_score": 0.3027906648420231, "v_measure_score": 0.20966021210651442}, "classification": {"f1_score": 0.002354821181522994, "hamming_loss": 0.98, "jaccard_score": 0.0012220793360421332, "accuracy_score": 0.02, "recall_score": 0.0012345768348767333, "precision_score": 0.026378066378066382}, "found_clusters": 60, "expected_clusters": 4, "time": 0.6636}, "spectral_clustering": {"clustering": {"adjusted_mutual_info_score": 0.21895372778155545, "adjusted_rand_score": 0.14571400338702345, "completeness_score": 0.2325020347659042, "fowlkes_mallows_score": 0.3851010008184032, "homogeneity_score": 0.2117316071602675, "v_measure_score": 0.22163125365997657}, "classification": {"f1_score": 0.5403190441778453, "hamming_loss": 0.462, "jaccard_score": 0.3718574041331285, "accuracy_score": 0.538, "recall_score": 0.537691461878002, "precision_score": 0.6332350615830282}, "found_clusters": 4, "expected_clusters": 4, "time": 0.3065}, "gaussian_mixture_model": {"clustering": {"adjusted_mutual_info_score": 0.27511850419076556, "adjusted_rand_score": 0.2161243571526503, "completeness_score": 0.2838585398427442, "fowlkes_mallows_score": 0.42472742551597836, "homogeneity_score": 0.27150244107711585, "v_measure_score": 0.277543036459783}, "classification": {"f1_score": 0.5753048382358728, "hamming_loss": 0.427, "jaccard_score": 0.40923918479774946, "accuracy_score": 0.573, "recall_score": 0.5807693270919715, "precision_score": 0.6134930052994759}, "found_clusters": 4, "expected_clusters": 4, "time": 0.018}}, "classification_alg": {"KNeighborsClassifier": {"clustering": {"adjusted_mutual_info_score": 0.3408085489188693, "adjusted_rand_score": 0.3631610444596651, "completeness_score": 0.354118305511379, "fowlkes_mallows_score": 0.5233651490741298, "homogeneity_score": 0.3495823932251561, "v_measure_score": 0.3518357305819674}, "classification": {"f1_score": 0.6643873573258307, "hamming_loss": 0.325, "jaccard_score": 0.510465336974508, "accuracy_score": 0.675, "recall_score": 0.6703795522856643, "precision_score": 0.6661164922034488}, "time": 0.008}, "DecisionTreeClassifier": {"clustering": {"adjusted_mutual_info_score": 0.36128526540616224, "adjusted_rand_score": 0.3773626421845731, "completeness_score": 0.37209372108387584, "fowlkes_mallows_score": 0.5313013507539196, "homogeneity_score": 0.3717028646014059, "v_measure_score": 0.37189819014736586}, "classification": {"f1_score": 0.7055983990231764, "hamming_loss": 0.295, "jaccard_score": 0.5495461006655037, "accuracy_score": 0.705, "recall_score": 0.7044436895902171, "precision_score": 0.7080857595563479}, "time": 0.003}, "RandomForestClassifier": {"clustering": {"adjusted_mutual_info_score": 0.3262899547919216, "adjusted_rand_score": 0.3529175284618076, "completeness_score": 0.33851986195578515, "fowlkes_mallows_score": 0.514044702853304, "homogeneity_score": 0.33651710257982853, "v_measure_score": 0.33751551128597274}, "classification": {"f1_score": 0.6743503669948168, "hamming_loss": 0.32, "jaccard_score": 0.5174087678088921, "accuracy_score": 0.68, "recall_score": 0.6769736435784208, "precision_score": 0.6747251150198482}, "time": 0.205}, "LinearSVC": {"clustering": {"adjusted_mutual_info_score": 0.20973148476443454, "adjusted_rand_score": 0.1776994217805431, "completeness_score": 0.22573399267343333, "fowlkes_mallows_score": 0.38689707191231887, "homogeneity_score": 0.22041461093728593, "v_measure_score": 0.2230425905976747}, "classification": {"f1_score": 0.520191751317989, "hamming_loss": 0.47, "jaccard_score": 0.3558415274262269, "accuracy_score": 0.53, "recall_score": 0.5290090801243451, "precision_score": 0.5282672773866244}, "time": 0.005}, "LogisticRegression": {"clustering": {"adjusted_mutual_info_score": 0.24283818118594602, "adjusted_rand_score": 0.21054550074629624, "completeness_score": 0.2569221815520743, "fowlkes_mallows_score": 0.4084262841829689, "homogeneity_score": 0.25407962244953985, "v_measure_score": 0.25549299582299306},