{"clustering_alg": {"affinity_propagation": {"clustering": {"adjusted_mutual_info_score": 0.38537928697446727, "adjusted_rand_score": 0.09395995271749943, "completeness_score": 0.27575323073252866, "fowlkes_mallows_score": 0.2367405416344629, "homogeneity_score": 0.7555692181778347, "v_measure_score": 0.4040456079952884}, "classification": {"f1_score": 0.0032394911361701027, "hamming_loss": 0.978, "jaccard_score": 0.0017501754385964912, "accuracy_score": 0.022, "recall_score": 0.0017738696722373363, "precision_score": 0.01880141010575793}, "found_clusters": 50, "expected_clusters": 4, "time": 2.1266}, "agglomerative": {"clustering": {"adjusted_mutual_info_score": 0.6305488122097572, "adjusted_rand_score": 0.6372512512817873, "completeness_score": 0.6383739385065438, "fowlkes_mallows_score": 0.7301914709887309, "homogeneity_score": 0.6252935039390418, "v_measure_score": 0.6317660223319582}, "classification": {"f1_score": 0.830144211791409, "hamming_loss": 0.162, "jaccard_score": 0.7178756146054015, "accuracy_score": 0.838, "recall_score": 0.8389780426052034, "precision_score": 0.849160104080317}, "found_clusters": 4, "expected_clusters": 4, "time": 0.062}, "birch": {"clustering": {"adjusted_mutual_info_score": 0.4596887900443751, "adjusted_rand_score": 0.36569043668369683, "completeness_score": 0.5480068372945448, "fowlkes_mallows_score": 0.5735745622899067, "homogeneity_score": 0.39790927496398365, "v_measure_score": 0.46104934777468065}, "classification": {"f1_score": 0.1335713875037196, "hamming_loss": 0.829, "jaccard_score": 0.07471531004191057, "accuracy_score": 0.171, "recall_score": 0.1716635283963855, "precision_score": 0.11623865480489799}, "found_clusters": 3, "expected_clusters": 4, "time": 0.107}, "dbscan": {"clustering": {"adjusted_mutual_info_score": 0.020184399526727223, "adjusted_rand_score": 0.0005441355622821459, "completeness_score": 0.23495740543623764, "fowlkes_mallows_score": 0.49319564336164856, "homogeneity_score": 0.01322580184723656, "v_measure_score": 0.025041985079120383}, "classification": {"f1_score": 0.01245136186770428, "hamming_loss": 0.992, "jaccard_score": 0.006425702811244979, "accuracy_score": 0.008, "recall_score": 0.006425702811244979, "precision_score": 0.2}, "found_clusters": 3, "expected_clusters": 4, "time": 0.011}, "k_means": {"clustering": {"adjusted_mutual_info_score": 0.46226536967274, "adjusted_rand_score": 0.4376707926615062, "completeness_score": 0.464578882868145, "fowlkes_mallows_score": 0.5783014106412453, "homogeneity_score": 0.46346333556013924, "v_measure_score": 0.46402043874583165}, "classification": {"f1_score": 0.7080007438947481, "hamming_loss": 0.292, "jaccard_score": 0.5619594947992801, "accuracy_score": 0.708, "recall_score": 0.7083131896449755, "precision_score": 0.7098090939238549}, "found_clusters": 4, "expected_clusters": 4, "time": 0.1143}, "mini_batch_k_means": {"clustering": {"adjusted_mutual_info_score": 0.4421150018974949, "adjusted_rand_score": 0.38959618422595155, "completeness_score": 0.4464558760643932, "fowlkes_mallows_score": 0.5441070997500336, "homogeneity_score": 0.44146043190929646, "v_measure_score": 0.4439441017264671}, "classification": {"f1_score": 0.7024744703057155, "hamming_loss": 0.304, "jaccard_score": 0.5512152852145356, "accuracy_score": 0.696, "recall_score": 0.6961763267528868, "precision_score": 0.7195487625627925}, "found_clusters": 4, "expected_clusters": 4, "time": 0.052}, "mean_shift": {"clustering": {"adjusted_mutual_info_score": 0.005290303689921498, "adjusted_rand_score": 9.150168183377715e-05, "completeness_score": 0.21480804613133692, "fowlkes_mallows_score": 0.4973363830195378, "homogeneity_score": 0.0040408743339316955, "v_measure_score": 0.007932525492826352}, "classification": {"f1_score": 0.1, "hamming_loss": 0.751, "jaccard_score": 0.0625, "accuracy_score": 0.249, "recall_score": 0.25, "precision_score": 0.0625}, "found_clusters": 2, "expected_clusters": 4, "time": 8.9952}, "optics": {"clustering": {"adjusted_mutual_info_score": 0.14638252514511785, "adjusted_rand_score": 0.004149441983492875, "completeness_score": 0.22081630550187273, "fowlkes_mallows_score": 0.42412850140742375, "homogeneity_score": 0.14589024806235315, "v_measure_score": 0.17569877207137705}, "classification": {"f1_score": 0.0023411371237458192, "hamming_loss": 0.993, "jaccard_score": 0.0012029558343357965, "accuracy_score": 0.007, "recall_score": 0.0012029558343357965, "precision_score": 0.043478260869565216}, "found_clusters": 23, "expected_clusters": 4, "time": 1.9733}, "spectral_clustering": {"clustering": {"adjusted_mutual_info_score": 0.5809823263785159, "adjusted_rand_score": 0.5158457911509748, "completeness_score": 0.6642902364070185, "fowlkes_mallows_score": 0.6683595003819316, "homogeneity_score": 0.5188660586136206, "v_measure_score": 0.5826409548605027}, "classification": {"f1_score": 0.6126542718491352, "hamming_loss": 0.301, "jaccard_score": 0.5275998723358332, "accuracy_score": 0.699, "recall_score": 0.7018110830418448, "precision_score": 0.5590841091600571}, "found_clusters": 4, "expected_clusters": 4, "time": 1.724}, "gaussian_mixture_model": {"clustering": {"adjusted_mutual_info_score": 0.8987684487452491, "adjusted_rand_score": 0.9317693075771477, "completeness_score": 0.8991242751740326, "fowlkes_mallows_score": 0.9487780815549953, "homogeneity_score": 0.8990726320559114, "v_measure_score": 0.8990984528733925}, "classification": {"f1_score": 0.974031233998976, "hamming_loss": 0.026, "jaccard_score": 0.9495004377357319, "accuracy_score": 0.974, "recall_score": 0.9740899541043173, "precision_score": 0.9741719382591093}, "found_clusters": 4, "expected_clusters": 4, "time": 0.041}}, "classification_alg": {"KNeighborsClassifier": {"clustering": {"adjusted_mutual_info_score": 0.7833873098103569, "adjusted_rand_score": 0.8114703411840486, "completeness_score": 0.7867888313206916, "fowlkes_mallows_score": 0.8581576265475145, "homogeneity_score": 0.7871889342846091, "v_measure_score": 0.7869888319498413}, "classification": {"f1_score": 0.9247835337381247, "hamming_loss": 0.075, "jaccard_score": 0.8624032190008489, "accuracy_score": 0.925, "recall_score": 0.9274190045753389, "precision_score": 0.9245096974960196}, "time": 0.013}, "DecisionTreeClassifier": {"clustering": {"adjusted_mutual_info_score": 0.5954269847664706, "adjusted_rand_score": 0.6323824659162254, "completeness_score": 0.6032301029028709, "fowlkes_mallows_score": 0.7239237289493133, "homogeneity_score": 0.6011124339461632, "v_measure_score": 0.6021694066112567}, "classification": {"f1_score": 0.8522008560280755, "hamming_loss": 0.15, "jaccard_score": 0.7434441864885414, "accuracy_score": 0.85, "recall_score": 0.8501251606035973, "precision_score": 0.8553911213111807}, "time": 0.006}, "RandomForestClassifier": {"clustering": {"adjusted_mutual_info_score": 0.7656016603789604, "adjusted_rand_score": 0.7959459113407021, "completeness_score": 0.7701077636037723, "fowlkes_mallows_score": 0.8466228984978809, "homogeneity_score": 0.7689003851913148, "v_measure_score": 0.7695036007929587}, "classification": {"f1_score": 0.9209524126020312, "hamming_loss": 0.08, "jaccard_score": 0.8555343190287293, "accuracy_score": 0.92, "recall_score": 0.9205976463388863, "precision_score": 0.9221878628817123}, "time": 0.493}, "LinearSVC": {"clustering": {"adjusted_mutual_info_score": 0.696957720789689, "adjusted_rand_score": 0.7226313519335719, "completeness_score": 0.7035159749762492, "fowlkes_mallows_score": 0.7917903289644497, "homogeneity_score": 0.7005108404216852, "v_measure_score": 0.702010191651527}, "classification": {"f1_score": 0.8922395401121763, "hamming_loss": 0.11, "jaccard_score": 0.8070382457654548, "accuracy_score": 0.89, "recall_score": 0.8909502384906698, "precision_score": 0.8961540082204252}, "time": 0.064}, "LogisticRegression": {"clustering": {"adjusted_mutual_info_score": 0.7086364108987386, "adjusted_rand_score": 0.7234305801913349, "completeness_score": 0.7153500634269688,