{"clustering_alg": {"affinity_propagation": {"clustering": {"adjusted_mutual_info_score": -9.623343347719906e-16, "adjusted_rand_score": 0.0, "completeness_score": 1.0, "fowlkes_mallows_score": 0.499266729581761, "homogeneity_score": 0.0, "v_measure_score": 0.0}, "classification": {"f1_score": 0.0, "hamming_loss": 1.0, "jaccard_score": 0.0, "accuracy_score": 0.0, "recall_score": 0.0, "precision_score": 0.0}, "found_clusters": 1, "expected_clusters": 4, "time": 7.7038}, "agglomerative": {"clustering": {"adjusted_mutual_info_score": 0.4244278461801365, "adjusted_rand_score": 0.272885276670448, "completeness_score": 0.4736776775045507, "fowlkes_mallows_score": 0.5055257287543702, "homogeneity_score": 0.3878640014042575, "v_measure_score": 0.42649711295566234}, "classification": {"f1_score": 0.6460689448669805, "hamming_loss": 0.352, "jaccard_score": 0.4901640236453158, "accuracy_score": 0.648, "recall_score": 0.6472558345973057, "precision_score": 0.8128433414532192}, "found_clusters": 4, "expected_clusters": 4, "time": 0.039}, "birch": {"clustering": {"adjusted_mutual_info_score": 0.2826575674133389, "adjusted_rand_score": 0.19826022641671176, "completeness_score": 0.35762932989360396, "fowlkes_mallows_score": 0.4708905815171257, "homogeneity_score": 0.23625457036288364, "v_measure_score": 0.28453899372146313}, "classification": {"f1_score": 0.20222146544428055, "hamming_loss": 0.731, "jaccard_score": 0.1338751913667024, "accuracy_score": 0.269, "recall_score": 0.2679408108624976, "precision_score": 0.16572277134897673}, "found_clusters": 3, "expected_clusters": 4, "time": 0.023}, "dbscan": {"clustering": {"adjusted_mutual_info_score": 0.005336281931023298, "adjusted_rand_score": 3.0268699180626186e-05, "completeness_score": 0.15324078425116786, "fowlkes_mallows_score": 0.4962998831889013, "homogeneity_score": 0.004054479589550779, "v_measure_score": 0.007899940746623766}, "classification": {"f1_score": 0.07929373996789726, "hamming_loss": 0.753, "jaccard_score": 0.04944944944944945, "accuracy_score": 0.247, "recall_score": 0.19603174603174603, "precision_score": 0.04969818913480885}, "found_clusters": 2, "expected_clusters": 4, "time": 0.008}, "k_means": {"clustering": {"adjusted_mutual_info_score": 0.4987315430904739, "adjusted_rand_score": 0.44257200792931767, "completeness_score": 0.5136078716917812, "fowlkes_mallows_score": 0.592862319985842, "homogeneity_score": 0.48787068250742655, "v_measure_score": 0.5004085646223703}, "classification": {"f1_score": 0.7578290070806281, "hamming_loss": 0.245, "jaccard_score": 0.6120564585155519, "accuracy_score": 0.755, "recall_score": 0.754784658200955, "precision_score": 0.8072310283208699}, "found_clusters": 4, "expected_clusters": 4, "time": 0.034}, "mini_batch_k_means": {"clustering": {"adjusted_mutual_info_score": 0.47880157021356634, "adjusted_rand_score": 0.40041756464927164, "completeness_score": 0.49936797515081927, "fowlkes_mallows_score": 0.5674121011311574, "homogeneity_score": 0.4631288338901599, "v_measure_score": 0.4805661812928518}, "classification": {"f1_score": 0.7337319205607855, "hamming_loss": 0.269, "jaccard_score": 0.5836881587775105, "accuracy_score": 0.731, "recall_score": 0.730541454423826, "precision_score": 0.8046618746753608}, "found_clusters": 4, "expected_clusters": 4, "time": 0.037}, "mean_shift": {"clustering": {"adjusted_mutual_info_score": -9.623343347719906e-16, "adjusted_rand_score": 0.0, "completeness_score": 1.0, "fowlkes_mallows_score": 0.499266729581761, "homogeneity_score": 0.0, "v_measure_score": 0.0}, "classification": {"f1_score": 0.10063897763578275, "hamming_loss": 0.748, "jaccard_score": 0.063, "accuracy_score": 0.252, "recall_score": 0.25, "precision_score": 0.063}, "found_clusters": 1, "expected_clusters": 4, "time": 4.6942}, "optics": {"clustering": {"adjusted_mutual_info_score": 0.2864629793003982, "adjusted_rand_score": 0.04539899880574903, "completeness_score": 0.23709474557107846, "fowlkes_mallows_score": 0.25650796295330347, "homogeneity_score": 0.5157642192962952, "v_measure_score": 0.32485496502060834}, "classification": {"f1_score": 0.001242196958976052, "hamming_loss": 0.989, "jaccard_score": 0.0006400997899159664, "accuracy_score": 0.011, "recall_score": 0.0006419234360410831, "precision_score": 0.0196078431372549}, "found_clusters": 68, "expected_clusters": 4, "time": 0.646}, "spectral_clustering": {"clustering": {"adjusted_mutual_info_score": 0.38343000003921396, "adjusted_rand_score": 0.17278543079550912, "completeness_score": 0.44914408781680604, "fowlkes_mallows_score": 0.45823919067944313, "homogeneity_score": 0.33800962372555987, "v_measure_score": 0.38573158430276294}, "classification": {"f1_score": 0.6012953815113948, "hamming_loss": 0.406, "jaccard_score": 0.43424297121491895, "accuracy_score": 0.594, "recall_score": 0.5938966972575088, "precision_score": 0.8164399776468743}, "found_clusters": 4, "expected_clusters": 4, "time": 0.3425}, "gaussian_mixture_model": {"clustering": {"adjusted_mutual_info_score": 0.8040963710667841, "adjusted_rand_score": 0.8412517660735367, "completeness_score": 0.8051575186628872, "fowlkes_mallows_score": 0.8808805463747582, "homogeneity_score": 0.804313573310086, "v_measure_score": 0.8047353247200836}, "classification": {"f1_score": 0.9366865997699663, "hamming_loss": 0.063, "jaccard_score": 0.8823136636871072, "accuracy_score": 0.937, "recall_score": 0.9373235664849487, "precision_score": 0.9378091406328489}, "found_clusters": 4, "expected_clusters": 4, "time": 0.0305}}, "classification_alg": {"KNeighborsClassifier": {"clustering": {"adjusted_mutual_info_score": 0.7418373788079993, "adjusted_rand_score": 0.7464281899618865, "completeness_score": 0.745120376433396, "fowlkes_mallows_score": 0.8093613768039429, "homogeneity_score": 0.7471484816233087, "v_measure_score": 0.7461330508548955}, "classification": {"f1_score": 0.9025580095237337, "hamming_loss": 0.1, "jaccard_score": 0.8261704578880282, "accuracy_score": 0.9, "recall_score": 0.9098486130838921, "precision_score": 0.9028276112185687}, "time": 0.009}, "DecisionTreeClassifier": {"clustering": {"adjusted_mutual_info_score": 0.5798215594146098, "adjusted_rand_score": 0.5774209170233618, "completeness_score": 0.5863220301672105, "fowlkes_mallows_score": 0.6824407604212194, "homogeneity_score": 0.5873133041757942, "v_measure_score": 0.5868172485473644}, "classification": {"f1_score": 0.8257374204742626, "hamming_loss": 0.18, "jaccard_score": 0.7105654761904763, "accuracy_score": 0.82, "recall_score": 0.8286005398673473, "precision_score": 0.8252405101051532}, "time": 0.001}, "RandomForestClassifier": {"clustering": {"adjusted_mutual_info_score": 0.6958749283229196, "adjusted_rand_score": 0.7032154872317067, "completeness_score": 0.6998386092759582, "fowlkes_mallows_score": 0.776829063139739, "homogeneity_score": 0.7020332271353212, "v_measure_score": 0.700934200378295}, "classification": {"f1_score": 0.8831798532403372, "hamming_loss": 0.12, "jaccard_score": 0.7957386363636364, "accuracy_score": 0.88, "recall_score": 0.8892233416987423, "precision_score": 0.8810704111725288}, "time": 0.1891}, "LinearSVC": {"clustering": {"adjusted_mutual_info_score": 0.6406169845383454, "adjusted_rand_score": 0.5885596734039692, "completeness_score": 0.6460329667593239, "fowlkes_mallows_score": 0.6908011737934281, "homogeneity_score": 0.647168519853316, "v_measure_score": 0.6466002447448651}, "classification": {"f1_score": 0.8233151322523091, "hamming_loss": 0.185, "jaccard_score": 0.7158646524195529, "accuracy_score": 0.815, "recall_score": 0.8282987554920994, "precision_score": 0.8214573268921095}, "time": 0.016}, "LogisticRegression": {"clustering": {"adjusted_mutual_info_score": 0.6518878584906297, "adjusted_rand_score": 0.620716589409582, "completeness_score": 0.6566074741445196, "fowlkes_mallows_score": 0.7147715062208538, "homogeneity_score": 0.6587529318977394, "v_measure_score": 0.6576784533147563}, "classification": {"f1_score": 0.8416466866466867,