{"clustering_alg": {"affinity_propagation": {"clustering": {"adjusted_mutual_info_score": 0.2908275372535393, "adjusted_rand_score": 0.07284732170847875, "completeness_score": 0.2142243371952941, "fowlkes_mallows_score": 0.19904177352108895, "homogeneity_score": 0.5275721921308327, "v_measure_score": 0.30471645178649226}, "classification": {"f1_score": 0.008005109644453905, "hamming_loss": 0.962, "jaccard_score": 0.004275259240290492, "accuracy_score": 0.038, "recall_score": 0.004384526905899298, "precision_score": 0.047898338220918865}, "found_clusters": 31, "expected_clusters": 4, "time": 5.4524}, "agglomerative": {"clustering": {"adjusted_mutual_info_score": 0.34790710616675796, "adjusted_rand_score": 0.2274473557507442, "completeness_score": 0.3637076232130891, "fowlkes_mallows_score": 0.4413990685288415, "homogeneity_score": 0.337532296328634, "v_measure_score": 0.3501314338623851}, "classification": {"f1_score": 0.5790159768739759, "hamming_loss": 0.431, "jaccard_score": 0.41055234468576757, "accuracy_score": 0.569, "recall_score": 0.5689009304501214, "precision_score": 0.6530417298557214}, "found_clusters": 4, "expected_clusters": 4, "time": 0.025}, "birch": {"clustering": {"adjusted_mutual_info_score": 0.3656186897670561, "adjusted_rand_score": 0.2781522842680961, "completeness_score": 0.42047980346211233, "fowlkes_mallows_score": 0.4982629318211345, "homogeneity_score": 0.3258763446894494, "v_measure_score": 0.3671824013437238}, "classification": {"f1_score": 0.3451603717045237, "hamming_loss": 0.6, "jaccard_score": 0.24269951499118167, "accuracy_score": 0.4, "recall_score": 0.4347446193382589, "precision_score": 0.2953647816068924}, "found_clusters": 3, "expected_clusters": 4, "time": 0.019}, "dbscan": {"clustering": {"adjusted_mutual_info_score": 3.871666967322581e-18, "adjusted_rand_score": 0.0, "completeness_score": 1.0, "fowlkes_mallows_score": 0.5039861129059034, "homogeneity_score": 1.6131945695969366e-16, "v_measure_score": 3.2263891391938727e-16}, "classification": {"f1_score": 0.1102883865939205, "hamming_loss": 0.717, "jaccard_score": 0.07075, "accuracy_score": 0.283, "recall_score": 0.25, "precision_score": 0.07075}, "found_clusters": 1, "expected_clusters": 4, "time": 0.018}, "k_means": {"clustering": {"adjusted_mutual_info_score": 0.38498451216068874, "adjusted_rand_score": 0.27828098355428516, "completeness_score": 0.3895765945895827, "fowlkes_mallows_score": 0.46495212344450165, "homogeneity_score": 0.3844921637196189, "v_measure_score": 0.3870176807431264}, "classification": {"f1_score": 0.5896559259867087, "hamming_loss": 0.414, "jaccard_score": 0.4300734737014793, "accuracy_score": 0.586, "recall_score": 0.6157585381576454, "precision_score": 0.5997446949038557}, "found_clusters": 4, "expected_clusters": 4, "time": 0.06}, "mini_batch_k_means": {"clustering": {"adjusted_mutual_info_score": 0.3706085603581466, "adjusted_rand_score": 0.26654459451708107, "completeness_score": 0.3723857545118497, "fowlkes_mallows_score": 0.4525288840768935, "homogeneity_score": 0.3729620344110676, "v_measure_score": 0.3726736716805454}, "classification": {"f1_score": 0.5440168121902207, "hamming_loss": 0.456, "jaccard_score": 0.3916173315943797, "accuracy_score": 0.544, "recall_score": 0.5726661213066272, "precision_score": 0.535854786687649}, "found_clusters": 4, "expected_clusters": 4, "time": 0.028}, "mean_shift": {"clustering": {"adjusted_mutual_info_score": 3.871666967322581e-18, "adjusted_rand_score": 0.0, "completeness_score": 1.0, "fowlkes_mallows_score": 0.5039861129059034, "homogeneity_score": 1.6131945695969366e-16, "v_measure_score": 3.2263891391938727e-16}, "classification": {"f1_score": 0.1102883865939205, "hamming_loss": 0.717, "jaccard_score": 0.07075, "accuracy_score": 0.283, "recall_score": 0.25, "precision_score": 0.07075}, "found_clusters": 1, "expected_clusters": 4, "time": 7.8287}, "optics": {"clustering": {"adjusted_mutual_info_score": 0.14538212141394025, "adjusted_rand_score": 0.005963519823917295, "completeness_score": 0.15072077132897943, "fowlkes_mallows_score": 0.28834665188951, "homogeneity_score": 0.2693649356541821, "v_measure_score": 0.1932886084715402}, "classification": {"f1_score": 0.0010354765988502322, "hamming_loss": 0.991, "jaccard_score": 0.0005270518083443455, "accuracy_score": 0.009, "recall_score": 0.0005314571890485695, "precision_score": 0.020491803278688523}, "found_clusters": 61, "expected_clusters": 4, "time": 0.646}, "spectral_clustering": {"clustering": {"adjusted_mutual_info_score": 0.3457438630291741, "adjusted_rand_score": 0.20331169392983242, "completeness_score": 0.371827393228928, "fowlkes_mallows_score": 0.44306185500962497, "homogeneity_score": 0.3271012298963237, "v_measure_score": 0.34803324290964244}, "classification": {"f1_score": 0.5980072556978142, "hamming_loss": 0.408, "jaccard_score": 0.4333902570562843, "accuracy_score": 0.592, "recall_score": 0.6029660476526758, "precision_score": 0.6869760884614544}, "found_clusters": 4, "expected_clusters": 4, "time": 0.202}, "gaussian_mixture_model": {"clustering": {"adjusted_mutual_info_score": 0.36223107360309414, "adjusted_rand_score": 0.2568996426079788, "completeness_score": 0.36937275339688475, "fowlkes_mallows_score": 0.4525972402923653, "homogeneity_score": 0.35947093663478547, "v_measure_score": 0.36435458369730334}, "classification": {"f1_score": 0.567115350292404, "hamming_loss": 0.434, "jaccard_score": 0.4066963162022931, "accuracy_score": 0.566, "recall_score": 0.5980519548643037, "precision_score": 0.5885251385014512}, "found_clusters": 4, "expected_clusters": 4, "time": 0.012}}, "classification_alg": {"KNeighborsClassifier": {"clustering": {"adjusted_mutual_info_score": 0.3600944018511765, "adjusted_rand_score": 0.2614977460685112, "completeness_score": 0.37452113353495325, "fowlkes_mallows_score": 0.45163870071216045, "homogeneity_score": 0.36738252119472264, "v_measure_score": 0.3709174834269026}, "classification": {"f1_score": 0.6104383724036598, "hamming_loss": 0.41, "jaccard_score": 0.45521719659650695, "accuracy_score": 0.59, "recall_score": 0.600329134802819, "precision_score": 0.6278529542168245}, "time": 0.006}, "DecisionTreeClassifier": {"clustering": {"adjusted_mutual_info_score": 0.34307968854452575, "adjusted_rand_score": 0.28239351437444504, "completeness_score": 0.35546204682497257, "fowlkes_mallows_score": 0.4644153836228055, "homogeneity_score": 0.35277654515483564, "v_measure_score": 0.35411420454240183}, "classification": {"f1_score": 0.6302580322743232, "hamming_loss": 0.38, "jaccard_score": 0.47278996410093965, "accuracy_score": 0.62, "recall_score": 0.6302676563202879, "precision_score": 0.6331220505187964}, "time": 0.002}, "RandomForestClassifier": {"clustering": {"adjusted_mutual_info_score": 0.34873802656439445, "adjusted_rand_score": 0.2780080572881556, "completeness_score": 0.36122795798523366, "fowlkes_mallows_score": 0.4613426374677643, "homogeneity_score": 0.3581532722875251, "v_measure_score": 0.35968404442550883}, "classification": {"f1_score": 0.6224556707929073, "hamming_loss": 0.395, "jaccard_score": 0.47006445602729985, "accuracy_score": 0.605, "recall_score": 0.6188903883640725, "precision_score": 0.6283166792357968}, "time": 0.183}, "LinearSVC": {"clustering": {"adjusted_mutual_info_score": 0.36004763669739887, "adjusted_rand_score": 0.30369765756684225, "completeness_score": 0.374924766174492, "fowlkes_mallows_score": 0.48361513824981356, "homogeneity_score": 0.36693318446255524, "v_measure_score": 0.370885931108912}, "classification": {"f1_score": 0.6260113218167251, "hamming_loss": 0.38, "jaccard_score": 0.47638555205660243, "accuracy_score": 0.62, "recall_score": 0.635720497825761, "precision_score": 0.6343486952861953}, "time": 0.004}, "LogisticRegression": {"clustering": {"adjusted_mutual_info_score": 0.3069838670165729, "adjusted_rand_score": 0.2317706202348871, "completeness_score": 0.3203511913782058, "fowlkes_mallows_score": 0.42711254261607934,