{"clustering_alg": {"affinity_propagation": {"clustering": {"adjusted_mutual_info_score": 0.4625399961747048, "adjusted_rand_score": 0.12254642500224625, "completeness_score": 0.3276424253732284, "fowlkes_mallows_score": 0.2824074809634125, "homogeneity_score": 0.871462885216433, "v_measure_score": 0.47623542455108403}, "classification": {"f1_score": 0.0043223217042297, "hamming_loss": 0.979, "jaccard_score": 0.0023712737127371273, "accuracy_score": 0.021, "recall_score": 0.0023712737127371273, "precision_score": 0.024390243902439025}, "found_clusters": 41, "expected_clusters": 4, "time": 1.9376}, "agglomerative": {"clustering": {"adjusted_mutual_info_score": 0.7953132801095996, "adjusted_rand_score": 0.7925682095142755, "completeness_score": 0.7949881596818783, "fowlkes_mallows_score": 0.8463562145288059, "homogeneity_score": 0.7969952789857536, "v_measure_score": 0.7959904540794791}, "classification": {"f1_score": 0.9213183225300775, "hamming_loss": 0.08, "jaccard_score": 0.8542277242464291, "accuracy_score": 0.92, "recall_score": 0.9273651154378422, "precision_score": 0.9248836597338375}, "found_clusters": 4, "expected_clusters": 4, "time": 0.049}, "birch": {"clustering": {"adjusted_mutual_info_score": 0.444676700902238, "adjusted_rand_score": 0.2886717115546783, "completeness_score": 0.5895694389334374, "fowlkes_mallows_score": 0.5534009904869461, "homogeneity_score": 0.3589329438941263, "v_measure_score": 0.4462105697943375}, "classification": {"f1_score": 0.2608066314237422, "hamming_loss": 0.644, "jaccard_score": 0.1764768800394932, "accuracy_score": 0.356, "recall_score": 0.43134715025906734, "precision_score": 0.18901845994051272}, "found_clusters": 3, "expected_clusters": 4, "time": 0.027}, "dbscan": {"clustering": {"adjusted_mutual_info_score": 0.00946083665616933, "adjusted_rand_score": -0.0028118409462176224, "completeness_score": 0.1503686646101115, "fowlkes_mallows_score": 0.5031080448845885, "homogeneity_score": 0.006170416771982751, "v_measure_score": 0.01185438577892424}, "classification": {"f1_score": 0.07164179104477611, "hamming_loss": 0.784, "jaccard_score": 0.04363636363636363, "accuracy_score": 0.216, "recall_score": 0.2, "precision_score": 0.04363636363636363}, "found_clusters": 2, "expected_clusters": 4, "time": 0.055}, "k_means": {"clustering": {"adjusted_mutual_info_score": 0.7824797235550079, "adjusted_rand_score": 0.7679640145154216, "completeness_score": 0.7808082257421225, "fowlkes_mallows_score": 0.8278826192787079, "homogeneity_score": 0.7856024849681214, "v_measure_score": 0.7831980185432089}, "classification": {"f1_score": 0.9187775222152402, "hamming_loss": 0.088, "jaccard_score": 0.8524260623065771, "accuracy_score": 0.912, "recall_score": 0.9276352258979679, "precision_score": 0.9192878588918889}, "found_clusters": 4, "expected_clusters": 4, "time": 0.085}, "mini_batch_k_means": {"clustering": {"adjusted_mutual_info_score": 0.7341317873638172, "adjusted_rand_score": 0.680154253756579, "completeness_score": 0.7323591234339546, "fowlkes_mallows_score": 0.7626278427973222, "homogeneity_score": 0.7376785863134023, "v_measure_score": 0.7350092303976742}, "classification": {"f1_score": 0.8783440488022424, "hamming_loss": 0.131, "jaccard_score": 0.7892488810950811, "accuracy_score": 0.869, "recall_score": 0.8929751353781417, "precision_score": 0.8820830214877365}, "found_clusters": 4, "expected_clusters": 4, "time": 0.036}, "mean_shift": {"clustering": {"adjusted_mutual_info_score": 3.384237162937049e-16, "adjusted_rand_score": 0.0, "completeness_score": 1.0, "fowlkes_mallows_score": 0.5102218403070633, "homogeneity_score": 0.0, "v_measure_score": 0.0}, "classification": {"f1_score": 0.08881578947368421, "hamming_loss": 0.784, "jaccard_score": 0.054, "accuracy_score": 0.216, "recall_score": 0.25, "precision_score": 0.054}, "found_clusters": 1, "expected_clusters": 4, "time": 13.7051}, "optics": {"clustering": {"adjusted_mutual_info_score": 0.11512998423339574, "adjusted_rand_score": 0.012038046483212623, "completeness_score": 0.23549245716574516, "fowlkes_mallows_score": 0.4698951406204176, "homogeneity_score": 0.09781454994673168, "v_measure_score": 0.13821844858931612}, "classification": {"f1_score": 0.006512221713807967, "hamming_loss": 0.988, "jaccard_score": 0.003338081671415005, "accuracy_score": 0.012, "recall_score": 0.003338081671415005, "precision_score": 0.13333333333333333}, "found_clusters": 15, "expected_clusters": 4, "time": 1.7764}, "spectral_clustering": {"clustering": {"adjusted_mutual_info_score": 0.6704921712062886, "adjusted_rand_score": 0.5748435659439188, "completeness_score": 0.6797345587920876, "fowlkes_mallows_score": 0.6894392257315829, "homogeneity_score": 0.6636521810065774, "v_measure_score": 0.6715971046662564}, "classification": {"f1_score": 0.8363123412402657, "hamming_loss": 0.179, "jaccard_score": 0.7269846211380881, "accuracy_score": 0.821, "recall_score": 0.8388033168988196, "precision_score": 0.8719992019039589}, "found_clusters": 4, "expected_clusters": 4, "time": 0.5788}, "gaussian_mixture_model": {"clustering": {"adjusted_mutual_info_score": 0.7361731865181628, "adjusted_rand_score": 0.6357405623154456, "completeness_score": 0.8015294772442815, "fowlkes_mallows_score": 0.7553426628260224, "homogeneity_score": 0.6822924986692214, "v_measure_score": 0.73712016490301}, "classification": {"f1_score": 0.5830149392294344, "hamming_loss": 0.327, "jaccard_score": 0.4935406988200979, "accuracy_score": 0.673, "recall_score": 0.614239658678907, "precision_score": 0.6268170307059195}, "found_clusters": 4, "expected_clusters": 4, "time": 0.029}}, "classification_alg": {"KNeighborsClassifier": {"clustering": {"adjusted_mutual_info_score": 0.8777706271303634, "adjusted_rand_score": 0.900444460914538, "completeness_score": 0.8788083853515828, "fowlkes_mallows_score": 0.9260035622061232, "homogeneity_score": 0.8808682949921198, "v_measure_score": 0.8798371344879394}, "classification": {"f1_score": 0.9575371946482096, "hamming_loss": 0.04, "jaccard_score": 0.9193493517625629, "accuracy_score": 0.96, "recall_score": 0.9596440328533901, "precision_score": 0.9565953654188948}, "time": 0.013}, "DecisionTreeClassifier": {"clustering": {"adjusted_mutual_info_score": 0.7752710671937821, "adjusted_rand_score": 0.8077970028978643, "completeness_score": 0.776859742272438, "fowlkes_mallows_score": 0.8569677976112593, "homogeneity_score": 0.7812776407968323, "v_measure_score": 0.7790624283425751}, "classification": {"f1_score": 0.9248601639616301, "hamming_loss": 0.075, "jaccard_score": 0.8604292594230675, "accuracy_score": 0.925, "recall_score": 0.929326935662229, "precision_score": 0.9215239634351886}, "time": 0.004}, "RandomForestClassifier": {"clustering": {"adjusted_mutual_info_score": 0.9137476480102993, "adjusted_rand_score": 0.9352524785162328, "completeness_score": 0.9167897739454284, "fowlkes_mallows_score": 0.9519994182545984, "homogeneity_score": 0.9136377835556884, "v_measure_score": 0.915211064891882}, "classification": {"f1_score": 0.9740208885161431, "hamming_loss": 0.025, "jaccard_score": 0.949423479069047, "accuracy_score": 0.975, "recall_score": 0.9715662632275647, "precision_score": 0.9770103964064092}, "time": 0.3811}, "LinearSVC": {"clustering": {"adjusted_mutual_info_score": 0.8902543823808485, "adjusted_rand_score": 0.9111293102791397, "completeness_score": 0.8903211499359434, "fowlkes_mallows_score": 0.9339087433623107, "homogeneity_score": 0.8939018019296047, "v_measure_score": 0.8921078830329388}, "classification": {"f1_score": 0.9634673803046192, "hamming_loss": 0.035, "jaccard_score": 0.9300367340601148, "accuracy_score": 0.965, "recall_score": 0.9669969740298606, "precision_score": 0.9614768129474012}, "time": 0.006}, "LogisticRegression": {"clustering": {"adjusted_mutual_info_score": 0.9015337332640772, "adjusted_rand_score": 0.9240705810265879, "completeness_score": 0.9015133967080952, "fowlkes_mallows_score": 0.9435407481066934, "homogeneity_score": 0.9048869082554581,