{"clustering_alg": {"affinity_propagation": {"clustering": {"adjusted_mutual_info_score": -1.281370601507323e-15, "adjusted_rand_score": 0.0, "completeness_score": 1.0, "fowlkes_mallows_score": 0.4998499474782395, "homogeneity_score": 6.40685300762983e-16, "v_measure_score": 1.2813706015259653e-15}, "classification": {"f1_score": 0.0, "hamming_loss": 1.0, "jaccard_score": 0.0, "accuracy_score": 0.0, "recall_score": 0.0, "precision_score": 0.0}, "found_clusters": 1, "expected_clusters": 4, "time": 147.7078}, "agglomerative": {"clustering": {"adjusted_mutual_info_score": 0.9112630241159828, "adjusted_rand_score": 0.9236791349571061, "completeness_score": 0.911527780701812, "fowlkes_mallows_score": 0.9427600451462903, "homogeneity_score": 0.9111137025002051, "v_measure_score": 0.9113206945646718}, "classification": {"f1_score": 0.9696841659426638, "hamming_loss": 0.0302, "jaccard_score": 0.94246160505236, "accuracy_score": 0.9698, "recall_score": 0.9698, "precision_score": 0.9701679627633074}, "found_clusters": 4, "expected_clusters": 4, "time": 0.713}, "birch": {"clustering": {"adjusted_mutual_info_score": 0.7731877444686984, "adjusted_rand_score": 0.6676153820914633, "completeness_score": 0.8936905598803182, "fowlkes_mallows_score": 0.7791478777078618, "homogeneity_score": 0.681493483609227, "v_measure_score": 0.7732992159726139}, "classification": {"f1_score": 0.0, "hamming_loss": 1.0, "jaccard_score": 0.0, "accuracy_score": 0.0, "recall_score": 0.0, "precision_score": 0.0}, "found_clusters": 3, "expected_clusters": 4, "time": 0.161}, "dbscan": {"clustering": {"adjusted_mutual_info_score": 0.5636169544714541, "adjusted_rand_score": 0.33104712642161277, "completeness_score": 0.93850178147384, "fowlkes_mallows_score": 0.6283587599919261, "homogeneity_score": 0.40301598620700957, "v_measure_score": 0.5638855185221775}, "classification": {"f1_score": 0.0, "hamming_loss": 1.0, "jaccard_score": 0.0, "accuracy_score": 0.0, "recall_score": 0.0, "precision_score": 0.0}, "found_clusters": 3, "expected_clusters": 4, "time": 0.051}, "k_means": {"clustering": {"adjusted_mutual_info_score": 0.9217456936838022, "adjusted_rand_score": 0.9361305059231966, "completeness_score": 0.9217972316308871, "fowlkes_mallows_score": 0.9520883303225922, "homogeneity_score": 0.9217958480511094, "v_measure_score": 0.9217965398404792}, "classification": {"f1_score": 0.9749891676382604, "hamming_loss": 0.025, "jaccard_score": 0.9521158466429196, "accuracy_score": 0.975, "recall_score": 0.9750000000000001, "precision_score": 0.9749803527068137}, "found_clusters": 4, "expected_clusters": 4, "time": 0.047}, "mini_batch_k_means": {"clustering": {"adjusted_mutual_info_score": 0.9219474591873446, "adjusted_rand_score": 0.9365917845182612, "completeness_score": 0.9220071848185998, "fowlkes_mallows_score": 0.9524347543161575, "homogeneity_score": 0.9219891647687365, "v_measure_score": 0.9219981747056197}, "classification": {"f1_score": 0.9751797126130903, "hamming_loss": 0.0248, "jaccard_score": 0.9524356665336943, "accuracy_score": 0.9752, "recall_score": 0.9752000000000001, "precision_score": 0.9751855670307388}, "found_clusters": 4, "expected_clusters": 4, "time": 0.045}, "mean_shift": {"clustering": {"adjusted_mutual_info_score": 0.5755204120495132, "adjusted_rand_score": 0.3330814781779174, "completeness_score": 0.9971094374110763, "fowlkes_mallows_score": 0.6321518987179449, "homogeneity_score": 0.4046244985307286, "v_measure_score": 0.5756511927802306}, "classification": {"f1_score": 0.0, "hamming_loss": 1.0, "jaccard_score": 0.0, "accuracy_score": 0.0, "recall_score": 0.0, "precision_score": 0.0}, "found_clusters": 2, "expected_clusters": 4, "time": 18.9354}, "optics": {"clustering": {"adjusted_mutual_info_score": 0.23531607979154454, "adjusted_rand_score": 0.004254068290084119, "completeness_score": 0.18937947396927815, "fowlkes_mallows_score": 0.2631243672244322, "homogeneity_score": 0.46471395868953136, "v_measure_score": 0.26909698415734123}, "classification": {"f1_score": 4.781625805903182e-05, "hamming_loss": 0.9982, "jaccard_score": 2.4080267558528427e-05, "accuracy_score": 0.0018, "recall_score": 2.4080267558528427e-05, "precision_score": 0.0033444816053511705}, "found_clusters": 299, "expected_clusters": 4, "time": 3.0102}, "spectral_clustering": {"clustering": {"adjusted_mutual_info_score": 0.9213074791354688, "adjusted_rand_score": 0.9360861022748594, "completeness_score": 0.9213626033106351, "fowlkes_mallows_score": 0.9520551795500876, "homogeneity_score": 0.9213546171410605, "v_measure_score": 0.9213586102085423}, "classification": {"f1_score": 0.9749849698193973, "hamming_loss": 0.025, "jaccard_score": 0.9520801810461218, "accuracy_score": 0.975, "recall_score": 0.975, "precision_score": 0.9749815255108598}, "found_clusters": 4, "expected_clusters": 4, "time": 3.0277}, "gaussian_mixture_model": {"clustering": {"adjusted_mutual_info_score": 0.9211782790579831, "adjusted_rand_score": 0.9360962255000963, "completeness_score": 0.9212325231148114, "fowlkes_mallows_score": 0.9520627274094786, "homogeneity_score": 0.9212264649570552, "v_measure_score": 0.9212294940259734}, "classification": {"f1_score": 0.974970695502448, "hamming_loss": 0.025, "jaccard_score": 0.9520415339939303, "accuracy_score": 0.975, "recall_score": 0.975, "precision_score": 0.9749502908728364}, "found_clusters": 4, "expected_clusters": 4, "time": 0.019}}, "classification_alg": {"KNeighborsClassifier": {"clustering": {"adjusted_mutual_info_score": 0.9047557878930965, "adjusted_rand_score": 0.920920910774216, "completeness_score": 0.9051995127864019, "fowlkes_mallows_score": 0.9406497545794864, "homogeneity_score": 0.9049332562616286, "v_measure_score": 0.9050663649418779}, "classification": {"f1_score": 0.9689684366425012, "hamming_loss": 0.031, "jaccard_score": 0.9409819243194268, "accuracy_score": 0.969, "recall_score": 0.9690175507924406, "precision_score": 0.9691609549472993}, "time": 0.028}, "DecisionTreeClassifier": {"clustering": {"adjusted_mutual_info_score": 0.8945780297927985, "adjusted_rand_score": 0.9111036957975907, "completeness_score": 0.8949562640564509, "fowlkes_mallows_score": 0.9332750087909182, "homogeneity_score": 0.8948872520428145, "v_measure_score": 0.8949217567191651}, "classification": {"f1_score": 0.9650427453608368, "hamming_loss": 0.035, "jaccard_score": 0.9339048712246216, "accuracy_score": 0.965, "recall_score": 0.9650685108636157, "precision_score": 0.9650432562017928}, "time": 0.006}, "RandomForestClassifier": {"clustering": {"adjusted_mutual_info_score": 0.9055313769171974, "adjusted_rand_score": 0.9230815222120412, "completeness_score": 0.9059097771037044, "fowlkes_mallows_score": 0.9422675834455665, "homogeneity_score": 0.9057690397528708, "v_measure_score": 0.9058394029618103}, "classification": {"f1_score": 0.9700255284825804, "hamming_loss": 0.03, "jaccard_score": 0.9428264717451159, "accuracy_score": 0.97, "recall_score": 0.9700565906728926, "precision_score": 0.9701015306407463}, "time": 0.267}, "LinearSVC": {"clustering": {"adjusted_mutual_info_score": 0.9058818924008738, "adjusted_rand_score": 0.923042110908578, "completeness_score": 0.9064162502499866, "fowlkes_mallows_score": 0.942247445745992, "homogeneity_score": 0.9059615239561337, "v_measure_score": 0.9061888300575576}, "classification": {"f1_score": 0.9699361095188772, "hamming_loss": 0.03, "jaccard_score": 0.942592342378144, "accuracy_score": 0.97, "recall_score": 0.9700055666006935, "precision_score": 0.9702846571412793}, "time": 0.096}, "LogisticRegression": {"clustering": {"adjusted_mutual_info_score": 0.9035347477144992, "adjusted_rand_score": 0.9229396608269904, "completeness_score": 0.9039688304358414, "fowlkes_mallows_score": 0.9421640786075954, "homogeneity_score": 0.9037298043501739, "v_measure_score": 0.9038493015901885}, "classification": {"f1_score": 0.9700008984787165, "hamming_loss": 0.03, "jaccard_score": 0.942673235855054, "accuracy_score": 0.97, "recall_score": 0.969992525069715,