{"clustering_alg": {"affinity_propagation": {"clustering": {"adjusted_mutual_info_score": 0.4266690812423827, "adjusted_rand_score": 0.10252056609532327, "completeness_score": 0.3020657300997828, "fowlkes_mallows_score": 0.2545006355630078, "homogeneity_score": 0.8370780201765629, "v_measure_score": 0.4439344608681292}, "classification": {"f1_score": 0.0008883315917798676, "hamming_loss": 0.994, "jaccard_score": 0.00044802109046419917, "accuracy_score": 0.006, "recall_score": 0.000477809552143353, "precision_score": 0.006673761021587108}, "found_clusters": 50, "expected_clusters": 4, "time": 1.8826}, "agglomerative": {"clustering": {"adjusted_mutual_info_score": 0.5494644939014102, "adjusted_rand_score": 0.5532660258486436, "completeness_score": 0.5582947326184263, "fowlkes_mallows_score": 0.6685025359600005, "homogeneity_score": 0.5438021107609745, "v_measure_score": 0.5509531323829735}, "classification": {"f1_score": 0.794024063537764, "hamming_loss": 0.2, "jaccard_score": 0.6615260531300928, "accuracy_score": 0.8, "recall_score": 0.798957680730398, "precision_score": 0.8223394356000846}, "found_clusters": 4, "expected_clusters": 4, "time": 0.06}, "birch": {"clustering": {"adjusted_mutual_info_score": 0.3614670806687749, "adjusted_rand_score": 0.2896305835879326, "completeness_score": 0.4263508883819402, "fowlkes_mallows_score": 0.5153375430534091, "homogeneity_score": 0.3161314565966445, "v_measure_score": 0.3630602889805916}, "classification": {"f1_score": 0.4760616929527829, "hamming_loss": 0.47, "jaccard_score": 0.35814605811578515, "accuracy_score": 0.53, "recall_score": 0.5321919874127006, "precision_score": 0.45573390998405905}, "found_clusters": 3, "expected_clusters": 4, "time": 0.127}, "dbscan": {"clustering": {"adjusted_mutual_info_score": -6.368650782872319e-16, "adjusted_rand_score": 0.0, "completeness_score": 1.0, "fowlkes_mallows_score": 0.4992747492866781, "homogeneity_score": 1.6017733357346625e-16, "v_measure_score": 3.2035466714693245e-16}, "classification": {"f1_score": 0.0, "hamming_loss": 1.0, "jaccard_score": 0.0, "accuracy_score": 0.0, "recall_score": 0.0, "precision_score": 0.0}, "found_clusters": 1, "expected_clusters": 4, "time": 0.014}, "k_means": {"clustering": {"adjusted_mutual_info_score": 0.5344663284315146, "adjusted_rand_score": 0.45758093996295995, "completeness_score": 0.5432089790538313, "fowlkes_mallows_score": 0.5978078002713653, "homogeneity_score": 0.5289888313959722, "v_measure_score": 0.5360046070471586}, "classification": {"f1_score": 0.7440895026474769, "hamming_loss": 0.26, "jaccard_score": 0.5951452773235474, "accuracy_score": 0.74, "recall_score": 0.7395228130976821, "precision_score": 0.7774829684071602}, "found_clusters": 4, "expected_clusters": 4, "time": 0.109}, "mini_batch_k_means": {"clustering": {"adjusted_mutual_info_score": 0.5102348266153026, "adjusted_rand_score": 0.4381397805082324, "completeness_score": 0.5138505424625649, "fowlkes_mallows_score": 0.5797384178982603, "homogeneity_score": 0.5098407735814242, "v_measure_score": 0.5118378049484028}, "classification": {"f1_score": 0.7223563514526221, "hamming_loss": 0.281, "jaccard_score": 0.5693235459418293, "accuracy_score": 0.719, "recall_score": 0.7192161951402928, "precision_score": 0.7333041593047709}, "found_clusters": 4, "expected_clusters": 4, "time": 0.042}, "mean_shift": {"clustering": {"adjusted_mutual_info_score": -6.368650782872319e-16, "adjusted_rand_score": 0.0, "completeness_score": 1.0, "fowlkes_mallows_score": 0.4992747492866781, "homogeneity_score": 1.6017733357346625e-16, "v_measure_score": 3.2035466714693245e-16}, "classification": {"f1_score": 0.09903769045709704, "hamming_loss": 0.753, "jaccard_score": 0.06175, "accuracy_score": 0.247, "recall_score": 0.25, "precision_score": 0.06175}, "found_clusters": 1, "expected_clusters": 4, "time": 10.4283}, "optics": {"clustering": {"adjusted_mutual_info_score": 0.13202130134534634, "adjusted_rand_score": 0.004792381666266455, "completeness_score": 0.24157530191041826, "fowlkes_mallows_score": 0.4460413942087418, "homogeneity_score": 0.11566656235764729, "v_measure_score": 0.1564328681339639}, "classification": {"f1_score": 0.0, "hamming_loss": 1.0, "jaccard_score": 0.0, "accuracy_score": 0.0, "recall_score": 0.0, "precision_score": 0.0}, "found_clusters": 17, "expected_clusters": 4, "time": 0.9081}, "spectral_clustering": {"clustering": {"adjusted_mutual_info_score": 0.7113898905493976, "adjusted_rand_score": 0.694230164170022, "completeness_score": 0.7184499070532965, "fowlkes_mallows_score": 0.772362579835703, "homogeneity_score": 0.7063310589130763, "v_measure_score": 0.7123389429627363}, "classification": {"f1_score": 0.8689120074706744, "hamming_loss": 0.131, "jaccard_score": 0.7726641936962677, "accuracy_score": 0.869, "recall_score": 0.868363447050149, "precision_score": 0.8898789459701871}, "found_clusters": 4, "expected_clusters": 4, "time": 3.0526}, "gaussian_mixture_model": {"clustering": {"adjusted_mutual_info_score": 0.9092416311783831, "adjusted_rand_score": 0.9395281425046548, "completeness_score": 0.9095283226856619, "fowlkes_mallows_score": 0.954601858066732, "homogeneity_score": 0.9095466521746292, "v_measure_score": 0.9095374873377992}, "classification": {"f1_score": 0.9770174552585761, "hamming_loss": 0.023, "jaccard_score": 0.9551583521198994, "accuracy_score": 0.977, "recall_score": 0.9771298229259402, "precision_score": 0.9770109844024711}, "found_clusters": 4, "expected_clusters": 4, "time": 0.026}}, "classification_alg": {"KNeighborsClassifier": {"clustering": {"adjusted_mutual_info_score": 0.7634736142987893, "adjusted_rand_score": 0.8100474993153435, "completeness_score": 0.7672236013531165, "fowlkes_mallows_score": 0.8574595089692711, "homogeneity_score": 0.7676130554665614, "v_measure_score": 0.7674182789992043}, "classification": {"f1_score": 0.9241610478183369, "hamming_loss": 0.075, "jaccard_score": 0.8593055555555555, "accuracy_score": 0.925, "recall_score": 0.9245193729665779, "precision_score": 0.924328754548733}, "time": 0.01}, "DecisionTreeClassifier": {"clustering": {"adjusted_mutual_info_score": 0.6080608661941488, "adjusted_rand_score": 0.6589903132626524, "completeness_score": 0.6160087221387643, "fowlkes_mallows_score": 0.7447164212953986, "homogeneity_score": 0.6132302985071576, "v_measure_score": 0.6146163703161164}, "classification": {"f1_score": 0.8597918675666989, "hamming_loss": 0.14, "jaccard_score": 0.7555417904866865, "accuracy_score": 0.86, "recall_score": 0.8572513063196294, "precision_score": 0.864211251599962}, "time": 0.004}, "RandomForestClassifier": {"clustering": {"adjusted_mutual_info_score": 0.7177856222175258, "adjusted_rand_score": 0.7588032512492849, "completeness_score": 0.7223089667441371, "fowlkes_mallows_score": 0.8190057014526873, "homogeneity_score": 0.722675621520894, "v_measure_score": 0.7224922476144674}, "classification": {"f1_score": 0.8976992490627014, "hamming_loss": 0.1, "jaccard_score": 0.8164327485380117, "accuracy_score": 0.9, "recall_score": 0.8979813664596273, "precision_score": 0.8976024489394485}, "time": 0.275}, "LinearSVC": {"clustering": {"adjusted_mutual_info_score": 0.6799462733974208, "adjusted_rand_score": 0.7049724646820691, "completeness_score": 0.6843978710517079, "fowlkes_mallows_score": 0.7784001809903076, "homogeneity_score": 0.6861596646717925, "v_measure_score": 0.6852776355062382}, "classification": {"f1_score": 0.880475790488814, "hamming_loss": 0.12, "jaccard_score": 0.787598627787307, "accuracy_score": 0.88, "recall_score": 0.8822500739426206, "precision_score": 0.879242178394314}, "time": 0.048}, "LogisticRegression": {"clustering": {"adjusted_mutual_info_score": 0.6930086263424314, "adjusted_rand_score": 0.7412000503867134, "completeness_score": 0.6980761749449962, "fowlkes_mallows_score": 0.8058350263722179, "homogeneity_score": 0.6981827337427949, "v_measure_score": 0.6981294502777523}, "classification": {"f1_score": 0.8937396608767576, "hamming_loss": 0.105,