{"clustering_alg": {"affinity_propagation": {"clustering": {"adjusted_mutual_info_score": 0.35978961690625866, "adjusted_rand_score": 0.07672370448879581, "completeness_score": 0.25719006289520874, "fowlkes_mallows_score": 0.21269619313753807, "homogeneity_score": 0.7326258241176543, "v_measure_score": 0.3807255152311472}, "classification": {"f1_score": 0.0006902450067917693, "hamming_loss": 0.995, "jaccard_score": 0.0003497292418772563, "accuracy_score": 0.005, "recall_score": 0.00036334661354581676, "precision_score": 0.007946127946127946}, "found_clusters": 55, "expected_clusters": 4, "time": 2.2194}, "agglomerative": {"clustering": {"adjusted_mutual_info_score": 0.45494971995998335, "adjusted_rand_score": 0.31048819288926566, "completeness_score": 0.485873681143108, "fowlkes_mallows_score": 0.5149364274210894, "homogeneity_score": 0.4310717142113965, "v_measure_score": 0.45683505622400994}, "classification": {"f1_score": 0.7014969716031576, "hamming_loss": 0.312, "jaccard_score": 0.5433247821683981, "accuracy_score": 0.688, "recall_score": 0.6878711486551705, "precision_score": 0.8080087001688093}, "found_clusters": 4, "expected_clusters": 4, "time": 0.08}, "birch": {"clustering": {"adjusted_mutual_info_score": 0.29706030430775615, "adjusted_rand_score": 0.24059337939985315, "completeness_score": 0.35245556110412213, "fowlkes_mallows_score": 0.48287125596852093, "homogeneity_score": 0.2593524350358231, "v_measure_score": 0.29881991929167995}, "classification": {"f1_score": 0.24291479389724635, "hamming_loss": 0.748, "jaccard_score": 0.16654832138668726, "accuracy_score": 0.252, "recall_score": 0.2511155774050511, "precision_score": 0.2417708868793337}, "found_clusters": 3, "expected_clusters": 4, "time": 0.1593}, "dbscan": {"clustering": {"adjusted_mutual_info_score": -6.3941686731241905e-16, "adjusted_rand_score": 0.0, "completeness_score": 1.0, "fowlkes_mallows_score": 0.49926271968099445, "homogeneity_score": 0.0, "v_measure_score": 0.0}, "classification": {"f1_score": 0.0, "hamming_loss": 1.0, "jaccard_score": 0.0, "accuracy_score": 0.0, "recall_score": 0.0, "precision_score": 0.0}, "found_clusters": 1, "expected_clusters": 4, "time": 0.016}, "k_means": {"clustering": {"adjusted_mutual_info_score": 0.360956639074422, "adjusted_rand_score": 0.3606122597828052, "completeness_score": 0.36377220045995984, "fowlkes_mallows_score": 0.5208821487179685, "homogeneity_score": 0.362318842700922, "v_measure_score": 0.3630440670460574}, "classification": {"f1_score": 0.6856657419803047, "hamming_loss": 0.313, "jaccard_score": 0.5238421890886661, "accuracy_score": 0.687, "recall_score": 0.6870295023235892, "precision_score": 0.6879620974963467}, "found_clusters": 4, "expected_clusters": 4, "time": 0.1055}, "mini_batch_k_means": {"clustering": {"adjusted_mutual_info_score": 0.4015302857891047, "adjusted_rand_score": 0.3976487711562199, "completeness_score": 0.40488703870390197, "fowlkes_mallows_score": 0.5492290702158588, "homogeneity_score": 0.4020987835889836, "v_measure_score": 0.4034880942299796}, "classification": {"f1_score": 0.7187800598891365, "hamming_loss": 0.284, "jaccard_score": 0.5637253549672625, "accuracy_score": 0.716, "recall_score": 0.7158599497005872, "precision_score": 0.7286398165812183}, "found_clusters": 4, "expected_clusters": 4, "time": 0.06}, "mean_shift": {"clustering": {"adjusted_mutual_info_score": -6.3941686731241905e-16, "adjusted_rand_score": 0.0, "completeness_score": 1.0, "fowlkes_mallows_score": 0.49926271968099445, "homogeneity_score": 0.0, "v_measure_score": 0.0}, "classification": {"f1_score": 0.09903769045709704, "hamming_loss": 0.753, "jaccard_score": 0.06175, "accuracy_score": 0.247, "recall_score": 0.25, "precision_score": 0.06175}, "found_clusters": 1, "expected_clusters": 4, "time": 11.6726}, "optics": {"clustering": {"adjusted_mutual_info_score": 0.14240719411194455, "adjusted_rand_score": 0.0038375722177593267, "completeness_score": 0.21841228070396385, "fowlkes_mallows_score": 0.42444944186663364, "homogeneity_score": 0.14211953837804409, "v_measure_score": 0.17219369202296403}, "classification": {"f1_score": 0.0020222446916076846, "hamming_loss": 0.994, "jaccard_score": 0.0010351966873706003, "accuracy_score": 0.006, "recall_score": 0.0010351966873706003, "precision_score": 0.043478260869565216}, "found_clusters": 23, "expected_clusters": 4, "time": 1.4792}, "spectral_clustering": {"clustering": {"adjusted_mutual_info_score": 0.5030887250854835, "adjusted_rand_score": 0.5012308589469211, "completeness_score": 0.5116752158719429, "fowlkes_mallows_score": 0.6304931637522491, "homogeneity_score": 0.4979729717121698, "v_measure_score": 0.5047311151202166}, "classification": {"f1_score": 0.768259649067639, "hamming_loss": 0.228, "jaccard_score": 0.6282079648121474, "accuracy_score": 0.772, "recall_score": 0.7717584068968006, "precision_score": 0.7918521444076613}, "found_clusters": 4, "expected_clusters": 4, "time": 0.5155}, "gaussian_mixture_model": {"clustering": {"adjusted_mutual_info_score": 0.8417702955729377, "adjusted_rand_score": 0.8837260242196129, "completeness_score": 0.842312832407407, "fowlkes_mallows_score": 0.9127114187785085, "homogeneity_score": 0.8422593878310635, "v_measure_score": 0.8422861092714465}, "classification": {"f1_score": 0.9550005483405403, "hamming_loss": 0.045, "jaccard_score": 0.9139806967615387, "accuracy_score": 0.955, "recall_score": 0.9550335415615349, "precision_score": 0.955175134569957}, "found_clusters": 4, "expected_clusters": 4, "time": 0.036}}, "classification_alg": {"KNeighborsClassifier": {"clustering": {"adjusted_mutual_info_score": 0.7545940810134223, "adjusted_rand_score": 0.7864163318490248, "completeness_score": 0.7592080343073382, "fowlkes_mallows_score": 0.8393200474963413, "homogeneity_score": 0.7581418116279954, "v_measure_score": 0.7586745483570242}, "classification": {"f1_score": 0.9147180808715354, "hamming_loss": 0.085, "jaccard_score": 0.8444344160500953, "accuracy_score": 0.915, "recall_score": 0.9157801418439717, "precision_score": 0.9155701754385965}, "time": 0.014}, "DecisionTreeClassifier": {"clustering": {"adjusted_mutual_info_score": 0.6312306480499158, "adjusted_rand_score": 0.6696446754599035, "completeness_score": 0.6369860767015276, "fowlkes_mallows_score": 0.751171837635373, "homogeneity_score": 0.6377210535315379, "v_measure_score": 0.637353353228277}, "classification": {"f1_score": 0.8658254046558502, "hamming_loss": 0.135, "jaccard_score": 0.7650421702460656, "accuracy_score": 0.865, "recall_score": 0.8682374068012365, "precision_score": 0.8657103610675039}, "time": 0.004}, "RandomForestClassifier": {"clustering": {"adjusted_mutual_info_score": 0.7038279582304652, "adjusted_rand_score": 0.73810855497913, "completeness_score": 0.7091952599127564, "fowlkes_mallows_score": 0.8029640014285737, "homogeneity_score": 0.7083094628368456, "v_measure_score": 0.7087520846080124}, "classification": {"f1_score": 0.8947306869565391, "hamming_loss": 0.105, "jaccard_score": 0.8103192858072955, "accuracy_score": 0.895, "recall_score": 0.8969054979693277, "precision_score": 0.8967173020432673}, "time": 0.3845}, "LinearSVC": {"clustering": {"adjusted_mutual_info_score": 0.6263951396664679, "adjusted_rand_score": 0.6575186070094751, "completeness_score": 0.6326676565497549, "fowlkes_mallows_score": 0.7422010303207723, "homogeneity_score": 0.6325382790767757, "v_measure_score": 0.6326029611983223}, "classification": {"f1_score": 0.8547807441028737, "hamming_loss": 0.145, "jaccard_score": 0.7514236242684518, "accuracy_score": 0.855, "recall_score": 0.8583113596411469, "precision_score": 0.854141540562066}, "time": 0.06}, "LogisticRegression": {"clustering": {"adjusted_mutual_info_score": 0.6276618390609677, "adjusted_rand_score": 0.6511500476088709, "completeness_score": 0.6339006198337814, "fowlkes_mallows_score": 0.7373983892152157, "homogeneity_score": 0.633796400582533, "v_measure_score": 0.6338485059241475},