{"clustering_alg": {"affinity_propagation": {"clustering": {"adjusted_mutual_info_score": -6.880776369446091e-16, "adjusted_rand_score": 0.0, "completeness_score": 1.0, "fowlkes_mallows_score": 0.5054607186593449, "homogeneity_score": 4.0372561311528573e-16, "v_measure_score": 8.074512262305711e-16}, "classification": {"f1_score": 0.0, "hamming_loss": 1.0, "jaccard_score": 0.0, "accuracy_score": 0.0, "recall_score": 0.0, "precision_score": 0.0}, "found_clusters": 1, "expected_clusters": 4, "time": 150.0641}, "agglomerative": {"clustering": {"adjusted_mutual_info_score": 0.13491365394185126, "adjusted_rand_score": 0.10455136222337459, "completeness_score": 0.1358242442982526, "fowlkes_mallows_score": 0.33480992575042473, "homogeneity_score": 0.1351411525821828, "v_measure_score": 0.13548183741829764}, "classification": {"f1_score": 0.37391140131080103, "hamming_loss": 0.6118, "jaccard_score": 0.23882497872246228, "accuracy_score": 0.3882, "recall_score": 0.38151466203143336, "precision_score": 0.368501806492774}, "found_clusters": 4, "expected_clusters": 4, "time": 0.747}, "birch": {"clustering": {"adjusted_mutual_info_score": -6.880776369446091e-16, "adjusted_rand_score": 0.0, "completeness_score": 1.0, "fowlkes_mallows_score": 0.5054607186593449, "homogeneity_score": 4.0372561311528573e-16, "v_measure_score": 8.074512262305711e-16}, "classification": {"f1_score": 0.11222273925856986, "hamming_loss": 0.7106, "jaccard_score": 0.07235, "accuracy_score": 0.2894, "recall_score": 0.25, "precision_score": 0.07235}, "found_clusters": 1, "expected_clusters": 4, "time": 0.086}, "dbscan": {"clustering": {"adjusted_mutual_info_score": -6.880776369446091e-16, "adjusted_rand_score": 0.0, "completeness_score": 1.0, "fowlkes_mallows_score": 0.5054607186593449, "homogeneity_score": 4.0372561311528573e-16, "v_measure_score": 8.074512262305711e-16}, "classification": {"f1_score": 0.11222273925856986, "hamming_loss": 0.7106, "jaccard_score": 0.07235, "accuracy_score": 0.2894, "recall_score": 0.25, "precision_score": 0.07235}, "found_clusters": 1, "expected_clusters": 4, "time": 0.303}, "k_means": {"clustering": {"adjusted_mutual_info_score": 0.13672729905745387, "adjusted_rand_score": 0.08893736390914736, "completeness_score": 0.1370501803121386, "fowlkes_mallows_score": 0.3205692184281127, "homogeneity_score": 0.13753438367092746, "v_measure_score": 0.13729185506860395}, "classification": {"f1_score": 0.392344638343591, "hamming_loss": 0.6114, "jaccard_score": 0.2501111276110892, "accuracy_score": 0.3886, "recall_score": 0.39544790706764904, "precision_score": 0.40067631930184594}, "found_clusters": 4, "expected_clusters": 4, "time": 0.12}, "mini_batch_k_means": {"clustering": {"adjusted_mutual_info_score": 0.14180455169373954, "adjusted_rand_score": 0.09438587580106127, "completeness_score": 0.14234720606635548, "fowlkes_mallows_score": 0.32565532463216423, "homogeneity_score": 0.14238621220877068, "v_measure_score": 0.14236670646580232}, "classification": {"f1_score": 0.3806739063879782, "hamming_loss": 0.6234, "jaccard_score": 0.2394739250319995, "accuracy_score": 0.3766, "recall_score": 0.37566667316576946, "precision_score": 0.391311548083435}, "found_clusters": 4, "expected_clusters": 4, "time": 0.027}, "mean_shift": {"clustering": {"adjusted_mutual_info_score": -6.880776369446091e-16, "adjusted_rand_score": 0.0, "completeness_score": 1.0, "fowlkes_mallows_score": 0.5054607186593449, "homogeneity_score": 4.0372561311528573e-16, "v_measure_score": 8.074512262305711e-16}, "classification": {"f1_score": 0.11222273925856986, "hamming_loss": 0.7106, "jaccard_score": 0.07235, "accuracy_score": 0.2894, "recall_score": 0.25, "precision_score": 0.07235}, "found_clusters": 1, "expected_clusters": 4, "time": 38.2889}, "optics": {"clustering": {"adjusted_mutual_info_score": 0.062293088291483306, "adjusted_rand_score": 0.004651085295025666, "completeness_score": 0.07316169147548704, "fowlkes_mallows_score": 0.2608905359610311, "homogeneity_score": 0.18550198159616882, "v_measure_score": 0.10493656557541205}, "classification": {"f1_score": 4.4470354301441795e-05, "hamming_loss": 0.998, "jaccard_score": 2.2325314967455438e-05, "accuracy_score": 0.002, "recall_score": 2.2356460880384618e-05, "precision_score": 0.004415954415954416}, "found_clusters": 312, "expected_clusters": 4, "time": 4.059}, "spectral_clustering": {"clustering": {"adjusted_mutual_info_score": 0.12314278399649742, "adjusted_rand_score": 0.06571452772884437, "completeness_score": 0.12832712054151685, "fowlkes_mallows_score": 0.3250457265904236, "homogeneity_score": 0.11946562104315911, "v_measure_score": 0.1237379194735923}, "classification": {"f1_score": 0.3842169057320041, "hamming_loss": 0.6276, "jaccard_score": 0.24147837789565918, "accuracy_score": 0.3724, "recall_score": 0.3813822777324143, "precision_score": 0.44420033454779845}, "found_clusters": 4, "expected_clusters": 4, "time": 2.8043}, "gaussian_mixture_model": {"clustering": {"adjusted_mutual_info_score": 0.13390719024704256, "adjusted_rand_score": 0.08260219349250152, "completeness_score": 0.13466364224532312, "fowlkes_mallows_score": 0.3178790786706632, "homogeneity_score": 0.1342876700672097, "v_measure_score": 0.13447539336692083}, "classification": {"f1_score": 0.39836073009705597, "hamming_loss": 0.6074, "jaccard_score": 0.25364007755688517, "accuracy_score": 0.3926, "recall_score": 0.40226634332247574, "precision_score": 0.41212930933181025}, "found_clusters": 4, "expected_clusters": 4, "time": 0.023}}, "classification_alg": {"KNeighborsClassifier": {"clustering": {"adjusted_mutual_info_score": 0.09189646346309144, "adjusted_rand_score": 0.09032408321414968, "completeness_score": 0.09591145964760278, "fowlkes_mallows_score": 0.32837801074508666, "homogeneity_score": 0.09393002276865937, "v_measure_score": 0.09491040075973366}, "classification": {"f1_score": 0.43982707002964294, "hamming_loss": 0.558, "jaccard_score": 0.2875226897682116, "accuracy_score": 0.442, "recall_score": 0.45008030758919915, "precision_score": 0.44563293869252685}, "time": 0.028}, "DecisionTreeClassifier": {"clustering": {"adjusted_mutual_info_score": 0.06692865616713108, "adjusted_rand_score": 0.06103698315113679, "completeness_score": 0.06989724560653629, "fowlkes_mallows_score": 0.298873611611434, "homogeneity_score": 0.07008013950504582, "v_measure_score": 0.06998857307156835}, "classification": {"f1_score": 0.4117954944469698, "hamming_loss": 0.591, "jaccard_score": 0.263062784552473, "accuracy_score": 0.409, "recall_score": 0.41199836671957873, "precision_score": 0.4118411174151605}, "time": 0.012}, "RandomForestClassifier": {"clustering": {"adjusted_mutual_info_score": 0.09271283741747374, "adjusted_rand_score": 0.08684488301487882, "completeness_score": 0.09539215522914206, "fowlkes_mallows_score": 0.3170418394322935, "homogeneity_score": 0.09597537171603562, "v_measure_score": 0.09568287475997388}, "classification": {"f1_score": 0.44678602923058386, "hamming_loss": 0.558, "jaccard_score": 0.2923921164336255, "accuracy_score": 0.442, "recall_score": 0.45152670015525354, "precision_score": 0.4437561029225633}, "time": 0.474}, "LinearSVC": {"clustering": {"adjusted_mutual_info_score": 0.14857883271097913, "adjusted_rand_score": 0.14201004345772195, "completeness_score": 0.1706141746976059, "fowlkes_mallows_score": 0.3956193992489065, "homogeneity_score": 0.1348828874161007, "v_measure_score": 0.15065894485599116}, "classification": {"f1_score": 0.38835121633916436, "hamming_loss": 0.539, "jaccard_score": 0.26970606856780277, "accuracy_score": 0.461, "recall_score": 0.4559108111158595, "precision_score": 0.3430611578427625}, "time": 0.017}, "LogisticRegression": {"clustering": {"adjusted_mutual_info_score": 0.14730041636525154, "adjusted_rand_score": 0.13533056851103942, "completeness_score": 0.1688310275892479, "fowlkes_mallows_score": 0.3897298648959942, "homogeneity_score": 0.1339483851960099, "v_measure_score": 0.14938032482810767},