{"clustering_alg": {"affinity_propagation": {"clustering": {"adjusted_mutual_info_score": 0.3505763731057927, "adjusted_rand_score": 0.03453705336652506, "completeness_score": 0.23078025077279724, "fowlkes_mallows_score": 0.14455120523927845, "homogeneity_score": 0.8236338446822121, "v_measure_score": 0.360538475424496}, "classification": {"f1_score": 9.063991781980785e-05, "hamming_loss": 0.9982, "jaccard_score": 4.5642648490749755e-05, "accuracy_score": 0.0018, "recall_score": 4.6006624953993374e-05, "precision_score": 0.003036437246963563}, "found_clusters": 156, "expected_clusters": 4, "time": 65.7166}, "agglomerative": {"clustering": {"adjusted_mutual_info_score": 0.39051815632501147, "adjusted_rand_score": 0.2934607673060971, "completeness_score": 0.4022767458667319, "fowlkes_mallows_score": 0.4839456439967958, "homogeneity_score": 0.3801971082811667, "v_measure_score": 0.39092540842490714}, "classification": {"f1_score": 0.6318969068061243, "hamming_loss": 0.3834, "jaccard_score": 0.4766476009496277, "accuracy_score": 0.6166, "recall_score": 0.6165517689278253, "precision_score": 0.6981567809948942}, "found_clusters": 4, "expected_clusters": 4, "time": 2.2477}, "birch": {"clustering": {"adjusted_mutual_info_score": 0.3478310975193975, "adjusted_rand_score": 0.3088658344252274, "completeness_score": 0.40544582792111644, "fowlkes_mallows_score": 0.5237498028244316, "homogeneity_score": 0.3050480754161127, "v_measure_score": 0.34815349973277737}, "classification": {"f1_score": 0.20955651696103295, "hamming_loss": 0.73, "jaccard_score": 0.1523519190905183, "accuracy_score": 0.27, "recall_score": 0.27028368438107303, "precision_score": 0.1736466325660699}, "found_clusters": 3, "expected_clusters": 4, "time": 1.5057}, "dbscan": {"clustering": {"adjusted_mutual_info_score": 0.17815884255717096, "adjusted_rand_score": 0.017688075095645375, "completeness_score": 0.20761722214837325, "fowlkes_mallows_score": 0.40558013694010403, "homogeneity_score": 0.18491045067851183, "v_measure_score": 0.19560707065362834}, "classification": {"f1_score": 0.0032131221251848535, "hamming_loss": 0.9644, "jaccard_score": 0.0018021117234974663, "accuracy_score": 0.0356, "recall_score": 0.001803530127825747, "precision_score": 0.034281792631647746}, "found_clusters": 79, "expected_clusters": 4, "time": 0.114}, "k_means": {"clustering": {"adjusted_mutual_info_score": 0.358688568527254, "adjusted_rand_score": 0.32555708746857065, "completeness_score": 0.36399886799600795, "fowlkes_mallows_score": 0.4998829672766937, "homogeneity_score": 0.354352460051773, "v_measure_score": 0.3591108954471555}, "classification": {"f1_score": 0.6398075244596663, "hamming_loss": 0.3614, "jaccard_score": 0.4775052677159499, "accuracy_score": 0.6386, "recall_score": 0.6386320430087051, "precision_score": 0.6717060042970463}, "found_clusters": 4, "expected_clusters": 4, "time": 0.219}, "mini_batch_k_means": {"clustering": {"adjusted_mutual_info_score": 0.26162186131034487, "adjusted_rand_score": 0.23610704623813017, "completeness_score": 0.26762295423554133, "fowlkes_mallows_score": 0.4377813238088806, "homogeneity_score": 0.25682258863734897, "v_measure_score": 0.26211156075056957}, "classification": {"f1_score": 0.5613042135962408, "hamming_loss": 0.427, "jaccard_score": 0.3987771159811023, "accuracy_score": 0.573, "recall_score": 0.5731875085547029, "precision_score": 0.5780442734222897}, "found_clusters": 4, "expected_clusters": 4, "time": 0.044}, "mean_shift": {"clustering": {"adjusted_mutual_info_score": 3.2188114982500877e-16, "adjusted_rand_score": 0.0, "completeness_score": 1.0, "fowlkes_mallows_score": 0.4998517883953927, "homogeneity_score": 4.805152515302266e-16, "v_measure_score": 9.610305030604528e-16}, "classification": {"f1_score": 0.09993598975836133, "hamming_loss": 0.7502, "jaccard_score": 0.06245, "accuracy_score": 0.2498, "recall_score": 0.25, "precision_score": 0.06245}, "found_clusters": 1, "expected_clusters": 4, "time": 71.9709}, "optics": {"clustering": {"adjusted_mutual_info_score": 0.1139878834490331, "adjusted_rand_score": 0.002169104944732681, "completeness_score": 0.1770598327602158, "fowlkes_mallows_score": 0.44238286353779316, "homogeneity_score": 0.11223031110399906, "v_measure_score": 0.137380968803612}, "classification": {"f1_score": 0.00013312034078807243, "hamming_loss": 0.9986, "jaccard_score": 6.693440428380188e-05, "accuracy_score": 0.0014, "recall_score": 6.693440428380188e-05, "precision_score": 0.011904761904761904}, "found_clusters": 84, "expected_clusters": 4, "time": 8.7487}, "spectral_clustering": {"clustering": {"adjusted_mutual_info_score": 0.35972472767574076, "adjusted_rand_score": 0.19059208620520604, "completeness_score": 0.671225414957688, "fowlkes_mallows_score": 0.5483567829505634, "homogeneity_score": 0.2463452885088152, "v_measure_score": 0.3604152091550234}, "classification": {"f1_score": 0.3354974878300835, "hamming_loss": 0.556, "jaccard_score": 0.269011332052142, "accuracy_score": 0.444, "recall_score": 0.44398166829999425, "precision_score": 0.3218631290988576}, "found_clusters": 4, "expected_clusters": 4, "time": 8.7719}, "gaussian_mixture_model": {"clustering": {"adjusted_mutual_info_score": 0.8451333073791791, "adjusted_rand_score": 0.8888144876508329, "completeness_score": 0.8452428102460269, "fowlkes_mallows_score": 0.9165951991553807, "homogeneity_score": 0.8452250581418816, "v_measure_score": 0.8452339341007442}, "classification": {"f1_score": 0.9567778865726405, "hamming_loss": 0.0432, "jaccard_score": 0.9176087278884001, "accuracy_score": 0.9568, "recall_score": 0.9568424895697516, "precision_score": 0.9567545646077493}, "found_clusters": 4, "expected_clusters": 4, "time": 0.095}}, "classification_alg": {"KNeighborsClassifier": {"clustering": {"adjusted_mutual_info_score": 0.7784321875693516, "adjusted_rand_score": 0.8260429575669191, "completeness_score": 0.778731641655121, "fowlkes_mallows_score": 0.8695805241034001, "homogeneity_score": 0.7795798773260356, "v_measure_score": 0.7791555286305274}, "classification": {"f1_score": 0.9306132395109867, "hamming_loss": 0.069, "jaccard_score": 0.8710518345916962, "accuracy_score": 0.931, "recall_score": 0.9316823225801978, "precision_score": 0.9301441387814403}, "time": 0.067}, "DecisionTreeClassifier": {"clustering": {"adjusted_mutual_info_score": 0.6411061969714761, "adjusted_rand_score": 0.6965518332044127, "completeness_score": 0.6420170281542252, "fowlkes_mallows_score": 0.7725251760039638, "homogeneity_score": 0.6425392342606328, "v_measure_score": 0.6422780250621297}, "classification": {"f1_score": 0.8730848259974473, "hamming_loss": 0.126, "jaccard_score": 0.7765829120966699, "accuracy_score": 0.874, "recall_score": 0.8740659022181788, "precision_score": 0.8729142435149967}, "time": 0.03}, "RandomForestClassifier": {"clustering": {"adjusted_mutual_info_score": 0.7706742260348095, "adjusted_rand_score": 0.816395669177554, "completeness_score": 0.7713150502515473, "fowlkes_mallows_score": 0.8623962683292292, "homogeneity_score": 0.7715313905808043, "v_measure_score": 0.7714232052483869}, "classification": {"f1_score": 0.9266509272734974, "hamming_loss": 0.073, "jaccard_score": 0.8642187071698741, "accuracy_score": 0.927, "recall_score": 0.9273784978888573, "precision_score": 0.9267917287340152}, "time": 0.9455}, "LinearSVC": {"clustering": {"adjusted_mutual_info_score": 0.5558394058061288, "adjusted_rand_score": 0.5964595412757024, "completeness_score": 0.5575793761175918, "fowlkes_mallows_score": 0.6977539355391447, "homogeneity_score": 0.5570029482531483, "v_measure_score": 0.5572910131299457}, "classification": {"f1_score": 0.807689432459259, "hamming_loss": 0.186, "jaccard_score": 0.6865131831863759, "accuracy_score": 0.814, "recall_score": 0.8096469884052925, "precision_score": 0.80754939439841}, "time": 0.343}, "LogisticRegression": {"clustering": {"adjusted_mutual_info_score": 0.5794782717382287, "adjusted_rand_score": 0.620491306790285,