{"clustering_alg": {"affinity_propagation": {"clustering": {"adjusted_mutual_info_score": 0.0, "adjusted_rand_score": 0.0, "completeness_score": 1.0, "fowlkes_mallows_score": 0.49924868477468143, "homogeneity_score": 0.0, "v_measure_score": 0.0}, "classification": {"f1_score": 0.0, "hamming_loss": 1.0, "jaccard_score": 0.0, "accuracy_score": 0.0, "recall_score": 0.0, "precision_score": 0.0}, "found_clusters": 1, "expected_clusters": 4, "time": 8.2309}, "agglomerative": {"clustering": {"adjusted_mutual_info_score": 0.7314362707016594, "adjusted_rand_score": 0.645081628937418, "completeness_score": 0.7525836605150827, "fowlkes_mallows_score": 0.7413717370231095, "homogeneity_score": 0.713149200045016, "v_measure_score": 0.7323359527577091}, "classification": {"f1_score": 0.827813379734493, "hamming_loss": 0.17, "jaccard_score": 0.7302817754960522, "accuracy_score": 0.83, "recall_score": 0.83, "precision_score": 0.8823225978376733}, "found_clusters": 4, "expected_clusters": 4, "time": 0.046}, "birch": {"clustering": {"adjusted_mutual_info_score": 0.691655083581111, "adjusted_rand_score": 0.6037027055747874, "completeness_score": 0.7954706442608427, "fowlkes_mallows_score": 0.7305652287767996, "homogeneity_score": 0.6129936279932012, "v_measure_score": 0.6924115091782629}, "classification": {"f1_score": 0.13486370157819227, "hamming_loss": 0.812, "jaccard_score": 0.09233791748526522, "accuracy_score": 0.188, "recall_score": 0.188, "precision_score": 0.10514541387024609}, "found_clusters": 3, "expected_clusters": 4, "time": 0.031}, "dbscan": {"clustering": {"adjusted_mutual_info_score": 0.4951594647245984, "adjusted_rand_score": 0.30377882037371157, "completeness_score": 0.719677217491547, "fowlkes_mallows_score": 0.5932304918667262, "homogeneity_score": 0.3790992166539312, "v_measure_score": 0.4966052436443203}, "classification": {"f1_score": 0.09814432989690722, "hamming_loss": 0.762, "jaccard_score": 0.06502732240437158, "accuracy_score": 0.238, "recall_score": 0.19039999999999999, "precision_score": 0.0661111111111111}, "found_clusters": 3, "expected_clusters": 4, "time": 0.005}, "k_means": {"clustering": {"adjusted_mutual_info_score": 0.7509498310449868, "adjusted_rand_score": 0.7308808767710318, "completeness_score": 0.7537249244504406, "fowlkes_mallows_score": 0.7984536853750938, "homogeneity_score": 0.749812925652126, "v_measure_score": 0.751763835809733}, "classification": {"f1_score": 0.8828703703703704, "hamming_loss": 0.118, "jaccard_score": 0.8004442366144494, "accuracy_score": 0.882, "recall_score": 0.882, "precision_score": 0.8898412807203921}, "found_clusters": 4, "expected_clusters": 4, "time": 0.035}, "mini_batch_k_means": {"clustering": {"adjusted_mutual_info_score": 0.7593744752613901, "adjusted_rand_score": 0.7419918063318055, "completeness_score": 0.7609449536710075, "fowlkes_mallows_score": 0.8064859967277663, "homogeneity_score": 0.7593760257443295, "v_measure_score": 0.7601596801632129}, "classification": {"f1_score": 0.8877816916098245, "hamming_loss": 0.113, "jaccard_score": 0.8078594312615544, "accuracy_score": 0.887, "recall_score": 0.887, "precision_score": 0.8911685005163267}, "found_clusters": 4, "expected_clusters": 4, "time": 0.035}, "mean_shift": {"clustering": {"adjusted_mutual_info_score": 0.5765052673248838, "adjusted_rand_score": 0.33266533066132264, "completeness_score": 0.9999999999999988, "fowlkes_mallows_score": 0.6316949117560324, "homogeneity_score": 0.40563906222956586, "v_measure_score": 0.5771596324111227}, "classification": {"f1_score": 0.125, "hamming_loss": 0.75, "jaccard_score": 0.08333333333333333, "accuracy_score": 0.25, "recall_score": 0.25, "precision_score": 0.08333333333333333}, "found_clusters": 2, "expected_clusters": 4, "time": 1.8513}, "optics": {"clustering": {"adjusted_mutual_info_score": 0.2308216594537578, "adjusted_rand_score": 0.010270897574357302, "completeness_score": 0.21155431356666543, "fowlkes_mallows_score": 0.2835307888858436, "homogeneity_score": 0.3802014816340115, "v_measure_score": 0.2718461369248977}, "classification": {"f1_score": 0.0007944915254237289, "hamming_loss": 0.994, "jaccard_score": 0.00040677966101694915, "accuracy_score": 0.006, "recall_score": 0.00040677966101694915, "precision_score": 0.01694915254237288}, "found_clusters": 59, "expected_clusters": 4, "time": 0.526}, "spectral_clustering": {"clustering": {"adjusted_mutual_info_score": 0.7476655757665999, "adjusted_rand_score": 0.6952275829539565, "completeness_score": 0.75729696779105, "fowlkes_mallows_score": 0.774008364727072, "homogeneity_score": 0.7399009918376951, "v_measure_score": 0.7484979177011686}, "classification": {"f1_score": 0.8690147401619112, "hamming_loss": 0.133, "jaccard_score": 0.780714187673549, "accuracy_score": 0.867, "recall_score": 0.867, "precision_score": 0.8960350421252887}, "found_clusters": 4, "expected_clusters": 4, "time": 0.228}, "gaussian_mixture_model": {"clustering": {"adjusted_mutual_info_score": 0.7504555491911449, "adjusted_rand_score": 0.7293641830648869, "completeness_score": 0.7534045281494521, "fowlkes_mallows_score": 0.7973649906679853, "homogeneity_score": 0.7491502388813062, "v_measure_score": 0.751271360780776}, "classification": {"f1_score": 0.8818848742403144, "hamming_loss": 0.119, "jaccard_score": 0.7992504394645765, "accuracy_score": 0.881, "recall_score": 0.881, "precision_score": 0.8893223313632453}, "found_clusters": 4, "expected_clusters": 4, "time": 0.0096}}, "classification_alg": {"KNeighborsClassifier": {"clustering": {"adjusted_mutual_info_score": 0.7356179767095181, "adjusted_rand_score": 0.7564624141707273, "completeness_score": 0.7395792179515427, "fowlkes_mallows_score": 0.8209518223797249, "homogeneity_score": 0.7407043220841378, "v_measure_score": 0.7401413424445832}, "classification": {"f1_score": 0.8546286718224061, "hamming_loss": 0.13, "jaccard_score": 0.7614670705187947, "accuracy_score": 0.87, "recall_score": 0.8560308972073678, "precision_score": 0.8533660130718954}, "time": 0.007}, "DecisionTreeClassifier": {"clustering": {"adjusted_mutual_info_score": 0.7433018939833614, "adjusted_rand_score": 0.7625718656925079, "completeness_score": 0.7475527091997541, "fowlkes_mallows_score": 0.8255142619661473, "homogeneity_score": 0.7478415966507141, "v_measure_score": 0.7476971250209018}, "classification": {"f1_score": 0.8615617056211116, "hamming_loss": 0.125, "jaccard_score": 0.7714080459770115, "accuracy_score": 0.875, "recall_score": 0.8615864527629233, "precision_score": 0.8616205533596838}, "time": 0.001}, "RandomForestClassifier": {"clustering": {"adjusted_mutual_info_score": 0.7690835691648422, "adjusted_rand_score": 0.7913541435417903, "completeness_score": 0.773345519993838, "fowlkes_mallows_score": 0.8467293348403377, "homogeneity_score": 0.772735790018782, "v_measure_score": 0.7730405347763324}, "classification": {"f1_score": 0.8843176178660049, "hamming_loss": 0.105, "jaccard_score": 0.8032149338864403, "accuracy_score": 0.895, "recall_score": 0.8831550802139038, "precision_score": 0.8861607142857143}, "time": 0.136}, "LinearSVC": {"clustering": {"adjusted_mutual_info_score": 0.7399701857479387, "adjusted_rand_score": 0.7517668649990222, "completeness_score": 0.7543785047133339, "fowlkes_mallows_score": 0.8195796772606834, "homogeneity_score": 0.7348852497790029, "v_measure_score": 0.744504301795954}, "classification": {"f1_score": 0.8091198017668606, "hamming_loss": 0.15, "jaccard_score": 0.7083518189884649, "accuracy_score": 0.85, "recall_score": 0.8332739156268568, "precision_score": 0.8310208283836225}, "time": 0.031}, "LogisticRegression": {"clustering": {"adjusted_mutual_info_score": 0.7805352152064838, "adjusted_rand_score": 0.8133941706429793, "completeness_score": 0.7832786739018899, "fowlkes_mallows_score": 0.862762832914126, "homogeneity_score": 0.785298538677237, "v_measure_score": 0.7842873057945422}, "classification": {"f1_score": 0.8906282153041126, "hamming_loss": 0.095, "jaccard_score": 0.8116931479642503,