{"clustering_alg": {"affinity_propagation": {"clustering": {"adjusted_mutual_info_score": 0.2196161663429142, "adjusted_rand_score": 0.03623376523861211, "completeness_score": 0.16594213753285994, "fowlkes_mallows_score": 0.13827080870818084, "homogeneity_score": 0.48940103988655154, "v_measure_score": 0.24784649468504033}, "classification": {"f1_score": 0.0008809145992714328, "hamming_loss": 0.993, "jaccard_score": 0.000444172296043022, "accuracy_score": 0.007, "recall_score": 0.00048016588978998264, "precision_score": 0.005550580888092942}, "found_clusters": 61, "expected_clusters": 4, "time": 3.1906}, "agglomerative": {"clustering": {"adjusted_mutual_info_score": 0.25678301105196144, "adjusted_rand_score": 0.2311546509965838, "completeness_score": 0.2607321917104568, "fowlkes_mallows_score": 0.4302255510508254, "homogeneity_score": 0.2577687360273035, "v_measure_score": 0.2592419951573348}, "classification": {"f1_score": 0.5808846464398252, "hamming_loss": 0.415, "jaccard_score": 0.4107367173657467, "accuracy_score": 0.585, "recall_score": 0.5907708379140414, "precision_score": 0.5899836757152959}, "found_clusters": 4, "expected_clusters": 4, "time": 0.0481}, "birch": {"clustering": {"adjusted_mutual_info_score": 0.11072464079333934, "adjusted_rand_score": 0.10559690851420724, "completeness_score": 0.16041244064347604, "fowlkes_mallows_score": 0.4271240995493782, "homogeneity_score": 0.08765927739656862, "v_measure_score": 0.11336752728867852}, "classification": {"f1_score": 0.2070270415858651, "hamming_loss": 0.701, "jaccard_score": 0.13165629693198885, "accuracy_score": 0.299, "recall_score": 0.3296046046046046, "precision_score": 0.15412515168274984}, "found_clusters": 3, "expected_clusters": 4, "time": 0.041}, "dbscan": {"clustering": {"adjusted_mutual_info_score": 0.0012438018053229536, "adjusted_rand_score": -0.00021113590076282955, "completeness_score": 0.17882671467362093, "fowlkes_mallows_score": 0.5037274996878238, "homogeneity_score": 0.001877424911237824, "v_measure_score": 0.003715838825766509}, "classification": {"f1_score": 0.06255283178360102, "hamming_loss": 0.815, "jaccard_score": 0.03707414829659318, "accuracy_score": 0.185, "recall_score": 0.2, "precision_score": 0.03707414829659318}, "found_clusters": 2, "expected_clusters": 4, "time": 0.0381}, "k_means": {"clustering": {"adjusted_mutual_info_score": 0.3104018573351358, "adjusted_rand_score": 0.2838111464455567, "completeness_score": 0.31334909372986836, "fowlkes_mallows_score": 0.46761800753916044, "homogeneity_score": 0.31200398797999795, "v_measure_score": 0.31267509422459644}, "classification": {"f1_score": 0.6399677517449927, "hamming_loss": 0.359, "jaccard_score": 0.4711889854268875, "accuracy_score": 0.641, "recall_score": 0.6584987949805309, "precision_score": 0.6575280554980989}, "found_clusters": 4, "expected_clusters": 4, "time": 0.1645}, "mini_batch_k_means": {"clustering": {"adjusted_mutual_info_score": 0.2540498397894121, "adjusted_rand_score": 0.21763578550950582, "completeness_score": 0.2566641094137219, "fowlkes_mallows_score": 0.4174715331086874, "homogeneity_score": 0.25634611307464267, "v_measure_score": 0.2565050126870121}, "classification": {"f1_score": 0.5735306836572169, "hamming_loss": 0.425, "jaccard_score": 0.40236836232757767, "accuracy_score": 0.575, "recall_score": 0.5865275854487103, "precision_score": 0.584200063174114}, "found_clusters": 4, "expected_clusters": 4, "time": 0.056}, "mean_shift": {"clustering": {"adjusted_mutual_info_score": -9.358720068096905e-16, "adjusted_rand_score": 0.0, "completeness_score": 1.0, "fowlkes_mallows_score": 0.5048929757056607, "homogeneity_score": 0.0, "v_measure_score": 0.0}, "classification": {"f1_score": 0.0780590717299578, "hamming_loss": 0.815, "jaccard_score": 0.04625, "accuracy_score": 0.185, "recall_score": 0.25, "precision_score": 0.04625}, "found_clusters": 1, "expected_clusters": 4, "time": 10.9464}, "optics": {"clustering": {"adjusted_mutual_info_score": 0.08496231078534404, "adjusted_rand_score": 0.010838096909645694, "completeness_score": 0.14340898458796383, "fowlkes_mallows_score": 0.42903739757322845, "homogeneity_score": 0.10125240795485448, "v_measure_score": 0.11869878496952241}, "classification": {"f1_score": 0.0043068388537670435, "hamming_loss": 0.989, "jaccard_score": 0.002260287008488447, "accuracy_score": 0.011, "recall_score": 0.0023108610469205265, "precision_score": 0.03257142857142857}, "found_clusters": 25, "expected_clusters": 4, "time": 1.2923}, "spectral_clustering": {"clustering": {"adjusted_mutual_info_score": 0.29853686741095714, "adjusted_rand_score": 0.273502045639902, "completeness_score": 0.30120715129029246, "fowlkes_mallows_score": 0.4594163598130872, "homogeneity_score": 0.30048763782111254, "v_measure_score": 0.30084696435450936}, "classification": {"f1_score": 0.6326348796406941, "hamming_loss": 0.366, "jaccard_score": 0.4632508432707554, "accuracy_score": 0.634, "recall_score": 0.6501143235525813, "precision_score": 0.6443724489031988}, "found_clusters": 4, "expected_clusters": 4, "time": 0.5629}, "gaussian_mixture_model": {"clustering": {"adjusted_mutual_info_score": 0.2823053488826822, "adjusted_rand_score": 0.2520830739953648, "completeness_score": 0.2865209295780784, "fowlkes_mallows_score": 0.4460257193593982, "homogeneity_score": 0.2828657592152296, "v_measure_score": 0.28468161223760957}, "classification": {"f1_score": 0.5978688079299378, "hamming_loss": 0.401, "jaccard_score": 0.42788921160579607, "accuracy_score": 0.599, "recall_score": 0.6063944055579743, "precision_score": 0.607684432992387}, "found_clusters": 4, "expected_clusters": 4, "time": 0.0775}}, "classification_alg": {"KNeighborsClassifier": {"clustering": {"adjusted_mutual_info_score": 0.2500799196573728, "adjusted_rand_score": 0.24550375814885547, "completeness_score": 0.2621926284315695, "fowlkes_mallows_score": 0.4383744899713529, "homogeneity_score": 0.2632610984799524, "v_measure_score": 0.2627257771296148}, "classification": {"f1_score": 0.6304535411678269, "hamming_loss": 0.37, "jaccard_score": 0.46075278515905377, "accuracy_score": 0.63, "recall_score": 0.6453336062002124, "precision_score": 0.6361824151458297}, "time": 0.0265}, "DecisionTreeClassifier": {"clustering": {"adjusted_mutual_info_score": 0.24293537567716028, "adjusted_rand_score": 0.25242815914462685, "completeness_score": 0.257035306083923, "fowlkes_mallows_score": 0.44623679606870675, "homogeneity_score": 0.2546084527407775, "v_measure_score": 0.25581612382846247}, "classification": {"f1_score": 0.6401967709213672, "hamming_loss": 0.365, "jaccard_score": 0.47268270766392617, "accuracy_score": 0.635, "recall_score": 0.634624903227444, "precision_score": 0.6500467452276384}, "time": 0.007}, "RandomForestClassifier": {"clustering": {"adjusted_mutual_info_score": 0.3666331960557567, "adjusted_rand_score": 0.37894991830552555, "completeness_score": 0.3779888292257664, "fowlkes_mallows_score": 0.5390842302590668, "homogeneity_score": 0.3767382336973109, "v_measure_score": 0.3773624953325506}, "classification": {"f1_score": 0.7151330532212885, "hamming_loss": 0.285, "jaccard_score": 0.5579204997809649, "accuracy_score": 0.715, "recall_score": 0.7194849161727565, "precision_score": 0.7200630514771551}, "time": 0.3621}, "LinearSVC": {"clustering": {"adjusted_mutual_info_score": 0.26395414556353586, "adjusted_rand_score": 0.24797988427779405, "completeness_score": 0.27779153915782717, "fowlkes_mallows_score": 0.44294138966854685, "homogeneity_score": 0.2751749989045532, "v_measure_score": 0.2764770785274022}, "classification": {"f1_score": 0.6221889740766418, "hamming_loss": 0.38, "jaccard_score": 0.4521320305138798, "accuracy_score": 0.62, "recall_score": 0.6182015957424306, "precision_score": 0.627936682417421}, "time": 0.008}, "LogisticRegression": {"clustering": {"adjusted_mutual_info_score": 0.29164972862560945, "adjusted_rand_score": 0.2734823765075868, "completeness_score": 0.30572836964202993,