{"clustering_alg": {"affinity_propagation": {"clustering": {"adjusted_mutual_info_score": -3.2290818302786404e-16, "adjusted_rand_score": 0.0, "completeness_score": 1.0, "fowlkes_mallows_score": 0.49925469978284154, "homogeneity_score": 0.0, "v_measure_score": 0.0}, "classification": {"f1_score": 0.0, "hamming_loss": 1.0, "jaccard_score": 0.0, "accuracy_score": 0.0, "recall_score": 0.0, "precision_score": 0.0}, "found_clusters": 1, "expected_clusters": 4, "time": 8.2726}, "agglomerative": {"clustering": {"adjusted_mutual_info_score": 0.5042041382724034, "adjusted_rand_score": 0.4616633404574264, "completeness_score": 0.5161328790920117, "fowlkes_mallows_score": 0.6036141196200133, "homogeneity_score": 0.4959754063951108, "v_measure_score": 0.5058534114031737}, "classification": {"f1_score": 0.6634814533533889, "hamming_loss": 0.325, "jaccard_score": 0.5276298981051211, "accuracy_score": 0.675, "recall_score": 0.6745361445783132, "precision_score": 0.6887546374542939}, "found_clusters": 4, "expected_clusters": 4, "time": 0.058}, "birch": {"clustering": {"adjusted_mutual_info_score": 0.3462699570326872, "adjusted_rand_score": 0.24806695610807672, "completeness_score": 0.4259079881933789, "fowlkes_mallows_score": 0.5050240344140423, "homogeneity_score": 0.294116792562007, "v_measure_score": 0.3479510560249193}, "classification": {"f1_score": 0.06558125012470921, "hamming_loss": 0.907, "jaccard_score": 0.0351279784690201, "accuracy_score": 0.093, "recall_score": 0.09332128514056225, "precision_score": 0.05579266502657226}, "found_clusters": 3, "expected_clusters": 4, "time": 0.021}, "dbscan": {"clustering": {"adjusted_mutual_info_score": 0.0033299702950796506, "adjusted_rand_score": 6.768722497696282e-05, "completeness_score": 0.10002607211338747, "fowlkes_mallows_score": 0.4958195096201957, "homogeneity_score": 0.0030094325286004553, "v_measure_score": 0.005843067710923676}, "classification": {"f1_score": 0.07858293075684379, "hamming_loss": 0.756, "jaccard_score": 0.04889779559118236, "accuracy_score": 0.244, "recall_score": 0.19598393574297188, "precision_score": 0.04914400805639476}, "found_clusters": 2, "expected_clusters": 4, "time": 0.01}, "k_means": {"clustering": {"adjusted_mutual_info_score": 0.577898350016356, "adjusted_rand_score": 0.5790251321619589, "completeness_score": 0.5800792924136757, "fowlkes_mallows_score": 0.6843599352260291, "homogeneity_score": 0.5784754360698436, "v_measure_score": 0.579276254084808}, "classification": {"f1_score": 0.8108160296881094, "hamming_loss": 0.19, "jaccard_score": 0.6889542202302508, "accuracy_score": 0.81, "recall_score": 0.8098924268502582, "precision_score": 0.8145614178862469}, "found_clusters": 4, "expected_clusters": 4, "time": 0.0461}, "mini_batch_k_means": {"clustering": {"adjusted_mutual_info_score": 0.5504329401822344, "adjusted_rand_score": 0.5215718438564453, "completeness_score": 0.5568699220515231, "fowlkes_mallows_score": 0.6439035216902308, "homogeneity_score": 0.547041207721348, "v_measure_score": 0.5519118097222838}, "classification": {"f1_score": 0.7512691625721377, "hamming_loss": 0.245, "jaccard_score": 0.6174092151324211, "accuracy_score": 0.755, "recall_score": 0.7546887550200803, "precision_score": 0.7656505103078421}, "found_clusters": 4, "expected_clusters": 4, "time": 0.026}, "mean_shift": {"clustering": {"adjusted_mutual_info_score": -3.2290818302786404e-16, "adjusted_rand_score": 0.0, "completeness_score": 1.0, "fowlkes_mallows_score": 0.49925469978284154, "homogeneity_score": 0.0, "v_measure_score": 0.0}, "classification": {"f1_score": 0.09967974379503602, "hamming_loss": 0.751, "jaccard_score": 0.06225, "accuracy_score": 0.249, "recall_score": 0.25, "precision_score": 0.06225}, "found_clusters": 1, "expected_clusters": 4, "time": 8.5}, "optics": {"clustering": {"adjusted_mutual_info_score": 0.25230922050215493, "adjusted_rand_score": 0.01165544162468808, "completeness_score": 0.229739614202377, "fowlkes_mallows_score": 0.29131176851171153, "homogeneity_score": 0.40381426240294327, "v_measure_score": 0.2928626476124085}, "classification": {"f1_score": 0.0006595000989250148, "hamming_loss": 0.995, "jaccard_score": 0.0003362927091740651, "accuracy_score": 0.005, "recall_score": 0.0003362927091740651, "precision_score": 0.01694915254237288}, "found_clusters": 59, "expected_clusters": 4, "time": 1.2842}, "spectral_clustering": {"clustering": {"adjusted_mutual_info_score": 0.6303144664561233, "adjusted_rand_score": 0.6052191450926286, "completeness_score": 0.6358753514090374, "fowlkes_mallows_score": 0.7056520553305469, "homogeneity_score": 0.6272396697543521, "v_measure_score": 0.6315279903098304}, "classification": {"f1_score": 0.8242811338124318, "hamming_loss": 0.177, "jaccard_score": 0.7079159702532667, "accuracy_score": 0.823, "recall_score": 0.822803977816026, "precision_score": 0.8392755258849}, "found_clusters": 4, "expected_clusters": 4, "time": 0.4145}, "gaussian_mixture_model": {"clustering": {"adjusted_mutual_info_score": 0.8086365112208721, "adjusted_rand_score": 0.8495398909536044, "completeness_score": 0.8095715816448935, "fowlkes_mallows_score": 0.8870832345328779, "homogeneity_score": 0.8089497692398041, "v_measure_score": 0.8092605559966995}, "classification": {"f1_score": 0.940928910197486, "hamming_loss": 0.059, "jaccard_score": 0.8888510241146201, "accuracy_score": 0.941, "recall_score": 0.9409344999043794, "precision_score": 0.9417881976197582}, "found_clusters": 4, "expected_clusters": 4, "time": 0.022}}, "classification_alg": {"KNeighborsClassifier": {"clustering": {"adjusted_mutual_info_score": 0.7928366311707215, "adjusted_rand_score": 0.810623368816651, "completeness_score": 0.7959331711070191, "fowlkes_mallows_score": 0.85760646683854, "homogeneity_score": 0.7966347707265096, "v_measure_score": 0.7962838163732711}, "classification": {"f1_score": 0.9244497745225628, "hamming_loss": 0.075, "jaccard_score": 0.8613499245852188, "accuracy_score": 0.925, "recall_score": 0.9276489316656895, "precision_score": 0.9270187165775401}, "time": 0.009}, "DecisionTreeClassifier": {"clustering": {"adjusted_mutual_info_score": 0.659060317597531, "adjusted_rand_score": 0.669105540973227, "completeness_score": 0.6664464728000491, "fowlkes_mallows_score": 0.7518760939442495, "homogeneity_score": 0.6630686585905486, "v_measure_score": 0.6647532747968485}, "classification": {"f1_score": 0.8650866322922416, "hamming_loss": 0.135, "jaccard_score": 0.7635982335274788, "accuracy_score": 0.865, "recall_score": 0.8683966028271773, "precision_score": 0.8754066770486262}, "time": 0.003}, "RandomForestClassifier": {"clustering": {"adjusted_mutual_info_score": 0.7664269980406582, "adjusted_rand_score": 0.7764184410547317, "completeness_score": 0.7710186890681774, "fowlkes_mallows_score": 0.8320912393440899, "homogeneity_score": 0.7696220815162031, "v_measure_score": 0.7703197522722509}, "classification": {"f1_score": 0.9091076527409327, "hamming_loss": 0.09, "jaccard_score": 0.8362621395765573, "accuracy_score": 0.91, "recall_score": 0.9129430493127484, "precision_score": 0.9145097264737829}, "time": 0.2809}, "LinearSVC": {"clustering": {"adjusted_mutual_info_score": 0.7373887942870003, "adjusted_rand_score": 0.760076833219334, "completeness_score": 0.7415923577640828, "fowlkes_mallows_score": 0.8196357786704151, "homogeneity_score": 0.7419271304482897, "v_measure_score": 0.7417597063335951}, "classification": {"f1_score": 0.9053209442069943, "hamming_loss": 0.095, "jaccard_score": 0.8274932325738776, "accuracy_score": 0.905, "recall_score": 0.907906406748746, "precision_score": 0.9070022155517438}, "time": 0.013}, "LogisticRegression": {"clustering": {"adjusted_mutual_info_score": 0.7467061165011593, "adjusted_rand_score": 0.7709669143713604, "completeness_score": 0.7507191288401043, "fowlkes_mallows_score": 0.8278167884393761, "homogeneity_score": 0.7511244318959136, "v_measure_score": 0.7509217256783691}, "classification": {"f1_score": 0.9103365268008732, "hamming_loss": 0.09,