{"clustering_alg": {"affinity_propagation": {"clustering": {"adjusted_mutual_info_score": -1.281370601507323e-15, "adjusted_rand_score": 0.0, "completeness_score": 1.0, "fowlkes_mallows_score": 0.4998499474782395, "homogeneity_score": 6.40685300762983e-16, "v_measure_score": 1.2813706015259653e-15}, "classification": {"f1_score": 0.0, "hamming_loss": 1.0, "jaccard_score": 0.0, "accuracy_score": 0.0, "recall_score": 0.0, "precision_score": 0.0}, "found_clusters": 1, "expected_clusters": 4, "time": 192.5596}, "agglomerative": {"clustering": {"adjusted_mutual_info_score": 0.829983024437075, "adjusted_rand_score": 0.8038315932422866, "completeness_score": 0.8307630864550839, "fowlkes_mallows_score": 0.8529554842250275, "homogeneity_score": 0.8294251583062725, "v_measure_score": 0.8300935832696055}, "classification": {"f1_score": 0.910401725221441, "hamming_loss": 0.0894, "jaccard_score": 0.8477435403629752, "accuracy_score": 0.9106, "recall_score": 0.9106000000000001, "precision_score": 0.9120508641554403}, "found_clusters": 4, "expected_clusters": 4, "time": 0.8779}, "birch": {"clustering": {"adjusted_mutual_info_score": 0.8535918589671893, "adjusted_rand_score": 0.7127930545871305, "completeness_score": 0.995942509460815, "fowlkes_mallows_score": 0.8154087696877875, "homogeneity_score": 0.7469558475688681, "v_measure_score": 0.8536643324995673}, "classification": {"f1_score": 0.4163663062341476, "hamming_loss": 0.5006, "jaccard_score": 0.3744, "accuracy_score": 0.4994, "recall_score": 0.4994, "precision_score": 0.375}, "found_clusters": 3, "expected_clusters": 4, "time": 0.158}, "dbscan": {"clustering": {"adjusted_mutual_info_score": 0.842320408334171, "adjusted_rand_score": 0.7085870514251091, "completeness_score": 0.9680632158357745, "fowlkes_mallows_score": 0.8112655522551597, "homogeneity_score": 0.7456715078728032, "v_measure_score": 0.8424374529872799}, "classification": {"f1_score": 0.6671066548986272, "hamming_loss": 0.2532, "jaccard_score": 0.6223792452830189, "accuracy_score": 0.7468, "recall_score": 0.7468, "precision_score": 0.6787219705224523}, "found_clusters": 4, "expected_clusters": 4, "time": 0.054}, "k_means": {"clustering": {"adjusted_mutual_info_score": 0.8532568014561137, "adjusted_rand_score": 0.8392530322970917, "completeness_score": 0.8534432996236353, "fowlkes_mallows_score": 0.8794275900507773, "homogeneity_score": 0.853261037440588, "v_measure_score": 0.8533521588000501}, "classification": {"f1_score": 0.929979344225205, "hamming_loss": 0.07, "jaccard_score": 0.8770731258243347, "accuracy_score": 0.93, "recall_score": 0.93, "precision_score": 0.9302136539844952}, "found_clusters": 4, "expected_clusters": 4, "time": 0.058}, "mini_batch_k_means": {"clustering": {"adjusted_mutual_info_score": 0.8539964972511603, "adjusted_rand_score": 0.8407641691567931, "completeness_score": 0.8540938284299697, "fowlkes_mallows_score": 0.8805495552759784, "homogeneity_score": 0.8540888996169897, "v_measure_score": 0.8540913640163689}, "classification": {"f1_score": 0.9307994590037588, "hamming_loss": 0.0692, "jaccard_score": 0.8783340478895613, "accuracy_score": 0.9308, "recall_score": 0.9308000000000001, "precision_score": 0.9308058362101123}, "found_clusters": 4, "expected_clusters": 4, "time": 0.037}, "mean_shift": {"clustering": {"adjusted_mutual_info_score": 0.6665704110789465, "adjusted_rand_score": 0.49984992496248126, "completeness_score": 1.0, "fowlkes_mallows_score": 0.7069652890828426, "homogeneity_score": 0.5000000000000003, "v_measure_score": 0.666666666666667}, "classification": {"f1_score": 0.16666666666666666, "hamming_loss": 0.75, "jaccard_score": 0.125, "accuracy_score": 0.25, "recall_score": 0.25, "precision_score": 0.125}, "found_clusters": 2, "expected_clusters": 4, "time": 11.3657}, "optics": {"clustering": {"adjusted_mutual_info_score": 0.22199085106889174, "adjusted_rand_score": 0.0027335303705284713, "completeness_score": 0.17976315941256646, "fowlkes_mallows_score": 0.25972867093605834, "homogeneity_score": 0.4434763071547492, "v_measure_score": 0.25582687353816636}, "classification": {"f1_score": 2.6893732483743573e-05, "hamming_loss": 0.999, "jaccard_score": 1.3483421756803052e-05, "accuracy_score": 0.001, "recall_score": 1.3513513513513513e-05, "precision_score": 0.00300982800982801}, "found_clusters": 296, "expected_clusters": 4, "time": 3.5901}, "spectral_clustering": {"clustering": {"adjusted_mutual_info_score": 0.8513400866387647, "adjusted_rand_score": 0.8355002210923297, "completeness_score": 0.851728464547581, "fowlkes_mallows_score": 0.8766398705136542, "homogeneity_score": 0.851145160050742, "v_measure_score": 0.8514367123962294}, "classification": {"f1_score": 0.9279318229405447, "hamming_loss": 0.072, "jaccard_score": 0.8739406310208064, "accuracy_score": 0.928, "recall_score": 0.928, "precision_score": 0.9286789260832164}, "found_clusters": 4, "expected_clusters": 4, "time": 3.7862}, "gaussian_mixture_model": {"clustering": {"adjusted_mutual_info_score": 0.7976571684957655, "adjusted_rand_score": 0.6287935475146488, "completeness_score": 0.8548893974875852, "fowlkes_mallows_score": 0.7455893901284916, "homogeneity_score": 0.7478536878077174, "v_measure_score": 0.7977974691570888}, "classification": {"f1_score": 0.5836659745685879, "hamming_loss": 0.3744, "jaccard_score": 0.5002006389776358, "accuracy_score": 0.6256, "recall_score": 0.6255999999999999, "precision_score": 0.6246006389776357}, "found_clusters": 4, "expected_clusters": 4, "time": 0.025}}, "classification_alg": {"KNeighborsClassifier": {"clustering": {"adjusted_mutual_info_score": 0.8487564292946883, "adjusted_rand_score": 0.8305894460216541, "completeness_score": 0.8492568059827674, "fowlkes_mallows_score": 0.8728406758246309, "homogeneity_score": 0.849242302582171, "v_measure_score": 0.8492495542205473}, "classification": {"f1_score": 0.9279978055584737, "hamming_loss": 0.073, "jaccard_score": 0.8741244604059888, "accuracy_score": 0.927, "recall_score": 0.9279911603585658, "precision_score": 0.9280077821011673}, "time": 0.029}, "DecisionTreeClassifier": {"clustering": {"adjusted_mutual_info_score": 0.8182621226468241, "adjusted_rand_score": 0.7880722488156013, "completeness_score": 0.8188472713685864, "fowlkes_mallows_score": 0.8409247814913526, "homogeneity_score": 0.8188620540113539, "v_measure_score": 0.818854662623253}, "classification": {"f1_score": 0.9052837140582441, "hamming_loss": 0.096, "jaccard_score": 0.8401515267319885, "accuracy_score": 0.904, "recall_score": 0.9053046552672709, "precision_score": 0.9052700485977687}, "time": 0.005}, "RandomForestClassifier": {"clustering": {"adjusted_mutual_info_score": 0.8463907148718928, "adjusted_rand_score": 0.8267538581503918, "completeness_score": 0.8469084335104983, "fowlkes_mallows_score": 0.8699630773084573, "homogeneity_score": 0.8468746851202724, "v_measure_score": 0.8468915589791693}, "classification": {"f1_score": 0.9260343519617187, "hamming_loss": 0.075, "jaccard_score": 0.8711324988190836, "accuracy_score": 0.925, "recall_score": 0.9260963956673307, "precision_score": 0.9261347716447184}, "time": 0.3451}, "LinearSVC": {"clustering": {"adjusted_mutual_info_score": 0.8456566068914715, "adjusted_rand_score": 0.8374910388007515, "completeness_score": 0.8464722536864481, "fowlkes_mallows_score": 0.8780627530887509, "homogeneity_score": 0.8458480255268491, "v_measure_score": 0.8461600244804517}, "classification": {"f1_score": 0.9327006600017432, "hamming_loss": 0.068, "jaccard_score": 0.879294689940021, "accuracy_score": 0.932, "recall_score": 0.9327771670236052, "precision_score": 0.9334963705915164}, "time": 0.147}, "LogisticRegression": {"clustering": {"adjusted_mutual_info_score": 0.8608705724237816, "adjusted_rand_score": 0.8483989316753059, "completeness_score": 0.8613413669636208, "fowlkes_mallows_score": 0.88620966587159, "homogeneity_score": 0.8613070434365195, "v_measure_score": 0.8613242048581244}, "classification": {"f1_score": 0.9368715953307394,