{"clustering_alg": {"affinity_propagation": {"clustering": {"adjusted_mutual_info_score": 0.4721976936981924, "adjusted_rand_score": 0.1251836276609397, "completeness_score": 0.3338400446754395, "fowlkes_mallows_score": 0.2882458451758253, "homogeneity_score": 0.8953248745284046, "v_measure_score": 0.48633880033803045}, "classification": {"f1_score": 0.005359364532491148, "hamming_loss": 0.972, "jaccard_score": 0.003028664142779881, "accuracy_score": 0.028, "recall_score": 0.0030860795767662296, "precision_score": 0.020348837209302327}, "found_clusters": 43, "expected_clusters": 4, "time": 3.3381}, "agglomerative": {"clustering": {"adjusted_mutual_info_score": 0.8676813834290256, "adjusted_rand_score": 0.8819442962534257, "completeness_score": 0.8639968403227075, "fowlkes_mallows_score": 0.912353886521003, "homogeneity_score": 0.8722773288734011, "v_measure_score": 0.8681173393032574}, "classification": {"f1_score": 0.958912458986863, "hamming_loss": 0.043, "jaccard_score": 0.921625400580762, "accuracy_score": 0.957, "recall_score": 0.9664417481243937, "precision_score": 0.9542310579112157}, "found_clusters": 4, "expected_clusters": 4, "time": 0.073}, "birch": {"clustering": {"adjusted_mutual_info_score": 0.7144114604453555, "adjusted_rand_score": 0.5955642203741766, "completeness_score": 0.8362334416225228, "fowlkes_mallows_score": 0.7361902153730896, "homogeneity_score": 0.6246700599149614, "v_measure_score": 0.7151327839675694}, "classification": {"f1_score": 0.004140541312575876, "hamming_loss": 0.995, "jaccard_score": 0.0020788808175539056, "accuracy_score": 0.005, "recall_score": 0.0057474848258085975, "precision_score": 0.0034501470112836934}, "found_clusters": 3, "expected_clusters": 4, "time": 0.034}, "dbscan": {"clustering": {"adjusted_mutual_info_score": 0.0006497556628571401, "adjusted_rand_score": -0.0008584534752817295, "completeness_score": 0.14941351412462966, "fowlkes_mallows_score": 0.5086972195016063, "homogeneity_score": 0.001578801804546565, "v_measure_score": 0.003124587158915511}, "classification": {"f1_score": 0.06980976013234078, "hamming_loss": 0.789, "jaccard_score": 0.04228456913827655, "accuracy_score": 0.211, "recall_score": 0.2, "precision_score": 0.04228456913827655}, "found_clusters": 2, "expected_clusters": 4, "time": 0.035}, "k_means": {"clustering": {"adjusted_mutual_info_score": 0.7774426288490139, "adjusted_rand_score": 0.7415696215135482, "completeness_score": 0.7728171656902811, "fowlkes_mallows_score": 0.8076875380719853, "homogeneity_score": 0.7836061567317163, "v_measure_score": 0.7781742670374422}, "classification": {"f1_score": 0.9035131129909351, "hamming_loss": 0.101, "jaccard_score": 0.8281535510620088, "accuracy_score": 0.899, "recall_score": 0.9236932139733498, "precision_score": 0.9035205744395711}, "found_clusters": 4, "expected_clusters": 4, "time": 0.033}, "mini_batch_k_means": {"clustering": {"adjusted_mutual_info_score": 0.7790984093042809, "adjusted_rand_score": 0.7418461110074448, "completeness_score": 0.7745401822966044, "fowlkes_mallows_score": 0.8079092473273937, "homogeneity_score": 0.7851817951269707, "v_measure_score": 0.7798246861125838}, "classification": {"f1_score": 0.9036709353411023, "hamming_loss": 0.101, "jaccard_score": 0.8286351321187491, "accuracy_score": 0.899, "recall_score": 0.9236932139733498, "precision_score": 0.9040069002303212}, "found_clusters": 4, "expected_clusters": 4, "time": 0.038}, "mean_shift": {"clustering": {"adjusted_mutual_info_score": -7.077572817961502e-16, "adjusted_rand_score": 0.0, "completeness_score": 1.0, "fowlkes_mallows_score": 0.5103395403517608, "homogeneity_score": 0.0, "v_measure_score": 0.0}, "classification": {"f1_score": 0.08711808422791081, "hamming_loss": 0.789, "jaccard_score": 0.05275, "accuracy_score": 0.211, "recall_score": 0.25, "precision_score": 0.05275}, "found_clusters": 1, "expected_clusters": 4, "time": 22.0824}, "optics": {"clustering": {"adjusted_mutual_info_score": 0.140506260381352, "adjusted_rand_score": 0.013706026143295776, "completeness_score": 0.24219298043819804, "fowlkes_mallows_score": 0.45744345266877595, "homogeneity_score": 0.1260449419287099, "v_measure_score": 0.1658015011525994}, "classification": {"f1_score": 0.0030721966205837174, "hamming_loss": 0.994, "jaccard_score": 0.001579778830963665, "accuracy_score": 0.006, "recall_score": 0.001579778830963665, "precision_score": 0.05555555555555555}, "found_clusters": 18, "expected_clusters": 4, "time": 1.4161}, "spectral_clustering": {"clustering": {"adjusted_mutual_info_score": 0.7673575143236729, "adjusted_rand_score": 0.7315410801799872, "completeness_score": 0.7632236746504407, "fowlkes_mallows_score": 0.8002944927504263, "homogeneity_score": 0.7730850481929293, "v_measure_score": 0.768122711959992}, "classification": {"f1_score": 0.899682934815567, "hamming_loss": 0.105, "jaccard_score": 0.8213986311724741, "accuracy_score": 0.895, "recall_score": 0.9193471214693627, "precision_score": 0.9013562044768215}, "found_clusters": 4, "expected_clusters": 4, "time": 1.1068}, "gaussian_mixture_model": {"clustering": {"adjusted_mutual_info_score": 0.8864367558910484, "adjusted_rand_score": 0.90050087217899, "completeness_score": 0.8833579450844075, "fowlkes_mallows_score": 0.9261811423579459, "homogeneity_score": 0.8902916577593006, "v_measure_score": 0.8868112484710963}, "classification": {"f1_score": 0.9657057699470841, "hamming_loss": 0.036, "jaccard_score": 0.9342098562385963, "accuracy_score": 0.964, "recall_score": 0.9715338405254843, "precision_score": 0.9616402541047249}, "found_clusters": 4, "expected_clusters": 4, "time": 0.045}}, "classification_alg": {"KNeighborsClassifier": {"clustering": {"adjusted_mutual_info_score": 0.8857767700362859, "adjusted_rand_score": 0.8860144184829771, "completeness_score": 0.8837677038008591, "fowlkes_mallows_score": 0.9155212432990586, "homogeneity_score": 0.891682120573938, "v_measure_score": 0.8877072721527443}, "classification": {"f1_score": 0.9630772341461717, "hamming_loss": 0.04, "jaccard_score": 0.9294715447154471, "accuracy_score": 0.96, "recall_score": 0.9697965571205008, "precision_score": 0.9589587242026266}, "time": 0.013}, "DecisionTreeClassifier": {"clustering": {"adjusted_mutual_info_score": 0.7924503817121327, "adjusted_rand_score": 0.8087500753576651, "completeness_score": 0.7967422914419082, "fowlkes_mallows_score": 0.8589248723626488, "homogeneity_score": 0.7952189197787308, "v_measure_score": 0.7959798767416738}, "classification": {"f1_score": 0.9340451215451215, "hamming_loss": 0.07, "jaccard_score": 0.8778319783197832, "accuracy_score": 0.93, "recall_score": 0.9327193932827736, "precision_score": 0.9357000185804534}, "time": 0.003}, "RandomForestClassifier": {"clustering": {"adjusted_mutual_info_score": 0.9117002613419007, "adjusted_rand_score": 0.9279682586178756, "completeness_score": 0.9125375212561774, "fowlkes_mallows_score": 0.9467729429694487, "homogeneity_score": 0.9138614465823832, "v_measure_score": 0.9131990040738851}, "classification": {"f1_score": 0.9764807239900527, "hamming_loss": 0.025, "jaccard_score": 0.9541828589008712, "accuracy_score": 0.975, "recall_score": 0.977470807752498, "precision_score": 0.975808588574546}, "time": 0.272}, "LinearSVC": {"clustering": {"adjusted_mutual_info_score": 0.8749063262949273, "adjusted_rand_score": 0.8858927705486117, "completeness_score": 0.8768383144657887, "fowlkes_mallows_score": 0.9157299029400068, "homogeneity_score": 0.8772232156792528, "v_measure_score": 0.8770307228422621}, "classification": {"f1_score": 0.9632752805650096, "hamming_loss": 0.04, "jaccard_score": 0.9302777777777778, "accuracy_score": 0.96, "recall_score": 0.9636932707355242, "precision_score": 0.9629988262910798}, "time": 0.003}, "LogisticRegression": {"clustering": {"adjusted_mutual_info_score": 0.8569334142296191, "adjusted_rand_score": 0.8744585902083101, "completeness_score": 0.8592458306350588, "fowlkes_mallows_score": 0.9072918044229759,