{"clustering_alg": {"affinity_propagation": {"clustering": {"adjusted_mutual_info_score": 0.3454669402009925, "adjusted_rand_score": 0.0718449287071791, "completeness_score": 0.24854734517144797, "fowlkes_mallows_score": 0.20221161146051295, "homogeneity_score": 0.7037785737120229, "v_measure_score": 0.36735804962602403}, "classification": {"f1_score": 0.0, "hamming_loss": 1.0, "jaccard_score": 0.0, "accuracy_score": 0.0, "recall_score": 0.0, "precision_score": 0.0}, "found_clusters": 56, "expected_clusters": 4, "time": 2.2308}, "agglomerative": {"clustering": {"adjusted_mutual_info_score": 0.4534410380368042, "adjusted_rand_score": 0.4255789762833933, "completeness_score": 0.46080496632304535, "fowlkes_mallows_score": 0.5738950615428801, "homogeneity_score": 0.44981705835647, "v_measure_score": 0.45524472022392376}, "classification": {"f1_score": 0.7234879587032044, "hamming_loss": 0.274, "jaccard_score": 0.5741118693455606, "accuracy_score": 0.726, "recall_score": 0.7257345203544762, "precision_score": 0.7436737885188273}, "found_clusters": 4, "expected_clusters": 4, "time": 0.0683}, "birch": {"clustering": {"adjusted_mutual_info_score": 0.303233434077608, "adjusted_rand_score": 0.25772960334436984, "completeness_score": 0.34905487312259564, "fowlkes_mallows_score": 0.4802721374684604, "homogeneity_score": 0.2707214093805681, "v_measure_score": 0.30493786184024263}, "classification": {"f1_score": 0.1481590087619369, "hamming_loss": 0.802, "jaccard_score": 0.09830370044629046, "accuracy_score": 0.198, "recall_score": 0.1986592737864758, "precision_score": 0.11910668884686411}, "found_clusters": 3, "expected_clusters": 4, "time": 0.2115}, "dbscan": {"clustering": {"adjusted_mutual_info_score": -6.406945441146242e-16, "adjusted_rand_score": 0.0, "completeness_score": 1.0, "fowlkes_mallows_score": 0.4992587097480216, "homogeneity_score": 0.0, "v_measure_score": 0.0}, "classification": {"f1_score": 0.0, "hamming_loss": 1.0, "jaccard_score": 0.0, "accuracy_score": 0.0, "recall_score": 0.0, "precision_score": 0.0}, "found_clusters": 1, "expected_clusters": 4, "time": 0.013}, "k_means": {"clustering": {"adjusted_mutual_info_score": 0.3989340857544149, "adjusted_rand_score": 0.387665454250821, "completeness_score": 0.4020331016507852, "fowlkes_mallows_score": 0.5414618561103436, "homogeneity_score": 0.3997714900290134, "v_measure_score": 0.40089910623037295}, "classification": {"f1_score": 0.6985075849847466, "hamming_loss": 0.303, "jaccard_score": 0.5458381740088029, "accuracy_score": 0.697, "recall_score": 0.6967260216562852, "precision_score": 0.7066503118183691}, "found_clusters": 4, "expected_clusters": 4, "time": 0.6055}, "mini_batch_k_means": {"clustering": {"adjusted_mutual_info_score": 0.4091660859510879, "adjusted_rand_score": 0.3886252609173212, "completeness_score": 0.41576014874902173, "fowlkes_mallows_score": 0.5461276994201842, "homogeneity_score": 0.4065707392386054, "v_measure_score": 0.4111140989401474}, "classification": {"f1_score": 0.7172229405688804, "hamming_loss": 0.286, "jaccard_score": 0.5640282769397915, "accuracy_score": 0.714, "recall_score": 0.7139946819794278, "precision_score": 0.7417838157817664}, "found_clusters": 4, "expected_clusters": 4, "time": 0.094}, "mean_shift": {"clustering": {"adjusted_mutual_info_score": 0.0033412916528826587, "adjusted_rand_score": 7.860430387066051e-05, "completeness_score": 0.10021903928652288, "fowlkes_mallows_score": 0.495831679857129, "homogeneity_score": 0.003015255667324306, "v_measure_score": 0.0058543728383592545}, "classification": {"f1_score": 0.11056883785140562, "hamming_loss": 0.744, "jaccard_score": 0.06810885231708978, "accuracy_score": 0.256, "recall_score": 0.25402801682922166, "precision_score": 0.2417637749964034}, "found_clusters": 2, "expected_clusters": 4, "time": 8.6306}, "optics": {"clustering": {"adjusted_mutual_info_score": 0.13635652338171084, "adjusted_rand_score": 0.0030558040963414644, "completeness_score": 0.21720914560914503, "fowlkes_mallows_score": 0.42830868598447036, "homogeneity_score": 0.13558950775938763, "v_measure_score": 0.16695801331881155}, "classification": {"f1_score": 0.0013534088986635088, "hamming_loss": 0.996, "jaccard_score": 0.0006874033339061694, "accuracy_score": 0.004, "recall_score": 0.0006901311249137336, "precision_score": 0.034782608695652174}, "found_clusters": 23, "expected_clusters": 4, "time": 1.3596}, "spectral_clustering": {"clustering": {"adjusted_mutual_info_score": 0.4661756559624922, "adjusted_rand_score": 0.3020922296433144, "completeness_score": 0.5876609723579546, "fowlkes_mallows_score": 0.5561756274077555, "homogeneity_score": 0.38934542042924575, "v_measure_score": 0.4683758674287452}, "classification": {"f1_score": 0.5412921899875932, "hamming_loss": 0.405, "jaccard_score": 0.43411390895461366, "accuracy_score": 0.595, "recall_score": 0.5939770750617723, "precision_score": 0.5769295342723102}, "found_clusters": 4, "expected_clusters": 4, "time": 0.8146}, "gaussian_mixture_model": {"clustering": {"adjusted_mutual_info_score": 0.8765611121607844, "adjusted_rand_score": 0.9050991283745726, "completeness_score": 0.8770446450675203, "fowlkes_mallows_score": 0.92876015817263, "homogeneity_score": 0.8768824375386851, "v_measure_score": 0.8769635338024253}, "classification": {"f1_score": 0.9628256962772559, "hamming_loss": 0.037, "jaccard_score": 0.9289124456114093, "accuracy_score": 0.963, "recall_score": 0.9629421067664886, "precision_score": 0.9629679232516439}, "found_clusters": 4, "expected_clusters": 4, "time": 0.031}}, "classification_alg": {"KNeighborsClassifier": {"clustering": {"adjusted_mutual_info_score": 0.6684284779352299, "adjusted_rand_score": 0.717752680263051, "completeness_score": 0.673984749226748, "fowlkes_mallows_score": 0.788250714899714, "homogeneity_score": 0.6739357927479356, "v_measure_score": 0.6739602700982921}, "classification": {"f1_score": 0.8831432780081883, "hamming_loss": 0.115, "jaccard_score": 0.7914199561403508, "accuracy_score": 0.885, "recall_score": 0.8844412808953137, "precision_score": 0.8845643939393939}, "time": 0.014}, "DecisionTreeClassifier": {"clustering": {"adjusted_mutual_info_score": 0.4351184514697857, "adjusted_rand_score": 0.45891115457515924, "completeness_score": 0.44365667905807266, "fowlkes_mallows_score": 0.5932909265143187, "homogeneity_score": 0.44538935099172106, "v_measure_score": 0.4445213266128641}, "classification": {"f1_score": 0.7606351798655566, "hamming_loss": 0.24, "jaccard_score": 0.6152381028250582, "accuracy_score": 0.76, "recall_score": 0.769325380091876, "precision_score": 0.7629002398831873}, "time": 0.005}, "RandomForestClassifier": {"clustering": {"adjusted_mutual_info_score": 0.5895842512295932, "adjusted_rand_score": 0.6155754257258397, "completeness_score": 0.596624946704346, "fowlkes_mallows_score": 0.7116431017114674, "homogeneity_score": 0.5962430306782713, "v_measure_score": 0.5964339275530043}, "classification": {"f1_score": 0.8391121390900153, "hamming_loss": 0.16, "jaccard_score": 0.7232317505099644, "accuracy_score": 0.84, "recall_score": 0.8440621725118135, "precision_score": 0.8456160163253985}, "time": 0.2775}, "LinearSVC": {"clustering": {"adjusted_mutual_info_score": 0.550131918906091, "adjusted_rand_score": 0.5914604671469029, "completeness_score": 0.5581663640969502, "fowlkes_mallows_score": 0.6937615179896992, "homogeneity_score": 0.5571247700692175, "v_measure_score": 0.5576450806997149}, "classification": {"f1_score": 0.8226123248890109, "hamming_loss": 0.175, "jaccard_score": 0.701535869317861, "accuracy_score": 0.825, "recall_score": 0.8272151769661461, "precision_score": 0.8247457701411415}, "time": 0.053}, "LogisticRegression": {"clustering": {"adjusted_mutual_info_score": 0.5890270673524971, "adjusted_rand_score": 0.6401420615405881, "completeness_score": 0.5959997590961276, "fowlkes_mallows_score": 0.7300342574365872, "homogeneity_score": 0.595770479333947, "v_measure_score": 0.5958850971599433},