{"clustering_alg": {"affinity_propagation": {"clustering": {"adjusted_mutual_info_score": 0.27413844922117225, "adjusted_rand_score": 0.07603025949987367, "completeness_score": 0.20325535855660717, "fowlkes_mallows_score": 0.20715618404624686, "homogeneity_score": 0.4985550559854485, "v_measure_score": 0.2887788056854471}, "classification": {"f1_score": 0.002541544477028348, "hamming_loss": 0.987, "jaccard_score": 0.001322885926528951, "accuracy_score": 0.013, "recall_score": 0.0013571354003549432, "precision_score": 0.019969278033794162}, "found_clusters": 31, "expected_clusters": 4, "time": 3.7426}, "agglomerative": {"clustering": {"adjusted_mutual_info_score": 0.3269376375488424, "adjusted_rand_score": 0.2194573263539326, "completeness_score": 0.3352073899682931, "fowlkes_mallows_score": 0.4338019748932685, "homogeneity_score": 0.3234498487707923, "v_measure_score": 0.3292236787669953}, "classification": {"f1_score": 0.5423611561620862, "hamming_loss": 0.454, "jaccard_score": 0.3747410006077385, "accuracy_score": 0.546, "recall_score": 0.6055363005530615, "precision_score": 0.6038907801395061}, "found_clusters": 4, "expected_clusters": 4, "time": 0.027}, "birch": {"clustering": {"adjusted_mutual_info_score": 0.26515113973602483, "adjusted_rand_score": 0.17563995494950285, "completeness_score": 0.3061628092622095, "fowlkes_mallows_score": 0.43488877053270847, "homogeneity_score": 0.23670752527933941, "v_measure_score": 0.26699208375137845}, "classification": {"f1_score": 0.34218104522798, "hamming_loss": 0.59, "jaccard_score": 0.2227466576249122, "accuracy_score": 0.41, "recall_score": 0.4443092086934391, "precision_score": 0.3216992736644798}, "found_clusters": 3, "expected_clusters": 4, "time": 0.018}, "dbscan": {"clustering": {"adjusted_mutual_info_score": -7.728276789382573e-17, "adjusted_rand_score": 0.0, "completeness_score": 1.0, "fowlkes_mallows_score": 0.513686552163743, "homogeneity_score": 1.6373467774154607e-16, "v_measure_score": 3.274693554830921e-16}, "classification": {"f1_score": 0.11802902979373568, "hamming_loss": 0.691, "jaccard_score": 0.07725, "accuracy_score": 0.309, "recall_score": 0.25, "precision_score": 0.07725}, "found_clusters": 1, "expected_clusters": 4, "time": 0.02}, "k_means": {"clustering": {"adjusted_mutual_info_score": 0.2925982064544994, "adjusted_rand_score": 0.2137621945605697, "completeness_score": 0.2946352251069595, "fowlkes_mallows_score": 0.42093389545527304, "homogeneity_score": 0.2952739924759339, "v_measure_score": 0.294954262955393}, "classification": {"f1_score": 0.5573809784699811, "hamming_loss": 0.443, "jaccard_score": 0.38779351606456086, "accuracy_score": 0.557, "recall_score": 0.606417228420802, "precision_score": 0.5770854892823714}, "found_clusters": 4, "expected_clusters": 4, "time": 0.058}, "mini_batch_k_means": {"clustering": {"adjusted_mutual_info_score": 0.28842584957038286, "adjusted_rand_score": 0.20829280870129593, "completeness_score": 0.2889360686460047, "fowlkes_mallows_score": 0.4138763046176848, "homogeneity_score": 0.2926534647498345, "v_measure_score": 0.2907828862968813}, "classification": {"f1_score": 0.5419085152793999, "hamming_loss": 0.46, "jaccard_score": 0.3730286014153723, "accuracy_score": 0.54, "recall_score": 0.5807480679322177, "precision_score": 0.5494064952130526}, "found_clusters": 4, "expected_clusters": 4, "time": 0.029}, "mean_shift": {"clustering": {"adjusted_mutual_info_score": -7.728276789382573e-17, "adjusted_rand_score": 0.0, "completeness_score": 1.0, "fowlkes_mallows_score": 0.513686552163743, "homogeneity_score": 1.6373467774154607e-16, "v_measure_score": 3.274693554830921e-16}, "classification": {"f1_score": 0.11802902979373568, "hamming_loss": 0.691, "jaccard_score": 0.07725, "accuracy_score": 0.309, "recall_score": 0.25, "precision_score": 0.07725}, "found_clusters": 1, "expected_clusters": 4, "time": 7.6352}, "optics": {"clustering": {"adjusted_mutual_info_score": 0.15186389364793185, "adjusted_rand_score": 0.013073183681294388, "completeness_score": 0.15110638381365266, "fowlkes_mallows_score": 0.29152486306650915, "homogeneity_score": 0.27717336836968615, "v_measure_score": 0.195585549726682}, "classification": {"f1_score": 0.000669814234809701, "hamming_loss": 0.994, "jaccard_score": 0.00033962747778537247, "accuracy_score": 0.006, "recall_score": 0.00034250685799706355, "precision_score": 0.016081871345029242}, "found_clusters": 57, "expected_clusters": 4, "time": 0.8698}, "spectral_clustering": {"clustering": {"adjusted_mutual_info_score": 0.29375714600560293, "adjusted_rand_score": 0.22345022495031802, "completeness_score": 0.3049182023665306, "fowlkes_mallows_score": 0.43888543006583475, "homogeneity_score": 0.28793685472758446, "v_measure_score": 0.29618432730909544}, "classification": {"f1_score": 0.5390596142254058, "hamming_loss": 0.448, "jaccard_score": 0.37482827317311446, "accuracy_score": 0.552, "recall_score": 0.6019811998305326, "precision_score": 0.6302235309804545}, "found_clusters": 4, "expected_clusters": 4, "time": 0.208}, "gaussian_mixture_model": {"clustering": {"adjusted_mutual_info_score": 0.34648544172067475, "adjusted_rand_score": 0.2716731764039293, "completeness_score": 0.3475005124099085, "fowlkes_mallows_score": 0.4623994908526108, "homogeneity_score": 0.3498212334090424, "v_measure_score": 0.3486570111727749}, "classification": {"f1_score": 0.6137123895296818, "hamming_loss": 0.387, "jaccard_score": 0.44569489267776713, "accuracy_score": 0.613, "recall_score": 0.6582604912364013, "precision_score": 0.6287203382195902}, "found_clusters": 4, "expected_clusters": 4, "time": 0.034}}, "classification_alg": {"KNeighborsClassifier": {"clustering": {"adjusted_mutual_info_score": 0.3421249102814378, "adjusted_rand_score": 0.36108422882164715, "completeness_score": 0.3583058862002038, "fowlkes_mallows_score": 0.5321197312060728, "homogeneity_score": 0.3488216445208995, "v_measure_score": 0.3535001623778338}, "classification": {"f1_score": 0.6643082006859097, "hamming_loss": 0.315, "jaccard_score": 0.5036911135807435, "accuracy_score": 0.685, "recall_score": 0.6620073742746615, "precision_score": 0.6760149572649573}, "time": 0.017}, "DecisionTreeClassifier": {"clustering": {"adjusted_mutual_info_score": 0.27163761281351423, "adjusted_rand_score": 0.2907995381297726, "completeness_score": 0.28830434891283013, "fowlkes_mallows_score": 0.48127032811675646, "homogeneity_score": 0.2802794620018266, "v_measure_score": 0.2842352745713462}, "classification": {"f1_score": 0.626666396531464, "hamming_loss": 0.355, "jaccard_score": 0.460239362153394, "accuracy_score": 0.645, "recall_score": 0.6217219449433544, "precision_score": 0.6385642559555603}, "time": 0.002}, "RandomForestClassifier": {"clustering": {"adjusted_mutual_info_score": 0.35553472061895397, "adjusted_rand_score": 0.36768694516009326, "completeness_score": 0.3695426795301025, "fowlkes_mallows_score": 0.53462670900319, "homogeneity_score": 0.36370628143633155, "v_measure_score": 0.3666012526680258}, "classification": {"f1_score": 0.6911238134006072, "hamming_loss": 0.3, "jaccard_score": 0.5307664547793227, "accuracy_score": 0.7, "recall_score": 0.6869667898590771, "precision_score": 0.7002542372881355}, "time": 0.228}, "LinearSVC": {"clustering": {"adjusted_mutual_info_score": 0.2726567120645018, "adjusted_rand_score": 0.2532955977832033, "completeness_score": 0.3057251464367629, "fowlkes_mallows_score": 0.47397776054568685, "homogeneity_score": 0.26899729243291853, "v_measure_score": 0.28618766576049604}, "classification": {"f1_score": 0.494487273964061, "hamming_loss": 0.45, "jaccard_score": 0.3551740713467518, "accuracy_score": 0.55, "recall_score": 0.5301958126093764, "precision_score": 0.4991554054054054}, "time": 0.005}, "LogisticRegression": {"clustering": {"adjusted_mutual_info_score": 0.26352708881793446, "adjusted_rand_score": 0.24072704566765782, "completeness_score": 0.2835741475099643, "fowlkes_mallows_score": 0.45009671954683994,