{"clustering_alg": {"affinity_propagation": {"clustering": {"adjusted_mutual_info_score": 0.26748400279086954, "adjusted_rand_score": 0.07194956839772076, "completeness_score": 0.1987648345417047, "fowlkes_mallows_score": 0.19828929115557384, "homogeneity_score": 0.49069874751509557, "v_measure_score": 0.28292619914368317}, "classification": {"f1_score": 0.003878130011101517, "hamming_loss": 0.979, "jaccard_score": 0.002044017866802677, "accuracy_score": 0.021, "recall_score": 0.002077739419511571, "precision_score": 0.03189792663476874}, "found_clusters": 33, "expected_clusters": 4, "time": 3.9647}, "agglomerative": {"clustering": {"adjusted_mutual_info_score": 0.3079510907659603, "adjusted_rand_score": 0.18595441952312566, "completeness_score": 0.32392656595776803, "fowlkes_mallows_score": 0.41760842980415924, "homogeneity_score": 0.29781934537597804, "v_measure_score": 0.3103248322662349}, "classification": {"f1_score": 0.5467666489742717, "hamming_loss": 0.463, "jaccard_score": 0.3819775275692706, "accuracy_score": 0.537, "recall_score": 0.5325851664247359, "precision_score": 0.6355899711432085}, "found_clusters": 4, "expected_clusters": 4, "time": 0.0312}, "birch": {"clustering": {"adjusted_mutual_info_score": 0.1891794355872158, "adjusted_rand_score": 0.18918901062910298, "completeness_score": 0.28926239754031, "fowlkes_mallows_score": 0.4961385381757656, "homogeneity_score": 0.14186819666743286, "v_measure_score": 0.19036985662385097}, "classification": {"f1_score": 0.19545540115005475, "hamming_loss": 0.664, "jaccard_score": 0.13534419379078078, "accuracy_score": 0.336, "recall_score": 0.2787447257383966, "precision_score": 0.15058127693887136}, "found_clusters": 2, "expected_clusters": 4, "time": 0.021}, "dbscan": {"clustering": {"adjusted_mutual_info_score": 1.69277726724843e-16, "adjusted_rand_score": 0.0, "completeness_score": 1.0, "fowlkes_mallows_score": 0.5053012263287407, "homogeneity_score": 0.0, "v_measure_score": 0.0}, "classification": {"f1_score": 0.12006079027355622, "hamming_loss": 0.684, "jaccard_score": 0.079, "accuracy_score": 0.316, "recall_score": 0.25, "precision_score": 0.079}, "found_clusters": 1, "expected_clusters": 4, "time": 0.2308}, "k_means": {"clustering": {"adjusted_mutual_info_score": 0.30967115829499786, "adjusted_rand_score": 0.25015895062338694, "completeness_score": 0.3144690816513505, "fowlkes_mallows_score": 0.44534755389728486, "homogeneity_score": 0.3094899254910431, "v_measure_score": 0.3119596368846157}, "classification": {"f1_score": 0.5654624090854555, "hamming_loss": 0.439, "jaccard_score": 0.4038449939248548, "accuracy_score": 0.561, "recall_score": 0.5546428094092488, "precision_score": 0.6016411024105636}, "found_clusters": 4, "expected_clusters": 4, "time": 0.054}, "mini_batch_k_means": {"clustering": {"adjusted_mutual_info_score": 0.2821511568230826, "adjusted_rand_score": 0.21580473479799808, "completeness_score": 0.2852013605819568, "fowlkes_mallows_score": 0.4173487167605548, "homogeneity_score": 0.2838363199053165, "v_measure_score": 0.28451720297416155}, "classification": {"f1_score": 0.5487572412841885, "hamming_loss": 0.457, "jaccard_score": 0.3843221348246138, "accuracy_score": 0.543, "recall_score": 0.5458778071591228, "precision_score": 0.5763544255820774}, "found_clusters": 4, "expected_clusters": 4, "time": 0.021}, "mean_shift": {"clustering": {"adjusted_mutual_info_score": 1.69277726724843e-16, "adjusted_rand_score": 0.0, "completeness_score": 1.0, "fowlkes_mallows_score": 0.5053012263287407, "homogeneity_score": 0.0, "v_measure_score": 0.0}, "classification": {"f1_score": 0.12006079027355622, "hamming_loss": 0.684, "jaccard_score": 0.079, "accuracy_score": 0.316, "recall_score": 0.25, "precision_score": 0.079}, "found_clusters": 1, "expected_clusters": 4, "time": 7.6726}, "optics": {"clustering": {"adjusted_mutual_info_score": 0.14719369784572026, "adjusted_rand_score": 0.013467174385671039, "completeness_score": 0.1470182254402569, "fowlkes_mallows_score": 0.2858700293613023, "homogeneity_score": 0.26571331678307497, "v_measure_score": 0.18929835165423017}, "classification": {"f1_score": 0.0006775832862789383, "hamming_loss": 0.994, "jaccard_score": 0.00034522439585730726, "accuracy_score": 0.006, "recall_score": 0.00034522439585730726, "precision_score": 0.01818181818181818}, "found_clusters": 55, "expected_clusters": 4, "time": 0.828}, "spectral_clustering": {"clustering": {"adjusted_mutual_info_score": 0.26022947996015866, "adjusted_rand_score": 0.14960249624299699, "completeness_score": 0.2742739986633023, "fowlkes_mallows_score": 0.3903536196772617, "homogeneity_score": 0.2521870600482385, "v_measure_score": 0.2627672160210866}, "classification": {"f1_score": 0.5054523600610283, "hamming_loss": 0.504, "jaccard_score": 0.3421427396070425, "accuracy_score": 0.496, "recall_score": 0.512504039230017, "precision_score": 0.6012673811257175}, "found_clusters": 4, "expected_clusters": 4, "time": 0.215}, "gaussian_mixture_model": {"clustering": {"adjusted_mutual_info_score": 0.31218177190880003, "adjusted_rand_score": 0.22673259453588396, "completeness_score": 0.3224155350221049, "fowlkes_mallows_score": 0.4359750543219259, "homogeneity_score": 0.3069654623716787, "v_measure_score": 0.3145008641624112}, "classification": {"f1_score": 0.5555686371783266, "hamming_loss": 0.448, "jaccard_score": 0.3926916536669105, "accuracy_score": 0.552, "recall_score": 0.5436399891384893, "precision_score": 0.6248296448448113}, "found_clusters": 4, "expected_clusters": 4, "time": 0.016}}, "classification_alg": {"KNeighborsClassifier": {"clustering": {"adjusted_mutual_info_score": 0.23388057636293277, "adjusted_rand_score": 0.2716335416613203, "completeness_score": 0.24840236117194267, "fowlkes_mallows_score": 0.46365507184841614, "homogeneity_score": 0.24550522080347742, "v_measure_score": 0.2469452940313756}, "classification": {"f1_score": 0.6071751869968591, "hamming_loss": 0.375, "jaccard_score": 0.4405982905982906, "accuracy_score": 0.625, "recall_score": 0.6114491084071327, "precision_score": 0.6121067221067221}, "time": 0.01}, "DecisionTreeClassifier": {"clustering": {"adjusted_mutual_info_score": 0.2027355279620455, "adjusted_rand_score": 0.23073634092850695, "completeness_score": 0.21595020659792144, "fowlkes_mallows_score": 0.4293535278341242, "homogeneity_score": 0.21649428953864122, "v_measure_score": 0.21622190579748238}, "classification": {"f1_score": 0.5808080808080808, "hamming_loss": 0.405, "jaccard_score": 0.413910176746755, "accuracy_score": 0.595, "recall_score": 0.5864878080975353, "precision_score": 0.583453037054409}, "time": 0.002}, "RandomForestClassifier": {"clustering": {"adjusted_mutual_info_score": 0.254758208592514, "adjusted_rand_score": 0.2971854385735959, "completeness_score": 0.2679541573664516, "fowlkes_mallows_score": 0.4805020572939408, "homogeneity_score": 0.2668700802384161, "v_measure_score": 0.2674110201020226}, "classification": {"f1_score": 0.6310086930455635, "hamming_loss": 0.355, "jaccard_score": 0.4649711545326238, "accuracy_score": 0.645, "recall_score": 0.6318219454244366, "precision_score": 0.632121018231297}, "time": 0.2}, "LinearSVC": {"clustering": {"adjusted_mutual_info_score": 0.25722194841464724, "adjusted_rand_score": 0.26531286406061794, "completeness_score": 0.28869682708037026, "fowlkes_mallows_score": 0.4802554061387044, "homogeneity_score": 0.2554554513233447, "v_measure_score": 0.27106080846993325}, "classification": {"f1_score": 0.5708576853083223, "hamming_loss": 0.385, "jaccard_score": 0.40990831961608076, "accuracy_score": 0.615, "recall_score": 0.5758543931648548, "precision_score": 0.6701374902833722}, "time": 0.006}, "LogisticRegression": {"clustering": {"adjusted_mutual_info_score": 0.24755876871360713, "adjusted_rand_score": 0.2764271969011656, "completeness_score": 0.2624688222517018, "fowlkes_mallows_score": 0.4684508836416992, "homogeneity_score": 0.25839689176282366, "v_measure_score": 0.26041694060361004},