{"clustering_alg": {"affinity_propagation": {"clustering": {"adjusted_mutual_info_score": 0.3477113909370426, "adjusted_rand_score": 0.07767520665242447, "completeness_score": 0.2504829181818225, "fowlkes_mallows_score": 0.21094361282307464, "homogeneity_score": 0.6977132650725317, "v_measure_score": 0.3686267837310083}, "classification": {"f1_score": 0.003560350119728588, "hamming_loss": 0.974, "jaccard_score": 0.0019243956397119548, "accuracy_score": 0.026, "recall_score": 0.0019565827565210373, "precision_score": 0.019766397124887692}, "found_clusters": 53, "expected_clusters": 4, "time": 3.6162}, "agglomerative": {"clustering": {"adjusted_mutual_info_score": 0.38090179625015463, "adjusted_rand_score": 0.3113979695903101, "completeness_score": 0.39263616544720725, "fowlkes_mallows_score": 0.49460215324733814, "homogeneity_score": 0.3737704674716527, "v_measure_score": 0.3829711195127848}, "classification": {"f1_score": 0.6059130360739684, "hamming_loss": 0.404, "jaccard_score": 0.4545605538718316, "accuracy_score": 0.596, "recall_score": 0.595325414107339, "precision_score": 0.6660109202714165}, "found_clusters": 4, "expected_clusters": 4, "time": 0.048}, "birch": {"clustering": {"adjusted_mutual_info_score": 0.2898320255511502, "adjusted_rand_score": 0.1258863253589197, "completeness_score": 0.42220187113004054, "fowlkes_mallows_score": 0.4727728880828228, "homogeneity_score": 0.2230104640703171, "v_measure_score": 0.29185875742077527}, "classification": {"f1_score": 0.18641556128993314, "hamming_loss": 0.8, "jaccard_score": 0.11939413713713254, "accuracy_score": 0.2, "recall_score": 0.2005903511460232, "precision_score": 0.28830645161290325}, "found_clusters": 3, "expected_clusters": 4, "time": 0.1313}, "dbscan": {"clustering": {"adjusted_mutual_info_score": -6.3941686731241905e-16, "adjusted_rand_score": 0.0, "completeness_score": 1.0, "fowlkes_mallows_score": 0.49926271968099445, "homogeneity_score": 0.0, "v_measure_score": 0.0}, "classification": {"f1_score": 0.0, "hamming_loss": 1.0, "jaccard_score": 0.0, "accuracy_score": 0.0, "recall_score": 0.0, "precision_score": 0.0}, "found_clusters": 1, "expected_clusters": 4, "time": 0.012}, "k_means": {"clustering": {"adjusted_mutual_info_score": 0.3823917411246904, "adjusted_rand_score": 0.3100960640469718, "completeness_score": 0.3913046818846102, "fowlkes_mallows_score": 0.490319882506401, "homogeneity_score": 0.37781456786667844, "v_measure_score": 0.38444131865962144}, "classification": {"f1_score": 0.6688244357286454, "hamming_loss": 0.345, "jaccard_score": 0.5098167203583002, "accuracy_score": 0.655, "recall_score": 0.6547678283716237, "precision_score": 0.7177371307076298}, "found_clusters": 4, "expected_clusters": 4, "time": 0.1426}, "mini_batch_k_means": {"clustering": {"adjusted_mutual_info_score": 0.3909879666147289, "adjusted_rand_score": 0.3196618280532702, "completeness_score": 0.39923367509626223, "fowlkes_mallows_score": 0.4965060742007231, "homogeneity_score": 0.38696781659572527, "v_measure_score": 0.39300506345010344}, "classification": {"f1_score": 0.6703149731501185, "hamming_loss": 0.343, "jaccard_score": 0.5121093730282266, "accuracy_score": 0.657, "recall_score": 0.6567716859571546, "precision_score": 0.7146478138219196}, "found_clusters": 4, "expected_clusters": 4, "time": 0.1121}, "mean_shift": {"clustering": {"adjusted_mutual_info_score": -6.3941686731241905e-16, "adjusted_rand_score": 0.0, "completeness_score": 1.0, "fowlkes_mallows_score": 0.49926271968099445, "homogeneity_score": 0.0, "v_measure_score": 0.0}, "classification": {"f1_score": 0.1003197442046363, "hamming_loss": 0.749, "jaccard_score": 0.06275, "accuracy_score": 0.251, "recall_score": 0.25, "precision_score": 0.06275}, "found_clusters": 1, "expected_clusters": 4, "time": 12.4419}, "optics": {"clustering": {"adjusted_mutual_info_score": 0.11902429776737956, "adjusted_rand_score": 0.003432632596092343, "completeness_score": 0.1999814865878345, "fowlkes_mallows_score": 0.43308973176867765, "homogeneity_score": 0.11557613554170332, "v_measure_score": 0.14649043964603622}, "classification": {"f1_score": 0.002340782208824841, "hamming_loss": 0.994, "jaccard_score": 0.0011904761904761904, "accuracy_score": 0.006, "recall_score": 0.001194492641861063, "precision_score": 0.058333333333333334}, "found_clusters": 20, "expected_clusters": 4, "time": 2.4171}, "spectral_clustering": {"clustering": {"adjusted_mutual_info_score": 0.38093123556166286, "adjusted_rand_score": 0.18953379139589746, "completeness_score": 0.5212428651651527, "fowlkes_mallows_score": 0.5040913503671128, "homogeneity_score": 0.30348323989111436, "v_measure_score": 0.3836145661465521}, "classification": {"f1_score": 0.48245079552866404, "hamming_loss": 0.471, "jaccard_score": 0.36099528954730115, "accuracy_score": 0.529, "recall_score": 0.5278319918705744, "precision_score": 0.5742958182437243}, "found_clusters": 4, "expected_clusters": 4, "time": 2.722}, "gaussian_mixture_model": {"clustering": {"adjusted_mutual_info_score": 0.7565559767904303, "adjusted_rand_score": 0.8102404367468872, "completeness_score": 0.757664408854391, "fowlkes_mallows_score": 0.8575961262170844, "homogeneity_score": 0.7570356379226573, "v_measure_score": 0.7573498928831855}, "classification": {"f1_score": 0.9247953841934416, "hamming_loss": 0.075, "jaccard_score": 0.8602239311108706, "accuracy_score": 0.925, "recall_score": 0.924831561486206, "precision_score": 0.92556438097852}, "found_clusters": 4, "expected_clusters": 4, "time": 0.054}}, "classification_alg": {"KNeighborsClassifier": {"clustering": {"adjusted_mutual_info_score": 0.5805829056011322, "adjusted_rand_score": 0.6239844222117773, "completeness_score": 0.5882140344618121, "fowlkes_mallows_score": 0.7176887527289992, "homogeneity_score": 0.5869373223779384, "v_measure_score": 0.5875749848948516}, "classification": {"f1_score": 0.8464056776556776, "hamming_loss": 0.155, "jaccard_score": 0.7349223741758902, "accuracy_score": 0.845, "recall_score": 0.8465080516967309, "precision_score": 0.8483122062384276}, "time": 0.009}, "DecisionTreeClassifier": {"clustering": {"adjusted_mutual_info_score": 0.38620558996106596, "adjusted_rand_score": 0.42351921659691777, "completeness_score": 0.3962183329979701, "fowlkes_mallows_score": 0.5665388020187521, "homogeneity_score": 0.39662047379266624, "v_measure_score": 0.39641930140912796}, "classification": {"f1_score": 0.7399072940254261, "hamming_loss": 0.26, "jaccard_score": 0.5886660724896019, "accuracy_score": 0.74, "recall_score": 0.7432916925841454, "precision_score": 0.739503329083715}, "time": 0.003}, "RandomForestClassifier": {"clustering": {"adjusted_mutual_info_score": 0.6494256413933206, "adjusted_rand_score": 0.7005230764486023, "completeness_score": 0.6559018846622747, "fowlkes_mallows_score": 0.775100841433855, "homogeneity_score": 0.654638361345549, "v_measure_score": 0.6552695139073287}, "classification": {"f1_score": 0.8810734512808824, "hamming_loss": 0.12, "jaccard_score": 0.7881120527306967, "accuracy_score": 0.88, "recall_score": 0.8798897643237266, "precision_score": 0.8826032763532763}, "time": 0.4991}, "LinearSVC": {"clustering": {"adjusted_mutual_info_score": 0.4528875576535138, "adjusted_rand_score": 0.47748181726535627, "completeness_score": 0.46128732655790317, "fowlkes_mallows_score": 0.6067488624130393, "homogeneity_score": 0.46267724683635386, "v_measure_score": 0.4619812412683123}, "classification": {"f1_score": 0.7648302576951184, "hamming_loss": 0.235, "jaccard_score": 0.6232725667136604, "accuracy_score": 0.765, "recall_score": 0.7704013753542055, "precision_score": 0.764031862745098}, "time": 0.069}, "LogisticRegression": {"clustering": {"adjusted_mutual_info_score": 0.459427285382496, "adjusted_rand_score": 0.48415915177305513, "completeness_score": 0.4676739039992821, "fowlkes_mallows_score": 0.6117487618393407, "homogeneity_score": 0.4691514523781209, "v_measure_score": 0.46841151300396516},