{"clustering_alg": {"affinity_propagation": {"clustering": {"adjusted_mutual_info_score": 0.44526029346849416, "adjusted_rand_score": 0.10305475041687553, "completeness_score": 0.31408028060542564, "fowlkes_mallows_score": 0.2571820286540262, "homogeneity_score": 0.8774881841168226, "v_measure_score": 0.46258648706282973}, "classification": {"f1_score": 0.00014405070584845865, "hamming_loss": 0.999, "jaccard_score": 7.229612492770387e-05, "accuracy_score": 0.001, "recall_score": 7.661661048115231e-05, "precision_score": 0.001201923076923077}, "found_clusters": 52, "expected_clusters": 4, "time": 1.4128}, "agglomerative": {"clustering": {"adjusted_mutual_info_score": 0.539435762136843, "adjusted_rand_score": 0.46666566028601936, "completeness_score": 0.5486171189333952, "fowlkes_mallows_score": 0.6051400780143166, "homogeneity_score": 0.5335108987893818, "v_measure_score": 0.5409585694478893}, "classification": {"f1_score": 0.7359752476550564, "hamming_loss": 0.266, "jaccard_score": 0.588824792600359, "accuracy_score": 0.734, "recall_score": 0.7335637370197923, "precision_score": 0.766249843251504}, "found_clusters": 4, "expected_clusters": 4, "time": 0.053}, "birch": {"clustering": {"adjusted_mutual_info_score": 0.3845623933831368, "adjusted_rand_score": 0.2952847298929304, "completeness_score": 0.4781368626434144, "fowlkes_mallows_score": 0.5343824912635072, "homogeneity_score": 0.32386006273297246, "v_measure_score": 0.38615967076923674}, "classification": {"f1_score": 0.15346801277850589, "hamming_loss": 0.766, "jaccard_score": 0.11029689668408776, "accuracy_score": 0.234, "recall_score": 0.23306772908366533, "precision_score": 0.1144122047718509}, "found_clusters": 3, "expected_clusters": 4, "time": 0.11}, "dbscan": {"clustering": {"adjusted_mutual_info_score": 0.007194460251536512, "adjusted_rand_score": 5.387840126225288e-05, "completeness_score": 0.220753869834726, "fowlkes_mallows_score": 0.4968006465235056, "homogeneity_score": 0.005012763467652343, "v_measure_score": 0.009802927189584287}, "classification": {"f1_score": 0.0, "hamming_loss": 1.0, "jaccard_score": 0.0, "accuracy_score": 0.0, "recall_score": 0.0, "precision_score": 0.0}, "found_clusters": 2, "expected_clusters": 4, "time": 0.011}, "k_means": {"clustering": {"adjusted_mutual_info_score": 0.4744519454437947, "adjusted_rand_score": 0.43782193063568525, "completeness_score": 0.4794111301515357, "fowlkes_mallows_score": 0.5805820629779094, "homogeneity_score": 0.47298615399544575, "v_measure_score": 0.476176970277858}, "classification": {"f1_score": 0.741033492875971, "hamming_loss": 0.263, "jaccard_score": 0.5919808410638698, "accuracy_score": 0.737, "recall_score": 0.737015792252676, "precision_score": 0.7592636310607463}, "found_clusters": 4, "expected_clusters": 4, "time": 0.057}, "mini_batch_k_means": {"clustering": {"adjusted_mutual_info_score": 0.41596983675387383, "adjusted_rand_score": 0.377785457855102, "completeness_score": 0.4203311028585792, "fowlkes_mallows_score": 0.5353418039961008, "homogeneity_score": 0.41546722758331295, "v_measure_score": 0.4178850127143954}, "classification": {"f1_score": 0.6752756855215871, "hamming_loss": 0.322, "jaccard_score": 0.5111554185234359, "accuracy_score": 0.678, "recall_score": 0.6779068465095441, "precision_score": 0.6836670327287424}, "found_clusters": 4, "expected_clusters": 4, "time": 0.028}, "mean_shift": {"clustering": {"adjusted_mutual_info_score": 0.0, "adjusted_rand_score": 0.0, "completeness_score": 1.0, "fowlkes_mallows_score": 0.49925269478817363, "homogeneity_score": 0.0, "v_measure_score": 0.0}, "classification": {"f1_score": 0.1003197442046363, "hamming_loss": 0.749, "jaccard_score": 0.06275, "accuracy_score": 0.251, "recall_score": 0.25, "precision_score": 0.06275}, "found_clusters": 1, "expected_clusters": 4, "time": 6.7815}, "optics": {"clustering": {"adjusted_mutual_info_score": 0.15325176024263035, "adjusted_rand_score": 0.008754370120037285, "completeness_score": 0.23926991420874708, "fowlkes_mallows_score": 0.43394814635385814, "homogeneity_score": 0.14321538449852791, "v_measure_score": 0.17918143718543778}, "classification": {"f1_score": 0.005426356589147287, "hamming_loss": 0.986, "jaccard_score": 0.002788844621513944, "accuracy_score": 0.014, "recall_score": 0.002788844621513944, "precision_score": 0.1}, "found_clusters": 20, "expected_clusters": 4, "time": 1.0261}, "spectral_clustering": {"clustering": {"adjusted_mutual_info_score": 0.7609266750262158, "adjusted_rand_score": 0.6592349257075544, "completeness_score": 0.8842518196066317, "fowlkes_mallows_score": 0.7771936017911294, "homogeneity_score": 0.6692276422864815, "v_measure_score": 0.7618584924215671}, "classification": {"f1_score": 0.6518168779862801, "hamming_loss": 0.268, "jaccard_score": 0.5979928216657178, "accuracy_score": 0.732, "recall_score": 0.7329557272916366, "precision_score": 0.6121272804092552}, "found_clusters": 4, "expected_clusters": 4, "time": 0.3436}, "gaussian_mixture_model": {"clustering": {"adjusted_mutual_info_score": 0.9447104605716224, "adjusted_rand_score": 0.9655633497999395, "completeness_score": 0.9449262771448053, "fowlkes_mallows_score": 0.9741476983583413, "homogeneity_score": 0.9448551207429469, "v_measure_score": 0.9448906976042413}, "classification": {"f1_score": 0.986989178919812, "hamming_loss": 0.013, "jaccard_score": 0.9743344621486606, "accuracy_score": 0.987, "recall_score": 0.9870277924446791, "precision_score": 0.987085896025292}, "found_clusters": 4, "expected_clusters": 4, "time": 0.023}}, "classification_alg": {"KNeighborsClassifier": {"clustering": {"adjusted_mutual_info_score": 0.8477762910684286, "adjusted_rand_score": 0.8425333775574778, "completeness_score": 0.8516458903876392, "fowlkes_mallows_score": 0.8818532509605247, "homogeneity_score": 0.8489889686947277, "v_measure_score": 0.8503153540712951}, "classification": {"f1_score": 0.9418146406338952, "hamming_loss": 0.06, "jaccard_score": 0.8919948607858444, "accuracy_score": 0.94, "recall_score": 0.945211038961039, "precision_score": 0.9465312965722802}, "time": 0.01}, "DecisionTreeClassifier": {"clustering": {"adjusted_mutual_info_score": 0.7039504920582365, "adjusted_rand_score": 0.7156463450204182, "completeness_score": 0.7082535337301743, "fowlkes_mallows_score": 0.7861365242522036, "homogeneity_score": 0.7094972013824746, "v_measure_score": 0.7088748220763643}, "classification": {"f1_score": 0.8884783368273934, "hamming_loss": 0.115, "jaccard_score": 0.8035197372483734, "accuracy_score": 0.885, "recall_score": 0.8920231339315041, "precision_score": 0.886821811728644}, "time": 0.003}, "RandomForestClassifier": {"clustering": {"adjusted_mutual_info_score": 0.8138199053516417, "adjusted_rand_score": 0.8419789821616425, "completeness_score": 0.8167211476694531, "fowlkes_mallows_score": 0.8812223396212289, "homogeneity_score": 0.8171169057834627, "v_measure_score": 0.8169189787949985}, "classification": {"f1_score": 0.941193869674282, "hamming_loss": 0.06, "jaccard_score": 0.8897301349325337, "accuracy_score": 0.94, "recall_score": 0.9432486170994802, "precision_score": 0.9413340643274853}, "time": 0.273}, "LinearSVC": {"clustering": {"adjusted_mutual_info_score": 0.67183966096311, "adjusted_rand_score": 0.6858148746534487, "completeness_score": 0.6781347850851855, "fowlkes_mallows_score": 0.7641838111437571, "homogeneity_score": 0.6764893776027266, "v_measure_score": 0.6773110820388137}, "classification": {"f1_score": 0.8718991303706232, "hamming_loss": 0.13, "jaccard_score": 0.7779115928453544, "accuracy_score": 0.87, "recall_score": 0.87585893632662, "precision_score": 0.8732007906057435}, "time": 0.041}, "LogisticRegression": {"clustering": {"adjusted_mutual_info_score": 0.6906686375722977, "adjusted_rand_score": 0.7064696740508281, "completeness_score": 0.696186911228562, "fowlkes_mallows_score": 0.7795285758787844, "homogeneity_score": 0.6954577437182458, "v_measure_score": 0.6958221364457388},