{"clustering_alg": {"affinity_propagation": {"clustering": {"adjusted_mutual_info_score": 0.41931645411295604, "adjusted_rand_score": 0.14254732353811841, "completeness_score": 0.30561488889159816, "fowlkes_mallows_score": 0.293524157690466, "homogeneity_score": 0.7284055458274362, "v_measure_score": 0.4305748174436498}, "classification": {"f1_score": 0.01951163376128313, "hamming_loss": 0.911, "jaccard_score": 0.011440811813946144, "accuracy_score": 0.089, "recall_score": 0.011866666666666666, "precision_score": 0.05530612244897959}, "found_clusters": 30, "expected_clusters": 4, "time": 4.2342}, "agglomerative": {"clustering": {"adjusted_mutual_info_score": 0.5898146463281247, "adjusted_rand_score": 0.5936513719768283, "completeness_score": 0.5929462428274576, "fowlkes_mallows_score": 0.6958199651240718, "homogeneity_score": 0.5893764212805187, "v_measure_score": 0.5911559428204634}, "classification": {"f1_score": 0.8245899857708524, "hamming_loss": 0.177, "jaccard_score": 0.704931576792723, "accuracy_score": 0.823, "recall_score": 0.8227503360860381, "precision_score": 0.8340593001443429}, "found_clusters": 4, "expected_clusters": 4, "time": 0.021}, "birch": {"clustering": {"adjusted_mutual_info_score": 0.4473272928573659, "adjusted_rand_score": 0.38080427205884726, "completeness_score": 0.5274383406656075, "fowlkes_mallows_score": 0.5807100831825193, "homogeneity_score": 0.39042791364338136, "v_measure_score": 0.44870731428432575}, "classification": {"f1_score": 0.03265524364076365, "hamming_loss": 0.952, "jaccard_score": 0.017269054435090046, "accuracy_score": 0.048, "recall_score": 0.04803252032520325, "precision_score": 0.025107430984749303}, "found_clusters": 3, "expected_clusters": 4, "time": 0.017}, "dbscan": {"clustering": {"adjusted_mutual_info_score": -0.0002601154814499471, "adjusted_rand_score": 1.7044108160609722e-05, "completeness_score": 0.053322979246864105, "fowlkes_mallows_score": 0.4968009259978311, "homogeneity_score": 0.001210879252537955, "v_measure_score": 0.002367985359196531}, "classification": {"f1_score": 0.07896857373086222, "hamming_loss": 0.755, "jaccard_score": 0.04919678714859438, "accuracy_score": 0.245, "recall_score": 0.1991869918699187, "precision_score": 0.0492462311557789}, "found_clusters": 2, "expected_clusters": 4, "time": 0.007}, "k_means": {"clustering": {"adjusted_mutual_info_score": 0.49449445292696537, "adjusted_rand_score": 0.4700587813413103, "completeness_score": 0.5019535976383303, "fowlkes_mallows_score": 0.6065795893159296, "homogeneity_score": 0.49050222906214686, "v_measure_score": 0.49616184802081054}, "classification": {"f1_score": 0.753000699178995, "hamming_loss": 0.245, "jaccard_score": 0.6044200310782855, "accuracy_score": 0.755, "recall_score": 0.755444273734076, "precision_score": 0.7760707620633962}, "found_clusters": 4, "expected_clusters": 4, "time": 0.039}, "mini_batch_k_means": {"clustering": {"adjusted_mutual_info_score": 0.4883032760627494, "adjusted_rand_score": 0.5010122369007737, "completeness_score": 0.4908091980136156, "fowlkes_mallows_score": 0.6259931094388915, "homogeneity_score": 0.4891421557789297, "v_measure_score": 0.48997425895353425}, "classification": {"f1_score": 0.7699560649372752, "hamming_loss": 0.228, "jaccard_score": 0.6285958635595196, "accuracy_score": 0.772, "recall_score": 0.7719519877088535, "precision_score": 0.771917970483169}, "found_clusters": 4, "expected_clusters": 4, "time": 0.028}, "mean_shift": {"clustering": {"adjusted_mutual_info_score": -3.1523172166011255e-16, "adjusted_rand_score": 0.0, "completeness_score": 1.0, "fowlkes_mallows_score": 0.49928076398083, "homogeneity_score": 0.0, "v_measure_score": 0.0}, "classification": {"f1_score": 0.09871589085072231, "hamming_loss": 0.754, "jaccard_score": 0.0615, "accuracy_score": 0.246, "recall_score": 0.25, "precision_score": 0.0615}, "found_clusters": 1, "expected_clusters": 4, "time": 9.2736}, "optics": {"clustering": {"adjusted_mutual_info_score": 0.23057413138564564, "adjusted_rand_score": 0.017315812052360546, "completeness_score": 0.20654688126430398, "fowlkes_mallows_score": 0.27400008986353014, "homogeneity_score": 0.38527472344979924, "v_measure_score": 0.2689232428308033}, "classification": {"f1_score": 0.0009599673202614379, "hamming_loss": 0.993, "jaccard_score": 0.000490122945158171, "accuracy_score": 0.007, "recall_score": 0.000492369134217658, "precision_score": 0.019493177387914232}, "found_clusters": 57, "expected_clusters": 4, "time": 0.5441}, "spectral_clustering": {"clustering": {"adjusted_mutual_info_score": 0.48852631241146144, "adjusted_rand_score": 0.3711643284833236, "completeness_score": 0.5439778111373754, "fowlkes_mallows_score": 0.5660631763291176, "homogeneity_score": 0.4463743355610852, "v_measure_score": 0.4903664516018903}, "classification": {"f1_score": 0.5825585510283895, "hamming_loss": 0.384, "jaccard_score": 0.4231057509555337, "accuracy_score": 0.616, "recall_score": 0.6175538057742783, "precision_score": 0.7694427061604784}, "found_clusters": 4, "expected_clusters": 4, "time": 0.245}, "gaussian_mixture_model": {"clustering": {"adjusted_mutual_info_score": 0.6256272842982186, "adjusted_rand_score": 0.6568236432862691, "completeness_score": 0.6277590012123425, "fowlkes_mallows_score": 0.7427131782916212, "homogeneity_score": 0.6259426535400746, "v_measure_score": 0.6268495116250272}, "classification": {"f1_score": 0.8470926888273902, "hamming_loss": 0.15, "jaccard_score": 0.7399675788590767, "accuracy_score": 0.85, "recall_score": 0.8490791882721977, "precision_score": 0.8478886795345609}, "found_clusters": 4, "expected_clusters": 4, "time": 0.014}}, "classification_alg": {"KNeighborsClassifier": {"clustering": {"adjusted_mutual_info_score": 0.6594305364595033, "adjusted_rand_score": 0.6525210644616708, "completeness_score": 0.6666142366721318, "fowlkes_mallows_score": 0.739496095017942, "homogeneity_score": 0.6636316305377492, "v_measure_score": 0.6651195898849667}, "classification": {"f1_score": 0.8586672165498812, "hamming_loss": 0.145, "jaccard_score": 0.7567700798723445, "accuracy_score": 0.855, "recall_score": 0.8563122163665642, "precision_score": 0.8670751661963283}, "time": 0.006}, "DecisionTreeClassifier": {"clustering": {"adjusted_mutual_info_score": 0.5414387804837183, "adjusted_rand_score": 0.537968899094512, "completeness_score": 0.5511599897327301, "fowlkes_mallows_score": 0.6541005842662132, "homogeneity_score": 0.5470789137255434, "v_measure_score": 0.5491118690523057}, "classification": {"f1_score": 0.8046490748581034, "hamming_loss": 0.2, "jaccard_score": 0.6778076690525214, "accuracy_score": 0.8, "recall_score": 0.8001449536775624, "precision_score": 0.8143418610035198}, "time": 0.002}, "RandomForestClassifier": {"clustering": {"adjusted_mutual_info_score": 0.6384012755526735, "adjusted_rand_score": 0.6438633512476866, "completeness_score": 0.6474692622017773, "fowlkes_mallows_score": 0.733657094517039, "homogeneity_score": 0.6414750788719864, "v_measure_score": 0.6444582326837697}, "classification": {"f1_score": 0.858627824446114, "hamming_loss": 0.145, "jaccard_score": 0.7548177429356011, "accuracy_score": 0.855, "recall_score": 0.8536497218562435, "precision_score": 0.8696809587014324}, "time": 0.166}, "LinearSVC": {"clustering": {"adjusted_mutual_info_score": 0.6283580650810171, "adjusted_rand_score": 0.620055028146257, "completeness_score": 0.6340030934845301, "fowlkes_mallows_score": 0.7143745773183237, "homogeneity_score": 0.6350850457614012, "v_measure_score": 0.634543608417517}, "classification": {"f1_score": 0.8372512864493996, "hamming_loss": 0.165, "jaccard_score": 0.7266165086724344, "accuracy_score": 0.835, "recall_score": 0.8400634188677667, "precision_score": 0.8387276612276612}, "time": 0.021}, "LogisticRegression": {"clustering": {"adjusted_mutual_info_score": 0.6283580650810171, "adjusted_rand_score": 0.620055028146257, "completeness_score": 0.6340030934845301, "fowlkes_mallows_score": 0.7143745773183237,