{"clustering_alg": {"affinity_propagation": {"clustering": {"adjusted_mutual_info_score": 0.3304445416893282, "adjusted_rand_score": 0.0302909864995061, "completeness_score": 0.21750970341170175, "fowlkes_mallows_score": 0.13429192350766325, "homogeneity_score": 0.788035351602912, "v_measure_score": 0.3409202496701541}, "classification": {"f1_score": 0.0001880313930673643, "hamming_loss": 0.9954, "jaccard_score": 9.54515272244356e-05, "accuracy_score": 0.0046, "recall_score": 9.54515272244356e-05, "precision_score": 0.00625}, "found_clusters": 160, "expected_clusters": 4, "time": 53.557}, "agglomerative": {"clustering": {"adjusted_mutual_info_score": 0.6393288972662836, "adjusted_rand_score": 0.6005410649809259, "completeness_score": 0.641807560854899, "fowlkes_mallows_score": 0.7032893900638675, "homogeneity_score": 0.637339567945959, "v_measure_score": 0.6395657611695946}, "classification": {"f1_score": 0.8273847924070683, "hamming_loss": 0.1788, "jaccard_score": 0.7204631488982569, "accuracy_score": 0.8212, "recall_score": 0.8444326123279007, "precision_score": 0.8356324682015759}, "found_clusters": 4, "expected_clusters": 4, "time": 0.8502}, "birch": {"clustering": {"adjusted_mutual_info_score": 0.5941571002944582, "adjusted_rand_score": 0.4874606823917299, "completeness_score": 0.6870382222970604, "fowlkes_mallows_score": 0.6512608615428478, "homogeneity_score": 0.5237104560300343, "v_measure_score": 0.5943580317699126}, "classification": {"f1_score": 0.3647772203780213, "hamming_loss": 0.6256, "jaccard_score": 0.3135373405525999, "accuracy_score": 0.3744, "recall_score": 0.38687226403029856, "precision_score": 0.35142702473889437}, "found_clusters": 3, "expected_clusters": 4, "time": 0.094}, "dbscan": {"clustering": {"adjusted_mutual_info_score": -5.124785561051359e-05, "adjusted_rand_score": -4.9667644328922855e-05, "completeness_score": 0.12611128544344424, "fowlkes_mallows_score": 0.5046469237388936, "homogeneity_score": 0.00017439449538254203, "v_measure_score": 0.000348307329819291}, "classification": {"f1_score": 0.09254419677171408, "hamming_loss": 0.699, "jaccard_score": 0.0602, "accuracy_score": 0.301, "recall_score": 0.199867197875166, "precision_score": 0.06021204240848169}, "found_clusters": 2, "expected_clusters": 4, "time": 0.344}, "k_means": {"clustering": {"adjusted_mutual_info_score": 0.6034303073109485, "adjusted_rand_score": 0.5551880791827257, "completeness_score": 0.6098679575047515, "fowlkes_mallows_score": 0.6717076852622919, "homogeneity_score": 0.5976408096552748, "v_measure_score": 0.6036924779654955}, "classification": {"f1_score": 0.8005967091633585, "hamming_loss": 0.202, "jaccard_score": 0.6800848482489832, "accuracy_score": 0.798, "recall_score": 0.8200275652331054, "precision_score": 0.8207625952232828}, "found_clusters": 4, "expected_clusters": 4, "time": 0.099}, "mini_batch_k_means": {"clustering": {"adjusted_mutual_info_score": 0.584816410959015, "adjusted_rand_score": 0.538063904528006, "completeness_score": 0.5851592947893204, "fowlkes_mallows_score": 0.6557929708013366, "homogeneity_score": 0.585017030600192, "v_measure_score": 0.5850881540468716}, "classification": {"f1_score": 0.7950767206109727, "hamming_loss": 0.2122, "jaccard_score": 0.6720245704552237, "accuracy_score": 0.7878, "recall_score": 0.8077330546075968, "precision_score": 0.794692445550106}, "found_clusters": 4, "expected_clusters": 4, "time": 0.053}, "mean_shift": {"clustering": {"adjusted_mutual_info_score": 1.1000645166223271e-15, "adjusted_rand_score": 0.0, "completeness_score": 1.0, "fowlkes_mallows_score": 0.5047845495736747, "homogeneity_score": 1.6131870551166649e-16, "v_measure_score": 3.226374110233329e-16}, "classification": {"f1_score": 0.11573931755302796, "hamming_loss": 0.6988, "jaccard_score": 0.0753, "accuracy_score": 0.3012, "recall_score": 0.25, "precision_score": 0.0753}, "found_clusters": 1, "expected_clusters": 4, "time": 49.3975}, "optics": {"clustering": {"adjusted_mutual_info_score": 0.10147135885902696, "adjusted_rand_score": 0.0026636767509601754, "completeness_score": 0.16594802530284228, "fowlkes_mallows_score": 0.44998473214056217, "homogeneity_score": 0.10238082870514595, "v_measure_score": 0.126634881778176}, "classification": {"f1_score": 5.288766659614977e-05, "hamming_loss": 0.9994, "jaccard_score": 2.6504810623128097e-05, "accuracy_score": 0.0006, "recall_score": 2.660706683695189e-05, "precision_score": 0.004310344827586207}, "found_clusters": 87, "expected_clusters": 4, "time": 4.3753}, "spectral_clustering": {"clustering": {"adjusted_mutual_info_score": 0.575549202175196, "adjusted_rand_score": 0.4852452964845002, "completeness_score": 0.5936427346502955, "fowlkes_mallows_score": 0.627271738630411, "homogeneity_score": 0.5590651986514386, "v_measure_score": 0.5758353591349425}, "classification": {"f1_score": 0.7493626388361478, "hamming_loss": 0.2478, "jaccard_score": 0.6089151550891986, "accuracy_score": 0.7522, "recall_score": 0.7698149507620764, "precision_score": 0.809063949229631}, "found_clusters": 4, "expected_clusters": 4, "time": 3.1296}, "gaussian_mixture_model": {"clustering": {"adjusted_mutual_info_score": 0.7529962386478546, "adjusted_rand_score": 0.7189667614686184, "completeness_score": 0.7560700281461671, "fowlkes_mallows_score": 0.7914149608509233, "homogeneity_score": 0.750269332099405, "v_measure_score": 0.7531585113000377}, "classification": {"f1_score": 0.891289071286499, "hamming_loss": 0.115, "jaccard_score": 0.8121426955167316, "accuracy_score": 0.885, "recall_score": 0.9014924775657144, "precision_score": 0.9029431195388999}, "found_clusters": 4, "expected_clusters": 4, "time": 0.047}}, "classification_alg": {"KNeighborsClassifier": {"clustering": {"adjusted_mutual_info_score": 0.757614468527251, "adjusted_rand_score": 0.7678553261999971, "completeness_score": 0.7575492045699237, "fowlkes_mallows_score": 0.8269914323324489, "homogeneity_score": 0.7592750765227196, "v_measure_score": 0.7584111586811068}, "classification": {"f1_score": 0.9156826473040879, "hamming_loss": 0.09, "jaccard_score": 0.8478172388205727, "accuracy_score": 0.91, "recall_score": 0.9198831822840581, "precision_score": 0.9157711379108057}, "time": 0.048}, "DecisionTreeClassifier": {"clustering": {"adjusted_mutual_info_score": 0.7102986337204945, "adjusted_rand_score": 0.7138738475710081, "completeness_score": 0.7111281176393027, "fowlkes_mallows_score": 0.7869578615305998, "homogeneity_score": 0.7113754962543987, "v_measure_score": 0.7112517854368248}, "classification": {"f1_score": 0.8956436901813662, "hamming_loss": 0.113, "jaccard_score": 0.8166728420699806, "accuracy_score": 0.887, "recall_score": 0.8956929052029646, "precision_score": 0.895812943373294}, "time": 0.019}, "RandomForestClassifier": {"clustering": {"adjusted_mutual_info_score": 0.7708460221735978, "adjusted_rand_score": 0.7858279173205283, "completeness_score": 0.7705774321740863, "fowlkes_mallows_score": 0.840363719824697, "homogeneity_score": 0.7726234303887962, "v_measure_score": 0.7715990749743018}, "classification": {"f1_score": 0.9237731084800332, "hamming_loss": 0.082, "jaccard_score": 0.8615947898864774, "accuracy_score": 0.918, "recall_score": 0.9261910434886136, "precision_score": 0.9224605033131672}, "time": 0.5965}, "LinearSVC": {"clustering": {"adjusted_mutual_info_score": 0.6726276582921366, "adjusted_rand_score": 0.6426156951555093, "completeness_score": 0.6724838561420242, "fowlkes_mallows_score": 0.7334973152766087, "homogeneity_score": 0.67492645288369, "v_measure_score": 0.6737029405328977}, "classification": {"f1_score": 0.8576181749268266, "hamming_loss": 0.153, "jaccard_score": 0.7632253210446294, "accuracy_score": 0.847, "recall_score": 0.8648454779676112, "precision_score": 0.8554067743107274}, "time": 0.019}, "LogisticRegression": {"clustering": {"adjusted_mutual_info_score": 0.6667907804503409, "adjusted_rand_score": 0.6423443873374609, "completeness_score": 0.6670997455908073,