{"clustering_alg": {"affinity_propagation": {"clustering": {"adjusted_mutual_info_score": 0.2799584255845114, "adjusted_rand_score": 0.05309737549050205, "completeness_score": 0.20613722019432285, "fowlkes_mallows_score": 0.16895371429357162, "homogeneity_score": 0.5942599365011076, "v_measure_score": 0.3060957684781153}, "classification": {"f1_score": 0.001522248243559719, "hamming_loss": 0.987, "jaccard_score": 0.0007981825996193283, "accuracy_score": 0.013, "recall_score": 0.0008558825465797616, "precision_score": 0.006874669487043892}, "found_clusters": 61, "expected_clusters": 4, "time": 1.7728}, "agglomerative": {"clustering": {"adjusted_mutual_info_score": 0.19941465450837625, "adjusted_rand_score": 0.1422585216704908, "completeness_score": 0.2062636144527774, "fowlkes_mallows_score": 0.36628960405850086, "homogeneity_score": 0.1980614318538028, "v_measure_score": 0.20207932796169678}, "classification": {"f1_score": 0.4676165558781321, "hamming_loss": 0.542, "jaccard_score": 0.31153034189143713, "accuracy_score": 0.458, "recall_score": 0.45796732747723967, "precision_score": 0.5216520979020979}, "found_clusters": 4, "expected_clusters": 4, "time": 0.061}, "birch": {"clustering": {"adjusted_mutual_info_score": 0.12157472563555857, "adjusted_rand_score": 0.07120797132791028, "completeness_score": 0.1478445288343083, "fowlkes_mallows_score": 0.36301310148043286, "homogeneity_score": 0.10647501067815045, "v_measure_score": 0.12379503215928035}, "classification": {"f1_score": 0.1682320146718992, "hamming_loss": 0.777, "jaccard_score": 0.1015763896830864, "accuracy_score": 0.223, "recall_score": 0.2228315653050449, "precision_score": 0.13744371050405532}, "found_clusters": 3, "expected_clusters": 4, "time": 0.18}, "dbscan": {"clustering": {"adjusted_mutual_info_score": 0.0, "adjusted_rand_score": 0.0, "completeness_score": 1.0, "fowlkes_mallows_score": 0.49925269478817363, "homogeneity_score": 0.0, "v_measure_score": 0.0}, "classification": {"f1_score": 0.0, "hamming_loss": 1.0, "jaccard_score": 0.0, "accuracy_score": 0.0, "recall_score": 0.0, "precision_score": 0.0}, "found_clusters": 1, "expected_clusters": 4, "time": 0.016}, "k_means": {"clustering": {"adjusted_mutual_info_score": 0.23101126193169907, "adjusted_rand_score": 0.19844860516402066, "completeness_score": 0.23519372627652654, "fowlkes_mallows_score": 0.40190945969964403, "homogeneity_score": 0.23190180471455904, "v_measure_score": 0.23353616535504565}, "classification": {"f1_score": 0.5183776230425975, "hamming_loss": 0.485, "jaccard_score": 0.3596572882385108, "accuracy_score": 0.515, "recall_score": 0.5153642458279333, "precision_score": 0.533294439459388}, "found_clusters": 4, "expected_clusters": 4, "time": 0.233}, "mini_batch_k_means": {"clustering": {"adjusted_mutual_info_score": 0.17524205930137654, "adjusted_rand_score": 0.17166903513072812, "completeness_score": 0.1789732351551213, "fowlkes_mallows_score": 0.38134175812408605, "homogeneity_score": 0.17693129521058673, "v_measure_score": 0.17794640754635135}, "classification": {"f1_score": 0.5035469626122018, "hamming_loss": 0.488, "jaccard_score": 0.34279323113253213, "accuracy_score": 0.512, "recall_score": 0.5122001952031232, "precision_score": 0.5022385055695857}, "found_clusters": 4, "expected_clusters": 4, "time": 0.071}, "mean_shift": {"clustering": {"adjusted_mutual_info_score": 0.010462988552008287, "adjusted_rand_score": 0.00032650286371237034, "completeness_score": 0.13328790912801133, "fowlkes_mallows_score": 0.4930430895591879, "homogeneity_score": 0.006669903778798363, "v_measure_score": 0.012704078611931499}, "classification": {"f1_score": 0.09857678729037951, "hamming_loss": 0.76, "jaccard_score": 0.06088035971030964, "accuracy_score": 0.24, "recall_score": 0.24095585529368468, "precision_score": 0.07976774998051595}, "found_clusters": 2, "expected_clusters": 4, "time": 6.3091}, "optics": {"clustering": {"adjusted_mutual_info_score": 0.0821596042454682, "adjusted_rand_score": 0.001993152589389963, "completeness_score": 0.17564128487140696, "fowlkes_mallows_score": 0.4494354784684552, "homogeneity_score": 0.07700881862284642, "v_measure_score": 0.10707241091356631}, "classification": {"f1_score": 0.0053638653826348385, "hamming_loss": 0.989, "jaccard_score": 0.0027256533717824206, "accuracy_score": 0.011, "recall_score": 0.0027490439847037552, "precision_score": 0.11383928571428571}, "found_clusters": 16, "expected_clusters": 4, "time": 1.0627}, "spectral_clustering": {"clustering": {"adjusted_mutual_info_score": 0.061969394442798635, "adjusted_rand_score": 0.004453249870694219, "completeness_score": 0.30528091740864394, "fowlkes_mallows_score": 0.4843548481128378, "homogeneity_score": 0.03825936774247063, "v_measure_score": 0.06799700290612755}, "classification": {"f1_score": 0.16584047270671257, "hamming_loss": 0.714, "jaccard_score": 0.10028551734086313, "accuracy_score": 0.286, "recall_score": 0.2851245619929919, "precision_score": 0.5651609553478713}, "found_clusters": 4, "expected_clusters": 4, "time": 0.5517}, "gaussian_mixture_model": {"clustering": {"adjusted_mutual_info_score": 0.6220035813469593, "adjusted_rand_score": 0.6549471336116919, "completeness_score": 0.6250095152076458, "fowlkes_mallows_score": 0.7416386498186165, "homogeneity_score": 0.6214791571464737, "v_measure_score": 0.6232393367621768}, "classification": {"f1_score": 0.8525387538952289, "hamming_loss": 0.146, "jaccard_score": 0.7443447730113375, "accuracy_score": 0.854, "recall_score": 0.8540696651146418, "precision_score": 0.8578879766513886}, "found_clusters": 4, "expected_clusters": 4, "time": 0.057}}, "classification_alg": {"KNeighborsClassifier": {"clustering": {"adjusted_mutual_info_score": 0.5178274968222106, "adjusted_rand_score": 0.533591003453681, "completeness_score": 0.5236004615439314, "fowlkes_mallows_score": 0.6526759111178193, "homogeneity_score": 0.5283040313810422, "v_measure_score": 0.5259417305034042}, "classification": {"f1_score": 0.7845403355817168, "hamming_loss": 0.21, "jaccard_score": 0.6470723362658847, "accuracy_score": 0.79, "recall_score": 0.7902231401714004, "precision_score": 0.7826393429908279}, "time": 0.013}, "DecisionTreeClassifier": {"clustering": {"adjusted_mutual_info_score": 0.38309759812779903, "adjusted_rand_score": 0.38852495801341663, "completeness_score": 0.39205257176687563, "fowlkes_mallows_score": 0.545000924870141, "homogeneity_score": 0.39493522444895596, "v_measure_score": 0.3934886186826658}, "classification": {"f1_score": 0.6975215682662492, "hamming_loss": 0.295, "jaccard_score": 0.538231780167264, "accuracy_score": 0.705, "recall_score": 0.7046147978642259, "precision_score": 0.6955955615942029}, "time": 0.005}, "RandomForestClassifier": {"clustering": {"adjusted_mutual_info_score": 0.5027379405599981, "adjusted_rand_score": 0.5320699532046984, "completeness_score": 0.5122165301813408, "fowlkes_mallows_score": 0.6537266807988459, "homogeneity_score": 0.5101264660172883, "v_measure_score": 0.511169361649891}, "classification": {"f1_score": 0.7825718700719111, "hamming_loss": 0.21, "jaccard_score": 0.6454637419231015, "accuracy_score": 0.79, "recall_score": 0.787677513797281, "precision_score": 0.7861210700496415}, "time": 0.3077}, "LinearSVC": {"clustering": {"adjusted_mutual_info_score": 0.4993717178524316, "adjusted_rand_score": 0.49121943910550975, "completeness_score": 0.51002330276478, "fowlkes_mallows_score": 0.624411900106301, "homogeneity_score": 0.505755374436832, "v_measure_score": 0.5078803724684086}, "classification": {"f1_score": 0.7439992158979556, "hamming_loss": 0.245, "jaccard_score": 0.5963143762790626, "accuracy_score": 0.755, "recall_score": 0.7477986045676852, "precision_score": 0.7501152327043198}, "time": 0.059}, "LogisticRegression": {"clustering": {"adjusted_mutual_info_score": 0.5016139299108691, "adjusted_rand_score": 0.48394504896808177, "completeness_score": 0.5109233112740339, "fowlkes_mallows_score": 0.6180857477249306,