{"clustering_alg": {"affinity_propagation": {"clustering": {"adjusted_mutual_info_score": -1.281370601507323e-15, "adjusted_rand_score": 0.0, "completeness_score": 1.0, "fowlkes_mallows_score": 0.4998499474782395, "homogeneity_score": 6.40685300762983e-16, "v_measure_score": 1.2813706015259653e-15}, "classification": {"f1_score": 0.0, "hamming_loss": 1.0, "jaccard_score": 0.0, "accuracy_score": 0.0, "recall_score": 0.0, "precision_score": 0.0}, "found_clusters": 1, "expected_clusters": 4, "time": 147.753}, "agglomerative": {"clustering": {"adjusted_mutual_info_score": 0.8732383819253617, "adjusted_rand_score": 0.8669047380932485, "completeness_score": 0.873342975452858, "fowlkes_mallows_score": 0.9001609356353474, "homogeneity_score": 0.8732985217054047, "v_measure_score": 0.8733207480134355}, "classification": {"f1_score": 0.9437960342481766, "hamming_loss": 0.0562, "jaccard_score": 0.8989514477236756, "accuracy_score": 0.9438, "recall_score": 0.9438, "precision_score": 0.9438547135543536}, "found_clusters": 4, "expected_clusters": 4, "time": 0.565}, "birch": {"clustering": {"adjusted_mutual_info_score": 0.8570721064109494, "adjusted_rand_score": 0.7141631882897822, "completeness_score": 1.0, "fowlkes_mallows_score": 0.8163876493575091, "homogeneity_score": 0.7500000000000001, "v_measure_score": 0.8571428571428573}, "classification": {"f1_score": 0.16666666666666666, "hamming_loss": 0.75, "jaccard_score": 0.125, "accuracy_score": 0.25, "recall_score": 0.25, "precision_score": 0.125}, "found_clusters": 3, "expected_clusters": 4, "time": 0.16}, "dbscan": {"clustering": {"adjusted_mutual_info_score": 0.8348084287651176, "adjusted_rand_score": 0.7058109181566647, "completeness_score": 0.9506889389487958, "fowlkes_mallows_score": 0.8084306748736533, "homogeneity_score": 0.7443788881222876, "v_measure_score": 0.834978711793089}, "classification": {"f1_score": 0.13315465022782097, "hamming_loss": 0.7516, "jaccard_score": 0.0997991161108879, "accuracy_score": 0.2484, "recall_score": 0.19872, "precision_score": 0.10012091898428052}, "found_clusters": 5, "expected_clusters": 4, "time": 0.046}, "k_means": {"clustering": {"adjusted_mutual_info_score": 0.8827890673093683, "adjusted_rand_score": 0.8795228612414284, "completeness_score": 0.8829509090452247, "fowlkes_mallows_score": 0.909632204004257, "homogeneity_score": 0.8827795738057781, "v_measure_score": 0.8828652331128612}, "classification": {"f1_score": 0.9497864945755811, "hamming_loss": 0.0502, "jaccard_score": 0.9087401801668447, "accuracy_score": 0.9498, "recall_score": 0.9498, "precision_score": 0.9500151843359159}, "found_clusters": 4, "expected_clusters": 4, "time": 0.054}, "mini_batch_k_means": {"clustering": {"adjusted_mutual_info_score": 0.8806193570058432, "adjusted_rand_score": 0.8753325099261828, "completeness_score": 0.8809831880592293, "fowlkes_mallows_score": 0.906509076191921, "homogeneity_score": 0.8804108988623586, "v_measure_score": 0.8806969504904225}, "classification": {"f1_score": 0.947752977679912, "hamming_loss": 0.0522, "jaccard_score": 0.9053992283028438, "accuracy_score": 0.9478, "recall_score": 0.9478, "precision_score": 0.9485146527498997}, "found_clusters": 4, "expected_clusters": 4, "time": 0.028}, "mean_shift": {"clustering": {"adjusted_mutual_info_score": 0.8570721064109494, "adjusted_rand_score": 0.7141631882897822, "completeness_score": 1.0, "fowlkes_mallows_score": 0.8163876493575091, "homogeneity_score": 0.7500000000000001, "v_measure_score": 0.8571428571428573}, "classification": {"f1_score": 0.41666666666666663, "hamming_loss": 0.5, "jaccard_score": 0.375, "accuracy_score": 0.5, "recall_score": 0.5, "precision_score": 0.375}, "found_clusters": 3, "expected_clusters": 4, "time": 4.9944}, "optics": {"clustering": {"adjusted_mutual_info_score": 0.22128947427877904, "adjusted_rand_score": 0.0031647709520579684, "completeness_score": 0.18043385138852813, "fowlkes_mallows_score": 0.2645994771638113, "homogeneity_score": 0.43922316759638874, "v_measure_score": 0.25578901011501154}, "classification": {"f1_score": 2.6738682852482685e-05, "hamming_loss": 0.999, "jaccard_score": 1.3422818791946309e-05, "accuracy_score": 0.001, "recall_score": 1.3422818791946309e-05, "precision_score": 0.003355704697986577}, "found_clusters": 298, "expected_clusters": 4, "time": 3.0186}, "spectral_clustering": {"clustering": {"adjusted_mutual_info_score": 0.881532683083894, "adjusted_rand_score": 0.877005437980821, "completeness_score": 0.8818248286850173, "fowlkes_mallows_score": 0.9077566092567858, "homogeneity_score": 0.8813946296303063, "v_measure_score": 0.8816096766766092}, "classification": {"f1_score": 0.9485652300955446, "hamming_loss": 0.0514, "jaccard_score": 0.9067308917516057, "accuracy_score": 0.9486, "recall_score": 0.9486, "precision_score": 0.9491384704240265}, "found_clusters": 4, "expected_clusters": 4, "time": 3.0053}, "gaussian_mixture_model": {"clustering": {"adjusted_mutual_info_score": 0.8821691171983248, "adjusted_rand_score": 0.8778537778719623, "completeness_score": 0.8824610043891864, "fowlkes_mallows_score": 0.9083928482958178, "homogeneity_score": 0.8820304949755722, "v_measure_score": 0.8822456971634651}, "classification": {"f1_score": 0.9489655006784586, "hamming_loss": 0.051, "jaccard_score": 0.9073894645258246, "accuracy_score": 0.949, "recall_score": 0.9490000000000001, "precision_score": 0.9495395549566026}, "found_clusters": 4, "expected_clusters": 4, "time": 0.021}}, "classification_alg": {"KNeighborsClassifier": {"clustering": {"adjusted_mutual_info_score": 0.8744052852738244, "adjusted_rand_score": 0.8653621826030656, "completeness_score": 0.8747617812698555, "fowlkes_mallows_score": 0.8990189544098225, "homogeneity_score": 0.8748685000756553, "v_measure_score": 0.8748151374180954}, "classification": {"f1_score": 0.9481534719150818, "hamming_loss": 0.054, "jaccard_score": 0.906052574250236, "accuracy_score": 0.946, "recall_score": 0.9482442038817769, "precision_score": 0.94811564084424}, "time": 0.028}, "DecisionTreeClassifier": {"clustering": {"adjusted_mutual_info_score": 0.846183008200736, "adjusted_rand_score": 0.8233951522692249, "completeness_score": 0.8466262730955784, "fowlkes_mallows_score": 0.8675417834989951, "homogeneity_score": 0.8467436422091013, "v_measure_score": 0.8466849535848562}, "classification": {"f1_score": 0.9289761841601085, "hamming_loss": 0.074, "jaccard_score": 0.8756214689265537, "accuracy_score": 0.926, "recall_score": 0.9292003421627042, "precision_score": 0.9290682936893919}, "time": 0.004}, "RandomForestClassifier": {"clustering": {"adjusted_mutual_info_score": 0.8616695234741774, "adjusted_rand_score": 0.8459571361268284, "completeness_score": 0.8620898735924913, "fowlkes_mallows_score": 0.884467548076488, "homogeneity_score": 0.8621520239425005, "v_measure_score": 0.8621209476473903}, "classification": {"f1_score": 0.9395384564374054, "hamming_loss": 0.063, "jaccard_score": 0.8921220224481897, "accuracy_score": 0.937, "recall_score": 0.9398486814937173, "precision_score": 0.9397759103641457}, "time": 0.2585}, "LinearSVC": {"clustering": {"adjusted_mutual_info_score": 0.8728060521023775, "adjusted_rand_score": 0.8631983174203487, "completeness_score": 0.8732865774885522, "fowlkes_mallows_score": 0.897409438642967, "homogeneity_score": 0.8731557937837976, "v_measure_score": 0.8732211807392548}, "classification": {"f1_score": 0.9471538118229399, "hamming_loss": 0.055, "jaccard_score": 0.9044205495818399, "accuracy_score": 0.945, "recall_score": 0.947090142174503, "precision_score": 0.9472472324723247}, "time": 0.07}, "LogisticRegression": {"clustering": {"adjusted_mutual_info_score": 0.880709220750228, "adjusted_rand_score": 0.874273603513787, "completeness_score": 0.8810667531805387, "fowlkes_mallows_score": 0.9057049554981367, "homogeneity_score": 0.881130271624229, "v_measure_score": 0.8810985112576218}, "classification": {"f1_score": 0.9519854610870271, "hamming_loss": 0.05, "jaccard_score": 0.9123889134384052,