{"clustering_alg": {"affinity_propagation": {"clustering": {"adjusted_mutual_info_score": 9.620547136068117e-16, "adjusted_rand_score": 0.0, "completeness_score": 1.0, "fowlkes_mallows_score": 0.49985114807715186, "homogeneity_score": 1.6017160255957244e-16, "v_measure_score": 3.2034320511914483e-16}, "classification": {"f1_score": 0.0, "hamming_loss": 1.0, "jaccard_score": 0.0, "accuracy_score": 0.0, "recall_score": 0.0, "precision_score": 0.0}, "found_clusters": 1, "expected_clusters": 4, "time": 148.8354}, "agglomerative": {"clustering": {"adjusted_mutual_info_score": 0.5108008507283955, "adjusted_rand_score": 0.40947966480980524, "completeness_score": 0.5247026935999975, "fowlkes_mallows_score": 0.5685170144942977, "homogeneity_score": 0.4982360329435162, "v_measure_score": 0.5111269751559642}, "classification": {"f1_score": 0.6212703845092111, "hamming_loss": 0.3714, "jaccard_score": 0.466260264861975, "accuracy_score": 0.6286, "recall_score": 0.6284007245516428, "precision_score": 0.6612396145860744}, "found_clusters": 4, "expected_clusters": 4, "time": 0.753}, "birch": {"clustering": {"adjusted_mutual_info_score": 0.4207775773942798, "adjusted_rand_score": 0.3225593907191584, "completeness_score": 0.4842605940512458, "fowlkes_mallows_score": 0.5295287087664304, "homogeneity_score": 0.372453407878552, "v_measure_score": 0.42106118996397174}, "classification": {"f1_score": 0.22338980935158284, "hamming_loss": 0.7386, "jaccard_score": 0.15043390921963815, "accuracy_score": 0.2614, "recall_score": 0.26171887366217983, "precision_score": 0.198134529797324}, "found_clusters": 3, "expected_clusters": 4, "time": 0.08}, "dbscan": {"clustering": {"adjusted_mutual_info_score": -0.00010025279174362214, "adjusted_rand_score": -5.309939342347033e-07, "completeness_score": 0.07848601853800069, "fowlkes_mallows_score": 0.49965080923601585, "homogeneity_score": 0.00019982761474081478, "v_measure_score": 0.0003986402800958025}, "classification": {"f1_score": 0.08011518157094864, "hamming_loss": 0.7496, "jaccard_score": 0.050090018003600724, "accuracy_score": 0.2504, "recall_score": 0.19984038308060653, "precision_score": 0.050100040016006396}, "found_clusters": 2, "expected_clusters": 4, "time": 0.083}, "k_means": {"clustering": {"adjusted_mutual_info_score": 0.5865237017770106, "adjusted_rand_score": 0.5398407590254005, "completeness_score": 0.5930077893503913, "fowlkes_mallows_score": 0.6584672063316477, "homogeneity_score": 0.5807114092427843, "v_measure_score": 0.5867951882500906}, "classification": {"f1_score": 0.7969576289978776, "hamming_loss": 0.2064, "jaccard_score": 0.6662279587604177, "accuracy_score": 0.7936, "recall_score": 0.7935261366547905, "precision_score": 0.8211017712829431}, "found_clusters": 4, "expected_clusters": 4, "time": 0.095}, "mini_batch_k_means": {"clustering": {"adjusted_mutual_info_score": 0.5862342130830167, "adjusted_rand_score": 0.5449450788853949, "completeness_score": 0.5923687735337805, "fowlkes_mallows_score": 0.6621189180262061, "homogeneity_score": 0.5807576148946423, "v_measure_score": 0.5865057327990251}, "classification": {"f1_score": 0.8007490191534863, "hamming_loss": 0.2024, "jaccard_score": 0.6704574033836279, "accuracy_score": 0.7976, "recall_score": 0.7975309005541282, "precision_score": 0.8230173593227043}, "found_clusters": 4, "expected_clusters": 4, "time": 0.028}, "mean_shift": {"clustering": {"adjusted_mutual_info_score": 9.620547136068117e-16, "adjusted_rand_score": 0.0, "completeness_score": 1.0, "fowlkes_mallows_score": 0.49985114807715186, "homogeneity_score": 1.6017160255957244e-16, "v_measure_score": 3.2034320511914483e-16}, "classification": {"f1_score": 0.10019190788421557, "hamming_loss": 0.7494, "jaccard_score": 0.06265, "accuracy_score": 0.2506, "recall_score": 0.25, "precision_score": 0.06265}, "found_clusters": 1, "expected_clusters": 4, "time": 37.3051}, "optics": {"clustering": {"adjusted_mutual_info_score": 0.20244275916254842, "adjusted_rand_score": 0.00222552563479746, "completeness_score": 0.17155546645305872, "fowlkes_mallows_score": 0.2822147967711965, "homogeneity_score": 0.38852516202893733, "v_measure_score": 0.2380143572588037}, "classification": {"f1_score": 2.2391903087843435e-05, "hamming_loss": 0.9992, "jaccard_score": 1.1231664308017163e-05, "accuracy_score": 0.0008, "recall_score": 1.1240628126299697e-05, "precision_score": 0.0028169014084507044}, "found_clusters": 284, "expected_clusters": 4, "time": 3.5286}, "spectral_clustering": {"clustering": {"adjusted_mutual_info_score": 0.6227889254931225, "adjusted_rand_score": 0.5736975298647692, "completeness_score": 0.6311712324087007, "fowlkes_mallows_score": 0.6845409738336886, "homogeneity_score": 0.6151101376620635, "v_measure_score": 0.6230371936526754}, "classification": {"f1_score": 0.8175183355860678, "hamming_loss": 0.1868, "jaccard_score": 0.6972603885459446, "accuracy_score": 0.8132, "recall_score": 0.8132070973028003, "precision_score": 0.8466869607633636}, "found_clusters": 4, "expected_clusters": 4, "time": 2.8602}, "gaussian_mixture_model": {"clustering": {"adjusted_mutual_info_score": 0.7937709756184052, "adjusted_rand_score": 0.8246383370650957, "completeness_score": 0.7941346906062988, "fowlkes_mallows_score": 0.8684883245400894, "homogeneity_score": 0.7936754684353851, "v_measure_score": 0.7939050131133432}, "classification": {"f1_score": 0.9284966252491418, "hamming_loss": 0.0714, "jaccard_score": 0.8694147510161845, "accuracy_score": 0.9286, "recall_score": 0.9286712871335506, "precision_score": 0.929012966140808}, "found_clusters": 4, "expected_clusters": 4, "time": 0.038}}, "classification_alg": {"KNeighborsClassifier": {"clustering": {"adjusted_mutual_info_score": 0.7982172472386422, "adjusted_rand_score": 0.8226281825779163, "completeness_score": 0.7988023979593546, "fowlkes_mallows_score": 0.8669532233353288, "homogeneity_score": 0.7989488855076522, "v_measure_score": 0.7988756350182523}, "classification": {"f1_score": 0.9279863711170201, "hamming_loss": 0.072, "jaccard_score": 0.8689480460338757, "accuracy_score": 0.928, "recall_score": 0.9289873960803995, "precision_score": 0.9279267626446076}, "time": 0.028}, "DecisionTreeClassifier": {"clustering": {"adjusted_mutual_info_score": 0.713782748180876, "adjusted_rand_score": 0.7460303035471483, "completeness_score": 0.7147194380638494, "fowlkes_mallows_score": 0.8095133218186152, "homogeneity_score": 0.7147140120774262, "v_measure_score": 0.7147167250603396}, "classification": {"f1_score": 0.894086366047663, "hamming_loss": 0.106, "jaccard_score": 0.8131750844295668, "accuracy_score": 0.894, "recall_score": 0.8947033046500394, "precision_score": 0.893859258529791}, "time": 0.008}, "RandomForestClassifier": {"clustering": {"adjusted_mutual_info_score": 0.7962444315993238, "adjusted_rand_score": 0.8233944506259879, "completeness_score": 0.7967443866455434, "fowlkes_mallows_score": 0.8675130790736097, "homogeneity_score": 0.7970740377924938, "v_measure_score": 0.7969091781279712}, "classification": {"f1_score": 0.9278822480787077, "hamming_loss": 0.072, "jaccard_score": 0.8690233793660767, "accuracy_score": 0.928, "recall_score": 0.9283856675274353, "precision_score": 0.9275649019153527}, "time": 0.342}, "LinearSVC": {"clustering": {"adjusted_mutual_info_score": 0.6971206601362302, "adjusted_rand_score": 0.710394873076653, "completeness_score": 0.6988046025093717, "fowlkes_mallows_score": 0.782995666300047, "homogeneity_score": 0.6974167967379409, "v_measure_score": 0.6981100099032221}, "classification": {"f1_score": 0.8803622620365709, "hamming_loss": 0.121, "jaccard_score": 0.7904401924932869, "accuracy_score": 0.879, "recall_score": 0.8790886510756909, "precision_score": 0.8837906894351135}, "time": 0.072}, "LogisticRegression": {"clustering": {"adjusted_mutual_info_score": 0.7109668004109205, "adjusted_rand_score": 0.7345141635856439, "completeness_score": 0.7118643474783988, "fowlkes_mallows_score": 0.8008619807082764,