{"clustering_alg": {"affinity_propagation": {"clustering": {"adjusted_mutual_info_score": 5.679191367578155e-16, "adjusted_rand_score": 0.0, "completeness_score": 1.0, "fowlkes_mallows_score": 0.509265775726256, "homogeneity_score": 2.8395956837890776e-16, "v_measure_score": 5.679191367578154e-16}, "classification": {"f1_score": 0.0, "hamming_loss": 1.0, "jaccard_score": 0.0, "accuracy_score": 0.0, "recall_score": 0.0, "precision_score": 0.0}, "found_clusters": 1, "expected_clusters": 4, "time": 150.1375}, "agglomerative": {"clustering": {"adjusted_mutual_info_score": 0.40975566014931186, "adjusted_rand_score": 0.30549685741641125, "completeness_score": 0.4083844138696121, "fowlkes_mallows_score": 0.4833467351190074, "homogeneity_score": 0.41191583882148386, "v_measure_score": 0.41014252488367486}, "classification": {"f1_score": 0.6180389597045285, "hamming_loss": 0.383, "jaccard_score": 0.44987531100462036, "accuracy_score": 0.617, "recall_score": 0.6375140808967361, "precision_score": 0.6243288123969688}, "found_clusters": 4, "expected_clusters": 4, "time": 0.63}, "birch": {"clustering": {"adjusted_mutual_info_score": 0.45871292463357405, "adjusted_rand_score": 0.366655693184841, "completeness_score": 0.5380685836339227, "fowlkes_mallows_score": 0.5728661817846037, "homogeneity_score": 0.40016996544294675, "v_measure_score": 0.4589853757993079}, "classification": {"f1_score": 0.12847192558382625, "hamming_loss": 0.8436, "jaccard_score": 0.08568680989312893, "accuracy_score": 0.1564, "recall_score": 0.16900613062582545, "precision_score": 0.10366270904851944}, "found_clusters": 3, "expected_clusters": 4, "time": 0.086}, "dbscan": {"clustering": {"adjusted_mutual_info_score": 5.679191367578155e-16, "adjusted_rand_score": 0.0, "completeness_score": 1.0, "fowlkes_mallows_score": 0.509265775726256, "homogeneity_score": 2.8395956837890776e-16, "v_measure_score": 5.679191367578154e-16}, "classification": {"f1_score": 0.08915365653245685, "hamming_loss": 0.783, "jaccard_score": 0.05425, "accuracy_score": 0.217, "recall_score": 0.25, "precision_score": 0.05425}, "found_clusters": 1, "expected_clusters": 4, "time": 0.206}, "k_means": {"clustering": {"adjusted_mutual_info_score": 0.4607318566784721, "adjusted_rand_score": 0.3451003052769769, "completeness_score": 0.4618420008812575, "fowlkes_mallows_score": 0.5153879040471019, "homogeneity_score": 0.46033532098232627, "v_measure_score": 0.46108743010326025}, "classification": {"f1_score": 0.6018921824078733, "hamming_loss": 0.393, "jaccard_score": 0.4395394151707189, "accuracy_score": 0.607, "recall_score": 0.6324756395750402, "precision_score": 0.6191573470724929}, "found_clusters": 4, "expected_clusters": 4, "time": 0.101}, "mini_batch_k_means": {"clustering": {"adjusted_mutual_info_score": 0.43939110020431943, "adjusted_rand_score": 0.3392180432744458, "completeness_score": 0.439127660594723, "fowlkes_mallows_score": 0.5097274047364035, "homogeneity_score": 0.440393369185869, "v_measure_score": 0.43975960415696314}, "classification": {"f1_score": 0.6390574746669069, "hamming_loss": 0.3604, "jaccard_score": 0.47180261753170283, "accuracy_score": 0.6396, "recall_score": 0.6624878611448227, "precision_score": 0.6519792557160484}, "found_clusters": 4, "expected_clusters": 4, "time": 0.03}, "mean_shift": {"clustering": {"adjusted_mutual_info_score": 0.4777187458745288, "adjusted_rand_score": 0.40101075244116136, "completeness_score": 0.7191569900200707, "fowlkes_mallows_score": 0.6427416490371973, "homogeneity_score": 0.3578193370250038, "v_measure_score": 0.4778717431829104}, "classification": {"f1_score": 0.010178436793164112, "hamming_loss": 0.9838, "jaccard_score": 0.005194971780400205, "accuracy_score": 0.0162, "recall_score": 0.018612132352941176, "precision_score": 0.007004496713939813}, "found_clusters": 2, "expected_clusters": 4, "time": 22.7676}, "optics": {"clustering": {"adjusted_mutual_info_score": 0.1415613045356698, "adjusted_rand_score": -0.0026540297139333357, "completeness_score": 0.1265032901696747, "fowlkes_mallows_score": 0.26249912283771887, "homogeneity_score": 0.31628722435000617, "v_measure_score": 0.1807237201651095}, "classification": {"f1_score": 2.5625476809921556e-05, "hamming_loss": 0.999, "jaccard_score": 1.2842035281878873e-05, "accuracy_score": 0.001, "recall_score": 1.2867854893627107e-05, "precision_score": 0.0030303030303030303}, "found_clusters": 308, "expected_clusters": 4, "time": 4.5701}, "spectral_clustering": {"clustering": {"adjusted_mutual_info_score": 0.29332912750564355, "adjusted_rand_score": 0.20460302699833754, "completeness_score": 0.2934314066698858, "fowlkes_mallows_score": 0.41009063810328317, "homogeneity_score": 0.2941569620400408, "v_measure_score": 0.2937937363963045}, "classification": {"f1_score": 0.5385646143533751, "hamming_loss": 0.4702, "jaccard_score": 0.37392826595344886, "accuracy_score": 0.5298, "recall_score": 0.5402752216471081, "precision_score": 0.547200463960767}, "found_clusters": 4, "expected_clusters": 4, "time": 3.1883}, "gaussian_mixture_model": {"clustering": {"adjusted_mutual_info_score": 0.4444186584322871, "adjusted_rand_score": 0.31490437017023404, "completeness_score": 0.44663998321773024, "fowlkes_mallows_score": 0.4940245215709468, "homogeneity_score": 0.4429471782877963, "v_measure_score": 0.44478591606916584}, "classification": {"f1_score": 0.5430814392314645, "hamming_loss": 0.4502, "jaccard_score": 0.3843565090791612, "accuracy_score": 0.5498, "recall_score": 0.5696391133809081, "precision_score": 0.5716459159253887}, "found_clusters": 4, "expected_clusters": 4, "time": 0.03}}, "classification_alg": {"KNeighborsClassifier": {"clustering": {"adjusted_mutual_info_score": 0.4353964564287795, "adjusted_rand_score": 0.3797991418064992, "completeness_score": 0.43799139938963755, "fowlkes_mallows_score": 0.5405058958371978, "homogeneity_score": 0.43653601021857924, "v_measure_score": 0.4372624937742334}, "classification": {"f1_score": 0.6540154370827119, "hamming_loss": 0.336, "jaccard_score": 0.49063754000261783, "accuracy_score": 0.664, "recall_score": 0.6537367172748659, "precision_score": 0.6553251126776909}, "time": 0.028}, "DecisionTreeClassifier": {"clustering": {"adjusted_mutual_info_score": 0.4117449567593709, "adjusted_rand_score": 0.35075991612207064, "completeness_score": 0.41396734960069687, "fowlkes_mallows_score": 0.5184819269045469, "homogeneity_score": 0.4134074478480564, "v_measure_score": 0.4136872092757896}, "classification": {"f1_score": 0.6437883026084681, "hamming_loss": 0.35, "jaccard_score": 0.4774651326336552, "accuracy_score": 0.65, "recall_score": 0.6426177096176763, "precision_score": 0.6465035678944501}, "time": 0.009}, "RandomForestClassifier": {"clustering": {"adjusted_mutual_info_score": 0.43237869873032797, "adjusted_rand_score": 0.3673790822135252, "completeness_score": 0.4337811626637344, "fowlkes_mallows_score": 0.5300003001283593, "homogeneity_score": 0.43471876014854854, "v_measure_score": 0.4342494553099287}, "classification": {"f1_score": 0.650017167591439, "hamming_loss": 0.343, "jaccard_score": 0.48412024516205365, "accuracy_score": 0.657, "recall_score": 0.6511606206305597, "precision_score": 0.64967460323476}, "time": 0.4076}, "LinearSVC": {"clustering": {"adjusted_mutual_info_score": 0.4293029641752446, "adjusted_rand_score": 0.3582225830251932, "completeness_score": 0.43264459103785197, "fowlkes_mallows_score": 0.5250777845154785, "homogeneity_score": 0.42975003535286027, "v_measure_score": 0.43119245552790486}, "classification": {"f1_score": 0.6599693154473025, "hamming_loss": 0.335, "jaccard_score": 0.49345578452162836, "accuracy_score": 0.665, "recall_score": 0.6590418021672466, "precision_score": 0.6640009372752856}, "time": 0.017}, "LogisticRegression": {"clustering": {"adjusted_mutual_info_score": 0.4425284927088745, "adjusted_rand_score": 0.38000434331103466, "completeness_score": 0.4471590076676722, "fowlkes_mallows_score": 0.5427035430804634,