{"clustering_alg": {"affinity_propagation": {"clustering": {"adjusted_mutual_info_score": 0.30445246016175487, "adjusted_rand_score": 0.026445637707526115, "completeness_score": 0.2007771133712932, "fowlkes_mallows_score": 0.12428997678956513, "homogeneity_score": 0.7367101607377206, "v_measure_score": 0.31555530096085554}, "classification": {"f1_score": 0.00028431141107197446, "hamming_loss": 0.9932, "jaccard_score": 0.0001436622422438098, "accuracy_score": 0.0068, "recall_score": 0.00014501593999889938, "precision_score": 0.007737805866148111}, "found_clusters": 165, "expected_clusters": 4, "time": 50.0105}, "agglomerative": {"clustering": {"adjusted_mutual_info_score": 0.5717453603110983, "adjusted_rand_score": 0.5543416107164901, "completeness_score": 0.5715845637386955, "fowlkes_mallows_score": 0.6682097077248164, "homogeneity_score": 0.572467918017301, "v_measure_score": 0.572025899846973}, "classification": {"f1_score": 0.8108702411392426, "hamming_loss": 0.1982, "jaccard_score": 0.6947860645143733, "accuracy_score": 0.8018, "recall_score": 0.816344463133314, "precision_score": 0.8087440564759973}, "found_clusters": 4, "expected_clusters": 4, "time": 0.91}, "birch": {"clustering": {"adjusted_mutual_info_score": 0.22184843539875868, "adjusted_rand_score": 0.14928469392772664, "completeness_score": 0.27306488637722476, "fowlkes_mallows_score": 0.4330158129644575, "homogeneity_score": 0.18738298959274444, "v_measure_score": 0.22225193092433618}, "classification": {"f1_score": 0.3465859366767847, "hamming_loss": 0.5836, "jaccard_score": 0.22671185417986467, "accuracy_score": 0.4164, "recall_score": 0.3918431242642687, "precision_score": 0.3951668915631597}, "found_clusters": 3, "expected_clusters": 4, "time": 0.09}, "dbscan": {"clustering": {"adjusted_mutual_info_score": -1.0294661663110991e-05, "adjusted_rand_score": -6.459907264713774e-06, "completeness_score": 0.14068677906780083, "fowlkes_mallows_score": 0.5059045622286484, "homogeneity_score": 0.00019489128024610853, "v_measure_score": 0.0003892433475339645}, "classification": {"f1_score": 0.09411044821783693, "hamming_loss": 0.6924, "jaccard_score": 0.06153230646129226, "accuracy_score": 0.3076, "recall_score": 0.2, "precision_score": 0.06153230646129226}, "found_clusters": 2, "expected_clusters": 4, "time": 0.3989}, "k_means": {"clustering": {"adjusted_mutual_info_score": 0.5164391757707556, "adjusted_rand_score": 0.49137673031966156, "completeness_score": 0.5148710420330327, "fowlkes_mallows_score": 0.6203272543439367, "homogeneity_score": 0.5186528465613591, "v_measure_score": 0.5167550252285376}, "classification": {"f1_score": 0.76495915251733, "hamming_loss": 0.242, "jaccard_score": 0.6350045039241756, "accuracy_score": 0.758, "recall_score": 0.7816466294447043, "precision_score": 0.757064213950755}, "found_clusters": 4, "expected_clusters": 4, "time": 0.164}, "mini_batch_k_means": {"clustering": {"adjusted_mutual_info_score": 0.5243514637087281, "adjusted_rand_score": 0.508789079991013, "completeness_score": 0.5232987448826497, "fowlkes_mallows_score": 0.6336685231967313, "homogeneity_score": 0.5260333319062622, "v_measure_score": 0.52466247519156}, "classification": {"f1_score": 0.7792860252958371, "hamming_loss": 0.2252, "jaccard_score": 0.6497399484006099, "accuracy_score": 0.7748, "recall_score": 0.7948887780988879, "precision_score": 0.773600604404966}, "found_clusters": 4, "expected_clusters": 4, "time": 0.061}, "mean_shift": {"clustering": {"adjusted_mutual_info_score": -9.42200609347191e-16, "adjusted_rand_score": 0.0, "completeness_score": 1.0, "fowlkes_mallows_score": 0.506010522943808, "homogeneity_score": 1.616013668607733e-16, "v_measure_score": 3.2320273372154653e-16}, "classification": {"f1_score": 0.11762006729886816, "hamming_loss": 0.6924, "jaccard_score": 0.0769, "accuracy_score": 0.3076, "recall_score": 0.25, "precision_score": 0.0769}, "found_clusters": 1, "expected_clusters": 4, "time": 80.062}, "optics": {"clustering": {"adjusted_mutual_info_score": 0.10509694947538735, "adjusted_rand_score": 0.0036492584068927303, "completeness_score": 0.1573600309297806, "fowlkes_mallows_score": 0.4437843739688673, "homogeneity_score": 0.10782938005117283, "v_measure_score": 0.1279691712970418}, "classification": {"f1_score": 0.00035652127459167345, "hamming_loss": 0.9964, "jaccard_score": 0.00018035417433263654, "accuracy_score": 0.0036, "recall_score": 0.00018041441104363503, "precision_score": 0.017006802721088437}, "found_clusters": 84, "expected_clusters": 4, "time": 6.1218}, "spectral_clustering": {"clustering": {"adjusted_mutual_info_score": 0.5399255770510657, "adjusted_rand_score": 0.5271818994525603, "completeness_score": 0.538468201349113, "fowlkes_mallows_score": 0.6471862137504578, "homogeneity_score": 0.5419957260110629, "v_measure_score": 0.540226205306335}, "classification": {"f1_score": 0.7953530659745495, "hamming_loss": 0.2104, "jaccard_score": 0.6691239529544533, "accuracy_score": 0.7896, "recall_score": 0.8091100937421914, "precision_score": 0.7915583334072983}, "found_clusters": 4, "expected_clusters": 4, "time": 4.6008}, "gaussian_mixture_model": {"clustering": {"adjusted_mutual_info_score": 0.6287227551149752, "adjusted_rand_score": 0.5987231109522317, "completeness_score": 0.6271354802435428, "fowlkes_mallows_score": 0.7006510848109728, "homogeneity_score": 0.6308061211917221, "v_measure_score": 0.6289654453001174}, "classification": {"f1_score": 0.832551428368635, "hamming_loss": 0.1784, "jaccard_score": 0.7283919480259289, "accuracy_score": 0.8216, "recall_score": 0.8415209748539983, "precision_score": 0.8278421918317371}, "found_clusters": 4, "expected_clusters": 4, "time": 0.041}}, "classification_alg": {"KNeighborsClassifier": {"clustering": {"adjusted_mutual_info_score": 0.6523629708163767, "adjusted_rand_score": 0.6475783297832245, "completeness_score": 0.6549391097539022, "fowlkes_mallows_score": 0.7389243619632946, "homogeneity_score": 0.652092924042227, "v_measure_score": 0.6535129179789502}, "classification": {"f1_score": 0.8611494457293037, "hamming_loss": 0.147, "jaccard_score": 0.7662846998291628, "accuracy_score": 0.853, "recall_score": 0.864696362789756, "precision_score": 0.8623312173409434}, "time": 0.05}, "DecisionTreeClassifier": {"clustering": {"adjusted_mutual_info_score": 0.5538095327007239, "adjusted_rand_score": 0.5543287525677839, "completeness_score": 0.5549854439774695, "fowlkes_mallows_score": 0.6689174554278141, "homogeneity_score": 0.5555776823518378, "v_measure_score": 0.5552814052509413}, "classification": {"f1_score": 0.8219811091034255, "hamming_loss": 0.19, "jaccard_score": 0.7068717095054552, "accuracy_score": 0.81, "recall_score": 0.823187674798205, "precision_score": 0.8208808475711747}, "time": 0.019}, "RandomForestClassifier": {"clustering": {"adjusted_mutual_info_score": 0.6599607358711489, "adjusted_rand_score": 0.6587366849892361, "completeness_score": 0.662270648533746, "fowlkes_mallows_score": 0.747110231715767, "homogeneity_score": 0.6599037915291492, "v_measure_score": 0.6610851015469608}, "classification": {"f1_score": 0.8690916874238243, "hamming_loss": 0.14, "jaccard_score": 0.7775258252421535, "accuracy_score": 0.86, "recall_score": 0.8702380837459543, "precision_score": 0.8701365847786335}, "time": 0.699}, "LinearSVC": {"clustering": {"adjusted_mutual_info_score": 0.6090317855112203, "adjusted_rand_score": 0.6119884302011444, "completeness_score": 0.6093837569858501, "fowlkes_mallows_score": 0.7115184917414908, "homogeneity_score": 0.6112594338444922, "v_measure_score": 0.6103201543045729}, "classification": {"f1_score": 0.8466245044389829, "hamming_loss": 0.162, "jaccard_score": 0.7420626094523497, "accuracy_score": 0.838, "recall_score": 0.8514911880776408, "precision_score": 0.8431439907540128}, "time": 0.018}, "LogisticRegression": {"clustering": {"adjusted_mutual_info_score": 0.6354264283780173, "adjusted_rand_score": 0.6404556729313889, "completeness_score": 0.6357208072658508,