{"clustering_alg": {"affinity_propagation": {"clustering": {"adjusted_mutual_info_score": 0.375522609804371, "adjusted_rand_score": 0.0735835011264961, "completeness_score": 0.2667137451648284, "fowlkes_mallows_score": 0.21032218674602807, "homogeneity_score": 0.7756652981075205, "v_measure_score": 0.39693928612223045}, "classification": {"f1_score": 0.002226159647449003, "hamming_loss": 0.981, "jaccard_score": 0.0011807652241467592, "accuracy_score": 0.019, "recall_score": 0.0011847898224918443, "precision_score": 0.01839080459770115}, "found_clusters": 58, "expected_clusters": 4, "time": 2.5644}, "agglomerative": {"clustering": {"adjusted_mutual_info_score": 0.5333293521751628, "adjusted_rand_score": 0.5390289276784417, "completeness_score": 0.5489502080072801, "fowlkes_mallows_score": 0.6634732803407742, "homogeneity_score": 0.5215484417942409, "v_measure_score": 0.5348986206790721}, "classification": {"f1_score": 0.7747886416640631, "hamming_loss": 0.21, "jaccard_score": 0.6416171990922525, "accuracy_score": 0.79, "recall_score": 0.7850866738230137, "precision_score": 0.8198580166579906}, "found_clusters": 4, "expected_clusters": 4, "time": 0.064}, "birch": {"clustering": {"adjusted_mutual_info_score": 0.48983585549016145, "adjusted_rand_score": 0.46371269691163536, "completeness_score": 0.5665814640611326, "fowlkes_mallows_score": 0.6337534153307358, "homogeneity_score": 0.4333621637336107, "v_measure_score": 0.4910976226497639}, "classification": {"f1_score": 0.5919253005107525, "hamming_loss": 0.32, "jaccard_score": 0.4951479373517528, "accuracy_score": 0.68, "recall_score": 0.6725131333910906, "precision_score": 0.5407714206562149}, "found_clusters": 3, "expected_clusters": 4, "time": 0.044}, "dbscan": {"clustering": {"adjusted_mutual_info_score": 0.0011967199065187196, "adjusted_rand_score": -0.0002686477096795186, "completeness_score": 0.17732260408309716, "fowlkes_mallows_score": 0.5012836354222144, "homogeneity_score": 0.0018542204462702993, "v_measure_score": 0.0036700639040835527}, "classification": {"f1_score": 0.08676585747846516, "hamming_loss": 0.723, "jaccard_score": 0.055400000000000005, "accuracy_score": 0.277, "recall_score": 0.19856630824372762, "precision_score": 0.05551102204408818}, "found_clusters": 2, "expected_clusters": 4, "time": 0.0515}, "k_means": {"clustering": {"adjusted_mutual_info_score": 0.6510729061141864, "adjusted_rand_score": 0.6771744088915307, "completeness_score": 0.651903490257649, "fowlkes_mallows_score": 0.7585924544133951, "homogeneity_score": 0.652527468944321, "v_measure_score": 0.6522153303598931}, "classification": {"f1_score": 0.8651585794960625, "hamming_loss": 0.135, "jaccard_score": 0.7649361995811385, "accuracy_score": 0.865, "recall_score": 0.8691967502841833, "precision_score": 0.8685981153768159}, "found_clusters": 4, "expected_clusters": 4, "time": 0.108}, "mini_batch_k_means": {"clustering": {"adjusted_mutual_info_score": 0.6526298014278212, "adjusted_rand_score": 0.6810277436101212, "completeness_score": 0.653354316325569, "fowlkes_mallows_score": 0.7614379458451782, "homogeneity_score": 0.6541801052141497, "v_measure_score": 0.6537669500014707}, "classification": {"f1_score": 0.8674005876506423, "hamming_loss": 0.133, "jaccard_score": 0.7685777286713693, "accuracy_score": 0.867, "recall_score": 0.8709811243077304, "precision_score": 0.8706646464589265}, "found_clusters": 4, "expected_clusters": 4, "time": 0.0792}, "mean_shift": {"clustering": {"adjusted_mutual_info_score": 5.97396891478541e-16, "adjusted_rand_score": 0.0, "completeness_score": 1.0, "fowlkes_mallows_score": 0.5024883028434538, "homogeneity_score": 3.2187332514981665e-16, "v_measure_score": 6.437466502996332e-16}, "classification": {"f1_score": 0.10906958561376076, "hamming_loss": 0.721, "jaccard_score": 0.06975, "accuracy_score": 0.279, "recall_score": 0.25, "precision_score": 0.06975}, "found_clusters": 1, "expected_clusters": 4, "time": 14.7499}, "optics": {"clustering": {"adjusted_mutual_info_score": 0.1471369935414919, "adjusted_rand_score": 0.0017521911819061023, "completeness_score": 0.2206648187355399, "fowlkes_mallows_score": 0.4251725261742771, "homogeneity_score": 0.1433618672929718, "v_measure_score": 0.17380550203571835}, "classification": {"f1_score": 0.0032886868710174854, "hamming_loss": 0.991, "jaccard_score": 0.001669485292419581, "accuracy_score": 0.009, "recall_score": 0.0016893396293190116, "precision_score": 0.06421356421356422}, "found_clusters": 21, "expected_clusters": 4, "time": 1.8079}, "spectral_clustering": {"clustering": {"adjusted_mutual_info_score": 0.6281806720106707, "adjusted_rand_score": 0.6467416789801088, "completeness_score": 0.6303506273896813, "fowlkes_mallows_score": 0.7363088258885587, "homogeneity_score": 0.6284533002680861, "v_measure_score": 0.6294005339595738}, "classification": {"f1_score": 0.8521052994190649, "hamming_loss": 0.148, "jaccard_score": 0.7446521155853658, "accuracy_score": 0.852, "recall_score": 0.8580360553767753, "precision_score": 0.8610201165728614}, "found_clusters": 4, "expected_clusters": 4, "time": 1.247}, "gaussian_mixture_model": {"clustering": {"adjusted_mutual_info_score": 0.7180119547722191, "adjusted_rand_score": 0.7513500151252432, "completeness_score": 0.7189461148179237, "fowlkes_mallows_score": 0.8141519646379575, "homogeneity_score": 0.7189252432487776, "v_measure_score": 0.7189356788818689}, "classification": {"f1_score": 0.9003534464731757, "hamming_loss": 0.1, "jaccard_score": 0.8199274257119195, "accuracy_score": 0.9, "recall_score": 0.9025333118493761, "precision_score": 0.902731850417902}, "found_clusters": 4, "expected_clusters": 4, "time": 0.029}}, "classification_alg": {"KNeighborsClassifier": {"clustering": {"adjusted_mutual_info_score": 0.7166881980482958, "adjusted_rand_score": 0.72904149207663, "completeness_score": 0.7220591522288557, "fowlkes_mallows_score": 0.7979473014301095, "homogeneity_score": 0.7208534653187334, "v_measure_score": 0.7214558050423463}, "classification": {"f1_score": 0.9009079756721265, "hamming_loss": 0.105, "jaccard_score": 0.823523298221748, "accuracy_score": 0.895, "recall_score": 0.9043178708264914, "precision_score": 0.9030717006126842}, "time": 0.014}, "DecisionTreeClassifier": {"clustering": {"adjusted_mutual_info_score": 0.593671429968911, "adjusted_rand_score": 0.6177431318538277, "completeness_score": 0.6010113793434081, "fowlkes_mallows_score": 0.7149512968237088, "homogeneity_score": 0.6000078167534566, "v_measure_score": 0.6005091787637635}, "classification": {"f1_score": 0.8426474992512729, "hamming_loss": 0.16, "jaccard_score": 0.7318430203676106, "accuracy_score": 0.84, "recall_score": 0.8467788724685277, "precision_score": 0.8436703096539162}, "time": 0.005}, "RandomForestClassifier": {"clustering": {"adjusted_mutual_info_score": 0.6883834731738421, "adjusted_rand_score": 0.7007259812063737, "completeness_score": 0.6942754624906141, "fowlkes_mallows_score": 0.7768475720722793, "homogeneity_score": 0.6929817819946587, "v_measure_score": 0.6936280190346761}, "classification": {"f1_score": 0.8845395215868417, "hamming_loss": 0.12, "jaccard_score": 0.7962648556876062, "accuracy_score": 0.88, "recall_score": 0.8885987958401751, "precision_score": 0.8881249887737944}, "time": 0.5056}, "LinearSVC": {"clustering": {"adjusted_mutual_info_score": 0.6969703081472942, "adjusted_rand_score": 0.710907329640888, "completeness_score": 0.7030454477499236, "fowlkes_mallows_score": 0.7845364957614352, "homogeneity_score": 0.7011031610894589, "v_measure_score": 0.7020729610869957}, "classification": {"f1_score": 0.8888827487965419, "hamming_loss": 0.115, "jaccard_score": 0.8028541298601696, "accuracy_score": 0.885, "recall_score": 0.8930630815544609, "precision_score": 0.8932263035149093}, "time": 0.006}, "LogisticRegression": {"clustering": {"adjusted_mutual_info_score": 0.7334428064500723, "adjusted_rand_score": 0.7462828152863065, "completeness_score": 0.7374877946538828,