{"clustering_alg": {"affinity_propagation": {"clustering": {"adjusted_mutual_info_score": 1.9241080942429164e-15, "adjusted_rand_score": 0.0, "completeness_score": 1.0, "fowlkes_mallows_score": 0.49985066783793297, "homogeneity_score": 3.2034298319408065e-16, "v_measure_score": 6.406859663881612e-16}, "classification": {"f1_score": 0.0, "hamming_loss": 1.0, "jaccard_score": 0.0, "accuracy_score": 0.0, "recall_score": 0.0, "precision_score": 0.0}, "found_clusters": 1, "expected_clusters": 4, "time": 152.9912}, "agglomerative": {"clustering": {"adjusted_mutual_info_score": 0.6604691892749682, "adjusted_rand_score": 0.6228196980608277, "completeness_score": 0.669235585446097, "fowlkes_mallows_score": 0.720539797436684, "homogeneity_score": 0.6523650377574062, "v_measure_score": 0.6606926333159217}, "classification": {"f1_score": 0.8179328989536735, "hamming_loss": 0.177, "jaccard_score": 0.6979092024538761, "accuracy_score": 0.823, "recall_score": 0.8229777890632385, "precision_score": 0.8425034813238045}, "found_clusters": 4, "expected_clusters": 4, "time": 0.754}, "birch": {"clustering": {"adjusted_mutual_info_score": 0.618722204382729, "adjusted_rand_score": 0.5385675915321055, "completeness_score": 0.7184716888272041, "fowlkes_mallows_score": 0.687982459741733, "homogeneity_score": 0.543583696630056, "v_measure_score": 0.6189102333178975}, "classification": {"f1_score": 0.5974807551520005, "hamming_loss": 0.3138, "jaccard_score": 0.5009167623178166, "accuracy_score": 0.6862, "recall_score": 0.6861006351345466, "precision_score": 0.553959837553061}, "found_clusters": 3, "expected_clusters": 4, "time": 0.082}, "dbscan": {"clustering": {"adjusted_mutual_info_score": 0.0007656396527357326, "adjusted_rand_score": 1.3944613802334618e-06, "completeness_score": 0.09715622204159678, "fowlkes_mallows_score": 0.49925213332139373, "homogeneity_score": 0.0006496597875278165, "v_measure_score": 0.0012906890544440394}, "classification": {"f1_score": 0.08005123278898495, "hamming_loss": 0.75, "jaccard_score": 0.0500400320256205, "accuracy_score": 0.25, "recall_score": 0.19968051118210864, "precision_score": 0.0500600720865038}, "found_clusters": 2, "expected_clusters": 4, "time": 0.084}, "k_means": {"clustering": {"adjusted_mutual_info_score": 0.6673433666180622, "adjusted_rand_score": 0.6340694644052147, "completeness_score": 0.6740133775906921, "fowlkes_mallows_score": 0.7281533980563878, "homogeneity_score": 0.6612321494569932, "v_measure_score": 0.6675615913314269}, "classification": {"f1_score": 0.8415479541482349, "hamming_loss": 0.1582, "jaccard_score": 0.7269901660302829, "accuracy_score": 0.8418, "recall_score": 0.8418016644664579, "precision_score": 0.8630227378448779}, "found_clusters": 4, "expected_clusters": 4, "time": 0.074}, "mini_batch_k_means": {"clustering": {"adjusted_mutual_info_score": 0.6679358136392696, "adjusted_rand_score": 0.6331384651763747, "completeness_score": 0.6750656495702587, "fowlkes_mallows_score": 0.7276579601646493, "homogeneity_score": 0.6613820425619557, "v_measure_score": 0.6681537942781248}, "classification": {"f1_score": 0.8412044890609944, "hamming_loss": 0.1586, "jaccard_score": 0.7266139443675111, "accuracy_score": 0.8414, "recall_score": 0.8414050187091984, "precision_score": 0.8641957545488006}, "found_clusters": 4, "expected_clusters": 4, "time": 0.029}, "mean_shift": {"clustering": {"adjusted_mutual_info_score": 0.31678341316499276, "adjusted_rand_score": 0.2535804700404412, "completeness_score": 0.4756253510676966, "fowlkes_mallows_score": 0.5328939937577881, "homogeneity_score": 0.23769694459976592, "v_measure_score": 0.3169806787468942}, "classification": {"f1_score": 0.272308678818579, "hamming_loss": 0.5932, "jaccard_score": 0.19174106840902022, "accuracy_score": 0.4068, "recall_score": 0.4071285462105859, "precision_score": 0.20460431251526034}, "found_clusters": 2, "expected_clusters": 4, "time": 30.7186}, "optics": {"clustering": {"adjusted_mutual_info_score": 0.23108366425312374, "adjusted_rand_score": 0.004639014394635619, "completeness_score": 0.1875822188152854, "fowlkes_mallows_score": 0.2680756777953374, "homogeneity_score": 0.4522786460613929, "v_measure_score": 0.2651808748057142}, "classification": {"f1_score": 4.833927727409444e-05, "hamming_loss": 0.9982, "jaccard_score": 2.434379936381538e-05, "accuracy_score": 0.0018, "recall_score": 2.434379936381538e-05, "precision_score": 0.0033783783783783786}, "found_clusters": 296, "expected_clusters": 4, "time": 3.5178}, "spectral_clustering": {"clustering": {"adjusted_mutual_info_score": 0.653892715674876, "adjusted_rand_score": 0.5894119509569572, "completeness_score": 0.6714264817159377, "fowlkes_mallows_score": 0.70019790121195, "homogeneity_score": 0.6376897909488187, "v_measure_score": 0.6541234292220619}, "classification": {"f1_score": 0.8063413936539506, "hamming_loss": 0.1902, "jaccard_score": 0.6836797034931573, "accuracy_score": 0.8098, "recall_score": 0.8098767289078438, "precision_score": 0.8602043351129616}, "found_clusters": 4, "expected_clusters": 4, "time": 2.8648}, "gaussian_mixture_model": {"clustering": {"adjusted_mutual_info_score": 0.8975376665202901, "adjusted_rand_score": 0.9268625795289142, "completeness_score": 0.8976883678801495, "fowlkes_mallows_score": 0.9451407971711098, "homogeneity_score": 0.897520144407009, "v_measure_score": 0.8976042482617268}, "classification": {"f1_score": 0.9717932970476351, "hamming_loss": 0.0282, "jaccard_score": 0.945414738782238, "accuracy_score": 0.9718, "recall_score": 0.9718231325967384, "precision_score": 0.972018285486882}, "found_clusters": 4, "expected_clusters": 4, "time": 0.035}}, "classification_alg": {"KNeighborsClassifier": {"clustering": {"adjusted_mutual_info_score": 0.8891498367449578, "adjusted_rand_score": 0.9043705137125014, "completeness_score": 0.890551530667643, "fowlkes_mallows_score": 0.9283636604344123, "homogeneity_score": 0.8884749390939162, "v_measure_score": 0.8895120229166414}, "classification": {"f1_score": 0.9632864627137727, "hamming_loss": 0.037, "jaccard_score": 0.9302192095141759, "accuracy_score": 0.963, "recall_score": 0.96315263223676, "precision_score": 0.9656588207074688}, "time": 0.028}, "DecisionTreeClassifier": {"clustering": {"adjusted_mutual_info_score": 0.8616026705771889, "adjusted_rand_score": 0.8894712955629068, "completeness_score": 0.8621132637376773, "fowlkes_mallows_score": 0.917110684116761, "homogeneity_score": 0.8619954533045882, "v_measure_score": 0.8620543544960682}, "classification": {"f1_score": 0.957378985376696, "hamming_loss": 0.043, "jaccard_score": 0.9192362291232014, "accuracy_score": 0.957, "recall_score": 0.9576257737519652, "precision_score": 0.9574792236597724}, "time": 0.007}, "RandomForestClassifier": {"clustering": {"adjusted_mutual_info_score": 0.8793138183657225, "adjusted_rand_score": 0.9067253262050983, "completeness_score": 0.879912205946321, "fowlkes_mallows_score": 0.9300611968248949, "homogeneity_score": 0.8795034190459043, "v_measure_score": 0.879707765006842}, "classification": {"f1_score": 0.9642654539193614, "hamming_loss": 0.036, "jaccard_score": 0.9317436108381993, "accuracy_score": 0.964, "recall_score": 0.964309148856393, "precision_score": 0.9647078990266772}, "time": 0.3216}, "LinearSVC": {"clustering": {"adjusted_mutual_info_score": 0.8097577059214582, "adjusted_rand_score": 0.8160894115678587, "completeness_score": 0.812710610969527, "fowlkes_mallows_score": 0.8624736822032774, "homogeneity_score": 0.8080634625987824, "v_measure_score": 0.810380374539141}, "classification": {"f1_score": 0.9269746604757649, "hamming_loss": 0.074, "jaccard_score": 0.8668173044103458, "accuracy_score": 0.926, "recall_score": 0.9262320828317512, "precision_score": 0.9328684976264602}, "time": 0.055}, "LogisticRegression": {"clustering": {"adjusted_mutual_info_score": 0.8164430242843308, "adjusted_rand_score": 0.8249963815376229, "completeness_score": 0.8189337297099847, "fowlkes_mallows_score": 0.8690535347511262,