{"clustering_alg": {"affinity_propagation": {"clustering": {"adjusted_mutual_info_score": 0.34385681126970574, "adjusted_rand_score": 0.033210800683591946, "completeness_score": 0.22630687012733178, "fowlkes_mallows_score": 0.1416117682007926, "homogeneity_score": 0.812204853123028, "v_measure_score": 0.35398259662821385}, "classification": {"f1_score": 0.0006457297528398449, "hamming_loss": 0.9868, "jaccard_score": 0.00033193452700722766, "accuracy_score": 0.0132, "recall_score": 0.00033364935999743555, "precision_score": 0.010258795876894449}, "found_clusters": 158, "expected_clusters": 4, "time": 60.3895}, "agglomerative": {"clustering": {"adjusted_mutual_info_score": 0.4722148290400247, "adjusted_rand_score": 0.44550979813244823, "completeness_score": 0.48220614644736526, "fowlkes_mallows_score": 0.5909594256140407, "homogeneity_score": 0.4633011852129978, "v_measure_score": 0.4725646680576073}, "classification": {"f1_score": 0.6838854862670731, "hamming_loss": 0.3074, "jaccard_score": 0.542187039559957, "accuracy_score": 0.6926, "recall_score": 0.692200562128776, "precision_score": 0.7186589176078805}, "found_clusters": 4, "expected_clusters": 4, "time": 1.2672}, "birch": {"clustering": {"adjusted_mutual_info_score": 0.35879211348123774, "adjusted_rand_score": 0.3128377424178368, "completeness_score": 0.43662235853674963, "fowlkes_mallows_score": 0.5408438850597557, "homogeneity_score": 0.304982910686691, "v_measure_score": 0.35911923311134125}, "classification": {"f1_score": 0.09466753784108681, "hamming_loss": 0.9244, "jaccard_score": 0.056003661459982104, "accuracy_score": 0.0756, "recall_score": 0.07564056060134731, "precision_score": 0.14306934214777717}, "found_clusters": 3, "expected_clusters": 4, "time": 0.935}, "dbscan": {"clustering": {"adjusted_mutual_info_score": 0.14350131413669737, "adjusted_rand_score": 0.01240796904383952, "completeness_score": 0.19117775308407883, "fowlkes_mallows_score": 0.43060648762335163, "homogeneity_score": 0.13835282477607178, "v_measure_score": 0.16053127661342417}, "classification": {"f1_score": 0.00020925366193908396, "hamming_loss": 0.9982, "jaccard_score": 0.00010537654552266766, "accuracy_score": 0.0018, "recall_score": 0.00010537654552266766, "precision_score": 0.014705882352941176}, "found_clusters": 68, "expected_clusters": 4, "time": 0.0927}, "k_means": {"clustering": {"adjusted_mutual_info_score": 0.3589596421706043, "adjusted_rand_score": 0.31859050132163846, "completeness_score": 0.3610419688804257, "fowlkes_mallows_score": 0.49090726878888563, "homogeneity_score": 0.35772948317681735, "v_measure_score": 0.3593780931701481}, "classification": {"f1_score": 0.6095889062282029, "hamming_loss": 0.3892, "jaccard_score": 0.45285422702139677, "accuracy_score": 0.6108, "recall_score": 0.6104034396524458, "precision_score": 0.6163592217026586}, "found_clusters": 4, "expected_clusters": 4, "time": 0.168}, "mini_batch_k_means": {"clustering": {"adjusted_mutual_info_score": 0.4031362374779021, "adjusted_rand_score": 0.4004663609505281, "completeness_score": 0.4060044322999802, "fowlkes_mallows_score": 0.5527686477507129, "homogeneity_score": 0.40107849950303537, "v_measure_score": 0.4035264334847859}, "classification": {"f1_score": 0.6752172174743926, "hamming_loss": 0.3142, "jaccard_score": 0.5220233785846058, "accuracy_score": 0.6858, "recall_score": 0.6853936756270695, "precision_score": 0.6763135005724914}, "found_clusters": 4, "expected_clusters": 4, "time": 0.044}, "mean_shift": {"clustering": {"adjusted_mutual_info_score": -6.38124841808523e-16, "adjusted_rand_score": 0.0, "completeness_score": 1.0, "fowlkes_mallows_score": 0.4998524287128132, "homogeneity_score": 3.2034379609445196e-16, "v_measure_score": 6.406875921889038e-16}, "classification": {"f1_score": 0.1, "hamming_loss": 0.75, "jaccard_score": 0.0625, "accuracy_score": 0.25, "recall_score": 0.25, "precision_score": 0.0625}, "found_clusters": 1, "expected_clusters": 4, "time": 57.0029}, "optics": {"clustering": {"adjusted_mutual_info_score": 0.11564221773169932, "adjusted_rand_score": 0.001603801385766684, "completeness_score": 0.16637729534827297, "fowlkes_mallows_score": 0.4322779329719142, "homogeneity_score": 0.12277987029675697, "v_measure_score": 0.14129190053179164}, "classification": {"f1_score": 0.00013019561891742344, "hamming_loss": 0.9984, "jaccard_score": 6.551577292233105e-05, "accuracy_score": 0.0016, "recall_score": 6.556839603311205e-05, "precision_score": 0.009070294784580499}, "found_clusters": 98, "expected_clusters": 4, "time": 5.5282}, "spectral_clustering": {"clustering": {"adjusted_mutual_info_score": 0.53771607319013, "adjusted_rand_score": 0.5124740680871381, "completeness_score": 0.6132548073446065, "fowlkes_mallows_score": 0.6626931384276048, "homogeneity_score": 0.479321863814384, "v_measure_score": 0.538079285434007}, "classification": {"f1_score": 0.5920753553136962, "hamming_loss": 0.3214, "jaccard_score": 0.5015825976696331, "accuracy_score": 0.6786, "recall_score": 0.6776087262166421, "precision_score": 0.533271508978826}, "found_clusters": 4, "expected_clusters": 4, "time": 6.269}, "gaussian_mixture_model": {"clustering": {"adjusted_mutual_info_score": 0.8438594719650485, "adjusted_rand_score": 0.8903171779501328, "completeness_score": 0.8439670815754231, "fowlkes_mallows_score": 0.9177222529035921, "homogeneity_score": 0.843954770804812, "v_measure_score": 0.8439609261452236}, "classification": {"f1_score": 0.9575977623734284, "hamming_loss": 0.0424, "jaccard_score": 0.9187771587223813, "accuracy_score": 0.9576, "recall_score": 0.9575800643492309, "precision_score": 0.9576443233092661}, "found_clusters": 4, "expected_clusters": 4, "time": 0.051}}, "classification_alg": {"KNeighborsClassifier": {"clustering": {"adjusted_mutual_info_score": 0.7441975344987736, "adjusted_rand_score": 0.7989006320237928, "completeness_score": 0.7450332361373565, "fowlkes_mallows_score": 0.8491026031998713, "homogeneity_score": 0.7450304891121798, "v_measure_score": 0.7450318626222361}, "classification": {"f1_score": 0.9198576734594603, "hamming_loss": 0.08, "jaccard_score": 0.8522508985313831, "accuracy_score": 0.92, "recall_score": 0.9200318285337956, "precision_score": 0.919819425070846}, "time": 0.045}, "DecisionTreeClassifier": {"clustering": {"adjusted_mutual_info_score": 0.5858331815268792, "adjusted_rand_score": 0.6382174206303733, "completeness_score": 0.5871325189799609, "fowlkes_mallows_score": 0.728510255224554, "homogeneity_score": 0.587235307130425, "v_measure_score": 0.5871839085568562}, "classification": {"f1_score": 0.8463120996640761, "hamming_loss": 0.153, "jaccard_score": 0.7350558306705233, "accuracy_score": 0.847, "recall_score": 0.8469541704510881, "precision_score": 0.8461066158256287}, "time": 0.0191}, "RandomForestClassifier": {"clustering": {"adjusted_mutual_info_score": 0.7216865874450383, "adjusted_rand_score": 0.7723194338612966, "completeness_score": 0.722939515785724, "fowlkes_mallows_score": 0.8292312928862633, "homogeneity_score": 0.7222503731697031, "v_measure_score": 0.7225947801679751}, "classification": {"f1_score": 0.9071683563339406, "hamming_loss": 0.092, "jaccard_score": 0.831243436730078, "accuracy_score": 0.908, "recall_score": 0.9082903214992618, "precision_score": 0.9082295219286202}, "time": 0.6961}, "LinearSVC": {"clustering": {"adjusted_mutual_info_score": 0.5047104919737808, "adjusted_rand_score": 0.537993991160287, "completeness_score": 0.5086886470570591, "fowlkes_mallows_score": 0.6547539670749086, "homogeneity_score": 0.5040003158094974, "v_measure_score": 0.5063336289155296}, "classification": {"f1_score": 0.7870484492811131, "hamming_loss": 0.208, "jaccard_score": 0.6530466251168475, "accuracy_score": 0.792, "recall_score": 0.7921135214118711, "precision_score": 0.7940149876236748}, "time": 0.233}, "LogisticRegression": {"clustering": {"adjusted_mutual_info_score": 0.5065645608654279, "adjusted_rand_score": 0.5411247341423044, "completeness_score": 0.5091893216236649,