{"clustering_alg": {"affinity_propagation": {"clustering": {"adjusted_mutual_info_score": 0.0, "adjusted_rand_score": 0.0, "completeness_score": 1.0, "fowlkes_mallows_score": 0.49924868477468143, "homogeneity_score": 0.0, "v_measure_score": 0.0}, "classification": {"f1_score": 0.0, "hamming_loss": 1.0, "jaccard_score": 0.0, "accuracy_score": 0.0, "recall_score": 0.0, "precision_score": 0.0}, "found_clusters": 1, "expected_clusters": 4, "time": 9.1745}, "agglomerative": {"clustering": {"adjusted_mutual_info_score": 0.7477581790358319, "adjusted_rand_score": 0.6727083639942766, "completeness_score": 0.7566415699331485, "fowlkes_mallows_score": 0.7568540525079133, "homogeneity_score": 0.740706843147045, "v_measure_score": 0.7485894181516597}, "classification": {"f1_score": 0.7765191682981618, "hamming_loss": 0.217, "jaccard_score": 0.6913888888888888, "accuracy_score": 0.783, "recall_score": 0.7829999999999999, "precision_score": 0.7872476705408451}, "found_clusters": 4, "expected_clusters": 4, "time": 0.037}, "birch": {"clustering": {"adjusted_mutual_info_score": 0.8324783340399058, "adjusted_rand_score": 0.703271843894544, "completeness_score": 0.9713414480919839, "fowlkes_mallows_score": 0.8083556836709778, "homogeneity_score": 0.7289896561659525, "v_measure_score": 0.8328940951454792}, "classification": {"f1_score": 0.25333112146867814, "hamming_loss": 0.746, "jaccard_score": 0.25167134805085406, "accuracy_score": 0.254, "recall_score": 0.254, "precision_score": 0.252994035880526}, "found_clusters": 3, "expected_clusters": 4, "time": 0.036}, "dbscan": {"clustering": {"adjusted_mutual_info_score": 0.7367227193095364, "adjusted_rand_score": 0.6449543756818464, "completeness_score": 0.7744129504146142, "fowlkes_mallows_score": 0.7543514007007346, "homogeneity_score": 0.7061590814239215, "v_measure_score": 0.7387127758026037}, "classification": {"f1_score": 0.1323529411764706, "hamming_loss": 0.785, "jaccard_score": 0.1225760743321719, "accuracy_score": 0.215, "recall_score": 0.12285714285714286, "precision_score": 0.14344503233392122}, "found_clusters": 7, "expected_clusters": 4, "time": 0.008}, "k_means": {"clustering": {"adjusted_mutual_info_score": 0.7359056734141985, "adjusted_rand_score": 0.6646712610377129, "completeness_score": 0.7367708066892382, "fowlkes_mallows_score": 0.7482530402083496, "homogeneity_score": 0.7367623031138192, "v_measure_score": 0.736766554876992}, "classification": {"f1_score": 0.779570217123474, "hamming_loss": 0.22, "jaccard_score": 0.6920022090003138, "accuracy_score": 0.78, "recall_score": 0.78, "precision_score": 0.779152841781874}, "found_clusters": 4, "expected_clusters": 4, "time": 0.033}, "mini_batch_k_means": {"clustering": {"adjusted_mutual_info_score": 0.7429208889009382, "adjusted_rand_score": 0.6728289363155247, "completeness_score": 0.7475916291088367, "fowlkes_mallows_score": 0.7555732762808715, "homogeneity_score": 0.7399739891280883, "v_measure_score": 0.743763304621261}, "classification": {"f1_score": 0.7898049704083632, "hamming_loss": 0.207, "jaccard_score": 0.7028455837356361, "accuracy_score": 0.793, "recall_score": 0.793, "precision_score": 0.7951441102756892}, "found_clusters": 4, "expected_clusters": 4, "time": 0.026}, "mean_shift": {"clustering": {"adjusted_mutual_info_score": 0.5661425263388361, "adjusted_rand_score": 0.3314911164235346, "completeness_score": 0.9793655308310389, "fowlkes_mallows_score": 0.6301849560069925, "homogeneity_score": 0.3988136508772886, "v_measure_score": 0.5668121360097023}, "classification": {"f1_score": 0.373252481057733, "hamming_loss": 0.502, "jaccard_score": 0.3306825396825397, "accuracy_score": 0.498, "recall_score": 0.498, "precision_score": 0.3309035735506324}, "found_clusters": 2, "expected_clusters": 4, "time": 2.716}, "optics": {"clustering": {"adjusted_mutual_info_score": 0.2315195811404707, "adjusted_rand_score": 0.028266800583626517, "completeness_score": 0.21325377245128133, "fowlkes_mallows_score": 0.2980408569515991, "homogeneity_score": 0.3835221497360911, "v_measure_score": 0.2740980063340002}, "classification": {"f1_score": 0.0006359184125577569, "hamming_loss": 0.995, "jaccard_score": 0.0003211928811152704, "accuracy_score": 0.005, "recall_score": 0.0003278688524590164, "precision_score": 0.01092896174863388}, "found_clusters": 61, "expected_clusters": 4, "time": 0.758}, "spectral_clustering": {"clustering": {"adjusted_mutual_info_score": 0.7780143664613715, "adjusted_rand_score": 0.6209008240326218, "completeness_score": 0.8340722449834362, "fowlkes_mallows_score": 0.7395078886332026, "homogeneity_score": 0.730375655584822, "v_measure_score": 0.7787872801818525}, "classification": {"f1_score": 0.5859344225721327, "hamming_loss": 0.371, "jaccard_score": 0.5029584980237154, "accuracy_score": 0.629, "recall_score": 0.629, "precision_score": 0.6191104012536351}, "found_clusters": 4, "expected_clusters": 4, "time": 0.349}, "gaussian_mixture_model": {"clustering": {"adjusted_mutual_info_score": 0.7399885702075035, "adjusted_rand_score": 0.6697396880704712, "completeness_score": 0.7429421449667544, "fowlkes_mallows_score": 0.7527153567370157, "homogeneity_score": 0.7387469341920742, "v_measure_score": 0.7408386004813634}, "classification": {"f1_score": 0.7858492244770336, "hamming_loss": 0.212, "jaccard_score": 0.6986762564641843, "accuracy_score": 0.788, "recall_score": 0.788, "precision_score": 0.7882957649054794}, "found_clusters": 4, "expected_clusters": 4, "time": 0.01}}, "classification_alg": {"KNeighborsClassifier": {"clustering": {"adjusted_mutual_info_score": 0.7247216102697598, "adjusted_rand_score": 0.6579627024655452, "completeness_score": 0.7315390676440399, "fowlkes_mallows_score": 0.7431650599904092, "homogeneity_score": 0.7270940039758061, "v_measure_score": 0.7293097628279447}, "classification": {"f1_score": 0.7591908091908093, "hamming_loss": 0.235, "jaccard_score": 0.6707815734989648, "accuracy_score": 0.765, "recall_score": 0.764093137254902, "precision_score": 0.7601503759398496}, "time": 0.007}, "DecisionTreeClassifier": {"clustering": {"adjusted_mutual_info_score": 0.714652993374305, "adjusted_rand_score": 0.6503733653434629, "completeness_score": 0.7202803051222713, "fowlkes_mallows_score": 0.7370278981844743, "homogeneity_score": 0.7185195410897851, "v_measure_score": 0.7193988457185144}, "classification": {"f1_score": 0.7595590327169275, "hamming_loss": 0.235, "jaccard_score": 0.6685713697389012, "accuracy_score": 0.765, "recall_score": 0.7634803921568628, "precision_score": 0.7578211262421788}, "time": 0.002}, "RandomForestClassifier": {"clustering": {"adjusted_mutual_info_score": 0.7222652243859927, "adjusted_rand_score": 0.6555173504014525, "completeness_score": 0.7271847291500525, "fowlkes_mallows_score": 0.7407036596914786, "homogeneity_score": 0.7265758868337489, "v_measure_score": 0.7268801804987763}, "classification": {"f1_score": 0.7556586270871986, "hamming_loss": 0.24, "jaccard_score": 0.6669656447053708, "accuracy_score": 0.76, "recall_score": 0.7579656862745098, "precision_score": 0.7540501519756839}, "time": 0.156}, "LinearSVC": {"clustering": {"adjusted_mutual_info_score": 0.6675788374340009, "adjusted_rand_score": 0.6175813950305094, "completeness_score": 0.6775070827551354, "fowlkes_mallows_score": 0.7137628139260664, "homogeneity_score": 0.6688316937967628, "v_measure_score": 0.6731414375198356}, "classification": {"f1_score": 0.7534329374095271, "hamming_loss": 0.24, "jaccard_score": 0.6562965571416962, "accuracy_score": 0.76, "recall_score": 0.761233660130719, "precision_score": 0.7578038449006191}, "time": 0.03}, "LogisticRegression": {"clustering": {"adjusted_mutual_info_score": 0.7434249188344648, "adjusted_rand_score": 0.6773656637977573, "completeness_score": 0.7505766618067186, "fowlkes_mallows_score": 0.757918530211241, "homogeneity_score": 0.7448556302858969, "v_measure_score": 0.7477052026549433}, "classification": {"f1_score": 0.7954738155801347, "hamming_loss": 0.2,