{"clustering_alg": {"affinity_propagation": {"clustering": {"adjusted_mutual_info_score": 0.34481737783961625, "adjusted_rand_score": 0.034168410223957814, "completeness_score": 0.22718041342192288, "fowlkes_mallows_score": 0.1433986903643237, "homogeneity_score": 0.8116814340259422, "v_measure_score": 0.3550002807436178}, "classification": {"f1_score": 0.00037022629758504404, "hamming_loss": 0.9924, "jaccard_score": 0.00018908528058815535, "accuracy_score": 0.0076, "recall_score": 0.00019218297544121567, "precision_score": 0.009067854134979196}, "found_clusters": 158, "expected_clusters": 4, "time": 51.9407}, "agglomerative": {"clustering": {"adjusted_mutual_info_score": 0.4471383267189701, "adjusted_rand_score": 0.3902672648080198, "completeness_score": 0.46554246936655025, "fowlkes_mallows_score": 0.5580264110848344, "homogeneity_score": 0.43082529086395827, "v_measure_score": 0.44751156539318593}, "classification": {"f1_score": 0.6790105687700072, "hamming_loss": 0.307, "jaccard_score": 0.5286034133484366, "accuracy_score": 0.693, "recall_score": 0.6929393253556053, "precision_score": 0.7450161925164873}, "found_clusters": 4, "expected_clusters": 4, "time": 1.0678}, "birch": {"clustering": {"adjusted_mutual_info_score": 0.29165190787456124, "adjusted_rand_score": 0.23561116003820573, "completeness_score": 0.3401774503050967, "fowlkes_mallows_score": 0.47145824619233945, "homogeneity_score": 0.25577922018571986, "v_measure_score": 0.29200217825280605}, "classification": {"f1_score": 0.44578421465804985, "hamming_loss": 0.4738, "jaccard_score": 0.3214811663042604, "accuracy_score": 0.5262, "recall_score": 0.5267833617935707, "precision_score": 0.4100229968089285}, "found_clusters": 3, "expected_clusters": 4, "time": 0.6594}, "dbscan": {"clustering": {"adjusted_mutual_info_score": 0.2001414125731053, "adjusted_rand_score": 0.08641618482491778, "completeness_score": 0.24434630156892442, "fowlkes_mallows_score": 0.4362290576904694, "homogeneity_score": 0.19063145237406662, "v_measure_score": 0.21417228779208144}, "classification": {"f1_score": 0.0006917794600130596, "hamming_loss": 0.9918, "jaccard_score": 0.00035042034636600857, "accuracy_score": 0.0082, "recall_score": 0.000539349037063774, "precision_score": 0.016984510543608642}, "found_clusters": 61, "expected_clusters": 4, "time": 0.111}, "k_means": {"clustering": {"adjusted_mutual_info_score": 0.3162425051224439, "adjusted_rand_score": 0.23700586879920355, "completeness_score": 0.3197148525162897, "fowlkes_mallows_score": 0.432571389190477, "homogeneity_score": 0.3137238193930586, "v_measure_score": 0.31669100450012666}, "classification": {"f1_score": 0.46994517662692875, "hamming_loss": 0.5186, "jaccard_score": 0.3268323994058503, "accuracy_score": 0.4814, "recall_score": 0.4817437577710263, "precision_score": 0.47087862669108355}, "found_clusters": 4, "expected_clusters": 4, "time": 0.186}, "mini_batch_k_means": {"clustering": {"adjusted_mutual_info_score": 0.3371349840703212, "adjusted_rand_score": 0.2582730106550965, "completeness_score": 0.34146442360713425, "fowlkes_mallows_score": 0.44946165453758513, "homogeneity_score": 0.3337646212630835, "v_measure_score": 0.3375706210681669}, "classification": {"f1_score": 0.4834300629741931, "hamming_loss": 0.502, "jaccard_score": 0.3383751882687044, "accuracy_score": 0.498, "recall_score": 0.49827423676363575, "precision_score": 0.48312540765969664}, "found_clusters": 4, "expected_clusters": 4, "time": 0.042}, "mean_shift": {"clustering": {"adjusted_mutual_info_score": 2.2470158993643433e-15, "adjusted_rand_score": 0.0, "completeness_score": 1.0, "fowlkes_mallows_score": 0.49985130815678896, "homogeneity_score": 8.008581986240403e-16, "v_measure_score": 1.6017163972480792e-15}, "classification": {"f1_score": 0.09967974379503602, "hamming_loss": 0.751, "jaccard_score": 0.06225, "accuracy_score": 0.249, "recall_score": 0.25, "precision_score": 0.06225}, "found_clusters": 1, "expected_clusters": 4, "time": 37.1988}, "optics": {"clustering": {"adjusted_mutual_info_score": 0.09897716642346722, "adjusted_rand_score": 0.0013636324560870096, "completeness_score": 0.16685277630055295, "fowlkes_mallows_score": 0.4476930183818154, "homogeneity_score": 0.0956897780791168, "v_measure_score": 0.12162679816846315}, "classification": {"f1_score": 0.00020619226210770705, "hamming_loss": 0.998, "jaccard_score": 0.00010377172660085184, "accuracy_score": 0.002, "recall_score": 0.00010380476167590885, "precision_score": 0.015584415584415584}, "found_clusters": 77, "expected_clusters": 4, "time": 4.2286}, "spectral_clustering": {"clustering": {"adjusted_mutual_info_score": 0.412755128071341, "adjusted_rand_score": 0.31677435726545256, "completeness_score": 0.530411198983892, "fowlkes_mallows_score": 0.5632892403335783, "homogeneity_score": 0.33848152433357387, "v_measure_score": 0.4132486930496946}, "classification": {"f1_score": 0.4611718690097353, "hamming_loss": 0.4364, "jaccard_score": 0.35021514237909235, "accuracy_score": 0.5636, "recall_score": 0.5641427375440576, "precision_score": 0.5165045706533455}, "found_clusters": 4, "expected_clusters": 4, "time": 6.1763}, "gaussian_mixture_model": {"clustering": {"adjusted_mutual_info_score": 0.8557358169419923, "adjusted_rand_score": 0.8926478973686283, "completeness_score": 0.8558888887470828, "fowlkes_mallows_score": 0.919475111320141, "homogeneity_score": 0.8557702395091781, "v_measure_score": 0.8558295600158509}, "classification": {"f1_score": 0.9579257977206246, "hamming_loss": 0.042, "jaccard_score": 0.9199463283104328, "accuracy_score": 0.958, "recall_score": 0.9579699126106559, "precision_score": 0.9580329530027363}, "found_clusters": 4, "expected_clusters": 4, "time": 0.138}}, "classification_alg": {"KNeighborsClassifier": {"clustering": {"adjusted_mutual_info_score": 0.7633087906643256, "adjusted_rand_score": 0.8100481644704828, "completeness_score": 0.7638799645917894, "fowlkes_mallows_score": 0.8575195890544227, "homogeneity_score": 0.7642823273464935, "v_measure_score": 0.7640810929983977}, "classification": {"f1_score": 0.9236122747364437, "hamming_loss": 0.076, "jaccard_score": 0.8588548749082853, "accuracy_score": 0.924, "recall_score": 0.924211041502767, "precision_score": 0.9232655889813208}, "time": 0.0351}, "DecisionTreeClassifier": {"clustering": {"adjusted_mutual_info_score": 0.6343099187236384, "adjusted_rand_score": 0.6756455614979262, "completeness_score": 0.6353142866809217, "fowlkes_mallows_score": 0.756697037443666, "homogeneity_score": 0.6356920090180915, "v_measure_score": 0.6355030917230482}, "classification": {"f1_score": 0.8626854284475096, "hamming_loss": 0.137, "jaccard_score": 0.7618169220845347, "accuracy_score": 0.863, "recall_score": 0.8632937802872005, "precision_score": 0.8628897748777312}, "time": 0.017}, "RandomForestClassifier": {"clustering": {"adjusted_mutual_info_score": 0.756614688974306, "adjusted_rand_score": 0.8010076242300826, "completeness_score": 0.7574274712747573, "fowlkes_mallows_score": 0.8507782294729426, "homogeneity_score": 0.757390665147569, "v_measure_score": 0.7574090677640167}, "classification": {"f1_score": 0.9196150741482666, "hamming_loss": 0.08, "jaccard_score": 0.8523245023126427, "accuracy_score": 0.92, "recall_score": 0.9203889706105023, "precision_score": 0.9194689583849629}, "time": 0.649}, "LinearSVC": {"clustering": {"adjusted_mutual_info_score": 0.5312632931914895, "adjusted_rand_score": 0.5696916592654179, "completeness_score": 0.5345027402417122, "fowlkes_mallows_score": 0.6782650830027573, "homogeneity_score": 0.5311044187178022, "v_measure_score": 0.5327981606961639}, "classification": {"f1_score": 0.807403921324613, "hamming_loss": 0.19, "jaccard_score": 0.6790331221817989, "accuracy_score": 0.81, "recall_score": 0.8085268221933136, "precision_score": 0.8119600534697812}, "time": 0.231}, "LogisticRegression": {"clustering": {"adjusted_mutual_info_score": 0.531339835975057, "adjusted_rand_score": 0.5739822843788343,