{"clustering_alg": {"affinity_propagation": {"clustering": {"adjusted_mutual_info_score": 6.417106195007704e-16, "adjusted_rand_score": 0.0, "completeness_score": 1.0, "fowlkes_mallows_score": 0.49985018759825267, "homogeneity_score": 9.610282839862931e-16, "v_measure_score": 1.9220565679725846e-15}, "classification": {"f1_score": 0.0, "hamming_loss": 1.0, "jaccard_score": 0.0, "accuracy_score": 0.0, "recall_score": 0.0, "precision_score": 0.0}, "found_clusters": 1, "expected_clusters": 4, "time": 151.8577}, "agglomerative": {"clustering": {"adjusted_mutual_info_score": 0.40123582044528056, "adjusted_rand_score": 0.3093003967855959, "completeness_score": 0.40513540213993776, "fowlkes_mallows_score": 0.48607101325639934, "homogeneity_score": 0.3981813080201925, "v_measure_score": 0.40162825523002177}, "classification": {"f1_score": 0.5888904255307637, "hamming_loss": 0.4098, "jaccard_score": 0.4174474434570742, "accuracy_score": 0.5902, "recall_score": 0.5901835562319375, "precision_score": 0.6017303553365769}, "found_clusters": 4, "expected_clusters": 4, "time": 0.736}, "birch": {"clustering": {"adjusted_mutual_info_score": 0.37926756198375355, "adjusted_rand_score": 0.32244368930990736, "completeness_score": 0.4462365782333631, "fowlkes_mallows_score": 0.5370590403457743, "homogeneity_score": 0.3302439187233469, "v_measure_score": 0.37957660714226316}, "classification": {"f1_score": 0.08163033052432943, "hamming_loss": 0.894, "jaccard_score": 0.04634251996881538, "accuracy_score": 0.106, "recall_score": 0.10595930255795363, "precision_score": 0.06656118862816318}, "found_clusters": 3, "expected_clusters": 4, "time": 0.084}, "dbscan": {"clustering": {"adjusted_mutual_info_score": 0.0009959844037409704, "adjusted_rand_score": 2.680849822604635e-06, "completeness_score": 0.0661000299337363, "fowlkes_mallows_score": 0.4987535196796812, "homogeneity_score": 0.0007466877743942369, "v_measure_score": 0.0014766943218996924}, "classification": {"f1_score": 0.0799743466410133, "hamming_loss": 0.7506, "jaccard_score": 0.04997995991983968, "accuracy_score": 0.2494, "recall_score": 0.1998397435897436, "precision_score": 0.049989977951493285}, "found_clusters": 2, "expected_clusters": 4, "time": 0.17}, "k_means": {"clustering": {"adjusted_mutual_info_score": 0.4006817076497493, "adjusted_rand_score": 0.2918143913635852, "completeness_score": 0.40136696029798363, "fowlkes_mallows_score": 0.4691143265997699, "homogeneity_score": 0.40077628659486086, "v_measure_score": 0.4010714059694162}, "classification": {"f1_score": 0.5145584885263637, "hamming_loss": 0.4844, "jaccard_score": 0.3472701558869545, "accuracy_score": 0.5156, "recall_score": 0.5156254742359958, "precision_score": 0.5145122597335321}, "found_clusters": 4, "expected_clusters": 4, "time": 0.163}, "mini_batch_k_means": {"clustering": {"adjusted_mutual_info_score": 0.42866036957027087, "adjusted_rand_score": 0.3916590145002916, "completeness_score": 0.4347937936536098, "fowlkes_mallows_score": 0.549724472397135, "homogeneity_score": 0.4234297581627259, "v_measure_score": 0.4290365383419389}, "classification": {"f1_score": 0.7005954303002432, "hamming_loss": 0.2956, "jaccard_score": 0.5402276903045878, "accuracy_score": 0.7044, "recall_score": 0.7044974382032836, "precision_score": 0.7202459224179639}, "found_clusters": 4, "expected_clusters": 4, "time": 0.052}, "mean_shift": {"clustering": {"adjusted_mutual_info_score": 0.3133068180360744, "adjusted_rand_score": 0.24298372671829638, "completeness_score": 0.4706127142217498, "fowlkes_mallows_score": 0.5255562563165964, "homogeneity_score": 0.23504019309854968, "v_measure_score": 0.31350513000892344}, "classification": {"f1_score": 0.2578244884739815, "hamming_loss": 0.6166, "jaccard_score": 0.18196328873493692, "accuracy_score": 0.3834, "recall_score": 0.38368872209924365, "precision_score": 0.19422613766003294}, "found_clusters": 2, "expected_clusters": 4, "time": 43.3437}, "optics": {"clustering": {"adjusted_mutual_info_score": 0.15325282413892563, "adjusted_rand_score": 0.002347836426059677, "completeness_score": 0.13335986885508694, "fowlkes_mallows_score": 0.25256994601077376, "homogeneity_score": 0.33886444697599305, "v_measure_score": 0.1913959815001788}, "classification": {"f1_score": 0.0001010086765078717, "hamming_loss": 0.996, "jaccard_score": 5.100691144155954e-05, "accuracy_score": 0.004, "recall_score": 5.124105843530304e-05, "precision_score": 0.0035319669365721997}, "found_clusters": 312, "expected_clusters": 4, "time": 3.6095}, "spectral_clustering": {"clustering": {"adjusted_mutual_info_score": 0.40374229148582774, "adjusted_rand_score": 0.30987471777618203, "completeness_score": 0.40958274023595215, "fowlkes_mallows_score": 0.48839421752318485, "homogeneity_score": 0.39883007193010284, "v_measure_score": 0.4041348956653575}, "classification": {"f1_score": 0.5653550078027352, "hamming_loss": 0.427, "jaccard_score": 0.398142625547134, "accuracy_score": 0.573, "recall_score": 0.5730065355407982, "precision_score": 0.5794523965886056}, "found_clusters": 4, "expected_clusters": 4, "time": 3.0465}, "gaussian_mixture_model": {"clustering": {"adjusted_mutual_info_score": 0.4685884949468753, "adjusted_rand_score": 0.446942834722585, "completeness_score": 0.47311360169316413, "fowlkes_mallows_score": 0.5883497213372497, "homogeneity_score": 0.4648331967602709, "v_measure_score": 0.46893684858974866}, "classification": {"f1_score": 0.7225573270475926, "hamming_loss": 0.2728, "jaccard_score": 0.5706596026550944, "accuracy_score": 0.7272, "recall_score": 0.7271956396421324, "precision_score": 0.7368445553761943}, "found_clusters": 4, "expected_clusters": 4, "time": 0.068}}, "classification_alg": {"KNeighborsClassifier": {"clustering": {"adjusted_mutual_info_score": 0.4548454096277144, "adjusted_rand_score": 0.46263981967255774, "completeness_score": 0.45910080295429145, "fowlkes_mallows_score": 0.5988331323850854, "homogeneity_score": 0.4541926149225483, "v_measure_score": 0.4566335202362551}, "classification": {"f1_score": 0.7450930373771727, "hamming_loss": 0.251, "jaccard_score": 0.5968247325959862, "accuracy_score": 0.749, "recall_score": 0.7457499296059015, "precision_score": 0.7526139781294121}, "time": 0.029}, "DecisionTreeClassifier": {"clustering": {"adjusted_mutual_info_score": 0.385610301200508, "adjusted_rand_score": 0.39624259058694467, "completeness_score": 0.38805639961687444, "fowlkes_mallows_score": 0.5474682964697178, "homogeneity_score": 0.3871781515143622, "v_measure_score": 0.38761677809054546}, "classification": {"f1_score": 0.7099142527922356, "hamming_loss": 0.288, "jaccard_score": 0.5522423097264414, "accuracy_score": 0.712, "recall_score": 0.7102197111217805, "precision_score": 0.7116990385168849}, "time": 0.008}, "RandomForestClassifier": {"clustering": {"adjusted_mutual_info_score": 0.471758369902262, "adjusted_rand_score": 0.48035610466211487, "completeness_score": 0.4760095985259279, "fowlkes_mallows_score": 0.6120346291698883, "homogeneity_score": 0.47099863439547474, "v_measure_score": 0.4734908590461172}, "classification": {"f1_score": 0.757850519344843, "hamming_loss": 0.239, "jaccard_score": 0.6123564805093467, "accuracy_score": 0.761, "recall_score": 0.7579943733729014, "precision_score": 0.7661560618473053}, "time": 0.386}, "LinearSVC": {"clustering": {"adjusted_mutual_info_score": 0.43716155716007066, "adjusted_rand_score": 0.437874481223746, "completeness_score": 0.44019916917968294, "fowlkes_mallows_score": 0.5793075628370752, "homogeneity_score": 0.43781263759879274, "v_measure_score": 0.43900265996304316}, "classification": {"f1_score": 0.731080660117165, "hamming_loss": 0.266, "jaccard_score": 0.5784354728097411, "accuracy_score": 0.734, "recall_score": 0.7311464261809838, "precision_score": 0.7341227909849831}, "time": 0.089}, "LogisticRegression": {"clustering": {"adjusted_mutual_info_score": 0.44731355021339514, "adjusted_rand_score": 0.4513332495312016, "completeness_score": 0.449666599925786,