{"clustering_alg": {"affinity_propagation": {"clustering": {"adjusted_mutual_info_score": 0.0, "adjusted_rand_score": 0.0, "completeness_score": 1.0, "fowlkes_mallows_score": 0.49924868477468143, "homogeneity_score": 0.0, "v_measure_score": 0.0}, "classification": {"f1_score": 0.0, "hamming_loss": 1.0, "jaccard_score": 0.0, "accuracy_score": 0.0, "recall_score": 0.0, "precision_score": 0.0}, "found_clusters": 1, "expected_clusters": 4, "time": 8.589}, "agglomerative": {"clustering": {"adjusted_mutual_info_score": 0.805325544879304, "adjusted_rand_score": 0.7585525113117588, "completeness_score": 0.8079347865957142, "fowlkes_mallows_score": 0.8191550893306053, "homogeneity_score": 0.8039982693480132, "v_measure_score": 0.8059617212685132}, "classification": {"f1_score": 0.8801944273293626, "hamming_loss": 0.119, "jaccard_score": 0.8069073083778966, "accuracy_score": 0.881, "recall_score": 0.881, "precision_score": 0.884620759959881}, "found_clusters": 4, "expected_clusters": 4, "time": 0.028}, "birch": {"clustering": {"adjusted_mutual_info_score": 0.8567873240141083, "adjusted_rand_score": 0.7136715391229579, "completeness_score": 1.0, "fowlkes_mallows_score": 0.8159506119058424, "homogeneity_score": 0.75, "v_measure_score": 0.8571428571428571}, "classification": {"f1_score": 0.41666666666666663, "hamming_loss": 0.5, "jaccard_score": 0.375, "accuracy_score": 0.5, "recall_score": 0.5, "precision_score": 0.375}, "found_clusters": 3, "expected_clusters": 4, "time": 0.035}, "dbscan": {"clustering": {"adjusted_mutual_info_score": 0.7618216226738156, "adjusted_rand_score": 0.658577863564431, "completeness_score": 0.825837832684401, "fowlkes_mallows_score": 0.7663600035968892, "homogeneity_score": 0.7084627369757254, "v_measure_score": 0.7626606452623503}, "classification": {"f1_score": 0.662454507263268, "hamming_loss": 0.285, "jaccard_score": 0.5954337599446559, "accuracy_score": 0.715, "recall_score": 0.715, "precision_score": 0.6707144207144207}, "found_clusters": 4, "expected_clusters": 4, "time": 0.006}, "k_means": {"clustering": {"adjusted_mutual_info_score": 0.8263439896820781, "adjusted_rand_score": 0.8022017075963467, "completeness_score": 0.8270692722163812, "fowlkes_mallows_score": 0.8515292242707371, "homogeneity_score": 0.8267511353408065, "v_measure_score": 0.8269101731794214}, "classification": {"f1_score": 0.9098523662629507, "hamming_loss": 0.09, "jaccard_score": 0.8469826461168015, "accuracy_score": 0.91, "recall_score": 0.91, "precision_score": 0.9101448772026097}, "found_clusters": 4, "expected_clusters": 4, "time": 0.033}, "mini_batch_k_means": {"clustering": {"adjusted_mutual_info_score": 0.8086160719596741, "adjusted_rand_score": 0.7745114575618193, "completeness_score": 0.8092902838248597, "fowlkes_mallows_score": 0.8307240238987739, "homogeneity_score": 0.8091896660096595, "v_measure_score": 0.8092399717896506}, "classification": {"f1_score": 0.8928698216135775, "hamming_loss": 0.107, "jaccard_score": 0.8232360102075359, "accuracy_score": 0.893, "recall_score": 0.893, "precision_score": 0.8928761548456381}, "found_clusters": 4, "expected_clusters": 4, "time": 0.079}, "mean_shift": {"clustering": {"adjusted_mutual_info_score": 0.5586475757696197, "adjusted_rand_score": 0.33035088307159755, "completeness_score": 0.9638098432109188, "fowlkes_mallows_score": 0.628704384221984, "homogeneity_score": 0.3939845667297404, "v_measure_score": 0.5593279817728936}, "classification": {"f1_score": 0.12550200803212852, "hamming_loss": 0.75, "jaccard_score": 0.08378016085790885, "accuracy_score": 0.25, "recall_score": 0.25, "precision_score": 0.08378016085790885}, "found_clusters": 2, "expected_clusters": 4, "time": 3.386}, "optics": {"clustering": {"adjusted_mutual_info_score": 0.2348920543007073, "adjusted_rand_score": 0.011983100775031045, "completeness_score": 0.2153964502521924, "fowlkes_mallows_score": 0.28837965298422713, "homogeneity_score": 0.37706891325310316, "v_measure_score": 0.274174020687521}, "classification": {"f1_score": 0.0016172506738544473, "hamming_loss": 0.988, "jaccard_score": 0.000846979107848673, "accuracy_score": 0.012, "recall_score": 0.0008571428571428572, "precision_score": 0.014285714285714287}, "found_clusters": 56, "expected_clusters": 4, "time": 0.554}, "spectral_clustering": {"clustering": {"adjusted_mutual_info_score": 0.8252634966966199, "adjusted_rand_score": 0.7900683789646495, "completeness_score": 0.8275686771009686, "fowlkes_mallows_score": 0.8427093806444168, "homogeneity_score": 0.8241072078910411, "v_measure_score": 0.8258343153409436}, "classification": {"f1_score": 0.9014306635124479, "hamming_loss": 0.098, "jaccard_score": 0.8354559748427672, "accuracy_score": 0.902, "recall_score": 0.902, "precision_score": 0.9055948637316562}, "found_clusters": 4, "expected_clusters": 4, "time": 0.2229}, "gaussian_mixture_model": {"clustering": {"adjusted_mutual_info_score": 0.8251709906889197, "adjusted_rand_score": 0.7974695383663688, "completeness_score": 0.8267164515946327, "fowlkes_mallows_score": 0.8481188809341547, "homogeneity_score": 0.8247689959984501, "v_measure_score": 0.8257415755625971}, "classification": {"f1_score": 0.9065773346185453, "hamming_loss": 0.093, "jaccard_score": 0.84236362716601, "accuracy_score": 0.907, "recall_score": 0.907, "precision_score": 0.9088480545087465}, "found_clusters": 4, "expected_clusters": 4, "time": 0.012}}, "classification_alg": {"KNeighborsClassifier": {"clustering": {"adjusted_mutual_info_score": 0.8168827146637748, "adjusted_rand_score": 0.7924540901502504, "completeness_score": 0.818373500073297, "fowlkes_mallows_score": 0.8446105576979571, "homogeneity_score": 0.8215235671837843, "v_measure_score": 0.8199455081573087}, "classification": {"f1_score": 0.8882352941176471, "hamming_loss": 0.105, "jaccard_score": 0.8176100628930818, "accuracy_score": 0.895, "recall_score": 0.8909090909090909, "precision_score": 0.8877777777777778}, "time": 0.007}, "DecisionTreeClassifier": {"clustering": {"adjusted_mutual_info_score": 0.7952806388568553, "adjusted_rand_score": 0.7607802052632161, "completeness_score": 0.7979092948635834, "fowlkes_mallows_score": 0.8210322909512491, "homogeneity_score": 0.7995092344879731, "v_measure_score": 0.798708463443429}, "classification": {"f1_score": 0.860546522131888, "hamming_loss": 0.13, "jaccard_score": 0.7826147042564953, "accuracy_score": 0.87, "recall_score": 0.8613636363636363, "precision_score": 0.860062893081761}, "time": 0.002}, "RandomForestClassifier": {"clustering": {"adjusted_mutual_info_score": 0.8168827146637748, "adjusted_rand_score": 0.7924540901502504, "completeness_score": 0.818373500073297, "fowlkes_mallows_score": 0.8446105576979571, "homogeneity_score": 0.8215235671837843, "v_measure_score": 0.8199455081573087}, "classification": {"f1_score": 0.8882352941176471, "hamming_loss": 0.105, "jaccard_score": 0.8176100628930818, "accuracy_score": 0.895, "recall_score": 0.8909090909090909, "precision_score": 0.8877777777777778}, "time": 0.1634}, "LinearSVC": {"clustering": {"adjusted_mutual_info_score": 0.7722370430333563, "adjusted_rand_score": 0.7433083100535335, "completeness_score": 0.7766618024123506, "fowlkes_mallows_score": 0.8082631016358933, "homogeneity_score": 0.7754565517010782, "v_measure_score": 0.7760587091061636}, "classification": {"f1_score": 0.8641264009328755, "hamming_loss": 0.13, "jaccard_score": 0.7821122653544742, "accuracy_score": 0.87, "recall_score": 0.8753787878787879, "precision_score": 0.8733883602736061}, "time": 0.024}, "LogisticRegression": {"clustering": {"adjusted_mutual_info_score": 0.8399464548265373, "adjusted_rand_score": 0.8228345703348582, "completeness_score": 0.8408150571309442, "fowlkes_mallows_score": 0.8673340084739307, "homogeneity_score": 0.8444382625395802, "v_measure_score": 0.8426227649853664}, "classification": {"f1_score": 0.9098872893650263, "hamming_loss": 0.085, "jaccard_score": 0.8474358974358974, "accuracy_score": 0.915, "recall_score": 0.9142045454545454,