{"clustering_alg": {"affinity_propagation": {"clustering": {"adjusted_mutual_info_score": 0.36923393404964605, "adjusted_rand_score": 0.03630345702641762, "completeness_score": 0.24216568213386022, "fowlkes_mallows_score": 0.1505612574618936, "homogeneity_score": 0.8651749751265769, "v_measure_score": 0.378412346088719}, "classification": {"f1_score": 0.0002923963249436909, "hamming_loss": 0.9936, "jaccard_score": 0.00014945379309056433, "accuracy_score": 0.0064, "recall_score": 0.00014945379309056433, "precision_score": 0.006711409395973154}, "found_clusters": 149, "expected_clusters": 4, "time": 44.0448}, "agglomerative": {"clustering": {"adjusted_mutual_info_score": 0.7808567054906433, "adjusted_rand_score": 0.7899525376944511, "completeness_score": 0.7816219007768928, "fowlkes_mallows_score": 0.8429971013192359, "homogeneity_score": 0.7803783880188772, "v_measure_score": 0.7809996494159088}, "classification": {"f1_score": 0.9079515925143392, "hamming_loss": 0.0902, "jaccard_score": 0.8353305644004231, "accuracy_score": 0.9098, "recall_score": 0.9104153391420895, "precision_score": 0.9121738402493456}, "found_clusters": 4, "expected_clusters": 4, "time": 1.79}, "birch": {"clustering": {"adjusted_mutual_info_score": 0.6159030986564573, "adjusted_rand_score": 0.48465429533962917, "completeness_score": 0.7289815519644288, "fowlkes_mallows_score": 0.6574976342504028, "homogeneity_score": 0.5334837378145719, "v_measure_score": 0.6160958345364559}, "classification": {"f1_score": 0.015724576882214864, "hamming_loss": 0.9764, "jaccard_score": 0.008067896373345183, "accuracy_score": 0.0236, "recall_score": 0.02079529799893703, "precision_score": 0.012988695274880451}, "found_clusters": 3, "expected_clusters": 4, "time": 0.102}, "dbscan": {"clustering": {"adjusted_mutual_info_score": -3.8604511456486097e-07, "adjusted_rand_score": 8.229925410568097e-07, "completeness_score": 0.14510815722312376, "fowlkes_mallows_score": 0.5019156617547201, "homogeneity_score": 0.00019985021742513332, "v_measure_score": 0.0003991507045207634}, "classification": {"f1_score": 0.08931013051584834, "hamming_loss": 0.7126, "jaccard_score": 0.057491498299659924, "accuracy_score": 0.2874, "recall_score": 0.2, "precision_score": 0.057491498299659924}, "found_clusters": 2, "expected_clusters": 4, "time": 0.2861}, "k_means": {"clustering": {"adjusted_mutual_info_score": 0.7267537869795292, "adjusted_rand_score": 0.736004884893356, "completeness_score": 0.7260596362303848, "fowlkes_mallows_score": 0.8023146944966469, "homogeneity_score": 0.7278057888266611, "v_measure_score": 0.7269316639277251}, "classification": {"f1_score": 0.8882338567740552, "hamming_loss": 0.111, "jaccard_score": 0.8008948462353089, "accuracy_score": 0.889, "recall_score": 0.8919708249645442, "precision_score": 0.8897761081691403}, "found_clusters": 4, "expected_clusters": 4, "time": 0.1089}, "mini_batch_k_means": {"clustering": {"adjusted_mutual_info_score": 0.715032657098585, "adjusted_rand_score": 0.7193882648553156, "completeness_score": 0.7142971466851662, "fowlkes_mallows_score": 0.7898551175917002, "homogeneity_score": 0.7161415268994772, "v_measure_score": 0.7152181477380694}, "classification": {"f1_score": 0.8785042565843038, "hamming_loss": 0.1204, "jaccard_score": 0.7863753590689314, "accuracy_score": 0.8796, "recall_score": 0.8821027919401684, "precision_score": 0.879841644338994}, "found_clusters": 4, "expected_clusters": 4, "time": 0.069}, "mean_shift": {"clustering": {"adjusted_mutual_info_score": 1.1404576818831264e-15, "adjusted_rand_score": 0.0, "completeness_score": 1.0, "fowlkes_mallows_score": 0.5020154618184394, "homogeneity_score": 2.0083006062688907e-16, "v_measure_score": 4.0166012125377803e-16}, "classification": {"f1_score": 0.1116203200248563, "hamming_loss": 0.7126, "jaccard_score": 0.07185, "accuracy_score": 0.2874, "recall_score": 0.25, "precision_score": 0.07185}, "found_clusters": 1, "expected_clusters": 4, "time": 72.1719}, "optics": {"clustering": {"adjusted_mutual_info_score": 0.09663041297821581, "adjusted_rand_score": 0.00286108179189096, "completeness_score": 0.17802905154869425, "fowlkes_mallows_score": 0.45883863812709486, "homogeneity_score": 0.08662280070462433, "v_measure_score": 0.1165408435318628}, "classification": {"f1_score": 0.0003063294932508237, "hamming_loss": 0.9974, "jaccard_score": 0.00015393193653587793, "accuracy_score": 0.0026, "recall_score": 0.00015393193653587793, "precision_score": 0.03125}, "found_clusters": 64, "expected_clusters": 4, "time": 5.4025}, "spectral_clustering": {"clustering": {"adjusted_mutual_info_score": 0.7042026416840655, "adjusted_rand_score": 0.6958316152425039, "completeness_score": 0.7052311999231481, "fowlkes_mallows_score": 0.7727380144477444, "homogeneity_score": 0.7035620998714254, "v_measure_score": 0.7043956611450749}, "classification": {"f1_score": 0.8714769312825897, "hamming_loss": 0.1286, "jaccard_score": 0.7755994032443034, "accuracy_score": 0.8714, "recall_score": 0.8767494810945728, "precision_score": 0.8809404562455828}, "found_clusters": 4, "expected_clusters": 4, "time": 3.4016}, "gaussian_mixture_model": {"clustering": {"adjusted_mutual_info_score": 0.8438542410875572, "adjusted_rand_score": 0.8681156282895799, "completeness_score": 0.8430839562357134, "fowlkes_mallows_score": 0.9012600844601536, "homogeneity_score": 0.844829660043952, "v_measure_score": 0.8439559054035325}, "classification": {"f1_score": 0.9471093147853623, "hamming_loss": 0.0524, "jaccard_score": 0.8999679159747057, "accuracy_score": 0.9476, "recall_score": 0.9492267755803445, "precision_score": 0.9467102832302007}, "found_clusters": 4, "expected_clusters": 4, "time": 0.034}}, "classification_alg": {"KNeighborsClassifier": {"clustering": {"adjusted_mutual_info_score": 0.8392357336654647, "adjusted_rand_score": 0.8585721597948264, "completeness_score": 0.837239807269393, "fowlkes_mallows_score": 0.8945486642312412, "homogeneity_score": 0.8423024034104076, "v_measure_score": 0.8397634753203855}, "classification": {"f1_score": 0.943440345179993, "hamming_loss": 0.056, "jaccard_score": 0.8929773415325214, "accuracy_score": 0.944, "recall_score": 0.9483420269990144, "precision_score": 0.940879431514166}, "time": 0.049}, "DecisionTreeClassifier": {"clustering": {"adjusted_mutual_info_score": 0.7566238389878112, "adjusted_rand_score": 0.784234586626382, "completeness_score": 0.7556103280479515, "fowlkes_mallows_score": 0.8391827136120811, "homogeneity_score": 0.7592449474160301, "v_measure_score": 0.7574232774283484}, "classification": {"f1_score": 0.9125482777728633, "hamming_loss": 0.087, "jaccard_score": 0.8395043750692932, "accuracy_score": 0.913, "recall_score": 0.9161766344161988, "precision_score": 0.9102659497462979}, "time": 0.017}, "RandomForestClassifier": {"clustering": {"adjusted_mutual_info_score": 0.8368504389192583, "adjusted_rand_score": 0.8611088336570465, "completeness_score": 0.8356554056319523, "fowlkes_mallows_score": 0.8965164396014158, "homogeneity_score": 0.8391248423595857, "v_measure_score": 0.8373865303926018}, "classification": {"f1_score": 0.9443531959378733, "hamming_loss": 0.055, "jaccard_score": 0.8946790341627201, "accuracy_score": 0.945, "recall_score": 0.9473656712313698, "precision_score": 0.9423191092937224}, "time": 0.5486}, "LinearSVC": {"clustering": {"adjusted_mutual_info_score": 0.7955547974168063, "adjusted_rand_score": 0.8286307092547877, "completeness_score": 0.7949992398224982, "fowlkes_mallows_score": 0.8723731731504806, "homogeneity_score": 0.7974584486302196, "v_measure_score": 0.796226945366501}, "classification": {"f1_score": 0.9299709505459517, "hamming_loss": 0.069, "jaccard_score": 0.8696594618935044, "accuracy_score": 0.931, "recall_score": 0.9321348202110453, "precision_score": 0.9283262401956913}, "time": 0.015}, "LogisticRegression": {"clustering": {"adjusted_mutual_info_score": 0.8268554674978513, "adjusted_rand_score": 0.8555801118923885, "completeness_score": 0.8255752399566132,