{"clustering_alg": {"affinity_propagation": {"clustering": {"adjusted_mutual_info_score": 2.4648671855506753e-17, "adjusted_rand_score": 0.0, "completeness_score": 1.0, "fowlkes_mallows_score": 0.5123345170213172, "homogeneity_score": 2.0377539560781072e-16, "v_measure_score": 4.0755079121562133e-16}, "classification": {"f1_score": 0.0, "hamming_loss": 1.0, "jaccard_score": 0.0, "accuracy_score": 0.0, "recall_score": 0.0, "precision_score": 0.0}, "found_clusters": 1, "expected_clusters": 4, "time": 151.6884}, "agglomerative": {"clustering": {"adjusted_mutual_info_score": 0.29099820301064955, "adjusted_rand_score": 0.2009083986375295, "completeness_score": 0.2904154810261051, "fowlkes_mallows_score": 0.4084271345322869, "homogeneity_score": 0.29252296220272744, "v_measure_score": 0.29146541205530985}, "classification": {"f1_score": 0.510513049034397, "hamming_loss": 0.5042, "jaccard_score": 0.3621512595684975, "accuracy_score": 0.4958, "recall_score": 0.5304338295997806, "precision_score": 0.5201771773645915}, "found_clusters": 4, "expected_clusters": 4, "time": 0.734}, "birch": {"clustering": {"adjusted_mutual_info_score": 0.27604314518595274, "adjusted_rand_score": 0.20210928181661872, "completeness_score": 0.3143846840127354, "fowlkes_mallows_score": 0.44680943168396803, "homogeneity_score": 0.24660601604335655, "v_measure_score": 0.27640085449430185}, "classification": {"f1_score": 0.026683330774323145, "hamming_loss": 0.9698, "jaccard_score": 0.013844719578744955, "accuracy_score": 0.0302, "recall_score": 0.03770527889318937, "precision_score": 0.02122910213476999}, "found_clusters": 3, "expected_clusters": 4, "time": 0.084}, "dbscan": {"clustering": {"adjusted_mutual_info_score": 2.4648671855506753e-17, "adjusted_rand_score": 0.0, "completeness_score": 1.0, "fowlkes_mallows_score": 0.5123345170213172, "homogeneity_score": 2.0377539560781072e-16, "v_measure_score": 4.0755079121562133e-16}, "classification": {"f1_score": 0.08834184093528735, "hamming_loss": 0.7854, "jaccard_score": 0.05365, "accuracy_score": 0.2146, "recall_score": 0.25, "precision_score": 0.05365}, "found_clusters": 1, "expected_clusters": 4, "time": 0.199}, "k_means": {"clustering": {"adjusted_mutual_info_score": 0.3186613143636463, "adjusted_rand_score": 0.2370464290633426, "completeness_score": 0.31713218603714716, "fowlkes_mallows_score": 0.43387178981779473, "homogeneity_score": 0.32111083102544186, "v_measure_score": 0.3191091075997373}, "classification": {"f1_score": 0.5579600822951903, "hamming_loss": 0.4528, "jaccard_score": 0.39745990301585093, "accuracy_score": 0.5472, "recall_score": 0.59110748745886, "precision_score": 0.5479274754127246}, "found_clusters": 4, "expected_clusters": 4, "time": 0.124}, "mini_batch_k_means": {"clustering": {"adjusted_mutual_info_score": 0.3090056773144896, "adjusted_rand_score": 0.22816433256152321, "completeness_score": 0.30765582392492624, "fowlkes_mallows_score": 0.4274115351467028, "homogeneity_score": 0.31128543466922315, "v_measure_score": 0.3094599868702109}, "classification": {"f1_score": 0.5163425613787245, "hamming_loss": 0.4952, "jaccard_score": 0.3621043757887005, "accuracy_score": 0.5048, "recall_score": 0.5414455566156058, "precision_score": 0.5021001210910843}, "found_clusters": 4, "expected_clusters": 4, "time": 0.046}, "mean_shift": {"clustering": {"adjusted_mutual_info_score": 2.4648671855506753e-17, "adjusted_rand_score": 0.0, "completeness_score": 1.0, "fowlkes_mallows_score": 0.5123345170213172, "homogeneity_score": 2.0377539560781072e-16, "v_measure_score": 4.0755079121562133e-16}, "classification": {"f1_score": 0.08834184093528735, "hamming_loss": 0.7854, "jaccard_score": 0.05365, "accuracy_score": 0.2146, "recall_score": 0.25, "precision_score": 0.05365}, "found_clusters": 1, "expected_clusters": 4, "time": 54.8038}, "optics": {"clustering": {"adjusted_mutual_info_score": 0.11788468236859892, "adjusted_rand_score": 0.0013212423432072476, "completeness_score": 0.11045370687068017, "fowlkes_mallows_score": 0.263241326165693, "homogeneity_score": 0.2815958893529347, "v_measure_score": 0.15867028109799158}, "classification": {"f1_score": 2.968111029675985e-05, "hamming_loss": 0.999, "jaccard_score": 1.4894964088928162e-05, "accuracy_score": 0.001, "recall_score": 1.4954177143809784e-05, "precision_score": 0.002116402116402116}, "found_clusters": 315, "expected_clusters": 4, "time": 3.8818}, "spectral_clustering": {"clustering": {"adjusted_mutual_info_score": 0.28034169946815607, "adjusted_rand_score": 0.17123857128645475, "completeness_score": 0.2875779124360304, "fowlkes_mallows_score": 0.4007901022975019, "homogeneity_score": 0.27438941702293235, "v_measure_score": 0.28082890803621524}, "classification": {"f1_score": 0.5061805527976663, "hamming_loss": 0.5152, "jaccard_score": 0.341912160476331, "accuracy_score": 0.4848, "recall_score": 0.49436679714662535, "precision_score": 0.546422662978228}, "found_clusters": 4, "expected_clusters": 4, "time": 3.071}, "gaussian_mixture_model": {"clustering": {"adjusted_mutual_info_score": 0.34558367411994506, "adjusted_rand_score": 0.27247961628466755, "completeness_score": 0.3453156886284548, "fowlkes_mallows_score": 0.4621822110934716, "homogeneity_score": 0.3467183633894226, "v_measure_score": 0.34601560447738305}, "classification": {"f1_score": 0.5776199738546625, "hamming_loss": 0.4302, "jaccard_score": 0.4216840020912646, "accuracy_score": 0.5698, "recall_score": 0.6219196654561606, "precision_score": 0.5665452599803458}, "found_clusters": 4, "expected_clusters": 4, "time": 0.035}}, "classification_alg": {"KNeighborsClassifier": {"clustering": {"adjusted_mutual_info_score": 0.3651310176560095, "adjusted_rand_score": 0.319771522931594, "completeness_score": 0.36544018518177673, "fowlkes_mallows_score": 0.4940718080867155, "homogeneity_score": 0.36902085813985286, "v_measure_score": 0.36722179334298954}, "classification": {"f1_score": 0.6723441040256242, "hamming_loss": 0.344, "jaccard_score": 0.5175618282291734, "accuracy_score": 0.656, "recall_score": 0.6831543984924779, "precision_score": 0.6642952448897852}, "time": 0.027}, "DecisionTreeClassifier": {"clustering": {"adjusted_mutual_info_score": 0.2884008453236032, "adjusted_rand_score": 0.23505367249482012, "completeness_score": 0.2912686486415786, "fowlkes_mallows_score": 0.43482007265694683, "homogeneity_score": 0.2902536538903113, "v_measure_score": 0.2907602654750298}, "classification": {"f1_score": 0.6086294210161909, "hamming_loss": 0.411, "jaccard_score": 0.44810142405853026, "accuracy_score": 0.589, "recall_score": 0.6088747149196005, "precision_score": 0.6093345572794188}, "time": 0.009}, "RandomForestClassifier": {"clustering": {"adjusted_mutual_info_score": 0.38321511174439166, "adjusted_rand_score": 0.3352682262313126, "completeness_score": 0.38337618160510056, "fowlkes_mallows_score": 0.5056417811666477, "homogeneity_score": 0.38713478396616946, "v_measure_score": 0.3852463154328393}, "classification": {"f1_score": 0.683285609012626, "hamming_loss": 0.334, "jaccard_score": 0.5319836926872987, "accuracy_score": 0.666, "recall_score": 0.6941549951542288, "precision_score": 0.6752541839683284}, "time": 0.4125}, "LinearSVC": {"clustering": {"adjusted_mutual_info_score": 0.42017475177241265, "adjusted_rand_score": 0.36748784037460636, "completeness_score": 0.4196827707354309, "fowlkes_mallows_score": 0.5292262186248103, "homogeneity_score": 0.42451001013925066, "v_measure_score": 0.4220825889450811}, "classification": {"f1_score": 0.6968668910507118, "hamming_loss": 0.317, "jaccard_score": 0.548642609838558, "accuracy_score": 0.683, "recall_score": 0.7159531583136487, "precision_score": 0.6862849375505402}, "time": 0.018}, "LogisticRegression": {"clustering": {"adjusted_mutual_info_score": 0.4075104369919767, "adjusted_rand_score": 0.34537594075356676, "completeness_score": 0.40933009504226786, "fowlkes_mallows_score": 0.515337057746813, "homogeneity_score": 0.4096114660059748,