{"clustering_alg": {"affinity_propagation": {"clustering": {"adjusted_mutual_info_score": 0.4283667518068533, "adjusted_rand_score": 0.16585908158508114, "completeness_score": 0.3133658917335106, "fowlkes_mallows_score": 0.32192135106246483, "homogeneity_score": 0.7339486964598573, "v_measure_score": 0.43920802850561746}, "classification": {"f1_score": 0.00048059593896431575, "hamming_loss": 0.998, "jaccard_score": 0.00024198427102238354, "accuracy_score": 0.002, "recall_score": 0.00027808676307007786, "precision_score": 0.0017683465959328027}, "found_clusters": 29, "expected_clusters": 4, "time": 1.886}, "agglomerative": {"clustering": {"adjusted_mutual_info_score": 0.5344689158013414, "adjusted_rand_score": 0.48771177166670454, "completeness_score": 0.5432650830999678, "fowlkes_mallows_score": 0.6203313217533843, "homogeneity_score": 0.5289407809983362, "v_measure_score": 0.5360072481709114}, "classification": {"f1_score": 0.7672344753968612, "hamming_loss": 0.234, "jaccard_score": 0.622835084082375, "accuracy_score": 0.766, "recall_score": 0.7662623056162448, "precision_score": 0.7985641153466332}, "found_clusters": 4, "expected_clusters": 4, "time": 0.029}, "birch": {"clustering": {"adjusted_mutual_info_score": 0.1907214349335625, "adjusted_rand_score": 0.14634556480457625, "completeness_score": 0.26037830405013657, "fowlkes_mallows_score": 0.44898621198444516, "homogeneity_score": 0.153266691605593, "v_measure_score": 0.19295444957276298}, "classification": {"f1_score": 0.23864749352630357, "hamming_loss": 0.645, "jaccard_score": 0.15818462210117717, "accuracy_score": 0.355, "recall_score": 0.3540796812749004, "precision_score": 0.1866420421035571}, "found_clusters": 3, "expected_clusters": 4, "time": 0.017}, "dbscan": {"clustering": {"adjusted_mutual_info_score": 0.008685120935828869, "adjusted_rand_score": 0.00025051257458377893, "completeness_score": 0.1067779550007347, "fowlkes_mallows_score": 0.49147893367876966, "homogeneity_score": 0.0071632185928768724, "v_measure_score": 0.013425767147153864}, "classification": {"f1_score": 0.08097165991902834, "hamming_loss": 0.75, "jaccard_score": 0.050761421319796954, "accuracy_score": 0.25, "recall_score": 0.199203187250996, "precision_score": 0.05081300813008131}, "found_clusters": 3, "expected_clusters": 4, "time": 0.007}, "k_means": {"clustering": {"adjusted_mutual_info_score": 0.5116986311816927, "adjusted_rand_score": 0.49655116162990953, "completeness_score": 0.5137528799576818, "fowlkes_mallows_score": 0.6223555781976766, "homogeneity_score": 0.5128316278594304, "v_measure_score": 0.513291840544911}, "classification": {"f1_score": 0.7665000250764998, "hamming_loss": 0.233, "jaccard_score": 0.6228303483557791, "accuracy_score": 0.767, "recall_score": 0.7668252473975068, "precision_score": 0.7678393858074902}, "found_clusters": 4, "expected_clusters": 4, "time": 0.038}, "mini_batch_k_means": {"clustering": {"adjusted_mutual_info_score": 0.4773992033536776, "adjusted_rand_score": 0.46882880277073463, "completeness_score": 0.4808100205325675, "fowlkes_mallows_score": 0.6025533089935067, "homogeneity_score": 0.4774198475729731, "v_measure_score": 0.47910893691519485}, "classification": {"f1_score": 0.7545185855783981, "hamming_loss": 0.245, "jaccard_score": 0.6069652085640458, "accuracy_score": 0.755, "recall_score": 0.7549091055134302, "precision_score": 0.7615839883204347}, "found_clusters": 4, "expected_clusters": 4, "time": 0.026}, "mean_shift": {"clustering": {"adjusted_mutual_info_score": 2.5627634168138465e-18, "adjusted_rand_score": 0.0, "completeness_score": 1.0, "fowlkes_mallows_score": 0.49925469978284154, "homogeneity_score": 1.6017271353280239e-16, "v_measure_score": 3.203454270656047e-16}, "classification": {"f1_score": 0.1003197442046363, "hamming_loss": 0.749, "jaccard_score": 0.06275, "accuracy_score": 0.251, "recall_score": 0.25, "precision_score": 0.06275}, "found_clusters": 1, "expected_clusters": 4, "time": 10.8265}, "optics": {"clustering": {"adjusted_mutual_info_score": 0.23224480748747894, "adjusted_rand_score": 0.013001445502136975, "completeness_score": 0.21237059383255888, "fowlkes_mallows_score": 0.2810508523530327, "homogeneity_score": 0.3920767523185403, "v_measure_score": 0.275509763581673}, "classification": {"f1_score": 0.0003749647092038396, "hamming_loss": 0.997, "jaccard_score": 0.000188725335198267, "accuracy_score": 0.003, "recall_score": 0.00019124729958812982, "precision_score": 0.009523809523809525}, "found_clusters": 63, "expected_clusters": 4, "time": 0.528}, "spectral_clustering": {"clustering": {"adjusted_mutual_info_score": 0.43444855727172094, "adjusted_rand_score": 0.34307378184333764, "completeness_score": 0.513863926754646, "fowlkes_mallows_score": 0.5636214551321681, "homogeneity_score": 0.3796315940803826, "v_measure_score": 0.43666471091418}, "classification": {"f1_score": 0.5336615685452895, "hamming_loss": 0.398, "jaccard_score": 0.4264588859416446, "accuracy_score": 0.602, "recall_score": 0.6021648888317697, "precision_score": 0.5242575237500383}, "found_clusters": 4, "expected_clusters": 4, "time": 0.226}, "gaussian_mixture_model": {"clustering": {"adjusted_mutual_info_score": 0.6722073308408039, "adjusted_rand_score": 0.6904822613244266, "completeness_score": 0.6738823638473158, "fowlkes_mallows_score": 0.7678242208781998, "homogeneity_score": 0.6726724058813497, "v_measure_score": 0.6732768412554457}, "classification": {"f1_score": 0.8656861830379362, "hamming_loss": 0.134, "jaccard_score": 0.7690979468566802, "accuracy_score": 0.866, "recall_score": 0.8658192070427966, "precision_score": 0.8677929712015265}, "found_clusters": 4, "expected_clusters": 4, "time": 0.016}}, "classification_alg": {"KNeighborsClassifier": {"clustering": {"adjusted_mutual_info_score": 0.6968814175240555, "adjusted_rand_score": 0.7176878910342585, "completeness_score": 0.7014008742077482, "fowlkes_mallows_score": 0.7875295548405988, "homogeneity_score": 0.7024383396906195, "v_measure_score": 0.7019192235952294}, "classification": {"f1_score": 0.8783783379817709, "hamming_loss": 0.12, "jaccard_score": 0.789910165964574, "accuracy_score": 0.88, "recall_score": 0.8791636934494078, "precision_score": 0.8799382448014667}, "time": 0.006}, "DecisionTreeClassifier": {"clustering": {"adjusted_mutual_info_score": 0.5928628971037974, "adjusted_rand_score": 0.6222665232870687, "completeness_score": 0.5989483977530008, "fowlkes_mallows_score": 0.7156110790108734, "homogeneity_score": 0.6003059958857881, "v_measure_score": 0.5996264283949885}, "classification": {"f1_score": 0.8333576854818634, "hamming_loss": 0.165, "jaccard_score": 0.7224298397575086, "accuracy_score": 0.835, "recall_score": 0.8356875267589554, "precision_score": 0.8336334533813525}, "time": 0.001}, "RandomForestClassifier": {"clustering": {"adjusted_mutual_info_score": 0.6998235419646966, "adjusted_rand_score": 0.7348891330198503, "completeness_score": 0.7041924735999279, "fowlkes_mallows_score": 0.8004494435137811, "homogeneity_score": 0.7054319185601392, "v_measure_score": 0.7048116511746608}, "classification": {"f1_score": 0.8885780885780886, "hamming_loss": 0.11, "jaccard_score": 0.8040918750771949, "accuracy_score": 0.89, "recall_score": 0.8901776794633937, "precision_score": 0.888506623845845}, "time": 0.17}, "LinearSVC": {"clustering": {"adjusted_mutual_info_score": 0.6822503916095677, "adjusted_rand_score": 0.7171095994257441, "completeness_score": 0.6869811236727444, "fowlkes_mallows_score": 0.7870803889899413, "homogeneity_score": 0.6880817782803519, "v_measure_score": 0.6875310104728579}, "classification": {"f1_score": 0.8773715835425299, "hamming_loss": 0.12, "jaccard_score": 0.7874478591583854, "accuracy_score": 0.88, "recall_score": 0.8785518053375195, "precision_score": 0.8769632434913766}, "time": 0.044}, "LogisticRegression": {"clustering": {"adjusted_mutual_info_score": 0.6709517691681942, "adjusted_rand_score": 0.7056574528461502, "completeness_score": 0.6759032812588949,