{"clustering_alg": {"affinity_propagation": {"clustering": {"adjusted_mutual_info_score": 2.2434436091747243e-15, "adjusted_rand_score": 0.0, "completeness_score": 1.0, "fowlkes_mallows_score": 0.4998561105220634, "homogeneity_score": 8.008637512786046e-16, "v_measure_score": 1.6017275025572078e-15}, "classification": {"f1_score": 0.0, "hamming_loss": 1.0, "jaccard_score": 0.0, "accuracy_score": 0.0, "recall_score": 0.0, "precision_score": 0.0}, "found_clusters": 1, "expected_clusters": 4, "time": 150.7886}, "agglomerative": {"clustering": {"adjusted_mutual_info_score": 0.6478755396613456, "adjusted_rand_score": 0.6344794311715977, "completeness_score": 0.6553074866974352, "fowlkes_mallows_score": 0.7288709718490118, "homogeneity_score": 0.6410627622224152, "v_measure_score": 0.6481068627999024}, "classification": {"f1_score": 0.8380006569858682, "hamming_loss": 0.1594, "jaccard_score": 0.7238375223479712, "accuracy_score": 0.8406, "recall_score": 0.8402925525259698, "precision_score": 0.8597358576279063}, "found_clusters": 4, "expected_clusters": 4, "time": 0.6611}, "birch": {"clustering": {"adjusted_mutual_info_score": 0.4356175147389882, "adjusted_rand_score": 0.3406978555363869, "completeness_score": 0.5216921606079097, "fowlkes_mallows_score": 0.5566080173602455, "homogeneity_score": 0.3743431545992139, "v_measure_score": 0.4359022146052398}, "classification": {"f1_score": 0.0015197189765564663, "hamming_loss": 0.998, "jaccard_score": 0.0007612604376180898, "accuracy_score": 0.002, "recall_score": 0.0019972839619678056, "precision_score": 0.001231395804465226}, "found_clusters": 3, "expected_clusters": 4, "time": 0.082}, "dbscan": {"clustering": {"adjusted_mutual_info_score": 0.0044052145417729045, "adjusted_rand_score": 8.994302447639093e-06, "completeness_score": 0.1675220528875778, "fowlkes_mallows_score": 0.49836524056664006, "homogeneity_score": 0.002467961183298056, "v_measure_score": 0.004864261305379581}, "classification": {"f1_score": 0.07961445783132529, "hamming_loss": 0.7522, "jaccard_score": 0.04969915764139591, "accuracy_score": 0.2478, "recall_score": 0.19983870967741935, "precision_score": 0.04970912738214644}, "found_clusters": 2, "expected_clusters": 4, "time": 0.132}, "k_means": {"clustering": {"adjusted_mutual_info_score": 0.6237077198808235, "adjusted_rand_score": 0.5938342084997519, "completeness_score": 0.636196314428415, "fowlkes_mallows_score": 0.7010110392654384, "homogeneity_score": 0.6121796289139315, "v_measure_score": 0.6239569510454643}, "classification": {"f1_score": 0.8132252452188722, "hamming_loss": 0.1796, "jaccard_score": 0.6900156988056343, "accuracy_score": 0.8204, "recall_score": 0.8205394052209483, "precision_score": 0.8526962105584326}, "found_clusters": 4, "expected_clusters": 4, "time": 0.076}, "mini_batch_k_means": {"clustering": {"adjusted_mutual_info_score": 0.6154243259868702, "adjusted_rand_score": 0.5851415648362847, "completeness_score": 0.6264651265985695, "fowlkes_mallows_score": 0.6940514016399872, "homogeneity_score": 0.6052571059383393, "v_measure_score": 0.6156785344620845}, "classification": {"f1_score": 0.810305845586498, "hamming_loss": 0.1842, "jaccard_score": 0.6845703483538635, "accuracy_score": 0.8158, "recall_score": 0.8158192726043252, "precision_score": 0.8454755680083073}, "found_clusters": 4, "expected_clusters": 4, "time": 0.031}, "mean_shift": {"clustering": {"adjusted_mutual_info_score": 0.3111829462122592, "adjusted_rand_score": 0.24229975574545648, "completeness_score": 0.467246201091021, "fowlkes_mallows_score": 0.5249360151721485, "homogeneity_score": 0.23349303829502172, "v_measure_score": 0.31138183504647676}, "classification": {"f1_score": 0.08808073807399992, "hamming_loss": 0.8658, "jaccard_score": 0.05329805879274684, "accuracy_score": 0.1342, "recall_score": 0.1352733941878755, "precision_score": 0.0653003955100799}, "found_clusters": 2, "expected_clusters": 4, "time": 24.5796}, "optics": {"clustering": {"adjusted_mutual_info_score": 0.22996689683169508, "adjusted_rand_score": 0.010430952920611043, "completeness_score": 0.1819543056022498, "fowlkes_mallows_score": 0.2467245893854111, "homogeneity_score": 0.4812694430226995, "v_measure_score": 0.26407090365606556}, "classification": {"f1_score": 4.506534474988734e-05, "hamming_loss": 0.9982, "jaccard_score": 2.269477793159794e-05, "accuracy_score": 0.0018, "recall_score": 2.269477793159794e-05, "precision_score": 0.0031545741324921135}, "found_clusters": 317, "expected_clusters": 4, "time": 3.4082}, "spectral_clustering": {"clustering": {"adjusted_mutual_info_score": 0.6054431046608466, "adjusted_rand_score": 0.5576975131494549, "completeness_score": 0.6359785677731526, "fowlkes_mallows_score": 0.6817639999444073, "homogeneity_score": 0.5781949958807956, "v_measure_score": 0.6057117967010458}, "classification": {"f1_score": 0.7406595758029222, "hamming_loss": 0.2254, "jaccard_score": 0.6162551208669604, "accuracy_score": 0.7746, "recall_score": 0.7753160804855068, "precision_score": 0.8293561619999658}, "found_clusters": 4, "expected_clusters": 4, "time": 2.6863}, "gaussian_mixture_model": {"clustering": {"adjusted_mutual_info_score": 0.8507898833353992, "adjusted_rand_score": 0.8714635405069046, "completeness_score": 0.8517932717107747, "fowlkes_mallows_score": 0.9036756690930523, "homogeneity_score": 0.8499825307678506, "v_measure_score": 0.850886937897738}, "classification": {"f1_score": 0.9477004413579416, "hamming_loss": 0.0518, "jaccard_score": 0.9028821662363411, "accuracy_score": 0.9482, "recall_score": 0.9484189625931102, "precision_score": 0.9500017139446479}, "found_clusters": 4, "expected_clusters": 4, "time": 0.05}}, "classification_alg": {"KNeighborsClassifier": {"clustering": {"adjusted_mutual_info_score": 0.8052123686662326, "adjusted_rand_score": 0.8362593157349529, "completeness_score": 0.8071929731977608, "fowlkes_mallows_score": 0.8773347071312206, "homogeneity_score": 0.8045091873386662, "v_measure_score": 0.8058488457652409}, "classification": {"f1_score": 0.9297113964074547, "hamming_loss": 0.068, "jaccard_score": 0.8719522377091904, "accuracy_score": 0.932, "recall_score": 0.9298997495853016, "precision_score": 0.9322801717170174}, "time": 0.031}, "DecisionTreeClassifier": {"clustering": {"adjusted_mutual_info_score": 0.7402415005332392, "adjusted_rand_score": 0.7751825807093727, "completeness_score": 0.7412188123328297, "fowlkes_mallows_score": 0.8313487586760211, "homogeneity_score": 0.7409591815128254, "v_measure_score": 0.7410889741832634}, "classification": {"f1_score": 0.9019173416188697, "hamming_loss": 0.096, "jaccard_score": 0.8270515018258426, "accuracy_score": 0.904, "recall_score": 0.9019857739383609, "precision_score": 0.9019511606512056}, "time": 0.008}, "RandomForestClassifier": {"clustering": {"adjusted_mutual_info_score": 0.7819356819308341, "adjusted_rand_score": 0.8140851811142289, "completeness_score": 0.7836870012970522, "fowlkes_mallows_score": 0.8606782089740652, "homogeneity_score": 0.7816116864539373, "v_measure_score": 0.7826479681215471}, "classification": {"f1_score": 0.9196251412960352, "hamming_loss": 0.078, "jaccard_score": 0.8553291148190045, "accuracy_score": 0.922, "recall_score": 0.9198756331220396, "precision_score": 0.9213810017698163}, "time": 0.362}, "LinearSVC": {"clustering": {"adjusted_mutual_info_score": 0.7070455544669048, "adjusted_rand_score": 0.7425127774455261, "completeness_score": 0.7108965072051332, "fowlkes_mallows_score": 0.8075462506402082, "homogeneity_score": 0.705137227800388, "v_measure_score": 0.7080051554586044}, "classification": {"f1_score": 0.8869503427770785, "hamming_loss": 0.109, "jaccard_score": 0.8006614410773594, "accuracy_score": 0.891, "recall_score": 0.8873885065157207, "precision_score": 0.8927789143445769}, "time": 0.086}, "LogisticRegression": {"clustering": {"adjusted_mutual_info_score": 0.7301045057990951, "adjusted_rand_score": 0.7648084682046646, "completeness_score": 0.7331084451535017,