{"clustering_alg": {"affinity_propagation": {"clustering": {"adjusted_mutual_info_score": 0.3918157180443682, "adjusted_rand_score": 0.04001135205755391, "completeness_score": 0.25664909008077474, "fowlkes_mallows_score": 0.16038000720261542, "homogeneity_score": 0.9094419567420692, "v_measure_score": 0.4003245738230787}, "classification": {"f1_score": 0.00022393908856790953, "hamming_loss": 0.9956, "jaccard_score": 0.0001137915339098771, "accuracy_score": 0.0044, "recall_score": 0.0001137915339098771, "precision_score": 0.006993006993006993}, "found_clusters": 143, "expected_clusters": 4, "time": 50.6541}, "agglomerative": {"clustering": {"adjusted_mutual_info_score": 0.8331980381842485, "adjusted_rand_score": 0.8738423090732593, "completeness_score": 0.8334165184991026, "fowlkes_mallows_score": 0.9054968933251082, "homogeneity_score": 0.8331966852306816, "v_measure_score": 0.8333065873664273}, "classification": {"f1_score": 0.9484903415022095, "hamming_loss": 0.0504, "jaccard_score": 0.9028634197601999, "accuracy_score": 0.9496, "recall_score": 0.9484421887047978, "precision_score": 0.949191312233724}, "found_clusters": 4, "expected_clusters": 4, "time": 1.2316}, "birch": {"clustering": {"adjusted_mutual_info_score": 0.4998580658308986, "adjusted_rand_score": 0.3482975285501914, "completeness_score": 0.6100669456681989, "fowlkes_mallows_score": 0.5750044913243113, "homogeneity_score": 0.4237426821899893, "v_measure_score": 0.5001141349563019}, "classification": {"f1_score": 0.22766927801684506, "hamming_loss": 0.6806, "jaccard_score": 0.1507331978084637, "accuracy_score": 0.3194, "recall_score": 0.33043877956668655, "precision_score": 0.18998344137144407}, "found_clusters": 3, "expected_clusters": 4, "time": 0.098}, "dbscan": {"clustering": {"adjusted_mutual_info_score": 1.3103904150375434e-15, "adjusted_rand_score": 0.0, "completeness_score": 1.0, "fowlkes_mallows_score": 0.5008322739134516, "homogeneity_score": 6.415934268691943e-16, "v_measure_score": 1.2831868537383878e-15}, "classification": {"f1_score": 0.10642317380352644, "hamming_loss": 0.7296, "jaccard_score": 0.0676, "accuracy_score": 0.2704, "recall_score": 0.25, "precision_score": 0.0676}, "found_clusters": 1, "expected_clusters": 4, "time": 0.282}, "k_means": {"clustering": {"adjusted_mutual_info_score": 0.7605029031957586, "adjusted_rand_score": 0.7968527883004773, "completeness_score": 0.761345158353637, "fowlkes_mallows_score": 0.8479357624662587, "homogeneity_score": 0.7599738387062905, "v_measure_score": 0.7606588804749803}, "classification": {"f1_score": 0.913175392444507, "hamming_loss": 0.0844, "jaccard_score": 0.8427043280540205, "accuracy_score": 0.9156, "recall_score": 0.914225332455831, "precision_score": 0.9152122736391606}, "found_clusters": 4, "expected_clusters": 4, "time": 0.098}, "mini_batch_k_means": {"clustering": {"adjusted_mutual_info_score": 0.764369917501589, "adjusted_rand_score": 0.7991206343790636, "completeness_score": 0.7651238879201533, "fowlkes_mallows_score": 0.8496187891692245, "homogeneity_score": 0.763923770688978, "v_measure_score": 0.7645233583312248}, "classification": {"f1_score": 0.9148900651328669, "hamming_loss": 0.083, "jaccard_score": 0.8453980707809319, "accuracy_score": 0.917, "recall_score": 0.9157651880319121, "precision_score": 0.9167580854792464}, "found_clusters": 4, "expected_clusters": 4, "time": 0.061}, "mean_shift": {"clustering": {"adjusted_mutual_info_score": 1.3103904150375434e-15, "adjusted_rand_score": 0.0, "completeness_score": 1.0, "fowlkes_mallows_score": 0.5008322739134516, "homogeneity_score": 6.415934268691943e-16, "v_measure_score": 1.2831868537383878e-15}, "classification": {"f1_score": 0.10642317380352644, "hamming_loss": 0.7296, "jaccard_score": 0.0676, "accuracy_score": 0.2704, "recall_score": 0.25, "precision_score": 0.0676}, "found_clusters": 1, "expected_clusters": 4, "time": 42.4588}, "optics": {"clustering": {"adjusted_mutual_info_score": 0.1167926142925805, "adjusted_rand_score": 0.002742359440767561, "completeness_score": 0.18421445492433267, "fowlkes_mallows_score": 0.4461656376436017, "homogeneity_score": 0.11133584195985571, "v_measure_score": 0.13878971976274615}, "classification": {"f1_score": 0.0001695585824902504, "hamming_loss": 0.9982, "jaccard_score": 8.534365043240783e-05, "accuracy_score": 0.0018, "recall_score": 8.534365043240783e-05, "precision_score": 0.01282051282051282}, "found_clusters": 78, "expected_clusters": 4, "time": 5.5996}, "spectral_clustering": {"clustering": {"adjusted_mutual_info_score": 0.7183382067291106, "adjusted_rand_score": 0.7389986647823236, "completeness_score": 0.7202031281422124, "fowlkes_mallows_score": 0.804914194503683, "homogeneity_score": 0.71684851957829, "v_measure_score": 0.7185219084134282}, "classification": {"f1_score": 0.8895885395820167, "hamming_loss": 0.1084, "jaccard_score": 0.8033314860833497, "accuracy_score": 0.8916, "recall_score": 0.8915563335027841, "precision_score": 0.8953554301302487}, "found_clusters": 4, "expected_clusters": 4, "time": 4.7058}, "gaussian_mixture_model": {"clustering": {"adjusted_mutual_info_score": 0.8870330197512057, "adjusted_rand_score": 0.9192415114450432, "completeness_score": 0.8871517045376989, "fowlkes_mallows_score": 0.9395010598022298, "homogeneity_score": 0.8870613579042483, "v_measure_score": 0.887106528920654}, "classification": {"f1_score": 0.9664769856225645, "hamming_loss": 0.0324, "jaccard_score": 0.9357266754999045, "accuracy_score": 0.9676, "recall_score": 0.9666052451589713, "precision_score": 0.9666529960428372}, "found_clusters": 4, "expected_clusters": 4, "time": 0.0755}}, "classification_alg": {"KNeighborsClassifier": {"clustering": {"adjusted_mutual_info_score": 0.867918890586494, "adjusted_rand_score": 0.8996278760032829, "completeness_score": 0.8684901388376438, "fowlkes_mallows_score": 0.9246950700751354, "homogeneity_score": 0.8682094134447368, "v_measure_score": 0.8683497534525376}, "classification": {"f1_score": 0.9591101840731671, "hamming_loss": 0.04, "jaccard_score": 0.922215317709463, "accuracy_score": 0.96, "recall_score": 0.9591466803956326, "precision_score": 0.9593772160040717}, "time": 0.086}, "DecisionTreeClassifier": {"clustering": {"adjusted_mutual_info_score": 0.816695924074248, "adjusted_rand_score": 0.855328959112819, "completeness_score": 0.8171466961474024, "fowlkes_mallows_score": 0.8914254281327477, "homogeneity_score": 0.8174407014126328, "v_measure_score": 0.8172936723393708}, "classification": {"f1_score": 0.9412548045416995, "hamming_loss": 0.058, "jaccard_score": 0.8901778576699402, "accuracy_score": 0.942, "recall_score": 0.9413621914315147, "precision_score": 0.9412872503367666}, "time": 0.017}, "RandomForestClassifier": {"clustering": {"adjusted_mutual_info_score": 0.8709219070177339, "adjusted_rand_score": 0.9020064974104136, "completeness_score": 0.8715699636481598, "fowlkes_mallows_score": 0.9264862577009858, "homogeneity_score": 0.8711161873798494, "v_measure_score": 0.8713430164348349}, "classification": {"f1_score": 0.9601099693496066, "hamming_loss": 0.039, "jaccard_score": 0.9240585418551328, "accuracy_score": 0.961, "recall_score": 0.9601898602691816, "precision_score": 0.9606548847046672}, "time": 0.6073}, "LinearSVC": {"clustering": {"adjusted_mutual_info_score": 0.8681977720211838, "adjusted_rand_score": 0.8987777696570369, "completeness_score": 0.8690960758903333, "fowlkes_mallows_score": 0.9240838496872964, "homogeneity_score": 0.8681602115131153, "v_measure_score": 0.8686278916254652}, "classification": {"f1_score": 0.9591503544593578, "hamming_loss": 0.04, "jaccard_score": 0.9220450964454316, "accuracy_score": 0.96, "recall_score": 0.9592327729968344, "precision_score": 0.9601248730007235}, "time": 0.016}, "LogisticRegression": {"clustering": {"adjusted_mutual_info_score": 0.8591830289457347, "adjusted_rand_score": 0.8958702023542595, "completeness_score": 0.8597969979660152, "fowlkes_mallows_score": 0.9218771141825125,