{"clustering_alg": {"affinity_propagation": {"clustering": {"adjusted_mutual_info_score": 0.18548875813546697, "adjusted_rand_score": 0.04006701746441495, "completeness_score": 0.14181374002432653, "fowlkes_mallows_score": 0.15226482869595337, "homogeneity_score": 0.3577572162676581, "v_measure_score": 0.20311384487274062}, "classification": {"f1_score": 0.00348916631994333, "hamming_loss": 0.981, "jaccard_score": 0.001787401031788854, "accuracy_score": 0.019, "recall_score": 0.001982432317189171, "precision_score": 0.014607843137254902}, "found_clusters": 34, "expected_clusters": 4, "time": 6.0021}, "agglomerative": {"clustering": {"adjusted_mutual_info_score": 0.20637242464788008, "adjusted_rand_score": 0.15957697463934373, "completeness_score": 0.20757821739477533, "fowlkes_mallows_score": 0.3740250039635141, "homogeneity_score": 0.21040645484678966, "v_measure_score": 0.20898276767531526}, "classification": {"f1_score": 0.47515555183999664, "hamming_loss": 0.531, "jaccard_score": 0.3301015990865093, "accuracy_score": 0.469, "recall_score": 0.4776202344375861, "precision_score": 0.4806096732670647}, "found_clusters": 4, "expected_clusters": 4, "time": 0.022}, "birch": {"clustering": {"adjusted_mutual_info_score": 0.266137722510322, "adjusted_rand_score": 0.20440776489975798, "completeness_score": 0.4065002339482312, "fowlkes_mallows_score": 0.5106895635309817, "homogeneity_score": 0.199030865493396, "v_measure_score": 0.26722357765138605}, "classification": {"f1_score": 0.2812391345900043, "hamming_loss": 0.597, "jaccard_score": 0.20321883749260877, "accuracy_score": 0.403, "recall_score": 0.4067200274605255, "precision_score": 0.21533139234008897}, "found_clusters": 2, "expected_clusters": 4, "time": 0.018}, "dbscan": {"clustering": {"adjusted_mutual_info_score": 0.0, "adjusted_rand_score": 0.0, "completeness_score": 1.0, "fowlkes_mallows_score": 0.509640788922682, "homogeneity_score": 0.0, "v_measure_score": 0.0}, "classification": {"f1_score": 0.11360123647604327, "hamming_loss": 0.706, "jaccard_score": 0.0735, "accuracy_score": 0.294, "recall_score": 0.25, "precision_score": 0.0735}, "found_clusters": 1, "expected_clusters": 4, "time": 0.016}, "k_means": {"clustering": {"adjusted_mutual_info_score": 0.25010121146937137, "adjusted_rand_score": 0.20827171310003093, "completeness_score": 0.25094652294889896, "fowlkes_mallows_score": 0.4104510082121422, "homogeneity_score": 0.2542115851066719, "v_measure_score": 0.25256850225129784}, "classification": {"f1_score": 0.5306063884828071, "hamming_loss": 0.472, "jaccard_score": 0.3812301121446459, "accuracy_score": 0.528, "recall_score": 0.5496805053800735, "precision_score": 0.5288074079253795}, "found_clusters": 4, "expected_clusters": 4, "time": 0.05}, "mini_batch_k_means": {"clustering": {"adjusted_mutual_info_score": 0.23881008471487222, "adjusted_rand_score": 0.20275433916224936, "completeness_score": 0.2406993155149918, "fowlkes_mallows_score": 0.4084763756909925, "homogeneity_score": 0.24195300331896075, "v_measure_score": 0.24132453119201133}, "classification": {"f1_score": 0.5112122903480071, "hamming_loss": 0.481, "jaccard_score": 0.3631292959017098, "accuracy_score": 0.519, "recall_score": 0.5333176540280724, "precision_score": 0.5065707428022934}, "found_clusters": 4, "expected_clusters": 4, "time": 0.024}, "mean_shift": {"clustering": {"adjusted_mutual_info_score": 0.0, "adjusted_rand_score": 0.0, "completeness_score": 1.0, "fowlkes_mallows_score": 0.509640788922682, "homogeneity_score": 0.0, "v_measure_score": 0.0}, "classification": {"f1_score": 0.11360123647604327, "hamming_loss": 0.706, "jaccard_score": 0.0735, "accuracy_score": 0.294, "recall_score": 0.25, "precision_score": 0.0735}, "found_clusters": 1, "expected_clusters": 4, "time": 8.7732}, "optics": {"clustering": {"adjusted_mutual_info_score": 0.10658272535909351, "adjusted_rand_score": 0.015978816326714704, "completeness_score": 0.11958932895325289, "fowlkes_mallows_score": 0.2998368123043295, "homogeneity_score": 0.211307885648214, "v_measure_score": 0.1527372678409278}, "classification": {"f1_score": 0.0010029348493821554, "hamming_loss": 0.993, "jaccard_score": 0.0005053765487554874, "accuracy_score": 0.007, "recall_score": 0.0005156467115991489, "precision_score": 0.019238945578231293}, "found_clusters": 56, "expected_clusters": 4, "time": 0.745}, "spectral_clustering": {"clustering": {"adjusted_mutual_info_score": 0.18758180978003963, "adjusted_rand_score": 0.12457149451816593, "completeness_score": 0.1931813386178402, "fowlkes_mallows_score": 0.36051552418929145, "homogeneity_score": 0.18753021507812062, "v_measure_score": 0.19031383538737706}, "classification": {"f1_score": 0.4956226199362258, "hamming_loss": 0.514, "jaccard_score": 0.34189639656405446, "accuracy_score": 0.486, "recall_score": 0.48104696834366173, "precision_score": 0.5254807018469303}, "found_clusters": 4, "expected_clusters": 4, "time": 0.243}, "gaussian_mixture_model": {"clustering": {"adjusted_mutual_info_score": 0.2548679519918188, "adjusted_rand_score": 0.1965823806351487, "completeness_score": 0.2570209231929854, "fowlkes_mallows_score": 0.4045605186566727, "homogeneity_score": 0.2576456257329139, "v_measure_score": 0.25733289533080655}, "classification": {"f1_score": 0.5267347328295041, "hamming_loss": 0.48, "jaccard_score": 0.377677520202514, "accuracy_score": 0.52, "recall_score": 0.5412208679531371, "precision_score": 0.5368179570123968}, "found_clusters": 4, "expected_clusters": 4, "time": 0.013}}, "classification_alg": {"KNeighborsClassifier": {"clustering": {"adjusted_mutual_info_score": 0.21872349316463188, "adjusted_rand_score": 0.1806302917471764, "completeness_score": 0.23431438770895582, "fowlkes_mallows_score": 0.39787961080510426, "homogeneity_score": 0.2299604186827289, "v_measure_score": 0.23211698743558534}, "classification": {"f1_score": 0.5048187722606327, "hamming_loss": 0.5, "jaccard_score": 0.36241525075817926, "accuracy_score": 0.5, "recall_score": 0.5099378881987577, "precision_score": 0.5236061531197861}, "time": 0.007}, "DecisionTreeClassifier": {"clustering": {"adjusted_mutual_info_score": 0.1887412876128748, "adjusted_rand_score": 0.16487138408452462, "completeness_score": 0.20900286165822324, "fowlkes_mallows_score": 0.3978530328562197, "homogeneity_score": 0.19728288815858427, "v_measure_score": 0.202973834056129}, "classification": {"f1_score": 0.4627910026887009, "hamming_loss": 0.515, "jaccard_score": 0.32898491576335376, "accuracy_score": 0.485, "recall_score": 0.4737577639751553, "precision_score": 0.46816544489383216}, "time": 0.003}, "RandomForestClassifier": {"clustering": {"adjusted_mutual_info_score": 0.2128109663741009, "adjusted_rand_score": 0.17782339904231895, "completeness_score": 0.23149358269873765, "fowlkes_mallows_score": 0.40123429492481116, "homogeneity_score": 0.22177923419911638, "v_measure_score": 0.22653231157475534}, "classification": {"f1_score": 0.4517893155533605, "hamming_loss": 0.53, "jaccard_score": 0.32491498901627996, "accuracy_score": 0.47, "recall_score": 0.465527950310559, "precision_score": 0.45350507199370005}, "time": 0.196}, "LinearSVC": {"clustering": {"adjusted_mutual_info_score": 0.23328597389944525, "adjusted_rand_score": 0.18336430186797334, "completeness_score": 0.27442558703573805, "fowlkes_mallows_score": 0.42858722992249226, "homogeneity_score": 0.21785203571891645, "v_measure_score": 0.24288803726059258}, "classification": {"f1_score": 0.4006087002798503, "hamming_loss": 0.54, "jaccard_score": 0.29447250995745144, "accuracy_score": 0.46, "recall_score": 0.45476190476190476, "precision_score": 0.3599764805813115}, "time": 0.006}, "LogisticRegression": {"clustering": {"adjusted_mutual_info_score": 0.2416561149750007, "adjusted_rand_score": 0.1857730531658219, "completeness_score": 0.28452825668286075, "fowlkes_mallows_score": 0.43132481501706504, "homogeneity_score": 0.22482317793347892, "v_measure_score": 0.2511764669024505},