{"clustering_alg": {"affinity_propagation": {"clustering": {"adjusted_mutual_info_score": 0.0, "adjusted_rand_score": 0.0, "completeness_score": 1.0, "fowlkes_mallows_score": 0.49924868477468143, "homogeneity_score": 0.0, "v_measure_score": 0.0}, "classification": {"f1_score": 0.0, "hamming_loss": 1.0, "jaccard_score": 0.0, "accuracy_score": 0.0, "recall_score": 0.0, "precision_score": 0.0}, "found_clusters": 1, "expected_clusters": 4, "time": 8.7309}, "agglomerative": {"clustering": {"adjusted_mutual_info_score": 0.7737281135024345, "adjusted_rand_score": 0.7099680147481741, "completeness_score": 0.7744757650880779, "fowlkes_mallows_score": 0.7822608826477381, "homogeneity_score": 0.774455652623142, "v_measure_score": 0.7744657087250324}, "classification": {"f1_score": 0.8409942757939286, "hamming_loss": 0.159, "jaccard_score": 0.7587203411686685, "accuracy_score": 0.841, "recall_score": 0.841, "precision_score": 0.8410131058872478}, "found_clusters": 4, "expected_clusters": 4, "time": 0.032}, "birch": {"clustering": {"adjusted_mutual_info_score": 0.8567873240141083, "adjusted_rand_score": 0.7136715391229579, "completeness_score": 1.0, "fowlkes_mallows_score": 0.8159506119058424, "homogeneity_score": 0.75, "v_measure_score": 0.8571428571428571}, "classification": {"f1_score": 0.16666666666666666, "hamming_loss": 0.75, "jaccard_score": 0.125, "accuracy_score": 0.25, "recall_score": 0.25, "precision_score": 0.125}, "found_clusters": 3, "expected_clusters": 4, "time": 0.031}, "dbscan": {"clustering": {"adjusted_mutual_info_score": 0.7606907739037497, "adjusted_rand_score": 0.6570379666772597, "completeness_score": 0.8201060638872307, "fowlkes_mallows_score": 0.7656316161729585, "homogeneity_score": 0.7113639988162745, "v_measure_score": 0.7618744150054488}, "classification": {"f1_score": 0.0, "hamming_loss": 1.0, "jaccard_score": 0.0, "accuracy_score": 0.0, "recall_score": 0.0, "precision_score": 0.0}, "found_clusters": 5, "expected_clusters": 4, "time": 0.006}, "k_means": {"clustering": {"adjusted_mutual_info_score": 0.7755607506702085, "adjusted_rand_score": 0.7130069202318414, "completeness_score": 0.7764045280074119, "fowlkes_mallows_score": 0.7845685096269124, "homogeneity_score": 0.7761804452372251, "v_measure_score": 0.7762924704515166}, "classification": {"f1_score": 0.843937575030012, "hamming_loss": 0.156, "jaccard_score": 0.7621398488271554, "accuracy_score": 0.844, "recall_score": 0.844, "precision_score": 0.844150641025641}, "found_clusters": 4, "expected_clusters": 4, "time": 0.0351}, "mini_batch_k_means": {"clustering": {"adjusted_mutual_info_score": 0.7791247880599199, "adjusted_rand_score": 0.7192319490192992, "completeness_score": 0.7799574586660482, "fowlkes_mallows_score": 0.7892413321632195, "homogeneity_score": 0.7797323504632221, "v_measure_score": 0.7798448883198335}, "classification": {"f1_score": 0.8499399759903962, "hamming_loss": 0.15, "jaccard_score": 0.7691761363636364, "accuracy_score": 0.85, "recall_score": 0.85, "precision_score": 0.8501602564102564}, "found_clusters": 4, "expected_clusters": 4, "time": 0.0306}, "mean_shift": {"clustering": {"adjusted_mutual_info_score": 0.8567873240141083, "adjusted_rand_score": 0.7136715391229579, "completeness_score": 1.0, "fowlkes_mallows_score": 0.8159506119058424, "homogeneity_score": 0.75, "v_measure_score": 0.8571428571428571}, "classification": {"f1_score": 0.41666666666666663, "hamming_loss": 0.5, "jaccard_score": 0.375, "accuracy_score": 0.5, "recall_score": 0.5, "precision_score": 0.375}, "found_clusters": 3, "expected_clusters": 4, "time": 1.6972}, "optics": {"clustering": {"adjusted_mutual_info_score": 0.21820486370113637, "adjusted_rand_score": 0.009761284998972785, "completeness_score": 0.20165610277745127, "fowlkes_mallows_score": 0.2802254620493421, "homogeneity_score": 0.36707258637478596, "v_measure_score": 0.26030839877312534}, "classification": {"f1_score": 0.0017676767676767678, "hamming_loss": 0.986, "jaccard_score": 0.0009333333333333333, "accuracy_score": 0.014, "recall_score": 0.0009333333333333333, "precision_score": 0.016666666666666666}, "found_clusters": 60, "expected_clusters": 4, "time": 0.6755}, "spectral_clustering": {"clustering": {"adjusted_mutual_info_score": 0.7778498428074098, "adjusted_rand_score": 0.7170868397727953, "completeness_score": 0.7786459742970626, "fowlkes_mallows_score": 0.787620878474762, "homogeneity_score": 0.7785021611153059, "v_measure_score": 0.7785740610651233}, "classification": {"f1_score": 0.8479610780359772, "hamming_loss": 0.152, "jaccard_score": 0.7668360624882364, "accuracy_score": 0.848, "recall_score": 0.848, "precision_score": 0.8481004548657826}, "found_clusters": 4, "expected_clusters": 4, "time": 0.3612}, "gaussian_mixture_model": {"clustering": {"adjusted_mutual_info_score": 0.7758110205539854, "adjusted_rand_score": 0.7131269461333158, "completeness_score": 0.7768293019708272, "fowlkes_mallows_score": 0.7847036908227388, "homogeneity_score": 0.7762550969807012, "v_measure_score": 0.7765420933284838}, "classification": {"f1_score": 0.8438400922544687, "hamming_loss": 0.156, "jaccard_score": 0.7620535714285714, "accuracy_score": 0.844, "recall_score": 0.844, "precision_score": 0.8443866075445022}, "found_clusters": 4, "expected_clusters": 4, "time": 0.01}}, "classification_alg": {"KNeighborsClassifier": {"clustering": {"adjusted_mutual_info_score": 0.7317910515482748, "adjusted_rand_score": 0.625119743378192, "completeness_score": 0.7364560954914464, "fowlkes_mallows_score": 0.7181618066917874, "homogeneity_score": 0.7360538764668654, "v_measure_score": 0.7362549310456931}, "classification": {"f1_score": 0.7732620320855614, "hamming_loss": 0.24, "jaccard_score": 0.6881012658227847, "accuracy_score": 0.76, "recall_score": 0.7733262108262109, "precision_score": 0.7733928571428572}, "time": 0.007}, "DecisionTreeClassifier": {"clustering": {"adjusted_mutual_info_score": 0.7370082239050222, "adjusted_rand_score": 0.635095059628534, "completeness_score": 0.7414603400722845, "fowlkes_mallows_score": 0.725615347992216, "homogeneity_score": 0.7413085281424435, "v_measure_score": 0.7413844263358015}, "classification": {"f1_score": 0.7971517578994214, "hamming_loss": 0.215, "jaccard_score": 0.7113963963963964, "accuracy_score": 0.785, "recall_score": 0.7973646723646723, "precision_score": 0.7974153297682709}, "time": 0.001}, "RandomForestClassifier": {"clustering": {"adjusted_mutual_info_score": 0.740279051179495, "adjusted_rand_score": 0.6413141253254878, "completeness_score": 0.744984635855114, "fowlkes_mallows_score": 0.7304004362776522, "homogeneity_score": 0.7442214237727642, "v_measure_score": 0.7446028342423865}, "classification": {"f1_score": 0.8061725091428062, "hamming_loss": 0.205, "jaccard_score": 0.7207653817642699, "accuracy_score": 0.795, "recall_score": 0.8062678062678063, "precision_score": 0.8065699964196205}, "time": 0.193}, "LinearSVC": {"clustering": {"adjusted_mutual_info_score": 0.7677368204144631, "adjusted_rand_score": 0.6880908022330858, "completeness_score": 0.7732827544092632, "fowlkes_mallows_score": 0.7659471488004531, "homogeneity_score": 0.7699459266117463, "v_measure_score": 0.7716107330024643}, "classification": {"f1_score": 0.8531331009207115, "hamming_loss": 0.155, "jaccard_score": 0.7731303418803419, "accuracy_score": 0.845, "recall_score": 0.854522792022792, "precision_score": 0.8569216757741348}, "time": 0.024}, "LogisticRegression": {"clustering": {"adjusted_mutual_info_score": 0.7530483391846673, "adjusted_rand_score": 0.6652680779538231, "completeness_score": 0.7572351617486217, "fowlkes_mallows_score": 0.7483034884096165, "homogeneity_score": 0.7570801199681843, "v_measure_score": 0.7571576329214977}, "classification": {"f1_score": 0.8348909657320872, "hamming_loss": 0.175, "jaccard_score": 0.7517605633802817, "accuracy_score": 0.825, "recall_score": 0.8351139601139601, "precision_score": 0.835204991087344}, "time": 0.044},