{"clustering_alg": {"affinity_propagation": {"clustering": {"adjusted_mutual_info_score": 8.823000021426173e-16, "adjusted_rand_score": 0.0, "completeness_score": 1.0, "fowlkes_mallows_score": 0.5009233322944414, "homogeneity_score": 7.619863654948325e-16, "v_measure_score": 1.523972730989664e-15}, "classification": {"f1_score": 0.0, "hamming_loss": 1.0, "jaccard_score": 0.0, "accuracy_score": 0.0, "recall_score": 0.0, "precision_score": 0.0}, "found_clusters": 1, "expected_clusters": 4, "time": 149.49}, "agglomerative": {"clustering": {"adjusted_mutual_info_score": 0.18008448532696406, "adjusted_rand_score": 0.09321159705286745, "completeness_score": 0.18864741219837056, "fowlkes_mallows_score": 0.3450349017625479, "homogeneity_score": 0.17328623665234763, "v_measure_score": 0.18064084518178086}, "classification": {"f1_score": 0.4538322075125978, "hamming_loss": 0.5628, "jaccard_score": 0.29732763686298025, "accuracy_score": 0.4372, "recall_score": 0.4347271037453757, "precision_score": 0.5341770258436717}, "found_clusters": 4, "expected_clusters": 4, "time": 0.7}, "birch": {"clustering": {"adjusted_mutual_info_score": 0.18757950016228422, "adjusted_rand_score": 0.11705629467193825, "completeness_score": 0.3270157654439694, "fowlkes_mallows_score": 0.48046020013821494, "homogeneity_score": 0.13175353087602049, "v_measure_score": 0.18783071184134142}, "classification": {"f1_score": 0.10578199643924564, "hamming_loss": 0.7868, "jaccard_score": 0.06593311823150157, "accuracy_score": 0.2132, "recall_score": 0.19520301373339066, "precision_score": 0.07327622757634544}, "found_clusters": 2, "expected_clusters": 4, "time": 0.086}, "dbscan": {"clustering": {"adjusted_mutual_info_score": 8.823000021426173e-16, "adjusted_rand_score": 0.0, "completeness_score": 1.0, "fowlkes_mallows_score": 0.5009233322944414, "homogeneity_score": 7.619863654948325e-16, "v_measure_score": 1.523972730989664e-15}, "classification": {"f1_score": 0.10747370073794943, "hamming_loss": 0.7262, "jaccard_score": 0.06845, "accuracy_score": 0.2738, "recall_score": 0.25, "precision_score": 0.06845}, "found_clusters": 1, "expected_clusters": 4, "time": 0.258}, "k_means": {"clustering": {"adjusted_mutual_info_score": 0.18103820142558952, "adjusted_rand_score": 0.1315331954515901, "completeness_score": 0.18215745229465374, "fowlkes_mallows_score": 0.3514268752215051, "homogeneity_score": 0.1809920249210923, "v_measure_score": 0.1815728685501581}, "classification": {"f1_score": 0.45938148760943864, "hamming_loss": 0.5494, "jaccard_score": 0.30874001122828315, "accuracy_score": 0.4506, "recall_score": 0.45737482751539116, "precision_score": 0.4640118772886169}, "found_clusters": 4, "expected_clusters": 4, "time": 0.149}, "mini_batch_k_means": {"clustering": {"adjusted_mutual_info_score": 0.17958238441878568, "adjusted_rand_score": 0.1312353843592816, "completeness_score": 0.18053326881942827, "fowlkes_mallows_score": 0.3505980684362152, "homogeneity_score": 0.1797036741026201, "v_measure_score": 0.18011751621836006}, "classification": {"f1_score": 0.4568869321057931, "hamming_loss": 0.5526, "jaccard_score": 0.30698337094314265, "accuracy_score": 0.4474, "recall_score": 0.454546066368417, "precision_score": 0.46190570356611904}, "found_clusters": 4, "expected_clusters": 4, "time": 0.046}, "mean_shift": {"clustering": {"adjusted_mutual_info_score": 8.823000021426173e-16, "adjusted_rand_score": 0.0, "completeness_score": 1.0, "fowlkes_mallows_score": 0.5009233322944414, "homogeneity_score": 7.619863654948325e-16, "v_measure_score": 1.523972730989664e-15}, "classification": {"f1_score": 0.10747370073794943, "hamming_loss": 0.7262, "jaccard_score": 0.06845, "accuracy_score": 0.2738, "recall_score": 0.25, "precision_score": 0.06845}, "found_clusters": 1, "expected_clusters": 4, "time": 74.8832}, "optics": {"clustering": {"adjusted_mutual_info_score": 0.06332020403797513, "adjusted_rand_score": 0.0010257341225730274, "completeness_score": 0.07355670894507386, "fowlkes_mallows_score": 0.2570007296062621, "homogeneity_score": 0.18382602977249535, "v_measure_score": 0.10507027655293903}, "classification": {"f1_score": 5.0701284267198696e-05, "hamming_loss": 0.998, "jaccard_score": 2.5416719997917446e-05, "accuracy_score": 0.002, "recall_score": 2.554572237585873e-05, "precision_score": 0.003816729718369062}, "found_clusters": 305, "expected_clusters": 4, "time": 3.738}, "spectral_clustering": {"clustering": {"adjusted_mutual_info_score": 0.193606433752925, "adjusted_rand_score": 0.10557043171144329, "completeness_score": 0.2013577892139454, "fowlkes_mallows_score": 0.3501577698579155, "homogeneity_score": 0.18744060598442858, "v_measure_score": 0.19415011222301776}, "classification": {"f1_score": 0.46934425484689724, "hamming_loss": 0.5488, "jaccard_score": 0.3104854103920902, "accuracy_score": 0.4512, "recall_score": 0.45016729601685446, "precision_score": 0.5439209238803414}, "found_clusters": 4, "expected_clusters": 4, "time": 2.7337}, "gaussian_mixture_model": {"clustering": {"adjusted_mutual_info_score": 0.19323821383657938, "adjusted_rand_score": 0.13131331655620776, "completeness_score": 0.19552931822161795, "fowlkes_mallows_score": 0.35448404370883035, "homogeneity_score": 0.1920380886560589, "v_measure_score": 0.1937679788401452}, "classification": {"f1_score": 0.47507892378158867, "hamming_loss": 0.541, "jaccard_score": 0.3223100455352266, "accuracy_score": 0.459, "recall_score": 0.4641125701394147, "precision_score": 0.49755556796384054}, "found_clusters": 4, "expected_clusters": 4, "time": 0.039}}, "classification_alg": {"KNeighborsClassifier": {"clustering": {"adjusted_mutual_info_score": 0.13619877388682583, "adjusted_rand_score": 0.11842760082558307, "completeness_score": 0.14001896045667755, "fowlkes_mallows_score": 0.3431660240493583, "homogeneity_score": 0.13806857226033897, "v_measure_score": 0.13903692676005655}, "classification": {"f1_score": 0.4674896542636682, "hamming_loss": 0.538, "jaccard_score": 0.3153063377947711, "accuracy_score": 0.462, "recall_score": 0.4641525754209668, "precision_score": 0.47635631850517035}, "time": 0.028}, "DecisionTreeClassifier": {"clustering": {"adjusted_mutual_info_score": 0.09509739043280876, "adjusted_rand_score": 0.08615426679386573, "completeness_score": 0.09816313340935677, "fowlkes_mallows_score": 0.31513547849089274, "homogeneity_score": 0.09794274032630375, "v_measure_score": 0.0980528130237298}, "classification": {"f1_score": 0.417566697334031, "hamming_loss": 0.586, "jaccard_score": 0.2715643044424532, "accuracy_score": 0.414, "recall_score": 0.4168678769878852, "precision_score": 0.4193980468522297}, "time": 0.01}, "RandomForestClassifier": {"clustering": {"adjusted_mutual_info_score": 0.1359067898482451, "adjusted_rand_score": 0.1258531660001386, "completeness_score": 0.13910339085899057, "fowlkes_mallows_score": 0.3457542783500288, "homogeneity_score": 0.13836534532672456, "v_measure_score": 0.13873338652063583}, "classification": {"f1_score": 0.4603892101980327, "hamming_loss": 0.54, "jaccard_score": 0.30923901833262857, "accuracy_score": 0.46, "recall_score": 0.46436033022951845, "precision_score": 0.45990784681586316}, "time": 0.458}, "LinearSVC": {"clustering": {"adjusted_mutual_info_score": 0.18265226720670183, "adjusted_rand_score": 0.16912440213077765, "completeness_score": 0.188983136984764, "fowlkes_mallows_score": 0.387197783194082, "homogeneity_score": 0.18189449306437594, "v_measure_score": 0.1853710718276786}, "classification": {"f1_score": 0.4399690888821324, "hamming_loss": 0.538, "jaccard_score": 0.29747794739802425, "accuracy_score": 0.462, "recall_score": 0.4719699955214243, "precision_score": 0.4367877764786259}, "time": 0.021}, "LogisticRegression": {"clustering": {"adjusted_mutual_info_score": 0.20070242427504847, "adjusted_rand_score": 0.15385586554847352, "completeness_score": 0.20495942237728737, "fowlkes_mallows_score": 0.369445425419488, "homogeneity_score": 0.20172885039128635,