{"clustering_alg": {"affinity_propagation": {"clustering": {"adjusted_mutual_info_score": 0.36116740130663577, "adjusted_rand_score": 0.03533078733113331, "completeness_score": 0.236426781653868, "fowlkes_mallows_score": 0.15032010433175616, "homogeneity_score": 0.8600304836946154, "v_measure_score": 0.3708931406816156}, "classification": {"f1_score": 0.00021137716450216447, "hamming_loss": 0.995, "jaccard_score": 0.00010743723516721531, "accuracy_score": 0.005, "recall_score": 0.00010822510822510823, "precision_score": 0.004509379509379509}, "found_clusters": 154, "expected_clusters": 4, "time": 41.1925}, "agglomerative": {"clustering": {"adjusted_mutual_info_score": 0.7132091241943436, "adjusted_rand_score": 0.6824367219211013, "completeness_score": 0.7214889045385063, "fowlkes_mallows_score": 0.7687210173385349, "homogeneity_score": 0.7054934484564614, "v_measure_score": 0.713401527660995}, "classification": {"f1_score": 0.8697148910965224, "hamming_loss": 0.1332, "jaccard_score": 0.7760327311544633, "accuracy_score": 0.8668, "recall_score": 0.8659048409530398, "precision_score": 0.8878696709850894}, "found_clusters": 4, "expected_clusters": 4, "time": 0.966}, "birch": {"clustering": {"adjusted_mutual_info_score": 0.49367969081168317, "adjusted_rand_score": 0.3907070285762125, "completeness_score": 0.5697780084782706, "fowlkes_mallows_score": 0.5878795560793353, "homogeneity_score": 0.43590849236440776, "v_measure_score": 0.4939333926627119}, "classification": {"f1_score": 0.05960210132699491, "hamming_loss": 0.9244, "jaccard_score": 0.031614916223129196, "accuracy_score": 0.0756, "recall_score": 0.06192389102574565, "precision_score": 0.0621237521552737}, "found_clusters": 3, "expected_clusters": 4, "time": 0.118}, "dbscan": {"clustering": {"adjusted_mutual_info_score": 0.00047842223522133936, "adjusted_rand_score": -0.00017378487863142333, "completeness_score": 0.13632328153502274, "fowlkes_mallows_score": 0.5132884664538091, "homogeneity_score": 0.0005070674674550358, "v_measure_score": 0.0010103767421052485}, "classification": {"f1_score": 0.09235031553024473, "hamming_loss": 0.7, "jaccard_score": 0.06003602161296778, "accuracy_score": 0.3, "recall_score": 0.2, "precision_score": 0.06003602161296778}, "found_clusters": 2, "expected_clusters": 4, "time": 0.361}, "k_means": {"clustering": {"adjusted_mutual_info_score": 0.6789556002281723, "adjusted_rand_score": 0.6694657257303672, "completeness_score": 0.6747645997225311, "fowlkes_mallows_score": 0.7553546044256189, "homogeneity_score": 0.6836275933020537, "v_measure_score": 0.6791671826773947}, "classification": {"f1_score": 0.8661889394281846, "hamming_loss": 0.1352, "jaccard_score": 0.7669824613534755, "accuracy_score": 0.8648, "recall_score": 0.8899739932140441, "precision_score": 0.8647230768925829}, "found_clusters": 4, "expected_clusters": 4, "time": 0.091}, "mini_batch_k_means": {"clustering": {"adjusted_mutual_info_score": 0.659457003572181, "adjusted_rand_score": 0.6400407568959382, "completeness_score": 0.6577852336684274, "fowlkes_mallows_score": 0.734424096920276, "homogeneity_score": 0.6615902661941201, "v_measure_score": 0.6596822631413026}, "classification": {"f1_score": 0.849206233598659, "hamming_loss": 0.1512, "jaccard_score": 0.7431674108011054, "accuracy_score": 0.8488, "recall_score": 0.8758171899396663, "precision_score": 0.8539573992895471}, "found_clusters": 4, "expected_clusters": 4, "time": 0.033}, "mean_shift": {"clustering": {"adjusted_mutual_info_score": -7.982215919925652e-16, "adjusted_rand_score": 0.0, "completeness_score": 1.0, "fowlkes_mallows_score": 0.5137211518755841, "homogeneity_score": 4.087909660789947e-16, "v_measure_score": 8.17581932157989e-16}, "classification": {"f1_score": 0.11538461538461538, "hamming_loss": 0.7, "jaccard_score": 0.075, "accuracy_score": 0.3, "recall_score": 0.25, "precision_score": 0.075}, "found_clusters": 1, "expected_clusters": 4, "time": 54.9398}, "optics": {"clustering": {"adjusted_mutual_info_score": 0.11118568056672039, "adjusted_rand_score": 0.007286002070817987, "completeness_score": 0.17811626206186193, "fowlkes_mallows_score": 0.46264019877706913, "homogeneity_score": 0.1070554729323911, "v_measure_score": 0.13373219244443435}, "classification": {"f1_score": 0.00011910230888333079, "hamming_loss": 0.9986, "jaccard_score": 5.982905982905984e-05, "accuracy_score": 0.0014, "recall_score": 5.982905982905984e-05, "precision_score": 0.01282051282051282}, "found_clusters": 78, "expected_clusters": 4, "time": 5.8235}, "spectral_clustering": {"clustering": {"adjusted_mutual_info_score": 0.694590555680028, "adjusted_rand_score": 0.6728344717483838, "completeness_score": 0.6932582956220503, "fowlkes_mallows_score": 0.7588100859050463, "homogeneity_score": 0.6963339350196395, "v_measure_score": 0.6947927116037345}, "classification": {"f1_score": 0.868440476045756, "hamming_loss": 0.1332, "jaccard_score": 0.7713111829789734, "accuracy_score": 0.8668, "recall_score": 0.8912113112563086, "precision_score": 0.8731782733296507}, "found_clusters": 4, "expected_clusters": 4, "time": 3.6873}, "gaussian_mixture_model": {"clustering": {"adjusted_mutual_info_score": 0.8329537090436698, "adjusted_rand_score": 0.8337718245740763, "completeness_score": 0.832364100336449, "fowlkes_mallows_score": 0.8775814418996682, "homogeneity_score": 0.8337659452811673, "v_measure_score": 0.8330644330681531}, "classification": {"f1_score": 0.9460353201677598, "hamming_loss": 0.0598, "jaccard_score": 0.8991036860985139, "accuracy_score": 0.9402, "recall_score": 0.9508722758000656, "precision_score": 0.946277227508547}, "found_clusters": 4, "expected_clusters": 4, "time": 0.042}}, "classification_alg": {"KNeighborsClassifier": {"clustering": {"adjusted_mutual_info_score": 0.8024841803702136, "adjusted_rand_score": 0.8150203603628658, "completeness_score": 0.801315866994093, "fowlkes_mallows_score": 0.8644568177872493, "homogeneity_score": 0.8049839753991737, "v_measure_score": 0.8031457329937474}, "classification": {"f1_score": 0.9386745467698059, "hamming_loss": 0.067, "jaccard_score": 0.885575169434999, "accuracy_score": 0.933, "recall_score": 0.9446589603049818, "precision_score": 0.9362880379424496}, "time": 0.05}, "DecisionTreeClassifier": {"clustering": {"adjusted_mutual_info_score": 0.724562426671052, "adjusted_rand_score": 0.7426506104989491, "completeness_score": 0.7248115160540174, "fowlkes_mallows_score": 0.8115997074010248, "homogeneity_score": 0.7261622801008997, "v_measure_score": 0.7254862693398773}, "classification": {"f1_score": 0.9120969223214327, "hamming_loss": 0.096, "jaccard_score": 0.8403385150684244, "accuracy_score": 0.904, "recall_score": 0.9136611675992157, "precision_score": 0.9107163253825002}, "time": 0.018}, "RandomForestClassifier": {"clustering": {"adjusted_mutual_info_score": 0.8075983575009835, "adjusted_rand_score": 0.835851695232919, "completeness_score": 0.8069093321456139, "fowlkes_mallows_score": 0.8797616864082483, "homogeneity_score": 0.8095815017026864, "v_measure_score": 0.8082432082849199}, "classification": {"f1_score": 0.9458255694117826, "hamming_loss": 0.059, "jaccard_score": 0.897858721606288, "accuracy_score": 0.941, "recall_score": 0.948841730133773, "precision_score": 0.9438054725837423}, "time": 0.552}, "LinearSVC": {"clustering": {"adjusted_mutual_info_score": 0.7375340684650684, "adjusted_rand_score": 0.7468987738385343, "completeness_score": 0.7365936346312594, "fowlkes_mallows_score": 0.8144581907049431, "homogeneity_score": 0.7402413903689472, "v_measure_score": 0.738413007554833}, "classification": {"f1_score": 0.915061630438794, "hamming_loss": 0.094, "jaccard_score": 0.8456857164510515, "accuracy_score": 0.906, "recall_score": 0.9191840344110456, "precision_score": 0.911735026807421}, "time": 0.013}, "LogisticRegression": {"clustering": {"adjusted_mutual_info_score": 0.7436130694078728, "adjusted_rand_score": 0.7538284450512903, "completeness_score": 0.7421852953729656,