{"affinity_propagation": {"adjusted_mutual_info_score": {"mean": 0.45954968477211333, "25th": 0.4241626082221548, "75th": 0.4948380341335543, "min": 0.32352485862330094, "min_ind": 1, "max": 0.5841432636812689, "max_ind": 37}, "adjusted_rand_score": {"mean": 0.1909813476402068, "25th": 0.1638096848688943, "75th": 0.2121580518272051, "min": 0.1099705087679609, "min_ind": 47, "max": 0.32209043556372874, "max_ind": 21}, "completeness_score": {"mean": 0.33924663265587457, "25th": 0.3133473120218906, "75th": 0.36577668708316435, "min": 0.2387052104803537, "min_ind": 1, "max": 0.4371491833088986, "max_ind": 37}, "fowlkes_mallows_score": {"mean": 0.346774358745413, "25th": 0.31588120042058576, "75th": 0.37442483519254177, "min": 0.24932518163152015, "min_ind": 1, "max": 0.47636474652062377, "max_ind": 21}, "homogeneity_score": {"mean": 0.7596059240588778, "25th": 0.7025910738826147, "75th": 0.8223039388684741, "min": 0.5812583766128084, "min_ind": 1, "max": 0.9065533788928326, "max_ind": 37}, "v_measure_score": {"mean": 0.46881941945801175, "25th": 0.4344929204908936, "75th": 0.5025443220494533, "min": 0.3384282066102645, "min_ind": 1, "max": 0.5898612987081996, "max_ind": 37}, "accuracy": {"mean": 0.05126, "25th": 0.01725, "75th": 0.073, "min": 0.0, "min_ind": 12, "max": 0.244, "max_ind": 32}, "jaccard": {"mean": 0.02689093754924928, "25th": 0.008700085947506379, "75th": 0.03788606633924792, "min": 0.0, "min_ind": 12, "max": 0.13895216400911162, "max_ind": 32}, "best_score": {"mean": 0.21409076613242561, "25th": 0.18878787243150083, "75th": 0.2312714373896665, "min": 0.12660026876501276, "min_ind": 47, "max": 0.35233761661178403, "max_ind": 32}, "expected_clusters": {"mean": 4.0, "25th": 4.0, "75th": 4.0, "min": 4, "min_ind": 0, "max": 4, "max_ind": 0}, "found_clusters": {"mean": 25.58, "25th": 24.25, "75th": 28.0, "min": 18, "min_ind": 21, "max": 34, "max_ind": 1}}, "agglomerative": {"adjusted_mutual_info_score": {"mean": 0.5473123483169196, "25th": 0.4713876026530903, "75th": 0.6047423232122725, "min": 0.3873683086866837, "min_ind": 35, "max": 0.7460781145573254, "max_ind": 21}, "adjusted_rand_score": {"mean": 0.4824791617834482, "25th": 0.39675313568976345, "75th": 0.5505774207949603, "min": 0.2837215127638603, "min_ind": 10, "max": 0.7580324667869099, "max_ind": 21}, "completeness_score": {"mean": 0.5602892107624985, "25th": 0.4854954375964798, "75th": 0.6140919888633144, "min": 0.3918891509110002, "min_ind": 35, "max": 0.7471224551605347, "max_ind": 21}, "fowlkes_mallows_score": {"mean": 0.6200323910159692, "25th": 0.5614642404181792, "75th": 0.6683242084781462, "min": 0.47627558899144806, "min_ind": 35, "max": 0.8183954747156829, "max_ind": 21}, "homogeneity_score": {"mean": 0.538003096078971, "25th": 0.4667833176265532, "75th": 0.6001473825183528, "min": 0.38690000213863773, "min_ind": 35, "max": 0.7466898690007243, "max_ind": 21}, "v_measure_score": {"mean": 0.5488221309994786, "25th": 0.47313415354307037, "75th": 0.6060485104708624, "min": 0.3893785955591267, "min_ind": 35, "max": 0.746906099445323, "max_ind": 21}, "accuracy": {"mean": 0.73068, "25th": 0.6665000000000001, "75th": 0.7967500000000001, "min": 0.481, "min_ind": 35, "max": 0.898, "max_ind": 21}, "jaccard": {"mean": 0.5834145419752687, "25th": 0.49981822947049825, "75th": 0.6621651850440344, "min": 0.3166556945358789, "min_ind": 35, "max": 0.8148820326678766, "max_ind": 21}, "expected_clusters": {"mean": 4.0, "25th": 4.0, "75th": 4.0, "min": 4, "min_ind": 0, "max": 4, "max_ind": 0}, "found_clusters": {"mean": 4.0, "25th": 4.0, "75th": 4.0, "min": 4, "min_ind": 0, "max": 4, "max_ind": 0}}, "birch": {"adjusted_mutual_info_score": {"mean": 0.5294763112149925, "25th": 0.45937688983803265, "75th": 0.5822110571312887, "min": 0.2930463514275844, "min_ind": 35, "max": 0.7150564118674796, "max_ind": 24}, "adjusted_rand_score": {"mean": 0.4577218862408279, "25th": 0.3763861101637188, "75th": 0.539543293169715, "min": 0.2323180307993768, "min_ind": 35, "max": 0.6724510190887579, "max_ind": 37}, "completeness_score": {"mean": 0.5472994961529783, "25th": 0.4738222738296628, "75th": 0.5979055711166226, "min": 0.31433122721388473, "min_ind": 35, "max": 0.7294445292066701, "max_ind": 24}, "fowlkes_mallows_score": {"mean": 0.605791100743949, "25th": 0.5458950417664181, "75th": 0.6612330133979041, "min": 0.45430369072733573, "min_ind": 35, "max": 0.7557433294948451, "max_ind": 21}, "homogeneity_score": {"mean": 0.5165145915118599, "25th": 0.4404690967644077, "75th": 0.5712430235462053, "min": 0.2787858361964181, "min_ind": 35, "max": 0.7071839179713575, "max_ind": 21}, "v_measure_score": {"mean": 0.5310626111133342, "25th": 0.4611578910109071, "75th": 0.583616177694576, "min": 0.2954934174970726, "min_ind": 35, "max": 0.7160028380684953, "max_ind": 24}, "accuracy": {"mean": 0.70938, "25th": 0.62925, "75th": 0.79425, "min": 0.485, "min_ind": 35, "max": 0.86, "max_ind": 21}, "jaccard": {"mean": 0.5586247355573817, "25th": 0.45905540736954753, "75th": 0.6587290918518234, "min": 0.3201320132013201, "min_ind": 35, "max": 0.7543859649122807, "max_ind": 21}, "best_score": {"mean": 0.49805429544815977, "25th": 0.433976558589958, "75th": 0.5738040231713453, "min": 0.2917099150409357, "min_ind": 10, "max": 0.7267321520523768, "max_ind": 33}, "expected_clusters": {"mean": 4.0, "25th": 4.0, "75th": 4.0, "min": 4, "min_ind": 0, "max": 4, "max_ind": 0}, "found_clusters": {"mean": 4.0, "25th": 4.0, "75th": 4.0, "min": 4, "min_ind": 0, "max": 4, "max_ind": 0}}, "dbscan": {"adjusted_mutual_info_score": {"mean": 0.5007178641716058, "25th": 0.4079818067035492, "75th": 0.5899638934860958, "min": 0.1951366383918461, "min_ind": 47, "max": 0.762036860973216, "max_ind": 22}, "adjusted_rand_score": {"mean": 0.44929266757381014, "25th": 0.32388371130441607, "75th": 0.5460864142900859, "min": 0.13818601667834318, "min_ind": 47, "max": 0.7580191583990327, "max_ind": 19}, "completeness_score": {"mean": 0.5097249461964972, "25th": 0.42100470308792975, "75th": 0.5927994614992553, "min": 0.2027407436345811, "min_ind": 47, "max": 0.8416735710525304, "max_ind": 22}, "fowlkes_mallows_score": {"mean": 0.6040975235930479, "25th": 0.5234285226935916, "75th": 0.6643852752652807, "min": 0.3883752245884645, "min_ind": 47, "max": 0.8165054014654994, "max_ind": 19}, "homogeneity_score": {"mean": 0.5046780216388304, "25th": 0.3786422633203103, "75th": 0.6035210705372308, "min": 0.19307566694858527, "min_ind": 10, "max": 0.8319594876835162, "max_ind": 24}, "v_measure_score": {"mean": 0.5036098257591047, "25th": 0.4117472671679532, "75th": 0.5914261008518871, "min": 0.20767945111322006, "min_ind": 47, "max": 0.7628911088055971, "max_ind": 22}, "accuracy": {"mean": 0.26686, "25th": 0.04525, "75th": 0.434, "min": 0.001, "min_ind": 32, "max": 0.8, "max_ind": 40}, "jaccard": {"mean": 0.18009274437456263, "25th": 0.023148790467190393, "75th": 0.2771950271950272, "min": 0.0005002501250625312, "min_ind": 32, "max": 0.6666666666666666, "max_ind": 40}, "best_score": {"mean": 0.44929266757381014, "25th": 0.32388371130441607, "75th": 0.5460864142900859, "min": 0.13818601667834318, "min_ind": 47, "max": 0.7580191583990327, "max_ind": 19}, "expected_clusters": {"mean": 4.0, "25th": 4.0, "75th": 4.0, "min": 4, "min_ind": 0, "max": 4, "max_ind": 0}, "found_clusters": {"mean": 6.02, "25th": 4.25, "75th": 7.0, "min": 2, "min_ind": 35, "max": 14, "max_ind": 47}}, "k_means": {"adjusted_mutual_info_score": {"mean": 0.5354722946600231, "25th": 0.46570278029971957, "75th": 0.5758584857698655, "min": 0.3844371578297477, "min_ind": 14, "max": 0.7438914770696431, "max_ind": 33}, "adjusted_rand_score": {"mean": 0.4929208618489539, "25th": 0.42102659695755795, "75th": 0.5504158163518933, "min": 0.27788272828946387, "min_ind": 10, "max": 0.7166506459532419, "max_ind": 37}, "completeness_score": {"mean": 0.5417605713127357, "25th": 0.4706979465673399, "75th": 0.5838929344185637, "min": 0.38776362209913906, "min_ind": 14, "max": 0.7598236629577851, "max_ind": 33},