{"clustering_alg": {"affinity_propagation": {"clustering": {"adjusted_mutual_info_score": -6.368650782872319e-16, "adjusted_rand_score": 0.0, "completeness_score": 1.0, "fowlkes_mallows_score": 0.4992747492866781, "homogeneity_score": 1.6017733357346625e-16, "v_measure_score": 3.2035466714693245e-16}, "classification": {"f1_score": 0.0, "hamming_loss": 1.0, "jaccard_score": 0.0, "accuracy_score": 0.0, "recall_score": 0.0, "precision_score": 0.0}, "found_clusters": 1, "expected_clusters": 4, "time": 7.7487}, "agglomerative": {"clustering": {"adjusted_mutual_info_score": 0.6330890236306338, "adjusted_rand_score": 0.5665943785937796, "completeness_score": 0.6361694721139247, "fowlkes_mallows_score": 0.6755596471929944, "homogeneity_score": 0.6324190609457171, "v_measure_score": 0.6342887227370292}, "classification": {"f1_score": 0.769479993316148, "hamming_loss": 0.23, "jaccard_score": 0.6461606137413849, "accuracy_score": 0.77, "recall_score": 0.770546932132523, "precision_score": 0.7736791349512819}, "found_clusters": 4, "expected_clusters": 4, "time": 0.023}, "birch": {"clustering": {"adjusted_mutual_info_score": 0.4080514911856692, "adjusted_rand_score": 0.3023768803913212, "completeness_score": 0.4986160461614519, "fowlkes_mallows_score": 0.5409445461373305, "homogeneity_score": 0.3475066060483924, "v_measure_score": 0.4095679733199294}, "classification": {"f1_score": 0.14009624130755727, "hamming_loss": 0.822, "jaccard_score": 0.0788987846026681, "accuracy_score": 0.178, "recall_score": 0.17704398639753333, "precision_score": 0.13065724795846084}, "found_clusters": 3, "expected_clusters": 4, "time": 0.018}, "dbscan": {"clustering": {"adjusted_mutual_info_score": 0.006898825908604836, "adjusted_rand_score": 0.00017384330414153395, "completeness_score": 0.14374073179844565, "fowlkes_mallows_score": 0.4954230092573185, "homogeneity_score": 0.004831418248538493, "v_measure_score": 0.009348610684434051}, "classification": {"f1_score": 0.081285140562249, "hamming_loss": 0.747, "jaccard_score": 0.051008064516129034, "accuracy_score": 0.253, "recall_score": 0.2, "precision_score": 0.051008064516129034}, "found_clusters": 2, "expected_clusters": 4, "time": 0.007}, "k_means": {"clustering": {"adjusted_mutual_info_score": 0.6171737420108956, "adjusted_rand_score": 0.576803649794029, "completeness_score": 0.6251266982809249, "fowlkes_mallows_score": 0.6856059817461572, "homogeneity_score": 0.611885867461213, "v_measure_score": 0.6184354187563252}, "classification": {"f1_score": 0.8036851946212843, "hamming_loss": 0.198, "jaccard_score": 0.6857188218796562, "accuracy_score": 0.802, "recall_score": 0.8016802140962471, "precision_score": 0.8265668976114073}, "found_clusters": 4, "expected_clusters": 4, "time": 0.048}, "mini_batch_k_means": {"clustering": {"adjusted_mutual_info_score": 0.421368989278915, "adjusted_rand_score": 0.326774309292445, "completeness_score": 0.4336459580333225, "fowlkes_mallows_score": 0.5044984008592048, "homogeneity_score": 0.4134398790051461, "v_measure_score": 0.42330192427057567}, "classification": {"f1_score": 0.4474580971263403, "hamming_loss": 0.507, "jaccard_score": 0.3222384234962226, "accuracy_score": 0.493, "recall_score": 0.49148568433280915, "precision_score": 0.41436552069748345}, "found_clusters": 4, "expected_clusters": 4, "time": 0.021}, "mean_shift": {"clustering": {"adjusted_mutual_info_score": -6.368650782872319e-16, "adjusted_rand_score": 0.0, "completeness_score": 1.0, "fowlkes_mallows_score": 0.4992747492866781, "homogeneity_score": 1.6017733357346625e-16, "v_measure_score": 3.2035466714693245e-16}, "classification": {"f1_score": 0.10095770151636073, "hamming_loss": 0.747, "jaccard_score": 0.06325, "accuracy_score": 0.253, "recall_score": 0.25, "precision_score": 0.06325}, "found_clusters": 1, "expected_clusters": 4, "time": 4.7572}, "optics": {"clustering": {"adjusted_mutual_info_score": 0.25538467826236777, "adjusted_rand_score": 0.013679006727838212, "completeness_score": 0.23172231041487076, "fowlkes_mallows_score": 0.29502817108949847, "homogeneity_score": 0.3945996828302203, "v_measure_score": 0.2919825622620686}, "classification": {"f1_score": 0.0017416545718432512, "hamming_loss": 0.988, "jaccard_score": 0.0009129640900791236, "accuracy_score": 0.012, "recall_score": 0.0009129640900791236, "precision_score": 0.018867924528301886}, "found_clusters": 53, "expected_clusters": 4, "time": 0.516}, "spectral_clustering": {"clustering": {"adjusted_mutual_info_score": 0.5918838621553202, "adjusted_rand_score": 0.4724872817002658, "completeness_score": 0.6302510868896815, "fowlkes_mallows_score": 0.6283485577814268, "homogeneity_score": 0.56043220095756, "v_measure_score": 0.5932946357550521}, "classification": {"f1_score": 0.7345189528835819, "hamming_loss": 0.258, "jaccard_score": 0.6034619763981646, "accuracy_score": 0.742, "recall_score": 0.7419628293345721, "precision_score": 0.8394276866943107}, "found_clusters": 4, "expected_clusters": 4, "time": 0.204}, "gaussian_mixture_model": {"clustering": {"adjusted_mutual_info_score": 0.8400377972382894, "adjusted_rand_score": 0.8648801655963213, "completeness_score": 0.8407253205007219, "fowlkes_mallows_score": 0.8985809921978632, "homogeneity_score": 0.8403934580188942, "v_measure_score": 0.8405593565040301}, "classification": {"f1_score": 0.9458827068080654, "hamming_loss": 0.054, "jaccard_score": 0.8993782203457183, "accuracy_score": 0.946, "recall_score": 0.9459056402637085, "precision_score": 0.9463263355889319}, "found_clusters": 4, "expected_clusters": 4, "time": 0.026}}, "classification_alg": {"KNeighborsClassifier": {"clustering": {"adjusted_mutual_info_score": 0.8001475536477364, "adjusted_rand_score": 0.8154209397503883, "completeness_score": 0.803399258453751, "fowlkes_mallows_score": 0.8633379973719079, "homogeneity_score": 0.8036670568649462, "v_measure_score": 0.8035331353466449}, "classification": {"f1_score": 0.9227035803512833, "hamming_loss": 0.075, "jaccard_score": 0.8619101961493266, "accuracy_score": 0.925, "recall_score": 0.9243561581578549, "precision_score": 0.9229876160990712}, "time": 0.007}, "DecisionTreeClassifier": {"clustering": {"adjusted_mutual_info_score": 0.7144294408891398, "adjusted_rand_score": 0.731556874281976, "completeness_score": 0.718786413433826, "fowlkes_mallows_score": 0.8011653333099757, "homogeneity_score": 0.7197425852433412, "v_measure_score": 0.7192641815610031}, "classification": {"f1_score": 0.8808876811594203, "hamming_loss": 0.115, "jaccard_score": 0.7983918128654971, "accuracy_score": 0.885, "recall_score": 0.8826162702620814, "precision_score": 0.8802488687782806}, "time": 0.002}, "RandomForestClassifier": {"clustering": {"adjusted_mutual_info_score": 0.7937706844594613, "adjusted_rand_score": 0.8167911193933398, "completeness_score": 0.795947403904604, "fowlkes_mallows_score": 0.8641782377860507, "homogeneity_score": 0.7985733088043555, "v_measure_score": 0.7972581941447048}, "classification": {"f1_score": 0.9226198522123097, "hamming_loss": 0.075, "jaccard_score": 0.8615676075600296, "accuracy_score": 0.925, "recall_score": 0.925018936524769, "precision_score": 0.9213059701492538}, "time": 0.147}, "LinearSVC": {"clustering": {"adjusted_mutual_info_score": 0.7322170408773688, "adjusted_rand_score": 0.7445252676710922, "completeness_score": 0.7348166009992135, "fowlkes_mallows_score": 0.8104311635892072, "homogeneity_score": 0.7386743235822276, "v_measure_score": 0.736740412370399}, "classification": {"f1_score": 0.8855796961705114, "hamming_loss": 0.11, "jaccard_score": 0.8014284692856122, "accuracy_score": 0.89, "recall_score": 0.8893766096046054, "precision_score": 0.8829210472067616}, "time": 0.019}, "LogisticRegression": {"clustering": {"adjusted_mutual_info_score": 0.7365029663341546, "adjusted_rand_score": 0.754532739828938, "completeness_score": 0.7381574864969034, "fowlkes_mallows_score": 0.8176817140682302, "homogeneity_score": 0.7437594368111795, "v_measure_score": 0.7409478733927057},