{"clustering_alg": {"affinity_propagation": {"clustering": {"adjusted_mutual_info_score": 0.34084006078002566, "adjusted_rand_score": 0.03564506371906305, "completeness_score": 0.2249551986476619, "fowlkes_mallows_score": 0.14561660975537505, "homogeneity_score": 0.794950023375381, "v_measure_score": 0.3506759972630712}, "classification": {"f1_score": 0.00010236765787992903, "hamming_loss": 0.998, "jaccard_score": 5.1509512247449805e-05, "accuracy_score": 0.002, "recall_score": 5.2942017247129454e-05, "precision_score": 0.001589403973509934}, "found_clusters": 151, "expected_clusters": 4, "time": 46.3277}, "agglomerative": {"clustering": {"adjusted_mutual_info_score": 0.5349059289528442, "adjusted_rand_score": 0.474668784221747, "completeness_score": 0.5472418765869455, "fowlkes_mallows_score": 0.6151331547745137, "homogeneity_score": 0.5237050050772663, "v_measure_score": 0.535214798536233}, "classification": {"f1_score": 0.7573728868836421, "hamming_loss": 0.2426, "jaccard_score": 0.6130163219221174, "accuracy_score": 0.7574, "recall_score": 0.7575987671174087, "precision_score": 0.7978095831377224}, "found_clusters": 4, "expected_clusters": 4, "time": 0.925}, "birch": {"clustering": {"adjusted_mutual_info_score": 0.296552765162604, "adjusted_rand_score": 0.2223508106958305, "completeness_score": 0.343956569166975, "fowlkes_mallows_score": 0.46131753894871264, "homogeneity_score": 0.261168155629127, "v_measure_score": 0.2968991320463056}, "classification": {"f1_score": 0.07189789891783739, "hamming_loss": 0.9246, "jaccard_score": 0.03952336146611109, "accuracy_score": 0.0754, "recall_score": 0.07536183374843533, "precision_score": 0.06902896884401258}, "found_clusters": 3, "expected_clusters": 4, "time": 0.6047}, "dbscan": {"clustering": {"adjusted_mutual_info_score": 0.29748156678007, "adjusted_rand_score": 0.1448336278649732, "completeness_score": 0.42357906914363985, "fowlkes_mallows_score": 0.5004648380365904, "homogeneity_score": 0.2361770401456196, "v_measure_score": 0.303262522042432}, "classification": {"f1_score": 0.003487527773501942, "hamming_loss": 0.9878, "jaccard_score": 0.0018199080844632778, "accuracy_score": 0.0122, "recall_score": 0.0018775166955231266, "precision_score": 0.03610909126299442}, "found_clusters": 26, "expected_clusters": 4, "time": 0.064}, "k_means": {"clustering": {"adjusted_mutual_info_score": 0.347538662946671, "adjusted_rand_score": 0.299638671856, "completeness_score": 0.34887245358744956, "fowlkes_mallows_score": 0.4759391776529036, "homogeneity_score": 0.34705969591637664, "v_measure_score": 0.34796371382464714}, "classification": {"f1_score": 0.622385930232852, "hamming_loss": 0.3824, "jaccard_score": 0.45804163108729473, "accuracy_score": 0.6176, "recall_score": 0.6176789976327824, "precision_score": 0.6308129406113975}, "found_clusters": 4, "expected_clusters": 4, "time": 0.1635}, "mini_batch_k_means": {"clustering": {"adjusted_mutual_info_score": 0.3084608826731643, "adjusted_rand_score": 0.24055304708192518, "completeness_score": 0.3115097862038124, "fowlkes_mallows_score": 0.4344623830459139, "homogeneity_score": 0.30636107945798075, "v_measure_score": 0.308913980790812}, "classification": {"f1_score": 0.5369096451049064, "hamming_loss": 0.4696, "jaccard_score": 0.3725279528869121, "accuracy_score": 0.5304, "recall_score": 0.530317305199153, "precision_score": 0.560109006292399}, "found_clusters": 4, "expected_clusters": 4, "time": 0.052}, "mean_shift": {"clustering": {"adjusted_mutual_info_score": 9.666694417816466e-16, "adjusted_rand_score": 0.0, "completeness_score": 1.0, "fowlkes_mallows_score": 0.4998524287128132, "homogeneity_score": 8.008594924545202e-16, "v_measure_score": 1.601718984909039e-15}, "classification": {"f1_score": 0.09961563100576554, "hamming_loss": 0.7512, "jaccard_score": 0.0622, "accuracy_score": 0.2488, "recall_score": 0.25, "precision_score": 0.0622}, "found_clusters": 1, "expected_clusters": 4, "time": 47.5395}, "optics": {"clustering": {"adjusted_mutual_info_score": 0.13012529033498607, "adjusted_rand_score": 0.001419829990339752, "completeness_score": 0.1764755514354752, "fowlkes_mallows_score": 0.42715232675261344, "homogeneity_score": 0.13870335183808197, "v_measure_score": 0.15532607193780967}, "classification": {"f1_score": 0.00017205512020396357, "hamming_loss": 0.9978, "jaccard_score": 8.678158652518639e-05, "accuracy_score": 0.0022, "recall_score": 8.678158652518639e-05, "precision_score": 0.009900990099009901}, "found_clusters": 101, "expected_clusters": 4, "time": 4.5996}, "spectral_clustering": {"clustering": {"adjusted_mutual_info_score": 0.5449974044514381, "adjusted_rand_score": 0.48371566516258446, "completeness_score": 0.5625482669718394, "fowlkes_mallows_score": 0.6251177255315369, "homogeneity_score": 0.5290820198991708, "v_measure_score": 0.5453021539615968}, "classification": {"f1_score": 0.7653823365974886, "hamming_loss": 0.2338, "jaccard_score": 0.6260936752938726, "accuracy_score": 0.7662, "recall_score": 0.7661995869173661, "precision_score": 0.8236582607876133}, "found_clusters": 4, "expected_clusters": 4, "time": 6.1156}, "gaussian_mixture_model": {"clustering": {"adjusted_mutual_info_score": 0.9079647812645293, "adjusted_rand_score": 0.9393976277766852, "completeness_score": 0.9080540707664456, "fowlkes_mallows_score": 0.9545406404621192, "homogeneity_score": 0.9079950986782086, "v_measure_score": 0.9080245837648344}, "classification": {"f1_score": 0.9767469721561445, "hamming_loss": 0.0232, "jaccard_score": 0.954671665273154, "accuracy_score": 0.9768, "recall_score": 0.9767974367071208, "precision_score": 0.9767947257935816}, "found_clusters": 4, "expected_clusters": 4, "time": 0.107}}, "classification_alg": {"KNeighborsClassifier": {"clustering": {"adjusted_mutual_info_score": 0.7611132271872633, "adjusted_rand_score": 0.8038007613699312, "completeness_score": 0.763496352161523, "fowlkes_mallows_score": 0.8532271367714002, "homogeneity_score": 0.7603001534075693, "v_measure_score": 0.7618949007337843}, "classification": {"f1_score": 0.9194341132496906, "hamming_loss": 0.079, "jaccard_score": 0.8518431098452852, "accuracy_score": 0.921, "recall_score": 0.9199297724428227, "precision_score": 0.9231090220699437}, "time": 0.042}, "DecisionTreeClassifier": {"clustering": {"adjusted_mutual_info_score": 0.6031734077602078, "adjusted_rand_score": 0.658842267865681, "completeness_score": 0.6044151293511639, "fowlkes_mallows_score": 0.7442416812761234, "homogeneity_score": 0.6045228387438982, "v_measure_score": 0.6044689792493887}, "classification": {"f1_score": 0.8563996736308113, "hamming_loss": 0.143, "jaccard_score": 0.7504940648118363, "accuracy_score": 0.857, "recall_score": 0.856645065505206, "precision_score": 0.8561893241433727}, "time": 0.018}, "RandomForestClassifier": {"clustering": {"adjusted_mutual_info_score": 0.7562128813802557, "adjusted_rand_score": 0.7989078088458021, "completeness_score": 0.7568455546436723, "fowlkes_mallows_score": 0.8492268973158167, "homogeneity_score": 0.7571719198752023, "v_measure_score": 0.757008702083402}, "classification": {"f1_score": 0.9182224752349709, "hamming_loss": 0.081, "jaccard_score": 0.8499579139112452, "accuracy_score": 0.919, "recall_score": 0.9195038995006592, "precision_score": 0.918312697737367}, "time": 0.7378}, "LinearSVC": {"clustering": {"adjusted_mutual_info_score": 0.5838947602602855, "adjusted_rand_score": 0.6163943284536452, "completeness_score": 0.5857906213045726, "fowlkes_mallows_score": 0.7126859748947681, "homogeneity_score": 0.584719704690582, "v_measure_score": 0.585254673099125}, "classification": {"f1_score": 0.8329595158271892, "hamming_loss": 0.166, "jaccard_score": 0.7177386140380662, "accuracy_score": 0.834, "recall_score": 0.8334424513405025, "precision_score": 0.8351772272293064}, "time": 0.2191}, "LogisticRegression": {"clustering": {"adjusted_mutual_info_score": 0.5941013554850278, "adjusted_rand_score": 0.6309409610159895, "completeness_score": 0.596254737128862,