{"clustering_alg": {"affinity_propagation": {"clustering": {"adjusted_mutual_info_score": -1.281370601507323e-15, "adjusted_rand_score": 0.0, "completeness_score": 1.0, "fowlkes_mallows_score": 0.4998499474782395, "homogeneity_score": 6.40685300762983e-16, "v_measure_score": 1.2813706015259653e-15}, "classification": {"f1_score": 0.0, "hamming_loss": 1.0, "jaccard_score": 0.0, "accuracy_score": 0.0, "recall_score": 0.0, "precision_score": 0.0}, "found_clusters": 1, "expected_clusters": 4, "time": 145.5888}, "agglomerative": {"clustering": {"adjusted_mutual_info_score": 0.7797964284926526, "adjusted_rand_score": 0.7202672899512572, "completeness_score": 0.7799510318200235, "fowlkes_mallows_score": 0.7901613647456355, "homogeneity_score": 0.779927986449879, "v_measure_score": 0.7799395089647171}, "classification": {"f1_score": 0.8503938721330025, "hamming_loss": 0.1496, "jaccard_score": 0.7696988448844885, "accuracy_score": 0.8504, "recall_score": 0.8504, "precision_score": 0.8504164522315336}, "found_clusters": 4, "expected_clusters": 4, "time": 0.6971}, "birch": {"clustering": {"adjusted_mutual_info_score": 0.8570721064109494, "adjusted_rand_score": 0.7141631882897822, "completeness_score": 1.0, "fowlkes_mallows_score": 0.8163876493575091, "homogeneity_score": 0.7500000000000001, "v_measure_score": 0.8571428571428573}, "classification": {"f1_score": 0.0, "hamming_loss": 1.0, "jaccard_score": 0.0, "accuracy_score": 0.0, "recall_score": 0.0, "precision_score": 0.0}, "found_clusters": 3, "expected_clusters": 4, "time": 0.155}, "dbscan": {"clustering": {"adjusted_mutual_info_score": 0.8336448015239211, "adjusted_rand_score": 0.7044430424720439, "completeness_score": 0.9503077966447451, "fowlkes_mallows_score": 0.8074632065486831, "homogeneity_score": 0.7426874125892589, "v_measure_score": 0.8337668468333308}, "classification": {"f1_score": 0.6671011390531606, "hamming_loss": 0.2558, "jaccard_score": 0.6202390863687489, "accuracy_score": 0.7442, "recall_score": 0.7442, "precision_score": 0.6762216964080318}, "found_clusters": 4, "expected_clusters": 4, "time": 0.051}, "k_means": {"clustering": {"adjusted_mutual_info_score": 0.7876598757048163, "adjusted_rand_score": 0.7338888391061374, "completeness_score": 0.7878007548659725, "fowlkes_mallows_score": 0.8003773860864317, "homogeneity_score": 0.7877949356582858, "v_measure_score": 0.787797845251383}, "classification": {"f1_score": 0.8623985909615715, "hamming_loss": 0.1376, "jaccard_score": 0.7841893561920955, "accuracy_score": 0.8624, "recall_score": 0.8624, "precision_score": 0.8624046040925837}, "found_clusters": 4, "expected_clusters": 4, "time": 0.079}, "mini_batch_k_means": {"clustering": {"adjusted_mutual_info_score": 0.7867958695489451, "adjusted_rand_score": 0.7322614553742735, "completeness_score": 0.787003507580242, "fowlkes_mallows_score": 0.7991722349111456, "homogeneity_score": 0.7868653289479639, "v_measure_score": 0.7869344121983705}, "classification": {"f1_score": 0.8609661647258477, "hamming_loss": 0.139, "jaccard_score": 0.782440196956764, "accuracy_score": 0.861, "recall_score": 0.861, "precision_score": 0.8611081571244712}, "found_clusters": 4, "expected_clusters": 4, "time": 0.048}, "mean_shift": {"clustering": {"adjusted_mutual_info_score": 0.8570721064109494, "adjusted_rand_score": 0.7141631882897822, "completeness_score": 1.0, "fowlkes_mallows_score": 0.8163876493575091, "homogeneity_score": 0.7500000000000001, "v_measure_score": 0.8571428571428573}, "classification": {"f1_score": 0.25, "hamming_loss": 0.75, "jaccard_score": 0.25, "accuracy_score": 0.25, "recall_score": 0.25, "precision_score": 0.25}, "found_clusters": 3, "expected_clusters": 4, "time": 7.0916}, "optics": {"clustering": {"adjusted_mutual_info_score": 0.18822827300129097, "adjusted_rand_score": 0.003638032927632433, "completeness_score": 0.15829715251167198, "fowlkes_mallows_score": 0.2641640395304967, "homogeneity_score": 0.3863072600509619, "v_measure_score": 0.22457158939607505}, "classification": {"f1_score": 5.271764420735546e-05, "hamming_loss": 0.998, "jaccard_score": 2.6531383948256242e-05, "accuracy_score": 0.002, "recall_score": 2.6578073089700997e-05, "precision_score": 0.003382663847780127}, "found_clusters": 301, "expected_clusters": 4, "time": 3.4388}, "spectral_clustering": {"clustering": {"adjusted_mutual_info_score": 0.7876553909633975, "adjusted_rand_score": 0.7338871339500662, "completeness_score": 0.7877935447913135, "fowlkes_mallows_score": 0.8003754681343719, "homogeneity_score": 0.7877931810964893, "v_measure_score": 0.7877933629438595}, "classification": {"f1_score": 0.8623999119359436, "hamming_loss": 0.1376, "jaccard_score": 0.7841906302455689, "accuracy_score": 0.8624, "recall_score": 0.8624, "precision_score": 0.8624002877447366}, "found_clusters": 4, "expected_clusters": 4, "time": 3.6117}, "gaussian_mixture_model": {"clustering": {"adjusted_mutual_info_score": 0.7878011035533459, "adjusted_rand_score": 0.7341294642676914, "completeness_score": 0.7879426646266205, "fowlkes_mallows_score": 0.8005580712917139, "homogeneity_score": 0.7879352983518587, "v_measure_score": 0.7879389814720232}, "classification": {"f1_score": 0.8625982192729218, "hamming_loss": 0.1374, "jaccard_score": 0.7844350553043412, "accuracy_score": 0.8626, "recall_score": 0.8626, "precision_score": 0.8626058374866153}, "found_clusters": 4, "expected_clusters": 4, "time": 0.026}}, "classification_alg": {"KNeighborsClassifier": {"clustering": {"adjusted_mutual_info_score": 0.782773969099576, "adjusted_rand_score": 0.7292108475989602, "completeness_score": 0.7837890816846849, "fowlkes_mallows_score": 0.7968640519129789, "homogeneity_score": 0.7831765325961705, "v_measure_score": 0.7834826874133634}, "classification": {"f1_score": 0.8462184873949581, "hamming_loss": 0.15, "jaccard_score": 0.7648070779061193, "accuracy_score": 0.85, "recall_score": 0.846709011779335, "precision_score": 0.8471399395749996}, "time": 0.028}, "DecisionTreeClassifier": {"clustering": {"adjusted_mutual_info_score": 0.7603854828409038, "adjusted_rand_score": 0.6908760236638302, "completeness_score": 0.7613011367239053, "fowlkes_mallows_score": 0.768061472660016, "homogeneity_score": 0.7610330566778662, "v_measure_score": 0.7611670730967024}, "classification": {"f1_score": 0.791965391965392, "hamming_loss": 0.203, "jaccard_score": 0.7061927143551333, "accuracy_score": 0.797, "recall_score": 0.7922778982036934, "precision_score": 0.7923626077586207}, "time": 0.007}, "RandomForestClassifier": {"clustering": {"adjusted_mutual_info_score": 0.7738135767473507, "adjusted_rand_score": 0.7143840313424181, "completeness_score": 0.7746613798927954, "fowlkes_mallows_score": 0.7856931517199611, "homogeneity_score": 0.7744413325224921, "v_measure_score": 0.7745513405789688}, "classification": {"f1_score": 0.8298923177717674, "hamming_loss": 0.166, "jaccard_score": 0.7461560044893378, "accuracy_score": 0.834, "recall_score": 0.8301826553074221, "precision_score": 0.8303122107211983}, "time": 0.317}, "LinearSVC": {"clustering": {"adjusted_mutual_info_score": 0.7889346511254295, "adjusted_rand_score": 0.7407046298422735, "completeness_score": 0.7895984484694126, "fowlkes_mallows_score": 0.8054119346186542, "homogeneity_score": 0.7896474959011437, "v_measure_score": 0.7896229714236329}, "classification": {"f1_score": 0.8575526575526575, "hamming_loss": 0.139, "jaccard_score": 0.7782817747023507, "accuracy_score": 0.861, "recall_score": 0.8575851523247803, "precision_score": 0.8575472015050729}, "time": 0.098}, "LogisticRegression": {"clustering": {"adjusted_mutual_info_score": 0.791684977516991, "adjusted_rand_score": 0.745277294055384, "completeness_score": 0.7923350297310978, "fowlkes_mallows_score": 0.808842469078666, "homogeneity_score": 0.7923936212413042, "v_measure_score": 0.7923643244030614}, "classification": {"f1_score": 0.8616658057525859, "hamming_loss": 0.135, "jaccard_score": 0.7832926225960051, "accuracy_score": 0.865,