{"clustering_alg": {"affinity_propagation": {"clustering": {"adjusted_mutual_info_score": 0.6401617459796902, "adjusted_rand_score": 0.3100717980084681, "completeness_score": 0.4787766494932172, "fowlkes_mallows_score": 0.47862309822236554, "homogeneity_score": 0.9860068095919132, "v_measure_score": 0.644569043630191}, "classification": {"f1_score": 0.02457597784700588, "hamming_loss": 0.929, "jaccard_score": 0.015777777777777776, "accuracy_score": 0.071, "recall_score": 0.015777777777777776, "precision_score": 0.05555555555555555}, "found_clusters": 18, "expected_clusters": 4, "time": 8.5098}, "agglomerative": {"clustering": {"adjusted_mutual_info_score": 0.9882262445407966, "adjusted_rand_score": 0.9920242407641146, "completeness_score": 0.9882774568447343, "fowlkes_mallows_score": 0.9940122652661987, "homogeneity_score": 0.9882517921350121, "v_measure_score": 0.9882646243232486}, "classification": {"f1_score": 0.9969998919961118, "hamming_loss": 0.003, "jaccard_score": 0.9940355731225297, "accuracy_score": 0.997, "recall_score": 0.997, "precision_score": 0.9970355731225297}, "found_clusters": 4, "expected_clusters": 4, "time": 0.023}, "birch": {"clustering": {"adjusted_mutual_info_score": 0.8471527243856053, "adjusted_rand_score": 0.7091112820452429, "completeness_score": 0.9887962367932308, "fowlkes_mallows_score": 0.812691225260289, "homogeneity_score": 0.741585765221771, "v_measure_score": 0.8475321785095153}, "classification": {"f1_score": 0.00199203187250996, "hamming_loss": 0.998, "jaccard_score": 0.001, "accuracy_score": 0.002, "recall_score": 0.002, "precision_score": 0.001984126984126984}, "found_clusters": 3, "expected_clusters": 4, "time": 0.031}, "dbscan": {"clustering": {"adjusted_mutual_info_score": 0.879156442706061, "adjusted_rand_score": 0.9028407628161024, "completeness_score": 0.8273886725674601, "fowlkes_mallows_score": 0.9273792870240909, "homogeneity_score": 0.9396535493964219, "v_measure_score": 0.8799548683611466}, "classification": {"f1_score": 0.0, "hamming_loss": 1.0, "jaccard_score": 0.0, "accuracy_score": 0.0, "recall_score": 0.0, "precision_score": 0.0}, "found_clusters": 7, "expected_clusters": 4, "time": 0.005}, "k_means": {"clustering": {"adjusted_mutual_info_score": 0.9835153647783816, "adjusted_rand_score": 0.9893869090689918, "completeness_score": 0.9835747766540153, "fowlkes_mallows_score": 0.9920322566379336, "homogeneity_score": 0.9835634245453032, "v_measure_score": 0.9835691005669035}, "classification": {"f1_score": 0.995999935998976, "hamming_loss": 0.004, "jaccard_score": 0.9920633670850196, "accuracy_score": 0.996, "recall_score": 0.996, "precision_score": 0.9960157450076805}, "found_clusters": 4, "expected_clusters": 4, "time": 0.026}, "mini_batch_k_means": {"clustering": {"adjusted_mutual_info_score": 0.9835153647783816, "adjusted_rand_score": 0.9893869090689918, "completeness_score": 0.9835747766540153, "fowlkes_mallows_score": 0.9920322566379336, "homogeneity_score": 0.9835634245453032, "v_measure_score": 0.9835691005669035}, "classification": {"f1_score": 0.995999935998976, "hamming_loss": 0.004, "jaccard_score": 0.9920633670850196, "accuracy_score": 0.996, "recall_score": 0.996, "precision_score": 0.9960157450076805}, "found_clusters": 4, "expected_clusters": 4, "time": 0.03}, "mean_shift": {"clustering": {"adjusted_mutual_info_score": 0.6034543844054973, "adjusted_rand_score": 0.48884258369831124, "completeness_score": 0.6932677944251081, "fowlkes_mallows_score": 0.646921793962277, "homogeneity_score": 0.5357676955328028, "v_measure_score": 0.6044259773474384}, "classification": {"f1_score": 0.29477812547386995, "hamming_loss": 0.666, "jaccard_score": 0.23032063727729557, "accuracy_score": 0.334, "recall_score": 0.334, "precision_score": 0.2680740595611285}, "found_clusters": 3, "expected_clusters": 4, "time": 3.183}, "optics": {"clustering": {"adjusted_mutual_info_score": 0.2846766734777365, "adjusted_rand_score": 0.01916277536185831, "completeness_score": 0.25675688862585805, "fowlkes_mallows_score": 0.30546327078921853, "homogeneity_score": 0.4221266513657922, "v_measure_score": 0.3193004962590967}, "classification": {"f1_score": 0.0009191176470588235, "hamming_loss": 0.994, "jaccard_score": 0.00047058823529411766, "accuracy_score": 0.006, "recall_score": 0.00047058823529411766, "precision_score": 0.0196078431372549}, "found_clusters": 51, "expected_clusters": 4, "time": 0.553}, "spectral_clustering": {"clustering": {"adjusted_mutual_info_score": 0.9835153647783814, "adjusted_rand_score": 0.9893869090689918, "completeness_score": 0.9835747766540152, "fowlkes_mallows_score": 0.9920322566379336, "homogeneity_score": 0.983563424545303, "v_measure_score": 0.9835691005669033}, "classification": {"f1_score": 0.995999935998976, "hamming_loss": 0.004, "jaccard_score": 0.9920633670850196, "accuracy_score": 0.996, "recall_score": 0.996, "precision_score": 0.9960157450076805}, "found_clusters": 4, "expected_clusters": 4, "time": 0.171}, "gaussian_mixture_model": {"clustering": {"adjusted_mutual_info_score": 0.9835153647783816, "adjusted_rand_score": 0.9893869090689918, "completeness_score": 0.9835747766540153, "fowlkes_mallows_score": 0.9920322566379336, "homogeneity_score": 0.9835634245453032, "v_measure_score": 0.9835691005669035}, "classification": {"f1_score": 0.995999935998976, "hamming_loss": 0.004, "jaccard_score": 0.9920633670850196, "accuracy_score": 0.996, "recall_score": 0.996, "precision_score": 0.9960157450076805}, "found_clusters": 4, "expected_clusters": 4, "time": 0.008}}, "classification_alg": {"KNeighborsClassifier": {"clustering": {"adjusted_mutual_info_score": 1.0, "adjusted_rand_score": 1.0, "completeness_score": 1.0, "fowlkes_mallows_score": 1.0, "homogeneity_score": 1.0, "v_measure_score": 1.0}, "classification": {"f1_score": 1.0, "hamming_loss": 0.0, "jaccard_score": 1.0, "accuracy_score": 1.0, "recall_score": 1.0, "precision_score": 1.0}, "time": 0.007}, "DecisionTreeClassifier": {"clustering": {"adjusted_mutual_info_score": 0.9820171798727364, "adjusted_rand_score": 0.9867406187770162, "completeness_score": 0.9823871902633333, "fowlkes_mallows_score": 0.9900081771898134, "homogeneity_score": 0.9822439750040579, "v_measure_score": 0.982315577413731}, "classification": {"f1_score": 0.9949474328876187, "hamming_loss": 0.005, "jaccard_score": 0.9899959983993598, "accuracy_score": 0.995, "recall_score": 0.9948979591836735, "precision_score": 0.9950980392156863}, "time": 0.002}, "RandomForestClassifier": {"clustering": {"adjusted_mutual_info_score": 0.9820171798727364, "adjusted_rand_score": 0.9867406187770162, "completeness_score": 0.9823871902633333, "fowlkes_mallows_score": 0.9900081771898134, "homogeneity_score": 0.9822439750040579, "v_measure_score": 0.982315577413731}, "classification": {"f1_score": 0.9949474328876187, "hamming_loss": 0.005, "jaccard_score": 0.9899959983993598, "accuracy_score": 0.995, "recall_score": 0.9948979591836735, "precision_score": 0.9950980392156863}, "time": 0.121}, "LinearSVC": {"clustering": {"adjusted_mutual_info_score": 0.8922049312289473, "adjusted_rand_score": 0.8761869547767644, "completeness_score": 0.8965568393947306, "fowlkes_mallows_score": 0.906968802508454, "homogeneity_score": 0.8914563680589682, "v_measure_score": 0.8939993289461771}, "classification": {"f1_score": 0.9505046583850931, "hamming_loss": 0.05, "jaccard_score": 0.9099967855994857, "accuracy_score": 0.95, "recall_score": 0.9501923076923077, "precision_score": 0.9565476190476191}, "time": 0.025}, "LogisticRegression": {"clustering": {"adjusted_mutual_info_score": 1.0, "adjusted_rand_score": 1.0, "completeness_score": 1.0, "fowlkes_mallows_score": 1.0, "homogeneity_score": 1.0, "v_measure_score": 1.0}, "classification": {"f1_score": 1.0, "hamming_loss": 0.0, "jaccard_score": 1.0, "accuracy_score": 1.0, "recall_score": 1.0, "precision_score": 1.0}, "time": 0.029}, "GaussianNB": {"clustering": {"adjusted_mutual_info_score": 1.0, "adjusted_rand_score": 1.0,