{"clustering_alg": {"affinity_propagation": {"clustering": {"adjusted_mutual_info_score": 0.26484834852849204, "adjusted_rand_score": 0.02038281208739897, "completeness_score": 0.17579264321710705, "fowlkes_mallows_score": 0.10682009691684116, "homogeneity_score": 0.657550338097824, "v_measure_score": 0.2774188169200767}, "classification": {"f1_score": 0.00018625442354255913, "hamming_loss": 0.9946, "jaccard_score": 9.46880030300161e-05, "accuracy_score": 0.0054, "recall_score": 9.48057009828191e-05, "precision_score": 0.005260081823495032}, "found_clusters": 177, "expected_clusters": 4, "time": 79.1693}, "agglomerative": {"clustering": {"adjusted_mutual_info_score": 0.33662986339076995, "adjusted_rand_score": 0.2486864015019487, "completeness_score": 0.34442681779867557, "fowlkes_mallows_score": 0.45468535959652373, "homogeneity_score": 0.3300344899548899, "v_measure_score": 0.3370770949562177}, "classification": {"f1_score": 0.5963438202449324, "hamming_loss": 0.4008, "jaccard_score": 0.4300683278128655, "accuracy_score": 0.5992, "recall_score": 0.6455152687481366, "precision_score": 0.6663285378240668}, "found_clusters": 4, "expected_clusters": 4, "time": 2.0193}, "birch": {"clustering": {"adjusted_mutual_info_score": 0.2155688546549119, "adjusted_rand_score": 0.17140974341672927, "completeness_score": 0.24636499894260055, "fowlkes_mallows_score": 0.4260704390068304, "homogeneity_score": 0.1922298947300892, "v_measure_score": 0.21595653982810403}, "classification": {"f1_score": 0.07764632455435895, "hamming_loss": 0.8888, "jaccard_score": 0.043035459908056, "accuracy_score": 0.1112, "recall_score": 0.09115605007600401, "precision_score": 0.06802299630179492}, "found_clusters": 3, "expected_clusters": 4, "time": 0.1355}, "dbscan": {"clustering": {"adjusted_mutual_info_score": 1.003948829611665e-15, "adjusted_rand_score": 0.0, "completeness_score": 1.0, "fowlkes_mallows_score": 0.5102645529358243, "homogeneity_score": 7.320731354128896e-16, "v_measure_score": 1.4641462708257782e-15}, "classification": {"f1_score": 0.12172794673929488, "hamming_loss": 0.6782, "jaccard_score": 0.08045, "accuracy_score": 0.3218, "recall_score": 0.25, "precision_score": 0.08045}, "found_clusters": 1, "expected_clusters": 4, "time": 0.5631}, "k_means": {"clustering": {"adjusted_mutual_info_score": 0.42382915664837656, "adjusted_rand_score": 0.39163632841027124, "completeness_score": 0.42329741466911824, "fowlkes_mallows_score": 0.5491426693972674, "homogeneity_score": 0.4251237286649526, "v_measure_score": 0.42420860600243737}, "classification": {"f1_score": 0.7102066577721151, "hamming_loss": 0.2894, "jaccard_score": 0.5527137156540947, "accuracy_score": 0.7106, "recall_score": 0.7334253383713458, "precision_score": 0.7282106792837981}, "found_clusters": 4, "expected_clusters": 4, "time": 0.1935}, "mini_batch_k_means": {"clustering": {"adjusted_mutual_info_score": 0.3950616228272846, "adjusted_rand_score": 0.3423900304560611, "completeness_score": 0.395030735623531, "fowlkes_mallows_score": 0.5131206037576423, "homogeneity_score": 0.3958910905375293, "v_measure_score": 0.395460445138849}, "classification": {"f1_score": 0.6490809719470909, "hamming_loss": 0.3564, "jaccard_score": 0.4909171581894799, "accuracy_score": 0.6436, "recall_score": 0.6763332788054581, "precision_score": 0.6629220230361144}, "found_clusters": 4, "expected_clusters": 4, "time": 0.062}, "mean_shift": {"clustering": {"adjusted_mutual_info_score": 1.003948829611665e-15, "adjusted_rand_score": 0.0, "completeness_score": 1.0, "fowlkes_mallows_score": 0.5102645529358243, "homogeneity_score": 7.320731354128896e-16, "v_measure_score": 1.4641462708257782e-15}, "classification": {"f1_score": 0.12172794673929488, "hamming_loss": 0.6782, "jaccard_score": 0.08045, "accuracy_score": 0.3218, "recall_score": 0.25, "precision_score": 0.08045}, "found_clusters": 1, "expected_clusters": 4, "time": 73.332}, "optics": {"clustering": {"adjusted_mutual_info_score": 0.08637592076149259, "adjusted_rand_score": -0.0005360362794983901, "completeness_score": 0.15073830854594797, "fowlkes_mallows_score": 0.45777386548313154, "homogeneity_score": 0.08364312777386215, "v_measure_score": 0.10758722021756742}, "classification": {"f1_score": 0.00012572701225278961, "hamming_loss": 0.9988, "jaccard_score": 6.302873215394546e-05, "accuracy_score": 0.0012, "recall_score": 6.310873220222416e-05, "precision_score": 0.01619047619047619}, "found_clusters": 70, "expected_clusters": 4, "time": 7.8607}, "spectral_clustering": {"clustering": {"adjusted_mutual_info_score": 0.44564779128995463, "adjusted_rand_score": 0.4182098111675888, "completeness_score": 0.44532864112375037, "fowlkes_mallows_score": 0.5690641026363853, "homogeneity_score": 0.4466996623555586, "v_measure_score": 0.44601309813002643}, "classification": {"f1_score": 0.7270904726208325, "hamming_loss": 0.272, "jaccard_score": 0.5735529727077956, "accuracy_score": 0.728, "recall_score": 0.7503153102394758, "precision_score": 0.7453182097481366}, "found_clusters": 4, "expected_clusters": 4, "time": 5.5882}, "gaussian_mixture_model": {"clustering": {"adjusted_mutual_info_score": 0.5751025471191464, "adjusted_rand_score": 0.5727666931047288, "completeness_score": 0.5727880204708247, "fowlkes_mallows_score": 0.6827714676601787, "homogeneity_score": 0.5779989793028677, "v_measure_score": 0.5753817018338814}, "classification": {"f1_score": 0.820852892131672, "hamming_loss": 0.181, "jaccard_score": 0.6974615638932504, "accuracy_score": 0.819, "recall_score": 0.8404199837623684, "precision_score": 0.8258416397900136}, "found_clusters": 4, "expected_clusters": 4, "time": 0.087}}, "classification_alg": {"KNeighborsClassifier": {"clustering": {"adjusted_mutual_info_score": 0.4958794509493743, "adjusted_rand_score": 0.5041751433031013, "completeness_score": 0.49631028879209765, "fowlkes_mallows_score": 0.630692409043703, "homogeneity_score": 0.49877072394190886, "v_measure_score": 0.49753746453370074}, "classification": {"f1_score": 0.7894908534609513, "hamming_loss": 0.215, "jaccard_score": 0.653574099905162, "accuracy_score": 0.785, "recall_score": 0.7959845102803587, "precision_score": 0.7896943638418346}, "time": 0.055}, "DecisionTreeClassifier": {"clustering": {"adjusted_mutual_info_score": 0.4371829342712854, "adjusted_rand_score": 0.46125782331991716, "completeness_score": 0.4383137946140419, "fowlkes_mallows_score": 0.5990165249522251, "homogeneity_score": 0.43975973486140807, "v_measure_score": 0.4390355742091822}, "classification": {"f1_score": 0.7673274481492495, "hamming_loss": 0.237, "jaccard_score": 0.6234117086356299, "accuracy_score": 0.763, "recall_score": 0.7703530143636786, "precision_score": 0.7653995887435885}, "time": 0.029}, "RandomForestClassifier": {"clustering": {"adjusted_mutual_info_score": 0.5599031928281025, "adjusted_rand_score": 0.5852947847317668, "completeness_score": 0.5607096562840916, "fowlkes_mallows_score": 0.6914537467775388, "homogeneity_score": 0.5619970685322352, "v_measure_score": 0.5613526242678013}, "classification": {"f1_score": 0.8309998554351508, "hamming_loss": 0.173, "jaccard_score": 0.7122177981552982, "accuracy_score": 0.827, "recall_score": 0.8327179225592688, "precision_score": 0.8296842787230176}, "time": 1.0772}, "LinearSVC": {"clustering": {"adjusted_mutual_info_score": 0.47556447911030664, "adjusted_rand_score": 0.492384542393281, "completeness_score": 0.4766981370757762, "fowlkes_mallows_score": 0.6222578816066257, "homogeneity_score": 0.4778863635631401, "v_measure_score": 0.4772915107923737}, "classification": {"f1_score": 0.7757535319017974, "hamming_loss": 0.225, "jaccard_score": 0.6348124741917587, "accuracy_score": 0.775, "recall_score": 0.7774875579016545, "precision_score": 0.7742733440447545}, "time": 0.0221}, "LogisticRegression": {"clustering": {"adjusted_mutual_info_score": 0.48903914863186226, "adjusted_rand_score": 0.5047627668549574, "completeness_score": 0.48962401397341926,