{"clustering_alg": {"affinity_propagation": {"clustering": {"adjusted_mutual_info_score": 0.3310705031985278, "adjusted_rand_score": 0.03260188897863294, "completeness_score": 0.21844875787465906, "fowlkes_mallows_score": 0.13876881986103068, "homogeneity_score": 0.7793286665238333, "v_measure_score": 0.34124520161573424}, "classification": {"f1_score": 0.0004188064017549982, "hamming_loss": 0.9916, "jaccard_score": 0.00021642790889415644, "accuracy_score": 0.0084, "recall_score": 0.00021694775174978693, "precision_score": 0.006021505376344086}, "found_clusters": 155, "expected_clusters": 4, "time": 63.3297}, "agglomerative": {"clustering": {"adjusted_mutual_info_score": 0.3982326154434785, "adjusted_rand_score": 0.3255240760287535, "completeness_score": 0.4048321758197352, "fowlkes_mallows_score": 0.5006182602925174, "homogeneity_score": 0.3926143106175296, "v_measure_score": 0.39862964682524543}, "classification": {"f1_score": 0.6376382929532883, "hamming_loss": 0.3666, "jaccard_score": 0.47306310813596875, "accuracy_score": 0.6334, "recall_score": 0.6333200455552919, "precision_score": 0.6790539582314677}, "found_clusters": 4, "expected_clusters": 4, "time": 1.0461}, "birch": {"clustering": {"adjusted_mutual_info_score": 0.23581868897539154, "adjusted_rand_score": 0.1959996144607864, "completeness_score": 0.27372869060132776, "fowlkes_mallows_score": 0.4424419133180132, "homogeneity_score": 0.20771343504760134, "v_measure_score": 0.23619506298601076}, "classification": {"f1_score": 0.271351371351162, "hamming_loss": 0.7116, "jaccard_score": 0.1774075402288459, "accuracy_score": 0.2884, "recall_score": 0.2887492686456858, "precision_score": 0.26101597416945044}, "found_clusters": 3, "expected_clusters": 4, "time": 0.705}, "dbscan": {"clustering": {"adjusted_mutual_info_score": 0.19373938228233306, "adjusted_rand_score": 0.031482935380435936, "completeness_score": 0.23859704371777857, "fowlkes_mallows_score": 0.42493655747795556, "homogeneity_score": 0.18248163874372714, "v_measure_score": 0.20680020789705617}, "classification": {"f1_score": 0.00010704656394453826, "hamming_loss": 0.9992, "jaccard_score": 5.358366074592987e-05, "accuracy_score": 0.0008, "recall_score": 5.6129400440454224e-05, "precision_score": 0.0032169211900454904}, "found_clusters": 57, "expected_clusters": 4, "time": 0.062}, "k_means": {"clustering": {"adjusted_mutual_info_score": 0.4531936767758519, "adjusted_rand_score": 0.4372203192392057, "completeness_score": 0.4594653332648056, "fowlkes_mallows_score": 0.5828670679959402, "homogeneity_score": 0.4477919902492538, "v_measure_score": 0.45355356347254805}, "classification": {"f1_score": 0.7395313197486052, "hamming_loss": 0.263, "jaccard_score": 0.5927393495560591, "accuracy_score": 0.737, "recall_score": 0.7370134074621021, "precision_score": 0.7695689327979411}, "found_clusters": 4, "expected_clusters": 4, "time": 0.144}, "mini_batch_k_means": {"clustering": {"adjusted_mutual_info_score": 0.37498172636776816, "adjusted_rand_score": 0.31624729457664125, "completeness_score": 0.37622625359957973, "fowlkes_mallows_score": 0.4881531352223212, "homogeneity_score": 0.3745549554207096, "v_measure_score": 0.3753887442893712}, "classification": {"f1_score": 0.5730394916441792, "hamming_loss": 0.4304, "jaccard_score": 0.41786234593351756, "accuracy_score": 0.5696, "recall_score": 0.5693595090854582, "precision_score": 0.580473652508074}, "found_clusters": 4, "expected_clusters": 4, "time": 0.0371}, "mean_shift": {"clustering": {"adjusted_mutual_info_score": 3.249562216028728e-16, "adjusted_rand_score": 0.0, "completeness_score": 1.0, "fowlkes_mallows_score": 0.49985130815678896, "homogeneity_score": 4.805149175771955e-16, "v_measure_score": 9.610298351543905e-16}, "classification": {"f1_score": 0.0998719590268886, "hamming_loss": 0.7504, "jaccard_score": 0.0624, "accuracy_score": 0.2496, "recall_score": 0.25, "precision_score": 0.0624}, "found_clusters": 1, "expected_clusters": 4, "time": 40.8609}, "optics": {"clustering": {"adjusted_mutual_info_score": 0.09834555342505387, "adjusted_rand_score": 0.001574595919695606, "completeness_score": 0.17172547068057253, "fowlkes_mallows_score": 0.45104529527746634, "homogeneity_score": 0.0926014664748996, "v_measure_score": 0.12032092216738483}, "classification": {"f1_score": 0.00010923947477660527, "hamming_loss": 0.999, "jaccard_score": 5.483839126095397e-05, "accuracy_score": 0.001, "recall_score": 5.483839126095397e-05, "precision_score": 0.0136986301369863}, "found_clusters": 73, "expected_clusters": 4, "time": 6.138}, "spectral_clustering": {"clustering": {"adjusted_mutual_info_score": 0.5464543964354944, "adjusted_rand_score": 0.4905124101889538, "completeness_score": 0.5728161176374839, "fowlkes_mallows_score": 0.6343348529714533, "homogeneity_score": 0.5229759540159565, "v_measure_score": 0.5467625899960379}, "classification": {"f1_score": 0.7381281608077634, "hamming_loss": 0.251, "jaccard_score": 0.6037237246688882, "accuracy_score": 0.749, "recall_score": 0.7490419411839616, "precision_score": 0.8281058712607642}, "found_clusters": 4, "expected_clusters": 4, "time": 6.4195}, "gaussian_mixture_model": {"clustering": {"adjusted_mutual_info_score": 0.8959328698263553, "adjusted_rand_score": 0.9292439454474896, "completeness_score": 0.8960046289516796, "fowlkes_mallows_score": 0.9469226663412715, "homogeneity_score": 0.8959963478875794, "v_measure_score": 0.8960004884004956}, "classification": {"f1_score": 0.9727717256230631, "hamming_loss": 0.0272, "jaccard_score": 0.9472721034269961, "accuracy_score": 0.9728, "recall_score": 0.9728076522153467, "precision_score": 0.9727557209180754}, "found_clusters": 4, "expected_clusters": 4, "time": 0.056}}, "classification_alg": {"KNeighborsClassifier": {"clustering": {"adjusted_mutual_info_score": 0.7113237724450125, "adjusted_rand_score": 0.7539533944941499, "completeness_score": 0.7124266990574193, "fowlkes_mallows_score": 0.8155240606876457, "homogeneity_score": 0.7121057084082772, "v_measure_score": 0.7122661675683509}, "classification": {"f1_score": 0.9001855860256234, "hamming_loss": 0.1, "jaccard_score": 0.8206778897680477, "accuracy_score": 0.9, "recall_score": 0.9024892436522479, "precision_score": 0.9003800697950983}, "time": 0.048}, "DecisionTreeClassifier": {"clustering": {"adjusted_mutual_info_score": 0.5839034501217524, "adjusted_rand_score": 0.626870289033444, "completeness_score": 0.5852348084484097, "fowlkes_mallows_score": 0.7201710211047206, "homogeneity_score": 0.5852880680272985, "v_measure_score": 0.5852614370261808}, "classification": {"f1_score": 0.8444072390073332, "hamming_loss": 0.157, "jaccard_score": 0.7326716932877191, "accuracy_score": 0.843, "recall_score": 0.8448169287049472, "precision_score": 0.8444256288410007}, "time": 0.018}, "RandomForestClassifier": {"clustering": {"adjusted_mutual_info_score": 0.7290052806295898, "adjusted_rand_score": 0.7743674165416934, "completeness_score": 0.7297920062122079, "fowlkes_mallows_score": 0.8307719952943606, "homogeneity_score": 0.7299872768096537, "v_measure_score": 0.7298896284505295}, "classification": {"f1_score": 0.9110220653540491, "hamming_loss": 0.09, "jaccard_score": 0.8377502911975151, "accuracy_score": 0.91, "recall_score": 0.9113960587426069, "precision_score": 0.9107711282241591}, "time": 0.6697}, "LinearSVC": {"clustering": {"adjusted_mutual_info_score": 0.4814828724243808, "adjusted_rand_score": 0.5018326221246212, "completeness_score": 0.48292700722642623, "fowlkes_mallows_score": 0.6262386958548416, "homogeneity_score": 0.4834218714649496, "v_measure_score": 0.4831743126364734}, "classification": {"f1_score": 0.7706957581785838, "hamming_loss": 0.23, "jaccard_score": 0.6339693179407949, "accuracy_score": 0.77, "recall_score": 0.7749005487158535, "precision_score": 0.7690404199648052}, "time": 0.262}, "LogisticRegression": {"clustering": {"adjusted_mutual_info_score": 0.49899666894765093, "adjusted_rand_score": 0.5205211753180192,