{"clustering_alg": {"affinity_propagation": {"clustering": {"adjusted_mutual_info_score": 0.3709242676896227, "adjusted_rand_score": 0.08152540494956294, "completeness_score": 0.2655374553466281, "fowlkes_mallows_score": 0.21962934107676063, "homogeneity_score": 0.7531641688391751, "v_measure_score": 0.39264352211405823}, "classification": {"f1_score": 0.002209226770630279, "hamming_loss": 0.983, "jaccard_score": 0.0011788364191110186, "accuracy_score": 0.017, "recall_score": 0.0011835143414090782, "precision_score": 0.016569200779727095}, "found_clusters": 57, "expected_clusters": 4, "time": 2.3128}, "agglomerative": {"clustering": {"adjusted_mutual_info_score": 0.31565222678616944, "adjusted_rand_score": 0.22889346320759885, "completeness_score": 0.32318293800486064, "fowlkes_mallows_score": 0.4297359639185494, "homogeneity_score": 0.3128265049612428, "v_measure_score": 0.3179204022118734}, "classification": {"f1_score": 0.5041191625015653, "hamming_loss": 0.493, "jaccard_score": 0.34425436907034657, "accuracy_score": 0.507, "recall_score": 0.5077574613085076, "precision_score": 0.5282065777289281}, "found_clusters": 4, "expected_clusters": 4, "time": 0.078}, "birch": {"clustering": {"adjusted_mutual_info_score": 0.2003787625044032, "adjusted_rand_score": 0.12947602342940118, "completeness_score": 0.23291438287643595, "fowlkes_mallows_score": 0.3906656267648082, "homogeneity_score": 0.1788665277909822, "v_measure_score": 0.20234345914755322}, "classification": {"f1_score": 0.20295152799154295, "hamming_loss": 0.74, "jaccard_score": 0.12741614302907767, "accuracy_score": 0.26, "recall_score": 0.25986087205966724, "precision_score": 0.16870793020421618}, "found_clusters": 3, "expected_clusters": 4, "time": 0.179}, "dbscan": {"clustering": {"adjusted_mutual_info_score": 0.01982437846638969, "adjusted_rand_score": 0.00039114190930692117, "completeness_score": 0.2052485523403366, "fowlkes_mallows_score": 0.4920914602256885, "homogeneity_score": 0.013065701443941272, "v_measure_score": 0.024567487098940105}, "classification": {"f1_score": 0.013995763412105825, "hamming_loss": 0.991, "jaccard_score": 0.007200896609694592, "accuracy_score": 0.009, "recall_score": 0.007219353604895773, "precision_score": 0.22857142857142856}, "found_clusters": 3, "expected_clusters": 4, "time": 0.017}, "k_means": {"clustering": {"adjusted_mutual_info_score": 0.32028292779327244, "adjusted_rand_score": 0.27070977796386764, "completeness_score": 0.3230166511888395, "fowlkes_mallows_score": 0.4533135382028859, "homogeneity_score": 0.32198958009897866, "v_measure_score": 0.3225022979192326}, "classification": {"f1_score": 0.5726535924637685, "hamming_loss": 0.424, "jaccard_score": 0.4068407675080279, "accuracy_score": 0.576, "recall_score": 0.5768477321663752, "precision_score": 0.571292647994913}, "found_clusters": 4, "expected_clusters": 4, "time": 0.1451}, "mini_batch_k_means": {"clustering": {"adjusted_mutual_info_score": 0.3117473576034114, "adjusted_rand_score": 0.2622529898180042, "completeness_score": 0.3164751297149789, "fowlkes_mallows_score": 0.4503316982815517, "homogeneity_score": 0.31158068038157477, "v_measure_score": 0.3140088337859048}, "classification": {"f1_score": 0.5502306930017773, "hamming_loss": 0.444, "jaccard_score": 0.38454787338730806, "accuracy_score": 0.556, "recall_score": 0.5570805973072935, "precision_score": 0.5560381978841331}, "found_clusters": 4, "expected_clusters": 4, "time": 0.04}, "mean_shift": {"clustering": {"adjusted_mutual_info_score": -9.623343347719906e-16, "adjusted_rand_score": 0.0, "completeness_score": 1.0, "fowlkes_mallows_score": 0.499266729581761, "homogeneity_score": 0.0, "v_measure_score": 0.0}, "classification": {"f1_score": 0.09967974379503602, "hamming_loss": 0.751, "jaccard_score": 0.06225, "accuracy_score": 0.249, "recall_score": 0.25, "precision_score": 0.06225}, "found_clusters": 1, "expected_clusters": 4, "time": 10.3967}, "optics": {"clustering": {"adjusted_mutual_info_score": 0.14332751517995432, "adjusted_rand_score": 0.0033301794571615495, "completeness_score": 0.21343072952221534, "fowlkes_mallows_score": 0.4211538420100713, "homogeneity_score": 0.1409587931187876, "v_measure_score": 0.1697845795423808}, "classification": {"f1_score": 0.002258610954263128, "hamming_loss": 0.994, "jaccard_score": 0.001156737998843262, "accuracy_score": 0.006, "recall_score": 0.001156737998843262, "precision_score": 0.047619047619047616}, "found_clusters": 21, "expected_clusters": 4, "time": 1.3608}, "spectral_clustering": {"clustering": {"adjusted_mutual_info_score": 0.5333673438611367, "adjusted_rand_score": 0.5110920599365388, "completeness_score": 0.6122686646096814, "fowlkes_mallows_score": 0.6646820461136643, "homogeneity_score": 0.475310346018889, "v_measure_score": 0.5351659566580934}, "classification": {"f1_score": 0.5936903902032244, "hamming_loss": 0.324, "jaccard_score": 0.50187040399239, "accuracy_score": 0.676, "recall_score": 0.6778542258488358, "precision_score": 0.5425903052007649}, "found_clusters": 4, "expected_clusters": 4, "time": 0.6676}, "gaussian_mixture_model": {"clustering": {"adjusted_mutual_info_score": 0.8774968575139048, "adjusted_rand_score": 0.9139717448220644, "completeness_score": 0.8779954605391537, "fowlkes_mallows_score": 0.9354225335755257, "homogeneity_score": 0.877797045266452, "v_measure_score": 0.8778962416917342}, "classification": {"f1_score": 0.9669693747217801, "hamming_loss": 0.033, "jaccard_score": 0.9362464623702695, "accuracy_score": 0.967, "recall_score": 0.9671017306163153, "precision_score": 0.9673507143289585}, "found_clusters": 4, "expected_clusters": 4, "time": 0.0605}}, "classification_alg": {"KNeighborsClassifier": {"clustering": {"adjusted_mutual_info_score": 0.7460777251960796, "adjusted_rand_score": 0.7825830545630547, "completeness_score": 0.7500216445846412, "fowlkes_mallows_score": 0.8363641584225106, "homogeneity_score": 0.7505738637270528, "v_measure_score": 0.7502976525475257}, "classification": {"f1_score": 0.915518576215752, "hamming_loss": 0.085, "jaccard_score": 0.8451187980433262, "accuracy_score": 0.915, "recall_score": 0.9173744824016563, "precision_score": 0.9164906988436401}, "time": 0.011}, "DecisionTreeClassifier": {"clustering": {"adjusted_mutual_info_score": 0.5250532618906405, "adjusted_rand_score": 0.5620987856436439, "completeness_score": 0.5337495133506424, "fowlkes_mallows_score": 0.6709836543087313, "homogeneity_score": 0.5321790884887424, "v_measure_score": 0.5329631440719248}, "classification": {"f1_score": 0.8163519457801784, "hamming_loss": 0.185, "jaccard_score": 0.6909691885862999, "accuracy_score": 0.815, "recall_score": 0.8156586438923396, "precision_score": 0.8193483958570166}, "time": 0.006}, "RandomForestClassifier": {"clustering": {"adjusted_mutual_info_score": 0.7002638218078694, "adjusted_rand_score": 0.7461718334009367, "completeness_score": 0.7056044146576889, "fowlkes_mallows_score": 0.8091193549962754, "homogeneity_score": 0.7048960723951523, "v_measure_score": 0.7052500656644611}, "classification": {"f1_score": 0.9011003298445746, "hamming_loss": 0.1, "jaccard_score": 0.8207635484749456, "accuracy_score": 0.9, "recall_score": 0.9007608695652174, "precision_score": 0.9020420262169817}, "time": 0.478}, "LinearSVC": {"clustering": {"adjusted_mutual_info_score": 0.42412937924187016, "adjusted_rand_score": 0.4391086868513035, "completeness_score": 0.43472217241281935, "fowlkes_mallows_score": 0.5789006777051728, "homogeneity_score": 0.43274032705004395, "v_measure_score": 0.433728985823168}, "classification": {"f1_score": 0.7444777280684691, "hamming_loss": 0.255, "jaccard_score": 0.5971747775018026, "accuracy_score": 0.745, "recall_score": 0.7523136645962732, "precision_score": 0.7512954206072673}, "time": 0.075}, "LogisticRegression": {"clustering": {"adjusted_mutual_info_score": 0.4586548780401967, "adjusted_rand_score": 0.4796370075674263, "completeness_score": 0.46781523326278973, "fowlkes_mallows_score": 0.608616573606602,