{"clustering_alg": {"affinity_propagation": {"clustering": {"adjusted_mutual_info_score": 0.3433077908130744, "adjusted_rand_score": 0.03508094761230667, "completeness_score": 0.22637316507315236, "fowlkes_mallows_score": 0.1449074163817395, "homogeneity_score": 0.8020764331064716, "v_measure_score": 0.35309184060021315}, "classification": {"f1_score": 0.0005283179013339228, "hamming_loss": 0.9896, "jaccard_score": 0.00027015334791884263, "accuracy_score": 0.0104, "recall_score": 0.00027612665919735097, "precision_score": 0.009672359707215058}, "found_clusters": 151, "expected_clusters": 4, "time": 59.2695}, "agglomerative": {"clustering": {"adjusted_mutual_info_score": 0.5486857033115091, "adjusted_rand_score": 0.5334319675887399, "completeness_score": 0.5559943031351241, "fowlkes_mallows_score": 0.6542203014100209, "homogeneity_score": 0.5421456770078353, "v_measure_score": 0.5489826676676508}, "classification": {"f1_score": 0.7715526729102812, "hamming_loss": 0.221, "jaccard_score": 0.6331536581448773, "accuracy_score": 0.779, "recall_score": 0.778833595846914, "precision_score": 0.791786708555577}, "found_clusters": 4, "expected_clusters": 4, "time": 1.15}, "birch": {"clustering": {"adjusted_mutual_info_score": 0.42919132469566823, "adjusted_rand_score": 0.4004203853951623, "completeness_score": 0.4903745999552235, "fowlkes_mallows_score": 0.5819597155737314, "homogeneity_score": 0.382021542373002, "v_measure_score": 0.4294692558256566}, "classification": {"f1_score": 0.11302084215816133, "hamming_loss": 0.8682, "jaccard_score": 0.06279748425576485, "accuracy_score": 0.1318, "recall_score": 0.1323756308511757, "precision_score": 0.09959686593461142}, "found_clusters": 3, "expected_clusters": 4, "time": 0.612}, "dbscan": {"clustering": {"adjusted_mutual_info_score": 0.22038271498964, "adjusted_rand_score": 0.05256029653405398, "completeness_score": 0.2517887645441514, "fowlkes_mallows_score": 0.41434561228537736, "homogeneity_score": 0.2158659214280164, "v_measure_score": 0.23244763837041876}, "classification": {"f1_score": 0.003688163675477679, "hamming_loss": 0.9692, "jaccard_score": 0.0020457191505053483, "accuracy_score": 0.0308, "recall_score": 0.0021765239461597695, "precision_score": 0.012298809020489663}, "found_clusters": 57, "expected_clusters": 4, "time": 0.067}, "k_means": {"clustering": {"adjusted_mutual_info_score": 0.4294332409857044, "adjusted_rand_score": 0.4292560321797289, "completeness_score": 0.4348839058516264, "fowlkes_mallows_score": 0.5763012823947228, "homogeneity_score": 0.42484985440192585, "v_measure_score": 0.42980832584337475}, "classification": {"f1_score": 0.7248621759524032, "hamming_loss": 0.2704, "jaccard_score": 0.5719146325670503, "accuracy_score": 0.7296, "recall_score": 0.729505555649257, "precision_score": 0.7466573826770133}, "found_clusters": 4, "expected_clusters": 4, "time": 0.149}, "mini_batch_k_means": {"clustering": {"adjusted_mutual_info_score": 0.2967148075120087, "adjusted_rand_score": 0.23868564514969823, "completeness_score": 0.30439476604195914, "fowlkes_mallows_score": 0.44180318728909146, "homogeneity_score": 0.2903043940051635, "v_measure_score": 0.2971826564784536}, "classification": {"f1_score": 0.537323640112, "hamming_loss": 0.45, "jaccard_score": 0.3774094821667388, "accuracy_score": 0.55, "recall_score": 0.5502929050591175, "precision_score": 0.554710429029559}, "found_clusters": 4, "expected_clusters": 4, "time": 0.047}, "mean_shift": {"clustering": {"adjusted_mutual_info_score": 1.276771071879888e-15, "adjusted_rand_score": 0.0, "completeness_score": 1.0, "fowlkes_mallows_score": 0.49985723106732194, "homogeneity_score": 6.406920272391452e-16, "v_measure_score": 1.2813840544782896e-15}, "classification": {"f1_score": 0.09993598975836133, "hamming_loss": 0.7502, "jaccard_score": 0.06245, "accuracy_score": 0.2498, "recall_score": 0.25, "precision_score": 0.06245}, "found_clusters": 1, "expected_clusters": 4, "time": 39.0382}, "optics": {"clustering": {"adjusted_mutual_info_score": 0.1126539368516821, "adjusted_rand_score": 0.0007147776405781862, "completeness_score": 0.16721917979254436, "fowlkes_mallows_score": 0.43493346277170447, "homogeneity_score": 0.11841930244979626, "v_measure_score": 0.1386506360894316}, "classification": {"f1_score": 0.0, "hamming_loss": 1.0, "jaccard_score": 0.0, "accuracy_score": 0.0, "recall_score": 0.0, "precision_score": 0.0}, "found_clusters": 97, "expected_clusters": 4, "time": 5.0582}, "spectral_clustering": {"clustering": {"adjusted_mutual_info_score": 0.4189615067251037, "adjusted_rand_score": 0.3204110325096082, "completeness_score": 0.5147135471664337, "fowlkes_mallows_score": 0.5551364092930122, "homogeneity_score": 0.3539165312440947, "v_measure_score": 0.41943201766815535}, "classification": {"f1_score": 0.5165424268357777, "hamming_loss": 0.4018, "jaccard_score": 0.404846605035263, "accuracy_score": 0.5982, "recall_score": 0.5982062430246821, "precision_score": 0.7709626491789969}, "found_clusters": 4, "expected_clusters": 4, "time": 7.4368}, "gaussian_mixture_model": {"clustering": {"adjusted_mutual_info_score": 0.8290625235218955, "adjusted_rand_score": 0.8737889572320688, "completeness_score": 0.8292656640190531, "fowlkes_mallows_score": 0.9053333598460784, "homogeneity_score": 0.8290815655138356, "v_measure_score": 0.8291736045477582}, "classification": {"f1_score": 0.9507238422499368, "hamming_loss": 0.0492, "jaccard_score": 0.9063426002877878, "accuracy_score": 0.9508, "recall_score": 0.9507733539714112, "precision_score": 0.9509923045930773}, "found_clusters": 4, "expected_clusters": 4, "time": 0.057}}, "classification_alg": {"KNeighborsClassifier": {"clustering": {"adjusted_mutual_info_score": 0.7556925360002444, "adjusted_rand_score": 0.7914630777770605, "completeness_score": 0.7566661359293203, "fowlkes_mallows_score": 0.8437245949813379, "homogeneity_score": 0.7563149405752472, "v_measure_score": 0.7564904974922971}, "classification": {"f1_score": 0.9170502782754506, "hamming_loss": 0.083, "jaccard_score": 0.8471002641919634, "accuracy_score": 0.917, "recall_score": 0.9182085567417333, "precision_score": 0.9179885251468237}, "time": 0.048}, "DecisionTreeClassifier": {"clustering": {"adjusted_mutual_info_score": 0.5784860848018095, "adjusted_rand_score": 0.6222802072715732, "completeness_score": 0.579677908041693, "fowlkes_mallows_score": 0.7167931726907091, "homogeneity_score": 0.580046340849563, "v_measure_score": 0.5798620659219169}, "classification": {"f1_score": 0.8433922463126755, "hamming_loss": 0.158, "jaccard_score": 0.7301120617901357, "accuracy_score": 0.842, "recall_score": 0.8439927513904999, "precision_score": 0.8430376627595475}, "time": 0.017}, "RandomForestClassifier": {"clustering": {"adjusted_mutual_info_score": 0.7425582286205493, "adjusted_rand_score": 0.7836907257686603, "completeness_score": 0.7434156363527852, "fowlkes_mallows_score": 0.8378693817566466, "homogeneity_score": 0.7433821816126515, "v_measure_score": 0.7433989086063323}, "classification": {"f1_score": 0.9144579565895274, "hamming_loss": 0.086, "jaccard_score": 0.8428102219047306, "accuracy_score": 0.914, "recall_score": 0.9152223171735056, "precision_score": 0.91461683496177}, "time": 0.6552}, "LinearSVC": {"clustering": {"adjusted_mutual_info_score": 0.46096017554138075, "adjusted_rand_score": 0.45117983050556676, "completeness_score": 0.4628007463808589, "fowlkes_mallows_score": 0.5886837549435703, "homogeneity_score": 0.46264066863623987, "v_measure_score": 0.4627206936638673}, "classification": {"f1_score": 0.7418972431077694, "hamming_loss": 0.259, "jaccard_score": 0.5924452638713366, "accuracy_score": 0.741, "recall_score": 0.7462967627318136, "precision_score": 0.7435608306072286}, "time": 0.2842}, "LogisticRegression": {"clustering": {"adjusted_mutual_info_score": 0.4674970426547763, "adjusted_rand_score": 0.45982347724024686, "completeness_score": 0.4690842317795454, "fowlkes_mallows_score": 0.5949802218260183,