{"clustering_alg": {"affinity_propagation": {"clustering": {"adjusted_mutual_info_score": -3.0413981549902866e-16, "adjusted_rand_score": 0.0, "completeness_score": 1.0, "fowlkes_mallows_score": 0.5028030252260176, "homogeneity_score": 2.0110810906697518e-16, "v_measure_score": 4.0221621813395026e-16}, "classification": {"f1_score": 0.0, "hamming_loss": 1.0, "jaccard_score": 0.0, "accuracy_score": 0.0, "recall_score": 0.0, "precision_score": 0.0}, "found_clusters": 1, "expected_clusters": 4, "time": 138.4839}, "agglomerative": {"clustering": {"adjusted_mutual_info_score": 0.19320925324801289, "adjusted_rand_score": 0.12672282393765194, "completeness_score": 0.20131873630008548, "fowlkes_mallows_score": 0.3687194630308383, "homogeneity_score": 0.18674039488723054, "v_measure_score": 0.19375573098796336}, "classification": {"f1_score": 0.4616380141870745, "hamming_loss": 0.5432, "jaccard_score": 0.3129754903998832, "accuracy_score": 0.4568, "recall_score": 0.472892563122275, "precision_score": 0.5332753893018576}, "found_clusters": 4, "expected_clusters": 4, "time": 0.5975}, "birch": {"clustering": {"adjusted_mutual_info_score": 0.2261586380190446, "adjusted_rand_score": 0.1881611537228663, "completeness_score": 0.3399548947723611, "fowlkes_mallows_score": 0.4893050697847406, "homogeneity_score": 0.16969248952566968, "v_measure_score": 0.22638315901421147}, "classification": {"f1_score": 0.2883749500106827, "hamming_loss": 0.5638, "jaccard_score": 0.2064823765994852, "accuracy_score": 0.4362, "recall_score": 0.4114739417361629, "precision_score": 0.2222535540817479}, "found_clusters": 2, "expected_clusters": 4, "time": 0.0841}, "dbscan": {"clustering": {"adjusted_mutual_info_score": -3.0413981549902866e-16, "adjusted_rand_score": 0.0, "completeness_score": 1.0, "fowlkes_mallows_score": 0.5028030252260176, "homogeneity_score": 2.0110810906697518e-16, "v_measure_score": 4.0221621813395026e-16}, "classification": {"f1_score": 0.10254372019077902, "hamming_loss": 0.742, "jaccard_score": 0.0645, "accuracy_score": 0.258, "recall_score": 0.25, "precision_score": 0.0645}, "found_clusters": 1, "expected_clusters": 4, "time": 0.2013}, "k_means": {"clustering": {"adjusted_mutual_info_score": 0.2028532345214753, "adjusted_rand_score": 0.14968516653944422, "completeness_score": 0.20532588686471404, "fowlkes_mallows_score": 0.3702044894608135, "homogeneity_score": 0.20146764654516996, "v_measure_score": 0.20337846993134462}, "classification": {"f1_score": 0.488261776115781, "hamming_loss": 0.5186, "jaccard_score": 0.3343392449382799, "accuracy_score": 0.4814, "recall_score": 0.49512274290989744, "precision_score": 0.5148607993013239}, "found_clusters": 4, "expected_clusters": 4, "time": 0.116}, "mini_batch_k_means": {"clustering": {"adjusted_mutual_info_score": 0.17873428601834437, "adjusted_rand_score": 0.14745029840433124, "completeness_score": 0.18023595838193002, "fowlkes_mallows_score": 0.36599208442626463, "homogeneity_score": 0.17832063808619303, "v_measure_score": 0.17927318265137332}, "classification": {"f1_score": 0.44481485108246005, "hamming_loss": 0.5484, "jaccard_score": 0.3031654016870438, "accuracy_score": 0.4516, "recall_score": 0.45602809182092163, "precision_score": 0.44797674293024975}, "found_clusters": 4, "expected_clusters": 4, "time": 0.035}, "mean_shift": {"clustering": {"adjusted_mutual_info_score": -3.0413981549902866e-16, "adjusted_rand_score": 0.0, "completeness_score": 1.0, "fowlkes_mallows_score": 0.5028030252260176, "homogeneity_score": 2.0110810906697518e-16, "v_measure_score": 4.0221621813395026e-16}, "classification": {"f1_score": 0.10254372019077902, "hamming_loss": 0.742, "jaccard_score": 0.0645, "accuracy_score": 0.258, "recall_score": 0.25, "precision_score": 0.0645}, "found_clusters": 1, "expected_clusters": 4, "time": 43.6998}, "optics": {"clustering": {"adjusted_mutual_info_score": 0.10367118717820939, "adjusted_rand_score": 0.0025643875949548514, "completeness_score": 0.09957502146049022, "fowlkes_mallows_score": 0.24760005246151465, "homogeneity_score": 0.26090394173653275, "v_measure_score": 0.1441388721668199}, "classification": {"f1_score": 5.633411310270135e-05, "hamming_loss": 0.9976, "jaccard_score": 2.8276982247880182e-05, "accuracy_score": 0.0024, "recall_score": 2.8383081507613615e-05, "precision_score": 0.004133797237245513}, "found_clusters": 319, "expected_clusters": 4, "time": 3.5326}, "spectral_clustering": {"clustering": {"adjusted_mutual_info_score": 0.1405743563285496, "adjusted_rand_score": 0.062382530292055, "completeness_score": 0.1488898199590271, "fowlkes_mallows_score": 0.32849513281587883, "homogeneity_score": 0.1342014503516642, "v_measure_score": 0.14116457748181563}, "classification": {"f1_score": 0.41485310206364123, "hamming_loss": 0.5966, "jaccard_score": 0.26516496442556214, "accuracy_score": 0.4034, "recall_score": 0.4171822537009399, "precision_score": 0.5205955427582746}, "found_clusters": 4, "expected_clusters": 4, "time": 3.3395}, "gaussian_mixture_model": {"clustering": {"adjusted_mutual_info_score": 0.2057356007157147, "adjusted_rand_score": 0.1456509453779099, "completeness_score": 0.20847303758664582, "fowlkes_mallows_score": 0.36767539392254706, "homogeneity_score": 0.20409253229787974, "v_measure_score": 0.20625952945515286}, "classification": {"f1_score": 0.49323661606360725, "hamming_loss": 0.5154, "jaccard_score": 0.3375689306334716, "accuracy_score": 0.4846, "recall_score": 0.4966407246860651, "precision_score": 0.5244971775892449}, "found_clusters": 4, "expected_clusters": 4, "time": 0.03}}, "classification_alg": {"KNeighborsClassifier": {"clustering": {"adjusted_mutual_info_score": 0.23320976007462726, "adjusted_rand_score": 0.23462992345171385, "completeness_score": 0.23597565207000937, "fowlkes_mallows_score": 0.4288088503365111, "homogeneity_score": 0.23547769416176426, "v_measure_score": 0.23572641013962378}, "classification": {"f1_score": 0.5666551237382463, "hamming_loss": 0.429, "jaccard_score": 0.40971049949314153, "accuracy_score": 0.571, "recall_score": 0.5805368486766461, "precision_score": 0.55921464854495}, "time": 0.031}, "DecisionTreeClassifier": {"clustering": {"adjusted_mutual_info_score": 0.18623561139306236, "adjusted_rand_score": 0.18023788294276563, "completeness_score": 0.18906806090375408, "fowlkes_mallows_score": 0.3881061727394523, "homogeneity_score": 0.1887439941144185, "v_measure_score": 0.18890588852558568}, "classification": {"f1_score": 0.521860282915908, "hamming_loss": 0.481, "jaccard_score": 0.3655409937794191, "accuracy_score": 0.519, "recall_score": 0.5218960302345513, "precision_score": 0.5221498362507292}, "time": 0.009}, "RandomForestClassifier": {"clustering": {"adjusted_mutual_info_score": 0.24457103589192544, "adjusted_rand_score": 0.2476833123965015, "completeness_score": 0.246781155732171, "fowlkes_mallows_score": 0.4374849636508679, "homogeneity_score": 0.2473093769456275, "v_measure_score": 0.24704498398411617}, "classification": {"f1_score": 0.5747290886626502, "hamming_loss": 0.423, "jaccard_score": 0.4184683199226136, "accuracy_score": 0.577, "recall_score": 0.5876699239356019, "precision_score": 0.5674585075413409}, "time": 0.4366}, "LinearSVC": {"clustering": {"adjusted_mutual_info_score": 0.19522558858677824, "adjusted_rand_score": 0.199374936749912, "completeness_score": 0.2103770871684786, "fowlkes_mallows_score": 0.4252012182029341, "homogeneity_score": 0.18705426696763902, "v_measure_score": 0.19803134009205065}, "classification": {"f1_score": 0.4554176565763526, "hamming_loss": 0.487, "jaccard_score": 0.32228199472204555, "accuracy_score": 0.513, "recall_score": 0.5092314507102191, "precision_score": 0.44031931157349674}, "time": 0.019}, "LogisticRegression": {"clustering": {"adjusted_mutual_info_score": 0.19663141176137922, "adjusted_rand_score": 0.1877220247646007, "completeness_score": 0.1994831717599243, "fowlkes_mallows_score": 0.39389742130476485, "homogeneity_score": 0.19905359069480077,