{"clustering_alg": {"affinity_propagation": {"clustering": {"adjusted_mutual_info_score": -6.406945441146243e-16, "adjusted_rand_score": 0.0, "completeness_score": 1.0, "fowlkes_mallows_score": 0.4992587097480216, "homogeneity_score": 0.0, "v_measure_score": 0.0}, "classification": {"f1_score": 0.0, "hamming_loss": 1.0, "jaccard_score": 0.0, "accuracy_score": 0.0, "recall_score": 0.0, "precision_score": 0.0}, "found_clusters": 1, "expected_clusters": 4, "time": 8.0069}, "agglomerative": {"clustering": {"adjusted_mutual_info_score": 0.7495356006502502, "adjusted_rand_score": 0.7299326742041379, "completeness_score": 0.7558921791657023, "fowlkes_mallows_score": 0.7987575390805434, "homogeneity_score": 0.7449046454038909, "v_measure_score": 0.7503581916845826}, "classification": {"f1_score": 0.8873511378090317, "hamming_loss": 0.114, "jaccard_score": 0.804700927042645, "accuracy_score": 0.886, "recall_score": 0.8857100722828155, "precision_score": 0.9051350638212645}, "found_clusters": 4, "expected_clusters": 4, "time": 0.025}, "birch": {"clustering": {"adjusted_mutual_info_score": 0.43937451597016497, "adjusted_rand_score": 0.3391863025690665, "completeness_score": 0.5733953903786674, "fowlkes_mallows_score": 0.5753541089289369, "homogeneity_score": 0.35812005707612443, "v_measure_score": 0.44088241475901185}, "classification": {"f1_score": 0.15251709790042564, "hamming_loss": 0.779, "jaccard_score": 0.10106332459553775, "accuracy_score": 0.221, "recall_score": 0.22235023041474652, "precision_score": 0.1160694729407768}, "found_clusters": 3, "expected_clusters": 4, "time": 0.018}, "dbscan": {"clustering": {"adjusted_mutual_info_score": 0.0005830091841204127, "adjusted_rand_score": -1.2998659740212944e-05, "completeness_score": 0.06127611732304431, "fowlkes_mallows_score": 0.49625944623498996, "homogeneity_score": 0.0016212387254273416, "v_measure_score": 0.00315889953375433}, "classification": {"f1_score": 0.07922705314009662, "hamming_loss": 0.754, "jaccard_score": 0.04939759036144578, "accuracy_score": 0.246, "recall_score": 0.19838709677419356, "precision_score": 0.04949698189134809}, "found_clusters": 2, "expected_clusters": 4, "time": 0.009}, "k_means": {"clustering": {"adjusted_mutual_info_score": 0.671666651626164, "adjusted_rand_score": 0.618526601058065, "completeness_score": 0.6823820571008969, "fowlkes_mallows_score": 0.7178606988524356, "homogeneity_score": 0.6633907842281733, "v_measure_score": 0.6727524201726802}, "classification": {"f1_score": 0.8381485574084134, "hamming_loss": 0.166, "jaccard_score": 0.7312327697086252, "accuracy_score": 0.834, "recall_score": 0.8338887162593986, "precision_score": 0.8706911048828183}, "found_clusters": 4, "expected_clusters": 4, "time": 0.043}, "mini_batch_k_means": {"clustering": {"adjusted_mutual_info_score": 0.674006888520873, "adjusted_rand_score": 0.6163107975369101, "completeness_score": 0.6856788060416854, "fowlkes_mallows_score": 0.7166458517066715, "homogeneity_score": 0.6648162355733835, "v_measure_score": 0.6750863773626743}, "classification": {"f1_score": 0.8373708351609989, "hamming_loss": 0.167, "jaccard_score": 0.7305541376905003, "accuracy_score": 0.833, "recall_score": 0.832816456399708, "precision_score": 0.8729860282769872}, "found_clusters": 4, "expected_clusters": 4, "time": 0.021}, "mean_shift": {"clustering": {"adjusted_mutual_info_score": -6.406945441146243e-16, "adjusted_rand_score": 0.0, "completeness_score": 1.0, "fowlkes_mallows_score": 0.4992587097480216, "homogeneity_score": 0.0, "v_measure_score": 0.0}, "classification": {"f1_score": 0.09935897435897435, "hamming_loss": 0.752, "jaccard_score": 0.062, "accuracy_score": 0.248, "recall_score": 0.25, "precision_score": 0.062}, "found_clusters": 1, "expected_clusters": 4, "time": 8.8293}, "optics": {"clustering": {"adjusted_mutual_info_score": 0.2617784392580019, "adjusted_rand_score": 0.020395886875843414, "completeness_score": 0.23440809119668019, "fowlkes_mallows_score": 0.2899439871091955, "homogeneity_score": 0.4234599339356115, "v_measure_score": 0.30177005423590286}, "classification": {"f1_score": 0.00025839793281653745, "hamming_loss": 0.998, "jaccard_score": 0.00013020833333333333, "accuracy_score": 0.002, "recall_score": 0.00013227513227513226, "precision_score": 0.005555555555555555}, "found_clusters": 60, "expected_clusters": 4, "time": 0.7115}, "spectral_clustering": {"clustering": {"adjusted_mutual_info_score": 0.6500788191674627, "adjusted_rand_score": 0.5241080602962774, "completeness_score": 0.6816126872910351, "fowlkes_mallows_score": 0.6600584203612667, "homogeneity_score": 0.6235166988719754, "v_measure_score": 0.651271662709892}, "classification": {"f1_score": 0.7822148208628603, "hamming_loss": 0.22, "jaccard_score": 0.661025582620464, "accuracy_score": 0.78, "recall_score": 0.7793658968896805, "precision_score": 0.8713185093878858}, "found_clusters": 4, "expected_clusters": 4, "time": 0.226}, "gaussian_mixture_model": {"clustering": {"adjusted_mutual_info_score": 0.8161653767693982, "adjusted_rand_score": 0.8493188826691326, "completeness_score": 0.8167705335079036, "fowlkes_mallows_score": 0.8868783006827674, "homogeneity_score": 0.8167587494213897, "v_measure_score": 0.8167646414221422}, "classification": {"f1_score": 0.9401204465650318, "hamming_loss": 0.06, "jaccard_score": 0.8890696273332521, "accuracy_score": 0.94, "recall_score": 0.9401048849961323, "precision_score": 0.9401784649162154}, "found_clusters": 4, "expected_clusters": 4, "time": 0.019}}, "classification_alg": {"KNeighborsClassifier": {"clustering": {"adjusted_mutual_info_score": 0.7780929683993272, "adjusted_rand_score": 0.8143018501334205, "completeness_score": 0.7823904811876824, "fowlkes_mallows_score": 0.8608399099354236, "homogeneity_score": 0.7812145126867643, "v_measure_score": 0.7818020547213439}, "classification": {"f1_score": 0.9233096349968356, "hamming_loss": 0.075, "jaccard_score": 0.8597073682426933, "accuracy_score": 0.925, "recall_score": 0.9227206874652695, "precision_score": 0.924093889194735}, "time": 0.007}, "DecisionTreeClassifier": {"clustering": {"adjusted_mutual_info_score": 0.7723824560667247, "adjusted_rand_score": 0.8047016064531733, "completeness_score": 0.7761573686393236, "fowlkes_mallows_score": 0.8535556620596205, "homogeneity_score": 0.7762092799577839, "v_measure_score": 0.7761833234305935}, "classification": {"f1_score": 0.9178463987652381, "hamming_loss": 0.08, "jaccard_score": 0.8513635287752757, "accuracy_score": 0.92, "recall_score": 0.9191667658966419, "precision_score": 0.9176482175715859}, "time": 0.002}, "RandomForestClassifier": {"clustering": {"adjusted_mutual_info_score": 0.791604403821472, "adjusted_rand_score": 0.8282537250929428, "completeness_score": 0.7950845764806499, "fowlkes_mallows_score": 0.8712075547518585, "homogeneity_score": 0.7950845764806499, "v_measure_score": 0.7950845764806499}, "classification": {"f1_score": 0.9276226482495832, "hamming_loss": 0.07, "jaccard_score": 0.8674799133339351, "accuracy_score": 0.93, "recall_score": 0.9276226482495832, "precision_score": 0.9276226482495832}, "time": 0.17}, "LinearSVC": {"clustering": {"adjusted_mutual_info_score": 0.7245847447683318, "adjusted_rand_score": 0.7343815919677584, "completeness_score": 0.7279738440264332, "fowlkes_mallows_score": 0.8005322040309237, "homogeneity_score": 0.7303804764000579, "v_measure_score": 0.7291751744546062}, "classification": {"f1_score": 0.8886753214722138, "hamming_loss": 0.11, "jaccard_score": 0.8023945706908236, "accuracy_score": 0.89, "recall_score": 0.8908480193696913, "precision_score": 0.8903945111492282}, "time": 0.014}, "LogisticRegression": {"clustering": {"adjusted_mutual_info_score": 0.740717629229624, "adjusted_rand_score": 0.7575230925341212, "completeness_score": 0.7438748773071404, "fowlkes_mallows_score": 0.8179228639217396, "homogeneity_score": 0.7462079959434496, "v_measure_score": 0.7450396100683064}, "classification": {"f1_score": 0.8983011583011583, "hamming_loss": 0.1,