{"clustering_alg": {"affinity_propagation": {"clustering": {"adjusted_mutual_info_score": 0.0, "adjusted_rand_score": 0.0, "completeness_score": 1.0, "fowlkes_mallows_score": 0.49924868477468143, "homogeneity_score": 0.0, "v_measure_score": 0.0}, "classification": {"f1_score": 0.0, "hamming_loss": 1.0, "jaccard_score": 0.0, "accuracy_score": 0.0, "recall_score": 0.0, "precision_score": 0.0}, "found_clusters": 1, "expected_clusters": 4, "time": 6.9445}, "agglomerative": {"clustering": {"adjusted_mutual_info_score": 0.9868443194423998, "adjusted_rand_score": 0.9920027578746534, "completeness_score": 0.9868943227882572, "fowlkes_mallows_score": 0.9939961046962847, "homogeneity_score": 0.9868800847837099, "v_measure_score": 0.98688720373463}, "classification": {"f1_score": 0.996999963999472, "hamming_loss": 0.003, "jaccard_score": 0.994019857079618, "accuracy_score": 0.997, "recall_score": 0.997, "precision_score": 0.997019857079618}, "found_clusters": 4, "expected_clusters": 4, "time": 0.021}, "birch": {"clustering": {"adjusted_mutual_info_score": 0.8333247419589177, "adjusted_rand_score": 0.7001175015453924, "completeness_score": 0.9727719713934451, "fowlkes_mallows_score": 0.8062782132355317, "homogeneity_score": 0.7294779230849241, "v_measure_score": 0.8337385475882426}, "classification": {"f1_score": 0.0, "hamming_loss": 1.0, "jaccard_score": 0.0, "accuracy_score": 0.0, "recall_score": 0.0, "precision_score": 0.0}, "found_clusters": 3, "expected_clusters": 4, "time": 0.032}, "dbscan": {"clustering": {"adjusted_mutual_info_score": 0.8633043282952569, "adjusted_rand_score": 0.8854076871474666, "completeness_score": 0.8089120564984482, "fowlkes_mallows_score": 0.9142459053589383, "homogeneity_score": 0.927603242321337, "v_measure_score": 0.8642013656554051}, "classification": {"f1_score": 0.0005842827928717499, "hamming_loss": 0.999, "jaccard_score": 0.0002927400468384075, "accuracy_score": 0.001, "recall_score": 0.0005714285714285715, "precision_score": 0.0005977286312014345}, "found_clusters": 7, "expected_clusters": 4, "time": 0.005}, "k_means": {"clustering": {"adjusted_mutual_info_score": 0.9858440070317025, "adjusted_rand_score": 0.9920026720570886, "completeness_score": 0.985891574170725, "fowlkes_mallows_score": 0.9939960080561763, "homogeneity_score": 0.9858887294813694, "v_measure_score": 0.9858901518239952}, "classification": {"f1_score": 0.9969999959999839, "hamming_loss": 0.003, "jaccard_score": 0.9940199203187251, "accuracy_score": 0.997, "recall_score": 0.997, "precision_score": 0.997003984063745}, "found_clusters": 4, "expected_clusters": 4, "time": 0.02}, "mini_batch_k_means": {"clustering": {"adjusted_mutual_info_score": 0.9858440070317025, "adjusted_rand_score": 0.9920026720570886, "completeness_score": 0.985891574170725, "fowlkes_mallows_score": 0.9939960080561763, "homogeneity_score": 0.9858887294813694, "v_measure_score": 0.9858901518239952}, "classification": {"f1_score": 0.9969999959999839, "hamming_loss": 0.003, "jaccard_score": 0.9940199203187251, "accuracy_score": 0.997, "recall_score": 0.997, "precision_score": 0.997003984063745}, "found_clusters": 4, "expected_clusters": 4, "time": 0.02}, "mean_shift": {"clustering": {"adjusted_mutual_info_score": 0.6661838626147996, "adjusted_rand_score": 0.4992481203007519, "completeness_score": 1.0, "fowlkes_mallows_score": 0.7063979020297158, "homogeneity_score": 0.5, "v_measure_score": 0.6666666666666666}, "classification": {"f1_score": 0.0, "hamming_loss": 1.0, "jaccard_score": 0.0, "accuracy_score": 0.0, "recall_score": 0.0, "precision_score": 0.0}, "found_clusters": 2, "expected_clusters": 4, "time": 2.8081}, "optics": {"clustering": {"adjusted_mutual_info_score": 0.2797535993685188, "adjusted_rand_score": 0.013277105474862305, "completeness_score": 0.25307927113117656, "fowlkes_mallows_score": 0.3020314347096561, "homogeneity_score": 0.4178029981408993, "v_measure_score": 0.3152185803349572}, "classification": {"f1_score": 0.0007541478129713424, "hamming_loss": 0.995, "jaccard_score": 0.0003846153846153846, "accuracy_score": 0.005, "recall_score": 0.0003846153846153846, "precision_score": 0.019230769230769232}, "found_clusters": 52, "expected_clusters": 4, "time": 0.5806}, "spectral_clustering": {"clustering": {"adjusted_mutual_info_score": 0.9750792087318882, "adjusted_rand_score": 0.9840591373010854, "completeness_score": 0.9751717000131973, "fowlkes_mallows_score": 0.9880325135215414, "homogeneity_score": 0.9751491897670741, "v_measure_score": 0.9751604447602311}, "classification": {"f1_score": 0.9939999039984639, "hamming_loss": 0.006, "jaccard_score": 0.9880792401008927, "accuracy_score": 0.994, "recall_score": 0.994, "precision_score": 0.9940316180235536}, "found_clusters": 4, "expected_clusters": 4, "time": 0.241}, "gaussian_mixture_model": {"clustering": {"adjusted_mutual_info_score": 0.982127583572029, "adjusted_rand_score": 0.9893441143474958, "completeness_score": 0.9821915112847024, "fowlkes_mallows_score": 0.9920001286399857, "homogeneity_score": 0.9821801751412014, "v_measure_score": 0.9821858431802422}, "classification": {"f1_score": 0.995999967999488, "hamming_loss": 0.004, "jaccard_score": 0.9920318092708531, "accuracy_score": 0.996, "recall_score": 0.996, "precision_score": 0.996015873015873}, "found_clusters": 4, "expected_clusters": 4, "time": 0.006}}, "classification_alg": {"KNeighborsClassifier": {"clustering": {"adjusted_mutual_info_score": 0.9690401669317834, "adjusted_rand_score": 0.9739228208712594, "completeness_score": 0.9689163219732563, "fowlkes_mallows_score": 0.9804135739766758, "homogeneity_score": 0.9701964340949794, "v_measure_score": 0.9695559554988529}, "classification": {"f1_score": 0.9898148148148148, "hamming_loss": 0.01, "jaccard_score": 0.9800395256916996, "accuracy_score": 0.99, "recall_score": 0.990909090909091, "precision_score": 0.9891304347826086}, "time": 0.007}, "DecisionTreeClassifier": {"clustering": {"adjusted_mutual_info_score": 0.9640025775659848, "adjusted_rand_score": 0.9739544185998941, "completeness_score": 0.9646027508734011, "fowlkes_mallows_score": 0.9804474904253174, "homogeneity_score": 0.9646027508734011, "v_measure_score": 0.9646027508734011}, "classification": {"f1_score": 0.9897727272727272, "hamming_loss": 0.01, "jaccard_score": 0.9799603174603175, "accuracy_score": 0.99, "recall_score": 0.9897727272727272, "precision_score": 0.9897727272727272}, "time": 0.002}, "RandomForestClassifier": {"clustering": {"adjusted_mutual_info_score": 0.9690401669317834, "adjusted_rand_score": 0.9739228208712594, "completeness_score": 0.9689163219732563, "fowlkes_mallows_score": 0.9804135739766758, "homogeneity_score": 0.9701964340949794, "v_measure_score": 0.9695559554988529}, "classification": {"f1_score": 0.9898148148148148, "hamming_loss": 0.01, "jaccard_score": 0.9800395256916996, "accuracy_score": 0.99, "recall_score": 0.990909090909091, "precision_score": 0.9891304347826086}, "time": 0.124}, "LinearSVC": {"clustering": {"adjusted_mutual_info_score": 0.963871190425491, "adjusted_rand_score": 0.9733815589964622, "completeness_score": 0.963772826903269, "fowlkes_mallows_score": 0.9800060385905038, "homogeneity_score": 0.9651742889146823, "v_measure_score": 0.9644730487981366}, "classification": {"f1_score": 0.9898979282547986, "hamming_loss": 0.01, "jaccard_score": 0.9799999215760086, "accuracy_score": 0.99, "recall_score": 0.9909902597402598, "precision_score": 0.9890096618357488}, "time": 0.018}, "LogisticRegression": {"clustering": {"adjusted_mutual_info_score": 0.9690401669317834, "adjusted_rand_score": 0.9739228208712594, "completeness_score": 0.9689163219732563, "fowlkes_mallows_score": 0.9804135739766758, "homogeneity_score": 0.9701964340949794, "v_measure_score": 0.9695559554988529}, "classification": {"f1_score": 0.9898148148148148, "hamming_loss": 0.01, "jaccard_score": 0.9800395256916996, "accuracy_score": 0.99, "recall_score": 0.990909090909091, "precision_score": 0.9891304347826086}, "time": 0.027},