{"clustering_alg": {"affinity_propagation": {"clustering": {"adjusted_mutual_info_score": 0.26931352510252976, "adjusted_rand_score": 0.02180271267782017, "completeness_score": 0.17949969965548224, "fowlkes_mallows_score": 0.10833998701076115, "homogeneity_score": 0.6548234823661244, "v_measure_score": 0.28176280114204555}, "classification": {"f1_score": 0.0007705646749903483, "hamming_loss": 0.9826, "jaccard_score": 0.0003943580770480566, "accuracy_score": 0.0174, "recall_score": 0.00039747509193169565, "precision_score": 0.012998312106797607}, "found_clusters": 175, "expected_clusters": 4, "time": 46.6612}, "agglomerative": {"clustering": {"adjusted_mutual_info_score": 0.2696287134522839, "adjusted_rand_score": 0.22171785483122972, "completeness_score": 0.2730118784910825, "fowlkes_mallows_score": 0.42199551114166584, "homogeneity_score": 0.267265928009612, "v_measure_score": 0.27010834864812383}, "classification": {"f1_score": 0.5354426771067974, "hamming_loss": 0.4622, "jaccard_score": 0.3758652559425093, "accuracy_score": 0.5378, "recall_score": 0.5378352032674236, "precision_score": 0.5504353656357394}, "found_clusters": 4, "expected_clusters": 4, "time": 1.4706}, "birch": {"clustering": {"adjusted_mutual_info_score": 0.25855678783170427, "adjusted_rand_score": 0.22172101740762795, "completeness_score": 0.302037440437064, "fowlkes_mallows_score": 0.46441789840120523, "homogeneity_score": 0.2265809730854416, "v_measure_score": 0.2589237734131728}, "classification": {"f1_score": 0.4813813487416213, "hamming_loss": 0.4408, "jaccard_score": 0.355170370826522, "accuracy_score": 0.5592, "recall_score": 0.5593050008049032, "precision_score": 0.44269049421042683}, "found_clusters": 3, "expected_clusters": 4, "time": 0.98}, "dbscan": {"clustering": {"adjusted_mutual_info_score": 0.06526354697602611, "adjusted_rand_score": 0.0010850178406708424, "completeness_score": 0.13515804091659978, "fowlkes_mallows_score": 0.45799853085830355, "homogeneity_score": 0.06054207413955724, "v_measure_score": 0.0836253788750407}, "classification": {"f1_score": 8.48780148460746e-05, "hamming_loss": 0.9994, "jaccard_score": 4.249523981611045e-05, "accuracy_score": 0.0006, "recall_score": 4.284581467477026e-05, "precision_score": 0.0046875}, "found_clusters": 56, "expected_clusters": 4, "time": 0.1256}, "k_means": {"clustering": {"adjusted_mutual_info_score": 0.2660338459804948, "adjusted_rand_score": 0.22784004192151588, "completeness_score": 0.26722046523654736, "fowlkes_mallows_score": 0.42211456633316524, "homogeneity_score": 0.26580731377708144, "v_measure_score": 0.26651201624886606}, "classification": {"f1_score": 0.5374019004741947, "hamming_loss": 0.468, "jaccard_score": 0.3798734120571193, "accuracy_score": 0.532, "recall_score": 0.5318728477790271, "precision_score": 0.5482820771539361}, "found_clusters": 4, "expected_clusters": 4, "time": 0.5161}, "mini_batch_k_means": {"clustering": {"adjusted_mutual_info_score": 0.27343044805770134, "adjusted_rand_score": 0.24392936536440807, "completeness_score": 0.2748983349279143, "fowlkes_mallows_score": 0.4346604838119594, "homogeneity_score": 0.27291734351416036, "v_measure_score": 0.2739042574259776}, "classification": {"f1_score": 0.5623093943208382, "hamming_loss": 0.4412, "jaccard_score": 0.40323289898531023, "accuracy_score": 0.5588, "recall_score": 0.5586795959728609, "precision_score": 0.5732197126053601}, "found_clusters": 4, "expected_clusters": 4, "time": 0.105}, "mean_shift": {"clustering": {"adjusted_mutual_info_score": 9.620547136068116e-16, "adjusted_rand_score": 0.0, "completeness_score": 1.0, "fowlkes_mallows_score": 0.49985114807715186, "homogeneity_score": 1.6017160255957241e-16, "v_measure_score": 3.203432051191448e-16}, "classification": {"f1_score": 0.10019190788421557, "hamming_loss": 0.7494, "jaccard_score": 0.06265, "accuracy_score": 0.2506, "recall_score": 0.25, "precision_score": 0.06265}, "found_clusters": 1, "expected_clusters": 4, "time": 44.0934}, "optics": {"clustering": {"adjusted_mutual_info_score": 0.08939347243464595, "adjusted_rand_score": 0.000557546373932936, "completeness_score": 0.14729889791935863, "fowlkes_mallows_score": 0.4418119749910218, "homogeneity_score": 0.09275172295268577, "v_measure_score": 0.11382787948159277}, "classification": {"f1_score": 0.0001503328718955598, "hamming_loss": 0.9984, "jaccard_score": 7.542261913252892e-05, "accuracy_score": 0.0016, "recall_score": 7.546779563203012e-05, "precision_score": 0.018823529411764708}, "found_clusters": 85, "expected_clusters": 4, "time": 4.5198}, "spectral_clustering": {"clustering": {"adjusted_mutual_info_score": 0.0020157900722250575, "adjusted_rand_score": 9.315338200502605e-06, "completeness_score": 0.1658494204690153, "fowlkes_mallows_score": 0.49895851213888726, "homogeneity_score": 0.001804562347759345, "v_measure_score": 0.0035702774792195145}, "classification": {"f1_score": 0.10193249206388971, "hamming_loss": 0.7486, "jaccard_score": 0.06356361386444359, "accuracy_score": 0.2514, "recall_score": 0.2508006405124099, "precision_score": 0.3127629733520337}, "found_clusters": 4, "expected_clusters": 4, "time": 5.9991}, "gaussian_mixture_model": {"clustering": {"adjusted_mutual_info_score": 0.7294169070167549, "adjusted_rand_score": 0.7890988111338316, "completeness_score": 0.729663537979452, "fowlkes_mallows_score": 0.8418069643495668, "homogeneity_score": 0.7295219500687439, "v_measure_score": 0.729592737154808}, "classification": {"f1_score": 0.9162077648328104, "hamming_loss": 0.0838, "jaccard_score": 0.8453795737007643, "accuracy_score": 0.9162, "recall_score": 0.9162171868442797, "precision_score": 0.9164712734723419}, "found_clusters": 4, "expected_clusters": 4, "time": 0.063}}, "classification_alg": {"KNeighborsClassifier": {"clustering": {"adjusted_mutual_info_score": 0.5546398873961994, "adjusted_rand_score": 0.614669715613278, "completeness_score": 0.5564913300012122, "fowlkes_mallows_score": 0.7112312171928237, "homogeneity_score": 0.555698349463231, "v_measure_score": 0.5560945570384755}, "classification": {"f1_score": 0.8358486487239978, "hamming_loss": 0.163, "jaccard_score": 0.7186880953738344, "accuracy_score": 0.837, "recall_score": 0.8357497903940592, "precision_score": 0.8365809089873404}, "time": 0.051}, "DecisionTreeClassifier": {"clustering": {"adjusted_mutual_info_score": 0.42145431194120353, "adjusted_rand_score": 0.46110120965326684, "completeness_score": 0.423133368992975, "fowlkes_mallows_score": 0.595701057132286, "homogeneity_score": 0.42355016925020167, "v_measure_score": 0.42334166653163197}, "classification": {"f1_score": 0.7579365455453838, "hamming_loss": 0.242, "jaccard_score": 0.6110489154860911, "accuracy_score": 0.758, "recall_score": 0.7587435621032459, "precision_score": 0.7593105534514243}, "time": 0.02}, "RandomForestClassifier": {"clustering": {"adjusted_mutual_info_score": 0.5463457628810218, "adjusted_rand_score": 0.6050162466652425, "completeness_score": 0.54792435814201, "fowlkes_mallows_score": 0.7038535808605355, "homogeneity_score": 0.5477290966089008, "v_measure_score": 0.5478267099762194}, "classification": {"f1_score": 0.8324323296955836, "hamming_loss": 0.167, "jaccard_score": 0.7132340320429689, "accuracy_score": 0.833, "recall_score": 0.8322748233321356, "precision_score": 0.8329096938855948}, "time": 0.8859}, "LinearSVC": {"clustering": {"adjusted_mutual_info_score": 0.3585576737224112, "adjusted_rand_score": 0.3865751121098048, "completeness_score": 0.3610650430487288, "fowlkes_mallows_score": 0.5404869874180078, "homogeneity_score": 0.36024332276393134, "v_measure_score": 0.3606537148511553}, "classification": {"f1_score": 0.6940008973321975, "hamming_loss": 0.301, "jaccard_score": 0.5398135425937586, "accuracy_score": 0.699, "recall_score": 0.6932686549287339, "precision_score": 0.6963821438137683}, "time": 0.3981}, "LogisticRegression": {"clustering": {"adjusted_mutual_info_score": 0.34628290828399605, "adjusted_rand_score": 0.3760349326349089,