{"clustering_alg": {"affinity_propagation": {"clustering": {"adjusted_mutual_info_score": 0.29807531006493343, "adjusted_rand_score": 0.056337029355687164, "completeness_score": 0.21666849717964498, "fowlkes_mallows_score": 0.17511722917035602, "homogeneity_score": 0.621579036999242, "v_measure_score": 0.3213289400413695}, "classification": {"f1_score": 0.003186628186628187, "hamming_loss": 0.976, "jaccard_score": 0.0017032967032967034, "accuracy_score": 0.024, "recall_score": 0.0017211703958691911, "precision_score": 0.021768707482993196}, "found_clusters": 56, "expected_clusters": 4, "time": 1.6367}, "agglomerative": {"clustering": {"adjusted_mutual_info_score": 0.4088665282952344, "adjusted_rand_score": 0.38171846577411894, "completeness_score": 0.41634202136996246, "fowlkes_mallows_score": 0.541143100580914, "homogeneity_score": 0.4054426917349505, "v_measure_score": 0.4108200776547122}, "classification": {"f1_score": 0.6651751767573557, "hamming_loss": 0.333, "jaccard_score": 0.514303034746571, "accuracy_score": 0.667, "recall_score": 0.6687379231848382, "precision_score": 0.6900637321294851}, "found_clusters": 4, "expected_clusters": 4, "time": 0.051}, "birch": {"clustering": {"adjusted_mutual_info_score": 0.4094950210496534, "adjusted_rand_score": 0.3600940223782108, "completeness_score": 0.483049039504847, "fowlkes_mallows_score": 0.5665475776397059, "homogeneity_score": 0.35760793670325375, "v_measure_score": 0.410969456586191}, "classification": {"f1_score": 0.0785550223490534, "hamming_loss": 0.913, "jaccard_score": 0.04263119579922835, "accuracy_score": 0.087, "recall_score": 0.0859342555643044, "precision_score": 0.07659021105236244}, "found_clusters": 3, "expected_clusters": 4, "time": 0.028}, "dbscan": {"clustering": {"adjusted_mutual_info_score": 0.0018170492781170782, "adjusted_rand_score": 1.6002498147472132e-05, "completeness_score": 0.08514754271048594, "fowlkes_mallows_score": 0.49634696829676594, "homogeneity_score": 0.002253040655929231, "v_measure_score": 0.004389922082669138}, "classification": {"f1_score": 0.07980691874497184, "hamming_loss": 0.752, "jaccard_score": 0.04984924623115578, "accuracy_score": 0.248, "recall_score": 0.19919678714859437, "precision_score": 0.049899396378269616}, "found_clusters": 2, "expected_clusters": 4, "time": 0.035}, "k_means": {"clustering": {"adjusted_mutual_info_score": 0.4927047668909562, "adjusted_rand_score": 0.48267500979770706, "completeness_score": 0.49614844923647483, "fowlkes_mallows_score": 0.6129400097704669, "homogeneity_score": 0.4925937361627076, "v_measure_score": 0.49436470277043504}, "classification": {"f1_score": 0.7488864141730787, "hamming_loss": 0.252, "jaccard_score": 0.6116851085144492, "accuracy_score": 0.748, "recall_score": 0.7496691761885946, "precision_score": 0.7561126879343333}, "found_clusters": 4, "expected_clusters": 4, "time": 0.074}, "mini_batch_k_means": {"clustering": {"adjusted_mutual_info_score": 0.4906066171228827, "adjusted_rand_score": 0.4714845437732281, "completeness_score": 0.49289544733006696, "fowlkes_mallows_score": 0.603737840200559, "homogeneity_score": 0.4916450374409914, "v_measure_score": 0.492269448347643}, "classification": {"f1_score": 0.7522128993886839, "hamming_loss": 0.253, "jaccard_score": 0.6149880443930783, "accuracy_score": 0.747, "recall_score": 0.7481467360747684, "precision_score": 0.7578709346139685}, "found_clusters": 4, "expected_clusters": 4, "time": 0.03}, "mean_shift": {"clustering": {"adjusted_mutual_info_score": 1.2840736160266093e-15, "adjusted_rand_score": 0.0, "completeness_score": 1.0, "fowlkes_mallows_score": 0.49932486952416594, "homogeneity_score": 3.203776487091628e-16, "v_measure_score": 6.407552974183255e-16}, "classification": {"f1_score": 0.09967974379503602, "hamming_loss": 0.751, "jaccard_score": 0.06225, "accuracy_score": 0.249, "recall_score": 0.25, "precision_score": 0.06225}, "found_clusters": 1, "expected_clusters": 4, "time": 11.2836}, "optics": {"clustering": {"adjusted_mutual_info_score": 0.10211181573560689, "adjusted_rand_score": 0.0036872993186455767, "completeness_score": 0.1923914264171349, "fowlkes_mallows_score": 0.44226874539250116, "homogeneity_score": 0.09827712539755713, "v_measure_score": 0.13009784664607082}, "classification": {"f1_score": 0.001263157894736842, "hamming_loss": 0.997, "jaccard_score": 0.0006392499467291711, "accuracy_score": 0.003, "recall_score": 0.0006444683136412459, "precision_score": 0.031578947368421054}, "found_clusters": 19, "expected_clusters": 4, "time": 1.9272}, "spectral_clustering": {"clustering": {"adjusted_mutual_info_score": 0.45702131328218637, "adjusted_rand_score": 0.4113050954400713, "completeness_score": 0.4628165068816286, "fowlkes_mallows_score": 0.5617662036998897, "homogeneity_score": 0.454866743939774, "v_measure_score": 0.4588071915628703}, "classification": {"f1_score": 0.7350359645588962, "hamming_loss": 0.274, "jaccard_score": 0.5886412275125021, "accuracy_score": 0.726, "recall_score": 0.7265638748115625, "precision_score": 0.7586844039350309}, "found_clusters": 4, "expected_clusters": 4, "time": 3.4694}, "gaussian_mixture_model": {"clustering": {"adjusted_mutual_info_score": 0.5453293998308654, "adjusted_rand_score": 0.5365115806371833, "completeness_score": 0.5481626605165719, "fowlkes_mallows_score": 0.6528840901976871, "homogeneity_score": 0.5454747519229787, "v_measure_score": 0.5468154030899969}, "classification": {"f1_score": 0.7722279846052906, "hamming_loss": 0.226, "jaccard_score": 0.6440641927399144, "accuracy_score": 0.774, "recall_score": 0.7760671208617524, "precision_score": 0.7745255363714666}, "found_clusters": 4, "expected_clusters": 4, "time": 0.021}}, "classification_alg": {"KNeighborsClassifier": {"clustering": {"adjusted_mutual_info_score": 0.4523968430281859, "adjusted_rand_score": 0.4382797226802157, "completeness_score": 0.46179665463789404, "fowlkes_mallows_score": 0.5815611978170975, "homogeneity_score": 0.46142458116570856, "v_measure_score": 0.4616105429259107}, "classification": {"f1_score": 0.7468394586750363, "hamming_loss": 0.26, "jaccard_score": 0.6049411433045943, "accuracy_score": 0.74, "recall_score": 0.7577457856527624, "precision_score": 0.7453258258906099}, "time": 0.01}, "DecisionTreeClassifier": {"clustering": {"adjusted_mutual_info_score": 0.357460010984012, "adjusted_rand_score": 0.3363375243985125, "completeness_score": 0.3677257475187138, "fowlkes_mallows_score": 0.5047553352554683, "homogeneity_score": 0.3687724635920721, "v_measure_score": 0.36824836175552916}, "classification": {"f1_score": 0.6992405729848032, "hamming_loss": 0.31, "jaccard_score": 0.5415550217498378, "accuracy_score": 0.69, "recall_score": 0.7043789221114802, "precision_score": 0.6997431092843327}, "time": 0.003}, "RandomForestClassifier": {"clustering": {"adjusted_mutual_info_score": 0.49738732549878917, "adjusted_rand_score": 0.4938913206913121, "completeness_score": 0.5055818877495597, "fowlkes_mallows_score": 0.6225046776521947, "homogeneity_score": 0.506091830980118, "v_measure_score": 0.5058367308441046}, "classification": {"f1_score": 0.7807186268616844, "hamming_loss": 0.225, "jaccard_score": 0.6473447529482013, "accuracy_score": 0.775, "recall_score": 0.7873838747385259, "precision_score": 0.7814849527964283}, "time": 0.318}, "LinearSVC": {"clustering": {"adjusted_mutual_info_score": 0.48092654449152483, "adjusted_rand_score": 0.45971832238096855, "completeness_score": 0.4892400377079411, "fowlkes_mallows_score": 0.5969751376389877, "homogeneity_score": 0.4900574039650255, "v_measure_score": 0.4896483797309265}, "classification": {"f1_score": 0.756973048642172, "hamming_loss": 0.25, "jaccard_score": 0.6198495570206677, "accuracy_score": 0.75, "recall_score": 0.7772794389073459, "precision_score": 0.7561870626386755}, "time": 0.005}, "LogisticRegression": {"clustering": {"adjusted_mutual_info_score": 0.5152300998849244, "adjusted_rand_score": 0.47928636706586397, "completeness_score": 0.5224938013457578,