{"clustering_alg": {"affinity_propagation": {"clustering": {"adjusted_mutual_info_score": 0.3420235204153643, "adjusted_rand_score": 0.06372220490058136, "completeness_score": 0.24472655467038568, "fowlkes_mallows_score": 0.1922873389777334, "homogeneity_score": 0.7135799527757771, "v_measure_score": 0.3644595167991869}, "classification": {"f1_score": 0.004296455424274974, "hamming_loss": 0.976, "jaccard_score": 0.0024479804161566705, "accuracy_score": 0.024, "recall_score": 0.002476780185758514, "precision_score": 0.016194331983805668}, "found_clusters": 57, "expected_clusters": 4, "time": 1.7377}, "agglomerative": {"clustering": {"adjusted_mutual_info_score": 0.48447748221804116, "adjusted_rand_score": 0.38179281043900953, "completeness_score": 0.49058482523993246, "fowlkes_mallows_score": 0.5456463479013843, "homogeneity_score": 0.48189147978377284, "v_measure_score": 0.4861992959069001}, "classification": {"f1_score": 0.7284308015392492, "hamming_loss": 0.31, "jaccard_score": 0.6011110002277686, "accuracy_score": 0.69, "recall_score": 0.7171480137275981, "precision_score": 0.752359057043062}, "found_clusters": 4, "expected_clusters": 4, "time": 0.045}, "birch": {"clustering": {"adjusted_mutual_info_score": 0.36216966141623214, "adjusted_rand_score": 0.3058960776669541, "completeness_score": 0.4100843945872683, "fowlkes_mallows_score": 0.5144536659768559, "homogeneity_score": 0.3267978557585584, "v_measure_score": 0.36373437077164317}, "classification": {"f1_score": 0.12478896379449685, "hamming_loss": 0.835, "jaccard_score": 0.0731475471436742, "accuracy_score": 0.165, "recall_score": 0.14283904829445626, "precision_score": 0.11138497348459216}, "found_clusters": 3, "expected_clusters": 4, "time": 0.03}, "dbscan": {"clustering": {"adjusted_mutual_info_score": 6.343575816431569e-06, "adjusted_rand_score": 2.956312995468404e-05, "completeness_score": 0.17349787228498642, "fowlkes_mallows_score": 0.5081625346529672, "homogeneity_score": 0.001004283790089302, "v_measure_score": 0.0019970079988677323}, "classification": {"f1_score": 0.058169375534645, "hamming_loss": 0.83, "jaccard_score": 0.03403403403403403, "accuracy_score": 0.17, "recall_score": 0.2, "precision_score": 0.03403403403403403}, "found_clusters": 2, "expected_clusters": 4, "time": 0.038}, "k_means": {"clustering": {"adjusted_mutual_info_score": 0.5311881361994656, "adjusted_rand_score": 0.45089755047162483, "completeness_score": 0.5319630293492257, "fowlkes_mallows_score": 0.5925071413053531, "homogeneity_score": 0.5335139407181361, "v_measure_score": 0.5327373562781367}, "classification": {"f1_score": 0.7296543883230353, "hamming_loss": 0.302, "jaccard_score": 0.6135452862943076, "accuracy_score": 0.698, "recall_score": 0.7322824294985093, "precision_score": 0.7279825338648538}, "found_clusters": 4, "expected_clusters": 4, "time": 0.127}, "mini_batch_k_means": {"clustering": {"adjusted_mutual_info_score": 0.5903456509621129, "adjusted_rand_score": 0.5275837435915286, "completeness_score": 0.5908024660599468, "fowlkes_mallows_score": 0.6494270705348868, "homogeneity_score": 0.5925988331209021, "v_measure_score": 0.591699286175233}, "classification": {"f1_score": 0.8031057371377052, "hamming_loss": 0.219, "jaccard_score": 0.6925225408824263, "accuracy_score": 0.781, "recall_score": 0.8064396398153066, "precision_score": 0.802396836577375}, "found_clusters": 4, "expected_clusters": 4, "time": 0.063}, "mean_shift": {"clustering": {"adjusted_mutual_info_score": 0.0, "adjusted_rand_score": 0.0, "completeness_score": 1.0, "fowlkes_mallows_score": 0.5086499038874625, "homogeneity_score": 0.0, "v_measure_score": 0.0}, "classification": {"f1_score": 0.07264957264957266, "hamming_loss": 0.83, "jaccard_score": 0.0425, "accuracy_score": 0.17, "recall_score": 0.25, "precision_score": 0.0425}, "found_clusters": 1, "expected_clusters": 4, "time": 7.8192}, "optics": {"clustering": {"adjusted_mutual_info_score": 0.07628225284310548, "adjusted_rand_score": -0.007600543907167864, "completeness_score": 0.15084713542576547, "fowlkes_mallows_score": 0.4414361023816144, "homogeneity_score": 0.07856621935801021, "v_measure_score": 0.10331995835689955}, "classification": {"f1_score": 0.009036965744282817, "hamming_loss": 0.98, "jaccard_score": 0.004641793590479448, "accuracy_score": 0.02, "recall_score": 0.004671572189472585, "precision_score": 0.13994107744107745}, "found_clusters": 18, "expected_clusters": 4, "time": 1.1169}, "spectral_clustering": {"clustering": {"adjusted_mutual_info_score": 0.5200107663560951, "adjusted_rand_score": 0.4123553118324559, "completeness_score": 0.5249185206382365, "fowlkes_mallows_score": 0.5670239058173285, "homogeneity_score": 0.5183421415052037, "v_measure_score": 0.5216096033839664}, "classification": {"f1_score": 0.7253940173314672, "hamming_loss": 0.317, "jaccard_score": 0.6070317920329377, "accuracy_score": 0.683, "recall_score": 0.7135651375976945, "precision_score": 0.7444521959321088}, "found_clusters": 4, "expected_clusters": 4, "time": 0.227}, "gaussian_mixture_model": {"clustering": {"adjusted_mutual_info_score": 0.5514506617815302, "adjusted_rand_score": 0.4677977088543626, "completeness_score": 0.5546034741140282, "fowlkes_mallows_score": 0.606675333262615, "homogeneity_score": 0.5512859357481843, "v_measure_score": 0.5529397288183455}, "classification": {"f1_score": 0.7602158728221331, "hamming_loss": 0.272, "jaccard_score": 0.6472014178233344, "accuracy_score": 0.728, "recall_score": 0.75485016460229, "precision_score": 0.7676449324716089}, "found_clusters": 4, "expected_clusters": 4, "time": 0.019}}, "classification_alg": {"KNeighborsClassifier": {"clustering": {"adjusted_mutual_info_score": 0.5969522522493078, "adjusted_rand_score": 0.5703691456920204, "completeness_score": 0.6050690138871931, "fowlkes_mallows_score": 0.6843623723240119, "homogeneity_score": 0.602693797816946, "v_measure_score": 0.6038790702728789}, "classification": {"f1_score": 0.8473202362313502, "hamming_loss": 0.17, "jaccard_score": 0.740901639238414, "accuracy_score": 0.83, "recall_score": 0.849615255938441, "precision_score": 0.851449336310252}, "time": 0.01}, "DecisionTreeClassifier": {"clustering": {"adjusted_mutual_info_score": 0.5152075502934458, "adjusted_rand_score": 0.48285826783419195, "completeness_score": 0.5242902453083771, "fowlkes_mallows_score": 0.6198015894450245, "homogeneity_score": 0.5227824996134736, "v_measure_score": 0.5235352869121459}, "classification": {"f1_score": 0.8061615890884183, "hamming_loss": 0.215, "jaccard_score": 0.6831469456469457, "accuracy_score": 0.785, "recall_score": 0.807204000876778, "precision_score": 0.8084514947418173}, "time": 0.004}, "RandomForestClassifier": {"clustering": {"adjusted_mutual_info_score": 0.6355652643547364, "adjusted_rand_score": 0.6305932971405527, "completeness_score": 0.6393486660024321, "fowlkes_mallows_score": 0.727139103075034, "homogeneity_score": 0.6442406897509054, "v_measure_score": 0.6417853556209768}, "classification": {"f1_score": 0.8666592628029888, "hamming_loss": 0.145, "jaccard_score": 0.7685756716782495, "accuracy_score": 0.855, "recall_score": 0.8751254600200735, "precision_score": 0.8609099311786882}, "time": 0.282}, "LinearSVC": {"clustering": {"adjusted_mutual_info_score": 0.612489999259313, "adjusted_rand_score": 0.5994866372373403, "completeness_score": 0.6163246199795048, "fowlkes_mallows_score": 0.7039574039693274, "homogeneity_score": 0.6218978802562091, "v_measure_score": 0.6190987074487866}, "classification": {"f1_score": 0.8537986891926185, "hamming_loss": 0.16, "jaccard_score": 0.7502327872046182, "accuracy_score": 0.84, "recall_score": 0.8628303780528604, "precision_score": 0.8469038906009245}, "time": 0.004}, "LogisticRegression": {"clustering": {"adjusted_mutual_info_score": 0.6207775495894474, "adjusted_rand_score": 0.6047026621554683, "completeness_score": 0.62652821347731, "fowlkes_mallows_score": 0.7086921330864834, "homogeneity_score": 0.6280151945317284,