{"clustering_alg": {"affinity_propagation": {"clustering": {"adjusted_mutual_info_score": 0.44936144310493475, "adjusted_rand_score": 0.10654201811934169, "completeness_score": 0.3169248469459149, "fowlkes_mallows_score": 0.2614891368949873, "homogeneity_score": 0.868100594175644, "v_measure_score": 0.46433205295978436}, "classification": {"f1_score": 0.006944444444444444, "hamming_loss": 0.96, "jaccard_score": 0.004115226337448559, "accuracy_score": 0.04, "recall_score": 0.004115226337448559, "precision_score": 0.022222222222222223}, "found_clusters": 45, "expected_clusters": 4, "time": 1.8236}, "agglomerative": {"clustering": {"adjusted_mutual_info_score": 0.7748808978777172, "adjusted_rand_score": 0.7488172816235482, "completeness_score": 0.7844468010171526, "fowlkes_mallows_score": 0.815581234896817, "homogeneity_score": 0.7670098686600101, "v_measure_score": 0.7756303473742938}, "classification": {"f1_score": 0.909934246317181, "hamming_loss": 0.096, "jaccard_score": 0.83848442699137, "accuracy_score": 0.904, "recall_score": 0.902747895928618, "precision_score": 0.9279179565838309}, "found_clusters": 4, "expected_clusters": 4, "time": 0.04}, "birch": {"clustering": {"adjusted_mutual_info_score": 0.6131004474537827, "adjusted_rand_score": 0.4103440516046122, "completeness_score": 0.773471623072671, "fowlkes_mallows_score": 0.6341966969842855, "homogeneity_score": 0.5092184751340786, "v_measure_score": 0.6141250189912378}, "classification": {"f1_score": 0.0010504201680672268, "hamming_loss": 0.999, "jaccard_score": 0.0005263157894736842, "accuracy_score": 0.001, "recall_score": 0.0009652509652509653, "precision_score": 0.001152073732718894}, "found_clusters": 3, "expected_clusters": 4, "time": 0.034}, "dbscan": {"clustering": {"adjusted_mutual_info_score": 0.00023137681756170368, "adjusted_rand_score": 0.00021902689019802132, "completeness_score": 0.19403637268845736, "fowlkes_mallows_score": 0.5055263423295081, "homogeneity_score": 0.0011172170041359169, "v_measure_score": 0.002221642300609202}, "classification": {"f1_score": 0.07078189300411522, "hamming_loss": 0.785, "jaccard_score": 0.043, "accuracy_score": 0.215, "recall_score": 0.19907407407407407, "precision_score": 0.043043043043043044}, "found_clusters": 2, "expected_clusters": 4, "time": 0.0409}, "k_means": {"clustering": {"adjusted_mutual_info_score": 0.7990927942182787, "adjusted_rand_score": 0.8024998081040274, "completeness_score": 0.7985276972339965, "fowlkes_mallows_score": 0.8528328634449709, "homogeneity_score": 0.8009820690354409, "v_measure_score": 0.7997530000762133}, "classification": {"f1_score": 0.9298584905292019, "hamming_loss": 0.075, "jaccard_score": 0.8717560742035022, "accuracy_score": 0.925, "recall_score": 0.9322682926482884, "precision_score": 0.9280769808705918}, "found_clusters": 4, "expected_clusters": 4, "time": 0.1031}, "mini_batch_k_means": {"clustering": {"adjusted_mutual_info_score": 0.8084107876315552, "adjusted_rand_score": 0.8106592159121406, "completeness_score": 0.8106181025434723, "fowlkes_mallows_score": 0.8594154844171158, "homogeneity_score": 0.8074732400967336, "v_measure_score": 0.8090426152009741}, "classification": {"f1_score": 0.9337047654894652, "hamming_loss": 0.071, "jaccard_score": 0.8780601432434847, "accuracy_score": 0.929, "recall_score": 0.9320618043510471, "precision_score": 0.9368255685067551}, "found_clusters": 4, "expected_clusters": 4, "time": 0.056}, "mean_shift": {"clustering": {"adjusted_mutual_info_score": -1.3064121935780825e-16, "adjusted_rand_score": 0.0, "completeness_score": 1.0, "fowlkes_mallows_score": 0.5058714321899448, "homogeneity_score": 0.0, "v_measure_score": 0.0}, "classification": {"f1_score": 0.08881578947368421, "hamming_loss": 0.784, "jaccard_score": 0.054, "accuracy_score": 0.216, "recall_score": 0.25, "precision_score": 0.054}, "found_clusters": 1, "expected_clusters": 4, "time": 8.6508}, "optics": {"clustering": {"adjusted_mutual_info_score": 0.14798661030642762, "adjusted_rand_score": -0.004814597853146781, "completeness_score": 0.20923171602878138, "fowlkes_mallows_score": 0.4133233950005161, "homogeneity_score": 0.15385191475519253, "v_measure_score": 0.17731837741644388}, "classification": {"f1_score": 0.001885369532428356, "hamming_loss": 0.995, "jaccard_score": 0.0009645061728395061, "accuracy_score": 0.005, "recall_score": 0.0009645061728395061, "precision_score": 0.041666666666666664}, "found_clusters": 24, "expected_clusters": 4, "time": 1.2246}, "spectral_clustering": {"clustering": {"adjusted_mutual_info_score": 0.7290794217843634, "adjusted_rand_score": 0.7178417991782305, "completeness_score": 0.7313287941650732, "fowlkes_mallows_score": 0.7904524402768327, "homogeneity_score": 0.7286218102920712, "v_measure_score": 0.7299727926362387}, "classification": {"f1_score": 0.8984476779710808, "hamming_loss": 0.11, "jaccard_score": 0.8207008477633477, "accuracy_score": 0.89, "recall_score": 0.8960973645553789, "precision_score": 0.9013907716852025}, "found_clusters": 4, "expected_clusters": 4, "time": 0.483}, "gaussian_mixture_model": {"clustering": {"adjusted_mutual_info_score": 0.870621944500934, "adjusted_rand_score": 0.8785323478708652, "completeness_score": 0.8700429010390179, "fowlkes_mallows_score": 0.9095215439551042, "homogeneity_score": 0.8720539456632574, "v_measure_score": 0.8710472625946365}, "classification": {"f1_score": 0.9596012473992285, "hamming_loss": 0.044, "jaccard_score": 0.923669844128681, "accuracy_score": 0.956, "recall_score": 0.9614307208270075, "precision_score": 0.9581137110830291}, "found_clusters": 4, "expected_clusters": 4, "time": 0.015}}, "classification_alg": {"KNeighborsClassifier": {"clustering": {"adjusted_mutual_info_score": 0.8945433149348957, "adjusted_rand_score": 0.9043095632505633, "completeness_score": 0.8960927996985895, "fowlkes_mallows_score": 0.928328625988559, "homogeneity_score": 0.8965190774387547, "v_measure_score": 0.8963058878848866}, "classification": {"f1_score": 0.966625373087026, "hamming_loss": 0.035, "jaccard_score": 0.9364811783960719, "accuracy_score": 0.965, "recall_score": 0.9672043010752689, "precision_score": 0.9663412816691506}, "time": 0.009}, "DecisionTreeClassifier": {"clustering": {"adjusted_mutual_info_score": 0.8135427249333395, "adjusted_rand_score": 0.8271226110900346, "completeness_score": 0.8159486153073563, "fowlkes_mallows_score": 0.8704401828658332, "homogeneity_score": 0.8173663563695049, "v_measure_score": 0.8166568705285381}, "classification": {"f1_score": 0.9379751189286019, "hamming_loss": 0.065, "jaccard_score": 0.8851585211198907, "accuracy_score": 0.935, "recall_score": 0.9391353046594982, "precision_score": 0.937264799536836}, "time": 0.004}, "RandomForestClassifier": {"clustering": {"adjusted_mutual_info_score": 0.8472863560759883, "adjusted_rand_score": 0.8652849717270501, "completeness_score": 0.8496367272838118, "fowlkes_mallows_score": 0.8990993873872372, "homogeneity_score": 0.8500409055387756, "v_measure_score": 0.8498387683551039}, "classification": {"f1_score": 0.952027580009806, "hamming_loss": 0.05, "jaccard_score": 0.9094956922162805, "accuracy_score": 0.95, "recall_score": 0.9524081541218637, "precision_score": 0.9519398907103824}, "time": 0.271}, "LinearSVC": {"clustering": {"adjusted_mutual_info_score": 0.8627037340225282, "adjusted_rand_score": 0.866015557034666, "completeness_score": 0.8636586627233376, "fowlkes_mallows_score": 0.8995272939627924, "homogeneity_score": 0.8663355602198557, "v_measure_score": 0.8649950404299388}, "classification": {"f1_score": 0.95236013986014, "hamming_loss": 0.05, "jaccard_score": 0.9111182934712346, "accuracy_score": 0.95, "recall_score": 0.9551075268817205, "precision_score": 0.9506239527295175}, "time": 0.003}, "LogisticRegression": {"clustering": {"adjusted_mutual_info_score": 0.873486856247421, "adjusted_rand_score": 0.878572437017914, "completeness_score": 0.8756310147945355, "fowlkes_mallows_score": 0.9090727263646371,