{"clustering_alg": {"affinity_propagation": {"clustering": {"adjusted_mutual_info_score": 0.25507443991899004, "adjusted_rand_score": 0.04279053503409148, "completeness_score": 0.18901297226039052, "fowlkes_mallows_score": 0.15055343860971301, "homogeneity_score": 0.5523329344266952, "v_measure_score": 0.2816447455138061}, "classification": {"f1_score": 0.0015483175367333633, "hamming_loss": 0.987, "jaccard_score": 0.0007957158814639596, "accuracy_score": 0.013, "recall_score": 0.0008445231419999017, "precision_score": 0.00950877192982456}, "found_clusters": 60, "expected_clusters": 4, "time": 1.8091}, "agglomerative": {"clustering": {"adjusted_mutual_info_score": 0.33045960601669555, "adjusted_rand_score": 0.27419263778962927, "completeness_score": 0.33752873128810806, "fowlkes_mallows_score": 0.4647643152946948, "homogeneity_score": 0.3279825861650765, "v_measure_score": 0.3326871934095344}, "classification": {"f1_score": 0.6166446735755031, "hamming_loss": 0.385, "jaccard_score": 0.4537921082969528, "accuracy_score": 0.615, "recall_score": 0.6360982414428308, "precision_score": 0.6468847649448191}, "found_clusters": 4, "expected_clusters": 4, "time": 0.048}, "birch": {"clustering": {"adjusted_mutual_info_score": 0.2857716258750691, "adjusted_rand_score": 0.2306418706411848, "completeness_score": 0.3792157016832205, "fowlkes_mallows_score": 0.50305476949549, "homogeneity_score": 0.23179869589991114, "v_measure_score": 0.2877238423927016}, "classification": {"f1_score": 0.24031761900127777, "hamming_loss": 0.654, "jaccard_score": 0.168102111937665, "accuracy_score": 0.346, "recall_score": 0.3378401209974915, "precision_score": 0.19369160590700596}, "found_clusters": 3, "expected_clusters": 4, "time": 0.029}, "dbscan": {"clustering": {"adjusted_mutual_info_score": 0.0192183164574123, "adjusted_rand_score": -0.0011135688519413262, "completeness_score": 0.23857886844543189, "fowlkes_mallows_score": 0.49615709920089857, "homogeneity_score": 0.011249793891915246, "v_measure_score": 0.021486430514952505}, "classification": {"f1_score": 0.08103309120258273, "hamming_loss": 0.749, "jaccard_score": 0.05080971659919028, "accuracy_score": 0.251, "recall_score": 0.2, "precision_score": 0.05080971659919028}, "found_clusters": 2, "expected_clusters": 4, "time": 0.032}, "k_means": {"clustering": {"adjusted_mutual_info_score": 0.40158037802855195, "adjusted_rand_score": 0.37638096630516454, "completeness_score": 0.40314803481235617, "fowlkes_mallows_score": 0.5337994458750307, "homogeneity_score": 0.4039335257571943, "v_measure_score": 0.40354039804582037}, "classification": {"f1_score": 0.6920599855575614, "hamming_loss": 0.309, "jaccard_score": 0.5343114290753467, "accuracy_score": 0.691, "recall_score": 0.7078640872590879, "precision_score": 0.694522992208211}, "found_clusters": 4, "expected_clusters": 4, "time": 0.0912}, "mini_batch_k_means": {"clustering": {"adjusted_mutual_info_score": 0.29627506681673066, "adjusted_rand_score": 0.25790464645688127, "completeness_score": 0.3030302308334982, "fowlkes_mallows_score": 0.45296054831268423, "homogeneity_score": 0.29433021198935766, "v_measure_score": 0.2986168674274156}, "classification": {"f1_score": 0.5406343227180271, "hamming_loss": 0.444, "jaccard_score": 0.38813929026548033, "accuracy_score": 0.556, "recall_score": 0.583507148229067, "precision_score": 0.5477548721066403}, "found_clusters": 4, "expected_clusters": 4, "time": 0.055}, "mean_shift": {"clustering": {"adjusted_mutual_info_score": -6.056401409979707e-16, "adjusted_rand_score": 0.0, "completeness_score": 1.0, "fowlkes_mallows_score": 0.502986078331195, "homogeneity_score": 0.0, "v_measure_score": 0.0}, "classification": {"f1_score": 0.1003197442046363, "hamming_loss": 0.749, "jaccard_score": 0.06275, "accuracy_score": 0.251, "recall_score": 0.25, "precision_score": 0.06275}, "found_clusters": 1, "expected_clusters": 4, "time": 9.8923}, "optics": {"clustering": {"adjusted_mutual_info_score": 0.07131593210687079, "adjusted_rand_score": 0.014093978482423912, "completeness_score": 0.16533299339123447, "fowlkes_mallows_score": 0.46706348773230033, "homogeneity_score": 0.06382487652105578, "v_measure_score": 0.09209684041914831}, "classification": {"f1_score": 0.004484581694626377, "hamming_loss": 0.993, "jaccard_score": 0.0022649879419656296, "accuracy_score": 0.007, "recall_score": 0.0023058231187006407, "precision_score": 0.08351648351648353}, "found_clusters": 13, "expected_clusters": 4, "time": 1.4087}, "spectral_clustering": {"clustering": {"adjusted_mutual_info_score": 0.3251396260917642, "adjusted_rand_score": 0.2840482106433472, "completeness_score": 0.33283620373876116, "fowlkes_mallows_score": 0.47310139808089213, "homogeneity_score": 0.3221181517388878, "v_measure_score": 0.32738947953687253}, "classification": {"f1_score": 0.6349017824407028, "hamming_loss": 0.364, "jaccard_score": 0.46807516052458953, "accuracy_score": 0.636, "recall_score": 0.6539710929281679, "precision_score": 0.6708744885426204}, "found_clusters": 4, "expected_clusters": 4, "time": 4.508}, "gaussian_mixture_model": {"clustering": {"adjusted_mutual_info_score": 0.40237025871949544, "adjusted_rand_score": 0.3728007546888168, "completeness_score": 0.4042829134691857, "fowlkes_mallows_score": 0.5314325745990465, "homogeneity_score": 0.40437596305433016, "v_measure_score": 0.4043294329083107}, "classification": {"f1_score": 0.702404826746641, "hamming_loss": 0.302, "jaccard_score": 0.5469084144153166, "accuracy_score": 0.698, "recall_score": 0.7136722345980475, "precision_score": 0.7060595730550032}, "found_clusters": 4, "expected_clusters": 4, "time": 0.0726}}, "classification_alg": {"KNeighborsClassifier": {"clustering": {"adjusted_mutual_info_score": 0.37072517126735227, "adjusted_rand_score": 0.3424514762514168, "completeness_score": 0.3849055010779514, "fowlkes_mallows_score": 0.5123062846145853, "homogeneity_score": 0.3779314922936798, "v_measure_score": 0.381386617792326}, "classification": {"f1_score": 0.6861231083921213, "hamming_loss": 0.315, "jaccard_score": 0.5248694932518462, "accuracy_score": 0.685, "recall_score": 0.6935004123676636, "precision_score": 0.7123585787751285}, "time": 0.011}, "DecisionTreeClassifier": {"clustering": {"adjusted_mutual_info_score": 0.2709898154224056, "adjusted_rand_score": 0.2507560145431393, "completeness_score": 0.2842255425001196, "fowlkes_mallows_score": 0.44134497816250295, "homogeneity_score": 0.28229521767539273, "v_measure_score": 0.2832570914581146}, "classification": {"f1_score": 0.6292614037565316, "hamming_loss": 0.38, "jaccard_score": 0.4638269339356296, "accuracy_score": 0.62, "recall_score": 0.6248749431942504, "precision_score": 0.636436170212766}, "time": 0.005}, "RandomForestClassifier": {"clustering": {"adjusted_mutual_info_score": 0.43808275832980714, "adjusted_rand_score": 0.4386487520350589, "completeness_score": 0.44891681062513733, "fowlkes_mallows_score": 0.5815242448908832, "homogeneity_score": 0.446157025410768, "v_measure_score": 0.44753266338882436}, "classification": {"f1_score": 0.7549431369763852, "hamming_loss": 0.25, "jaccard_score": 0.6093329128407055, "accuracy_score": 0.75, "recall_score": 0.7553632201706697, "precision_score": 0.7632700632700632}, "time": 0.3435}, "LinearSVC": {"clustering": {"adjusted_mutual_info_score": 0.3589498803896644, "adjusted_rand_score": 0.374375488932891, "completeness_score": 0.36896600142549396, "fowlkes_mallows_score": 0.5313500197969779, "homogeneity_score": 0.37037473241003466, "v_measure_score": 0.36966902482818637}, "classification": {"f1_score": 0.6968203062238363, "hamming_loss": 0.3, "jaccard_score": 0.537963894477979, "accuracy_score": 0.7, "recall_score": 0.7026610337804857, "precision_score": 0.6961153034715639}, "time": 0.007}, "LogisticRegression": {"clustering": {"adjusted_mutual_info_score": 0.3760071661182965, "adjusted_rand_score": 0.36630695285451825, "completeness_score": 0.38737609337958173, "fowlkes_mallows_score": 0.5272674544479983,