{"clustering_alg": {"affinity_propagation": {"clustering": {"adjusted_mutual_info_score": 0.4078092430497589, "adjusted_rand_score": 0.09451569019018921, "completeness_score": 0.2899611229553921, "fowlkes_mallows_score": 0.24064812645918174, "homogeneity_score": 0.8086783872596689, "v_measure_score": 0.42686484711198497}, "classification": {"f1_score": 0.0025326984611989574, "hamming_loss": 0.982, "jaccard_score": 0.001303643356855144, "accuracy_score": 0.018, "recall_score": 0.0013597851394564723, "precision_score": 0.02172670097198399}, "found_clusters": 53, "expected_clusters": 4, "time": 2.9742}, "agglomerative": {"clustering": {"adjusted_mutual_info_score": 0.40431240813949243, "adjusted_rand_score": 0.29141304747450875, "completeness_score": 0.41363974648398383, "fowlkes_mallows_score": 0.47665978331062175, "homogeneity_score": 0.3991963207609838, "v_measure_score": 0.4062897097481982}, "classification": {"f1_score": 0.591235984901741, "hamming_loss": 0.412, "jaccard_score": 0.4200041329347871, "accuracy_score": 0.588, "recall_score": 0.5880216333845366, "precision_score": 0.6263556618819777}, "found_clusters": 4, "expected_clusters": 4, "time": 0.075}, "birch": {"clustering": {"adjusted_mutual_info_score": 0.41708207101738487, "adjusted_rand_score": 0.3642677175546358, "completeness_score": 0.4840162186646285, "fowlkes_mallows_score": 0.5607993428375102, "homogeneity_score": 0.36863616333088256, "v_measure_score": 0.4185196349791926}, "classification": {"f1_score": 0.2253177813086812, "hamming_loss": 0.761, "jaccard_score": 0.15297283566603578, "accuracy_score": 0.239, "recall_score": 0.23715117767537122, "precision_score": 0.2270758358486185}, "found_clusters": 3, "expected_clusters": 4, "time": 0.1307}, "dbscan": {"clustering": {"adjusted_mutual_info_score": -1.281400180555292e-15, "adjusted_rand_score": 0.0, "completeness_score": 1.0, "fowlkes_mallows_score": 0.4992647246354035, "homogeneity_score": 0.0, "v_measure_score": 0.0}, "classification": {"f1_score": 0.0, "hamming_loss": 1.0, "jaccard_score": 0.0, "accuracy_score": 0.0, "recall_score": 0.0, "precision_score": 0.0}, "found_clusters": 1, "expected_clusters": 4, "time": 0.013}, "k_means": {"clustering": {"adjusted_mutual_info_score": 0.43173263510542786, "adjusted_rand_score": 0.36214769497348925, "completeness_score": 0.4364658006252363, "fowlkes_mallows_score": 0.5239497480403472, "homogeneity_score": 0.4307668485800555, "v_measure_score": 0.4335975994921216}, "classification": {"f1_score": 0.6507912168356489, "hamming_loss": 0.351, "jaccard_score": 0.48783132047044975, "accuracy_score": 0.649, "recall_score": 0.6492895545314901, "precision_score": 0.6661631275301492}, "found_clusters": 4, "expected_clusters": 4, "time": 0.09}, "mini_batch_k_means": {"clustering": {"adjusted_mutual_info_score": 0.5718171605684788, "adjusted_rand_score": 0.5332287393908757, "completeness_score": 0.5762539934528689, "fowlkes_mallows_score": 0.6512856720198082, "homogeneity_score": 0.5702187771336586, "v_measure_score": 0.5732205001205173}, "classification": {"f1_score": 0.7737262484748038, "hamming_loss": 0.224, "jaccard_score": 0.6335678931578609, "accuracy_score": 0.776, "recall_score": 0.7767697132616487, "precision_score": 0.7836992633954665}, "found_clusters": 4, "expected_clusters": 4, "time": 0.041}, "mean_shift": {"clustering": {"adjusted_mutual_info_score": -1.281400180555292e-15, "adjusted_rand_score": 0.0, "completeness_score": 1.0, "fowlkes_mallows_score": 0.4992647246354035, "homogeneity_score": 0.0, "v_measure_score": 0.0}, "classification": {"f1_score": 0.10063897763578275, "hamming_loss": 0.748, "jaccard_score": 0.063, "accuracy_score": 0.252, "recall_score": 0.25, "precision_score": 0.063}, "found_clusters": 1, "expected_clusters": 4, "time": 7.4932}, "optics": {"clustering": {"adjusted_mutual_info_score": 0.12436454962322666, "adjusted_rand_score": 0.004171948034451488, "completeness_score": 0.2110765878229072, "fowlkes_mallows_score": 0.4366019968953424, "homogeneity_score": 0.11700971020631423, "v_measure_score": 0.15055801184538495}, "classification": {"f1_score": 0.000814491328896955, "hamming_loss": 0.998, "jaccard_score": 0.00040882749861078033, "accuracy_score": 0.002, "recall_score": 0.00042107958067211037, "precision_score": 0.012426900584795321}, "found_clusters": 19, "expected_clusters": 4, "time": 1.041}, "spectral_clustering": {"clustering": {"adjusted_mutual_info_score": 0.6812627529950208, "adjusted_rand_score": 0.6604106760862407, "completeness_score": 0.68936045343108, "fowlkes_mallows_score": 0.7476816428570894, "homogeneity_score": 0.6754075467094838, "v_measure_score": 0.6823126752715023}, "classification": {"f1_score": 0.8479019999982524, "hamming_loss": 0.15, "jaccard_score": 0.7392028145116761, "accuracy_score": 0.85, "recall_score": 0.8509504608294932, "precision_score": 0.8698264814343644}, "found_clusters": 4, "expected_clusters": 4, "time": 2.1012}, "gaussian_mixture_model": {"clustering": {"adjusted_mutual_info_score": 0.8730053823117311, "adjusted_rand_score": 0.9090391438357417, "completeness_score": 0.8734839025273672, "fowlkes_mallows_score": 0.9317171880054317, "homogeneity_score": 0.8733548904323244, "v_measure_score": 0.8734193917157769}, "classification": {"f1_score": 0.9649908035365321, "hamming_loss": 0.035, "jaccard_score": 0.9323812257650625, "accuracy_score": 0.965, "recall_score": 0.9649417562724014, "precision_score": 0.9651462224452565}, "found_clusters": 4, "expected_clusters": 4, "time": 0.019}}, "classification_alg": {"KNeighborsClassifier": {"clustering": {"adjusted_mutual_info_score": 0.7126952715251422, "adjusted_rand_score": 0.746358160848011, "completeness_score": 0.717768486732493, "fowlkes_mallows_score": 0.8092783307116577, "homogeneity_score": 0.7171835187630167, "v_measure_score": 0.7174758835146642}, "classification": {"f1_score": 0.8931616010995256, "hamming_loss": 0.105, "jaccard_score": 0.8087584038169595, "accuracy_score": 0.895, "recall_score": 0.8929113526485495, "precision_score": 0.8935074296981148}, "time": 0.01}, "DecisionTreeClassifier": {"clustering": {"adjusted_mutual_info_score": 0.594557008322976, "adjusted_rand_score": 0.6040075520546199, "completeness_score": 0.6006740130026748, "fowlkes_mallows_score": 0.7018535669245519, "homogeneity_score": 0.6019115733813099, "v_measure_score": 0.601292156415821}, "classification": {"f1_score": 0.8298750250802851, "hamming_loss": 0.17, "jaccard_score": 0.7095563050696787, "accuracy_score": 0.83, "recall_score": 0.8325041423087246, "precision_score": 0.8297135007849293}, "time": 0.004}, "RandomForestClassifier": {"clustering": {"adjusted_mutual_info_score": 0.7061935396847525, "adjusted_rand_score": 0.7400448803813204, "completeness_score": 0.7113760201556009, "fowlkes_mallows_score": 0.8045377624663866, "homogeneity_score": 0.7107888398443364, "v_measure_score": 0.7110823087831085}, "classification": {"f1_score": 0.8945973180216457, "hamming_loss": 0.105, "jaccard_score": 0.8094089526292917, "accuracy_score": 0.895, "recall_score": 0.8947380362474703, "precision_score": 0.8956370366029923}, "time": 0.239}, "LinearSVC": {"clustering": {"adjusted_mutual_info_score": 0.644012859494616, "adjusted_rand_score": 0.6479761138015278, "completeness_score": 0.6521993991739437, "fowlkes_mallows_score": 0.7361070324813731, "homogeneity_score": 0.647729440076764, "v_measure_score": 0.6499567343837749}, "classification": {"f1_score": 0.8487372484146678, "hamming_loss": 0.15, "jaccard_score": 0.7374641641883022, "accuracy_score": 0.85, "recall_score": 0.8496927787695983, "precision_score": 0.8564721166100067}, "time": 0.042}, "LogisticRegression": {"clustering": {"adjusted_mutual_info_score": 0.7059818190719329, "adjusted_rand_score": 0.7013198691916991, "completeness_score": 0.7128252367185683, "fowlkes_mallows_score": 0.7759101953710569, "homogeneity_score": 0.7089596063542867, "v_measure_score": 0.7108871664874002}, "classification": {"f1_score": 0.8743320480667602,