{"clustering_alg": {"affinity_propagation": {"clustering": {"adjusted_mutual_info_score": -1.281370601507323e-15, "adjusted_rand_score": 0.0, "completeness_score": 1.0, "fowlkes_mallows_score": 0.4998499474782395, "homogeneity_score": 6.40685300762983e-16, "v_measure_score": 1.2813706015259653e-15}, "classification": {"f1_score": 0.0, "hamming_loss": 1.0, "jaccard_score": 0.0, "accuracy_score": 0.0, "recall_score": 0.0, "precision_score": 0.0}, "found_clusters": 1, "expected_clusters": 4, "time": 148.2595}, "agglomerative": {"clustering": {"adjusted_mutual_info_score": 0.9566959126086902, "adjusted_rand_score": 0.9587020925892791, "completeness_score": 0.9570779101041779, "fowlkes_mallows_score": 0.969031444894257, "homogeneity_score": 0.9563704716611028, "v_measure_score": 0.9567240601058826}, "classification": {"f1_score": 0.9839835992055865, "hamming_loss": 0.016, "jaccard_score": 0.9689624060150376, "accuracy_score": 0.984, "recall_score": 0.984, "precision_score": 0.9849624060150376}, "found_clusters": 4, "expected_clusters": 4, "time": 0.6501}, "birch": {"clustering": {"adjusted_mutual_info_score": 0.8570721064109494, "adjusted_rand_score": 0.7141631882897822, "completeness_score": 1.0, "fowlkes_mallows_score": 0.8163876493575091, "homogeneity_score": 0.7500000000000001, "v_measure_score": 0.8571428571428573}, "classification": {"f1_score": 0.25, "hamming_loss": 0.75, "jaccard_score": 0.25, "accuracy_score": 0.25, "recall_score": 0.25, "precision_score": 0.25}, "found_clusters": 3, "expected_clusters": 4, "time": 0.3106}, "dbscan": {"clustering": {"adjusted_mutual_info_score": 0.833344786788578, "adjusted_rand_score": 0.7059616763136375, "completeness_score": 0.9494155038877815, "fowlkes_mallows_score": 0.80830362452815, "homogeneity_score": 0.7427569172135634, "v_measure_score": 0.8334669966592213}, "classification": {"f1_score": 0.6687543816275632, "hamming_loss": 0.2546, "jaccard_score": 0.6220748639425792, "accuracy_score": 0.7454, "recall_score": 0.7454000000000001, "precision_score": 0.6914274999175761}, "found_clusters": 4, "expected_clusters": 4, "time": 0.065}, "k_means": {"clustering": {"adjusted_mutual_info_score": 0.981282093859455, "adjusted_rand_score": 0.9878389521782439, "completeness_score": 0.9812970307636691, "fowlkes_mallows_score": 0.9908774134823408, "homogeneity_score": 0.9812914811422119, "v_measure_score": 0.9812942559450941}, "classification": {"f1_score": 0.9953999639357172, "hamming_loss": 0.0046, "jaccard_score": 0.9908837982367394, "accuracy_score": 0.9954, "recall_score": 0.9954, "precision_score": 0.9954076959853461}, "found_clusters": 4, "expected_clusters": 4, "time": 0.043}, "mini_batch_k_means": {"clustering": {"adjusted_mutual_info_score": 0.981282093859455, "adjusted_rand_score": 0.9878389521782439, "completeness_score": 0.9812970307636691, "fowlkes_mallows_score": 0.9908774134823408, "homogeneity_score": 0.9812914811422119, "v_measure_score": 0.9812942559450941}, "classification": {"f1_score": 0.9953999639357172, "hamming_loss": 0.0046, "jaccard_score": 0.9908837982367394, "accuracy_score": 0.9954, "recall_score": 0.9954, "precision_score": 0.9954076959853461}, "found_clusters": 4, "expected_clusters": 4, "time": 0.068}, "mean_shift": {"clustering": {"adjusted_mutual_info_score": 0.8051476679077153, "adjusted_rand_score": 0.6894136309276473, "completeness_score": 0.932868089824715, "fowlkes_mallows_score": 0.7957802427923121, "homogeneity_score": 0.7083369455417582, "v_measure_score": 0.8052436095435974}, "classification": {"f1_score": 0.2401998462720984, "hamming_loss": 0.75, "jaccard_score": 0.23113905325443787, "accuracy_score": 0.25, "recall_score": 0.25, "precision_score": 0.23113905325443787}, "found_clusters": 3, "expected_clusters": 4, "time": 6.0536}, "optics": {"clustering": {"adjusted_mutual_info_score": 0.24355744764018497, "adjusted_rand_score": 0.0039489779310864824, "completeness_score": 0.1942558007442037, "fowlkes_mallows_score": 0.2550312519092063, "homogeneity_score": 0.4950191443219174, "v_measure_score": 0.2790188181139823}, "classification": {"f1_score": 4.4126731974229985e-05, "hamming_loss": 0.9982, "jaccard_score": 2.2222222222222223e-05, "accuracy_score": 0.0018, "recall_score": 2.2222222222222223e-05, "precision_score": 0.0030864197530864196}, "found_clusters": 324, "expected_clusters": 4, "time": 3.4838}, "spectral_clustering": {"clustering": {"adjusted_mutual_info_score": 0.9791722155919584, "adjusted_rand_score": 0.9862693300644351, "completeness_score": 0.9791866526690427, "fowlkes_mallows_score": 0.9896999463284459, "homogeneity_score": 0.9791848444512647, "v_measure_score": 0.9791857485593188}, "classification": {"f1_score": 0.994799986687966, "hamming_loss": 0.0052, "jaccard_score": 0.9897070209037937, "accuracy_score": 0.9948, "recall_score": 0.9948, "precision_score": 0.9948025067776695}, "found_clusters": 4, "expected_clusters": 4, "time": 3.4445}, "gaussian_mixture_model": {"clustering": {"adjusted_mutual_info_score": 0.981282093859455, "adjusted_rand_score": 0.9878389521782439, "completeness_score": 0.9812970307636691, "fowlkes_mallows_score": 0.9908774134823408, "homogeneity_score": 0.9812914811422119, "v_measure_score": 0.9812942559450941}, "classification": {"f1_score": 0.9953999639357172, "hamming_loss": 0.0046, "jaccard_score": 0.9908837982367394, "accuracy_score": 0.9954, "recall_score": 0.9954, "precision_score": 0.9954076959853461}, "found_clusters": 4, "expected_clusters": 4, "time": 0.018}}, "classification_alg": {"KNeighborsClassifier": {"clustering": {"adjusted_mutual_info_score": 0.9765547009654139, "adjusted_rand_score": 0.9837972241093322, "completeness_score": 0.9764600583409057, "fowlkes_mallows_score": 0.9878741823127606, "homogeneity_score": 0.9768027808142584, "v_measure_score": 0.9766313895102784}, "classification": {"f1_score": 0.9940772492625369, "hamming_loss": 0.006, "jaccard_score": 0.988295142484131, "accuracy_score": 0.994, "recall_score": 0.9943175701653211, "precision_score": 0.993852553377642}, "time": 0.027}, "DecisionTreeClassifier": {"clustering": {"adjusted_mutual_info_score": 0.9648447190913586, "adjusted_rand_score": 0.9731998027545766, "completeness_score": 0.9646322499142753, "fowlkes_mallows_score": 0.9799404262329093, "homogeneity_score": 0.9652873547506481, "v_measure_score": 0.964959691145875}, "classification": {"f1_score": 0.9901379913736205, "hamming_loss": 0.01, "jaccard_score": 0.9806624940954181, "accuracy_score": 0.99, "recall_score": 0.9906113033448674, "precision_score": 0.9897264996552516}, "time": 0.003}, "RandomForestClassifier": {"clustering": {"adjusted_mutual_info_score": 0.9732014880118678, "adjusted_rand_score": 0.9811370096355674, "completeness_score": 0.9732023746297667, "fowlkes_mallows_score": 0.985884377251314, "homogeneity_score": 0.9733759458925566, "v_measure_score": 0.9732891525227154}, "classification": {"f1_score": 0.9930868049818043, "hamming_loss": 0.007, "jaccard_score": 0.9863649279176885, "accuracy_score": 0.993, "recall_score": 0.99320645905421, "precision_score": 0.9929710545722714}, "time": 0.246}, "LinearSVC": {"clustering": {"adjusted_mutual_info_score": 0.9622788110237668, "adjusted_rand_score": 0.9706236489814165, "completeness_score": 0.9628732117768751, "fowlkes_mallows_score": 0.9780298340050853, "homogeneity_score": 0.961931807527128, "v_measure_score": 0.962402279435966}, "classification": {"f1_score": 0.9891032435870256, "hamming_loss": 0.011, "jaccard_score": 0.9786793372319688, "accuracy_score": 0.989, "recall_score": 0.9885159554017685, "precision_score": 0.9897881880024737}, "time": 0.068}, "LogisticRegression": {"clustering": {"adjusted_mutual_info_score": 0.9702778145075558, "adjusted_rand_score": 0.9784813527541263, "completeness_score": 0.9702048008603628, "fowlkes_mallows_score": 0.9838958557491646, "homogeneity_score": 0.9705453278344762, "v_measure_score": 0.9703750344727287}, "classification": {"f1_score": 0.9921029990167158, "hamming_loss": 0.008,