{"clustering_alg": {"affinity_propagation": {"clustering": {"adjusted_mutual_info_score": 0.0, "adjusted_rand_score": 0.0, "completeness_score": 1.0, "fowlkes_mallows_score": 0.49924868477468143, "homogeneity_score": 0.0, "v_measure_score": 0.0}, "classification": {"f1_score": 0.0, "hamming_loss": 1.0, "jaccard_score": 0.0, "accuracy_score": 0.0, "recall_score": 0.0, "precision_score": 0.0}, "found_clusters": 1, "expected_clusters": 4, "time": 9.4294}, "agglomerative": {"clustering": {"adjusted_mutual_info_score": 0.9481667441420121, "adjusted_rand_score": 0.9631230337696464, "completeness_score": 0.948360339830273, "fowlkes_mallows_score": 0.9723152568591223, "homogeneity_score": 0.9483110836367512, "v_measure_score": 0.9483357110939251}, "classification": {"f1_score": 0.9859994959818553, "hamming_loss": 0.014, "jaccard_score": 0.9724163173437943, "accuracy_score": 0.986, "recall_score": 0.986, "precision_score": 0.9860699940791474}, "found_clusters": 4, "expected_clusters": 4, "time": 0.044}, "birch": {"clustering": {"adjusted_mutual_info_score": 0.8460113262167905, "adjusted_rand_score": 0.7091086087704214, "completeness_score": 0.9874592132259074, "fowlkes_mallows_score": 0.812686809458219, "homogeneity_score": 0.7405944099194305, "v_measure_score": 0.846393611336492}, "classification": {"f1_score": 0.16866666666666666, "hamming_loss": 0.748, "jaccard_score": 0.12600200400801603, "accuracy_score": 0.252, "recall_score": 0.252, "precision_score": 0.127}, "found_clusters": 3, "expected_clusters": 4, "time": 0.033}, "dbscan": {"clustering": {"adjusted_mutual_info_score": 0.8764411396983676, "adjusted_rand_score": 0.9062879072987438, "completeness_score": 0.8395928604610089, "fowlkes_mallows_score": 0.9295526161957278, "homogeneity_score": 0.9177996672919196, "v_measure_score": 0.8769560992467365}, "classification": {"f1_score": 0.7721166653613469, "hamming_loss": 0.059, "jaccard_score": 0.7461307705685195, "accuracy_score": 0.941, "recall_score": 0.7527999999999999, "precision_score": 0.7925095862153547}, "found_clusters": 5, "expected_clusters": 4, "time": 0.007}, "k_means": {"clustering": {"adjusted_mutual_info_score": 0.9583045363004771, "adjusted_rand_score": 0.9710337114270157, "completeness_score": 0.958452899348309, "fowlkes_mallows_score": 0.9782537986944562, "homogeneity_score": 0.9584280091565174, "v_measure_score": 0.958440454090817}, "classification": {"f1_score": 0.9889996759883356, "hamming_loss": 0.011, "jaccard_score": 0.978333593122569, "accuracy_score": 0.989, "recall_score": 0.989, "precision_score": 0.9890347089980958}, "found_clusters": 4, "expected_clusters": 4, "time": 0.031}, "mini_batch_k_means": {"clustering": {"adjusted_mutual_info_score": 0.9583045363004771, "adjusted_rand_score": 0.9710337114270157, "completeness_score": 0.958452899348309, "fowlkes_mallows_score": 0.9782537986944562, "homogeneity_score": 0.9584280091565174, "v_measure_score": 0.958440454090817}, "classification": {"f1_score": 0.9889996759883356, "hamming_loss": 0.011, "jaccard_score": 0.978333593122569, "accuracy_score": 0.989, "recall_score": 0.989, "precision_score": 0.9890347089980958}, "found_clusters": 4, "expected_clusters": 4, "time": 0.062}, "mean_shift": {"clustering": {"adjusted_mutual_info_score": 0.6661838626147996, "adjusted_rand_score": 0.4992481203007519, "completeness_score": 1.0, "fowlkes_mallows_score": 0.7063979020297158, "homogeneity_score": 0.5, "v_measure_score": 0.6666666666666666}, "classification": {"f1_score": 0.3333333333333333, "hamming_loss": 0.5, "jaccard_score": 0.25, "accuracy_score": 0.5, "recall_score": 0.5, "precision_score": 0.25}, "found_clusters": 2, "expected_clusters": 4, "time": 5.2417}, "optics": {"clustering": {"adjusted_mutual_info_score": 0.2810393753971067, "adjusted_rand_score": 0.011823416393921909, "completeness_score": 0.25032950690665695, "fowlkes_mallows_score": 0.2905420428137554, "homogeneity_score": 0.4381874377144408, "v_measure_score": 0.31863048853826637}, "classification": {"f1_score": 0.0009556966345825653, "hamming_loss": 0.993, "jaccard_score": 0.0004912280701754386, "accuracy_score": 0.007, "recall_score": 0.0004912280701754386, "precision_score": 0.017543859649122806}, "found_clusters": 57, "expected_clusters": 4, "time": 0.7951}, "spectral_clustering": {"clustering": {"adjusted_mutual_info_score": 0.9481667441420121, "adjusted_rand_score": 0.9631230337696464, "completeness_score": 0.948360339830273, "fowlkes_mallows_score": 0.9723152568591223, "homogeneity_score": 0.9483110836367512, "v_measure_score": 0.9483357110939251}, "classification": {"f1_score": 0.9859994959818553, "hamming_loss": 0.014, "jaccard_score": 0.9724163173437943, "accuracy_score": 0.986, "recall_score": 0.986, "precision_score": 0.9860699940791474}, "found_clusters": 4, "expected_clusters": 4, "time": 0.229}, "gaussian_mixture_model": {"clustering": {"adjusted_mutual_info_score": 0.9583045363004771, "adjusted_rand_score": 0.9710337114270157, "completeness_score": 0.958452899348309, "fowlkes_mallows_score": 0.9782537986944562, "homogeneity_score": 0.9584280091565174, "v_measure_score": 0.958440454090817}, "classification": {"f1_score": 0.9889996759883356, "hamming_loss": 0.011, "jaccard_score": 0.978333593122569, "accuracy_score": 0.989, "recall_score": 0.989, "precision_score": 0.9890347089980958}, "found_clusters": 4, "expected_clusters": 4, "time": 0.006}}, "classification_alg": {"KNeighborsClassifier": {"clustering": {"adjusted_mutual_info_score": 0.9370922889852261, "adjusted_rand_score": 0.9455593298100848, "completeness_score": 0.9381455488293391, "fowlkes_mallows_score": 0.9592570401437986, "homogeneity_score": 0.9381455488293391, "v_measure_score": 0.9381455488293391}, "classification": {"f1_score": 0.980962643678161, "hamming_loss": 0.02, "jaccard_score": 0.9633333333333334, "accuracy_score": 0.98, "recall_score": 0.980962643678161, "precision_score": 0.980962643678161}, "time": 0.008}, "DecisionTreeClassifier": {"clustering": {"adjusted_mutual_info_score": 0.8774611637761307, "adjusted_rand_score": 0.8828627749049716, "completeness_score": 0.8789973306691903, "fowlkes_mallows_score": 0.912292255657574, "homogeneity_score": 0.8800260610203882, "v_measure_score": 0.8795113950283985}, "classification": {"f1_score": 0.956467152412645, "hamming_loss": 0.045, "jaccard_score": 0.918484942476878, "accuracy_score": 0.955, "recall_score": 0.9573798328108672, "precision_score": 0.9556752873563218}, "time": 0.001}, "RandomForestClassifier": {"clustering": {"adjusted_mutual_info_score": 0.8970276748291016, "adjusted_rand_score": 0.9074388859853424, "completeness_score": 0.8982252239429134, "fowlkes_mallows_score": 0.9306941165478386, "homogeneity_score": 0.8992764575676823, "v_measure_score": 0.898750533358608}, "classification": {"f1_score": 0.9659858305735647, "hamming_loss": 0.035, "jaccard_score": 0.9352026168142369, "accuracy_score": 0.965, "recall_score": 0.9668985109717868, "precision_score": 0.9651939655172413}, "time": 0.1256}, "LinearSVC": {"clustering": {"adjusted_mutual_info_score": 0.9148518810324268, "adjusted_rand_score": 0.9199401908971836, "completeness_score": 0.9162775106263766, "fowlkes_mallows_score": 0.9400838825644098, "homogeneity_score": 0.9162775106263766, "v_measure_score": 0.9162775106263766}, "classification": {"f1_score": 0.9714439655172413, "hamming_loss": 0.03, "jaccard_score": 0.9459980713596914, "accuracy_score": 0.97, "recall_score": 0.9714439655172413, "precision_score": 0.9714439655172413}, "time": 0.028}, "LogisticRegression": {"clustering": {"adjusted_mutual_info_score": 0.9259256966759777, "adjusted_rand_score": 0.9326654250938013, "completeness_score": 0.9275177938334203, "fowlkes_mallows_score": 0.94962650682442, "homogeneity_score": 0.9268153779069034, "v_measure_score": 0.927166452833623}, "classification": {"f1_score": 0.9761583445793972, "hamming_loss": 0.025, "jaccard_score": 0.9545081967213115, "accuracy_score": 0.975, "recall_score": 0.9757543103448276,