{"clustering_alg": {"affinity_propagation": {"clustering": {"adjusted_mutual_info_score": 0.4122679431847118, "adjusted_rand_score": 0.08748397088146691, "completeness_score": 0.2907168024688668, "fowlkes_mallows_score": 0.23466836647762754, "homogeneity_score": 0.8226882115995001, "v_measure_score": 0.4296177640355971}, "classification": {"f1_score": 0.002210884353741497, "hamming_loss": 0.987, "jaccard_score": 0.0011687494381012317, "accuracy_score": 0.013, "recall_score": 0.0011687494381012317, "precision_score": 0.02040816326530612}, "found_clusters": 49, "expected_clusters": 4, "time": 3.3048}, "agglomerative": {"clustering": {"adjusted_mutual_info_score": 0.656277094900591, "adjusted_rand_score": 0.5724179384786713, "completeness_score": 0.6638693297848726, "fowlkes_mallows_score": 0.6873868258275269, "homogeneity_score": 0.6511175256549768, "v_measure_score": 0.6574315987716373}, "classification": {"f1_score": 0.8037894845323915, "hamming_loss": 0.2, "jaccard_score": 0.6890091590689518, "accuracy_score": 0.8, "recall_score": 0.811842977671015, "precision_score": 0.8282932621072021}, "found_clusters": 4, "expected_clusters": 4, "time": 0.041}, "birch": {"clustering": {"adjusted_mutual_info_score": 0.4846367024860764, "adjusted_rand_score": 0.3704516538122799, "completeness_score": 0.554297558448543, "fowlkes_mallows_score": 0.5683045808391978, "homogeneity_score": 0.43255831486066454, "v_measure_score": 0.48591901674533083}, "classification": {"f1_score": 0.10538116591928251, "hamming_loss": 0.86, "jaccard_score": 0.0660978775385555, "accuracy_score": 0.14, "recall_score": 0.165899453502347, "precision_score": 0.07743721555838078}, "found_clusters": 3, "expected_clusters": 4, "time": 0.023}, "dbscan": {"clustering": {"adjusted_mutual_info_score": 0.00018078509783003933, "adjusted_rand_score": 0.00020328961136731918, "completeness_score": 0.18774036734869032, "fowlkes_mallows_score": 0.5130554815494356, "homogeneity_score": 0.0010918424313474309, "v_measure_score": 0.002171058628046871}, "classification": {"f1_score": 0.07373572593800978, "hamming_loss": 0.774, "jaccard_score": 0.045200000000000004, "accuracy_score": 0.226, "recall_score": 0.19911894273127753, "precision_score": 0.045245245245245244}, "found_clusters": 2, "expected_clusters": 4, "time": 0.0369}, "k_means": {"clustering": {"adjusted_mutual_info_score": 0.6157939756165277, "adjusted_rand_score": 0.5682963260565811, "completeness_score": 0.6120504530839601, "fowlkes_mallows_score": 0.6795817006149887, "homogeneity_score": 0.6221538795898027, "v_measure_score": 0.6170608120714423}, "classification": {"f1_score": 0.8157930154352037, "hamming_loss": 0.191, "jaccard_score": 0.7035472148747909, "accuracy_score": 0.809, "recall_score": 0.8306611322364355, "precision_score": 0.816543387921274}, "found_clusters": 4, "expected_clusters": 4, "time": 0.0995}, "mini_batch_k_means": {"clustering": {"adjusted_mutual_info_score": 0.5914568528434538, "adjusted_rand_score": 0.5436266398652312, "completeness_score": 0.5885891368417359, "fowlkes_mallows_score": 0.6615450723873747, "homogeneity_score": 0.5970824309332045, "v_measure_score": 0.5928053639775707}, "classification": {"f1_score": 0.7976575023072031, "hamming_loss": 0.208, "jaccard_score": 0.6803407986854316, "accuracy_score": 0.792, "recall_score": 0.8080224767569764, "precision_score": 0.7992771739924008}, "found_clusters": 4, "expected_clusters": 4, "time": 0.042}, "mean_shift": {"clustering": {"adjusted_mutual_info_score": -5.722435112995037e-16, "adjusted_rand_score": 0.0, "completeness_score": 1.0, "fowlkes_mallows_score": 0.5134234155193972, "homogeneity_score": 0.0, "v_measure_score": 0.0}, "classification": {"f1_score": 0.09250203748981255, "hamming_loss": 0.773, "jaccard_score": 0.05675, "accuracy_score": 0.227, "recall_score": 0.25, "precision_score": 0.05675}, "found_clusters": 1, "expected_clusters": 4, "time": 14.6026}, "optics": {"clustering": {"adjusted_mutual_info_score": 0.12110250138043518, "adjusted_rand_score": 0.004134885283663186, "completeness_score": 0.2154366335621003, "fowlkes_mallows_score": 0.45387685735251493, "homogeneity_score": 0.11344119034018155, "v_measure_score": 0.14862290113806972}, "classification": {"f1_score": 0.003189108158613467, "hamming_loss": 0.993, "jaccard_score": 0.0016314699003861111, "accuracy_score": 0.007, "recall_score": 0.0016405818186613162, "precision_score": 0.058479532163742694}, "found_clusters": 19, "expected_clusters": 4, "time": 2.4455}, "spectral_clustering": {"clustering": {"adjusted_mutual_info_score": 0.6122798103773105, "adjusted_rand_score": 0.551648891187822, "completeness_score": 0.6103927734260381, "fowlkes_mallows_score": 0.668095399950943, "homogeneity_score": 0.6167646962490335, "v_measure_score": 0.6135621919726364}, "classification": {"f1_score": 0.8123373546268456, "hamming_loss": 0.197, "jaccard_score": 0.697993334233998, "accuracy_score": 0.803, "recall_score": 0.8247762135004961, "precision_score": 0.8223180910545462}, "found_clusters": 4, "expected_clusters": 4, "time": 3.4383}, "gaussian_mixture_model": {"clustering": {"adjusted_mutual_info_score": 0.8012979599628597, "adjusted_rand_score": 0.8072870933259344, "completeness_score": 0.7965713696355641, "fowlkes_mallows_score": 0.8572586308865761, "homogeneity_score": 0.8074100758952838, "v_measure_score": 0.8019541021568403}, "classification": {"f1_score": 0.930200809158529, "hamming_loss": 0.073, "jaccard_score": 0.8721453615948678, "accuracy_score": 0.927, "recall_score": 0.9407393640181715, "precision_score": 0.924720947760918}, "found_clusters": 4, "expected_clusters": 4, "time": 0.029}}, "classification_alg": {"KNeighborsClassifier": {"clustering": {"adjusted_mutual_info_score": 0.8060227296262807, "adjusted_rand_score": 0.8263333360357932, "completeness_score": 0.8088828427047341, "fowlkes_mallows_score": 0.8711817574286358, "homogeneity_score": 0.8097268794278346, "v_measure_score": 0.8093046410015029}, "classification": {"f1_score": 0.9370779997063123, "hamming_loss": 0.065, "jaccard_score": 0.883289248259894, "accuracy_score": 0.935, "recall_score": 0.9377876772599587, "precision_score": 0.9365083366949039}, "time": 0.01}, "DecisionTreeClassifier": {"clustering": {"adjusted_mutual_info_score": 0.6732536888214856, "adjusted_rand_score": 0.6863015398808449, "completeness_score": 0.6774212727000082, "fowlkes_mallows_score": 0.76692844339908, "homogeneity_score": 0.6801304633385432, "v_measure_score": 0.678773164728594}, "classification": {"f1_score": 0.8707958311529741, "hamming_loss": 0.13, "jaccard_score": 0.7778080392967439, "accuracy_score": 0.87, "recall_score": 0.8736266583747927, "precision_score": 0.8687278244631186}, "time": 0.004}, "RandomForestClassifier": {"clustering": {"adjusted_mutual_info_score": 0.7855099059534947, "adjusted_rand_score": 0.8077149495571071, "completeness_score": 0.787092805222876, "fowlkes_mallows_score": 0.8570826652403284, "homogeneity_score": 0.7911786569862639, "v_measure_score": 0.7891304423487913}, "classification": {"f1_score": 0.9249150175764657, "hamming_loss": 0.075, "jaccard_score": 0.8627001825769431, "accuracy_score": 0.925, "recall_score": 0.9284825870646766, "precision_score": 0.9220999570999571}, "time": 0.5236}, "LinearSVC": {"clustering": {"adjusted_mutual_info_score": 0.7993842244469053, "adjusted_rand_score": 0.8326519012628579, "completeness_score": 0.8014518770645181, "fowlkes_mallows_score": 0.8757292228984835, "homogeneity_score": 0.8041007916338571, "v_measure_score": 0.8027741491986994}, "classification": {"f1_score": 0.9339447253911515, "hamming_loss": 0.065, "jaccard_score": 0.87738488624052, "accuracy_score": 0.935, "recall_score": 0.9360515661488475, "precision_score": 0.9320781535067251}, "time": 0.009}, "LogisticRegression": {"clustering": {"adjusted_mutual_info_score": 0.8051726166542436, "adjusted_rand_score": 0.8289927442179971, "completeness_score": 0.8073111112154017, "fowlkes_mallows_score": 0.8730196466383815,