{"clustering_alg": {"affinity_propagation": {"clustering": {"adjusted_mutual_info_score": 0.1881047983583657, "adjusted_rand_score": 0.038966002263166995, "completeness_score": 0.1437270411131859, "fowlkes_mallows_score": 0.15050904250546776, "homogeneity_score": 0.3614559757434209, "v_measure_score": 0.20567198877561382}, "classification": {"f1_score": 0.009419212766048436, "hamming_loss": 0.959, "jaccard_score": 0.004976091446679682, "accuracy_score": 0.041, "recall_score": 0.005175165728798947, "precision_score": 0.058874680306905375}, "found_clusters": 34, "expected_clusters": 4, "time": 5.2276}, "agglomerative": {"clustering": {"adjusted_mutual_info_score": 0.17267059248037336, "adjusted_rand_score": 0.11879677723102823, "completeness_score": 0.17898952448051336, "fowlkes_mallows_score": 0.35583778620688905, "homogeneity_score": 0.172070823962512, "v_measure_score": 0.17546199731536236}, "classification": {"f1_score": 0.42896650966852684, "hamming_loss": 0.588, "jaccard_score": 0.2829184374216257, "accuracy_score": 0.412, "recall_score": 0.42575700700700697, "precision_score": 0.4886446010130221}, "found_clusters": 4, "expected_clusters": 4, "time": 0.029}, "birch": {"clustering": {"adjusted_mutual_info_score": 0.1829010006238215, "adjusted_rand_score": 0.13208300214327692, "completeness_score": 0.23858419974587758, "fowlkes_mallows_score": 0.4511275543570507, "homogeneity_score": 0.15121405265728322, "v_measure_score": 0.1851074678818974}, "classification": {"f1_score": 0.34580913598622415, "hamming_loss": 0.567, "jaccard_score": 0.23257116008864664, "accuracy_score": 0.433, "recall_score": 0.400262194012194, "precision_score": 0.3557388366627497}, "found_clusters": 3, "expected_clusters": 4, "time": 0.02}, "dbscan": {"clustering": {"adjusted_mutual_info_score": -2.039318424416053e-16, "adjusted_rand_score": 0.0, "completeness_score": 1.0, "fowlkes_mallows_score": 0.5083821913211088, "homogeneity_score": 1.6236611659325187e-16, "v_measure_score": 3.247322331865037e-16}, "classification": {"f1_score": 0.11449498843484965, "hamming_loss": 0.703, "jaccard_score": 0.07425, "accuracy_score": 0.297, "recall_score": 0.25, "precision_score": 0.07425}, "found_clusters": 1, "expected_clusters": 4, "time": 0.019}, "k_means": {"clustering": {"adjusted_mutual_info_score": 0.20481498119501432, "adjusted_rand_score": 0.15609376840596875, "completeness_score": 0.20675153539378427, "fowlkes_mallows_score": 0.37229700397451415, "homogeneity_score": 0.20812229872351373, "v_measure_score": 0.20743465252428744}, "classification": {"f1_score": 0.5066421059114132, "hamming_loss": 0.506, "jaccard_score": 0.3492305589580368, "accuracy_score": 0.494, "recall_score": 0.5145097972303855, "precision_score": 0.5136567057894843}, "found_clusters": 4, "expected_clusters": 4, "time": 0.047}, "mini_batch_k_means": {"clustering": {"adjusted_mutual_info_score": 0.1898648434917025, "adjusted_rand_score": 0.15338011671791774, "completeness_score": 0.19152555577794642, "fowlkes_mallows_score": 0.36920035134404267, "homogeneity_score": 0.19354187745046125, "v_measure_score": 0.1925284375997557}, "classification": {"f1_score": 0.4890724116614723, "hamming_loss": 0.511, "jaccard_score": 0.33204699257286374, "accuracy_score": 0.489, "recall_score": 0.506395800881095, "precision_score": 0.485928342479519}, "found_clusters": 4, "expected_clusters": 4, "time": 0.019}, "mean_shift": {"clustering": {"adjusted_mutual_info_score": -2.039318424416053e-16, "adjusted_rand_score": 0.0, "completeness_score": 1.0, "fowlkes_mallows_score": 0.5083821913211088, "homogeneity_score": 1.6236611659325187e-16, "v_measure_score": 3.247322331865037e-16}, "classification": {"f1_score": 0.11449498843484965, "hamming_loss": 0.703, "jaccard_score": 0.07425, "accuracy_score": 0.297, "recall_score": 0.25, "precision_score": 0.07425}, "found_clusters": 1, "expected_clusters": 4, "time": 5.844}, "optics": {"clustering": {"adjusted_mutual_info_score": 0.09293052778487036, "adjusted_rand_score": -0.0028862359853745654, "completeness_score": 0.10530566902677314, "fowlkes_mallows_score": 0.26638796358097605, "homogeneity_score": 0.19603411605937374, "v_measure_score": 0.1370114718692249}, "classification": {"f1_score": 0.0020493911010740396, "hamming_loss": 0.983, "jaccard_score": 0.001059293628767393, "accuracy_score": 0.017, "recall_score": 0.0010773413179830293, "precision_score": 0.02481962481962482}, "found_clusters": 55, "expected_clusters": 4, "time": 0.602}, "spectral_clustering": {"clustering": {"adjusted_mutual_info_score": 0.16899283215129116, "adjusted_rand_score": 0.0974922422195344, "completeness_score": 0.18054813039373585, "fowlkes_mallows_score": 0.3552378573196954, "homogeneity_score": 0.16400227527988856, "v_measure_score": 0.17187792377845035}, "classification": {"f1_score": 0.40373306076321114, "hamming_loss": 0.602, "jaccard_score": 0.2563505356618481, "accuracy_score": 0.398, "recall_score": 0.4228548066783361, "precision_score": 0.49726423956753907}, "found_clusters": 4, "expected_clusters": 4, "time": 0.208}, "gaussian_mixture_model": {"clustering": {"adjusted_mutual_info_score": 0.18986609105466012, "adjusted_rand_score": 0.1398045624863693, "completeness_score": 0.19271519930967113, "fowlkes_mallows_score": 0.3623505979202078, "homogeneity_score": 0.19237829835156547, "v_measure_score": 0.1925466014608805}, "classification": {"f1_score": 0.5028637275493769, "hamming_loss": 0.511, "jaccard_score": 0.3444278469298702, "accuracy_score": 0.489, "recall_score": 0.4987862193744547, "precision_score": 0.5204288907726328}, "found_clusters": 4, "expected_clusters": 4, "time": 0.012}}, "classification_alg": {"KNeighborsClassifier": {"clustering": {"adjusted_mutual_info_score": 0.18160854551744066, "adjusted_rand_score": 0.17262099658469257, "completeness_score": 0.19978868842761507, "fowlkes_mallows_score": 0.40197301893188714, "homogeneity_score": 0.19241925360539308, "v_measure_score": 0.19603473660819828}, "classification": {"f1_score": 0.5264650658486275, "hamming_loss": 0.455, "jaccard_score": 0.369263726204346, "accuracy_score": 0.545, "recall_score": 0.52810162128187, "precision_score": 0.535407827931562}, "time": 0.007}, "DecisionTreeClassifier": {"clustering": {"adjusted_mutual_info_score": 0.13004397456381372, "adjusted_rand_score": 0.12152154790564192, "completeness_score": 0.14418320315509392, "fowlkes_mallows_score": 0.35232426862692534, "homogeneity_score": 0.14562347746097107, "v_measure_score": 0.14489976138764366}, "classification": {"f1_score": 0.4740661465663025, "hamming_loss": 0.515, "jaccard_score": 0.3221385046113307, "accuracy_score": 0.485, "recall_score": 0.4708298406501448, "precision_score": 0.4797080843133475}, "time": 0.002}, "RandomForestClassifier": {"clustering": {"adjusted_mutual_info_score": 0.16053779025972983, "adjusted_rand_score": 0.15311230592223024, "completeness_score": 0.1751719271463856, "fowlkes_mallows_score": 0.3783886724899972, "homogeneity_score": 0.17481081015005867, "v_measure_score": 0.17499118234548328}, "classification": {"f1_score": 0.5164764613917157, "hamming_loss": 0.475, "jaccard_score": 0.3573973586609785, "accuracy_score": 0.525, "recall_score": 0.520265928485663, "precision_score": 0.5142942509467933}, "time": 0.2484}, "LinearSVC": {"clustering": {"adjusted_mutual_info_score": 0.1863714251024363, "adjusted_rand_score": 0.17313572157157225, "completeness_score": 0.20385731919860334, "fowlkes_mallows_score": 0.3995861793300029, "homogeneity_score": 0.19759712265432747, "v_measure_score": 0.20067841082912025}, "classification": {"f1_score": 0.4963102650709889, "hamming_loss": 0.485, "jaccard_score": 0.3418017057569296, "accuracy_score": 0.515, "recall_score": 0.5412881648188419, "precision_score": 0.5221079016471711}, "time": 0.005}, "LogisticRegression": {"clustering": {"adjusted_mutual_info_score": 0.16293528322683082, "adjusted_rand_score": 0.14631321966964894, "completeness_score": 0.17906306525937196,