{"clustering_alg": {"affinity_propagation": {"clustering": {"adjusted_mutual_info_score": 0.3556163295878572, "adjusted_rand_score": 0.07065168034277894, "completeness_score": 0.2533811153691507, "fowlkes_mallows_score": 0.20467732315872972, "homogeneity_score": 0.730776660345541, "v_measure_score": 0.37629130176740216}, "classification": {"f1_score": 0.00483984017858884, "hamming_loss": 0.969, "jaccard_score": 0.0026040260293133857, "accuracy_score": 0.031, "recall_score": 0.0026479354754834557, "precision_score": 0.029288499025341135}, "found_clusters": 54, "expected_clusters": 4, "time": 2.4341}, "agglomerative": {"clustering": {"adjusted_mutual_info_score": 0.5118464103798624, "adjusted_rand_score": 0.4844313219740938, "completeness_score": 0.5148708914315715, "fowlkes_mallows_score": 0.6181007368874447, "homogeneity_score": 0.5120594366530641, "v_measure_score": 0.5134613155446371}, "classification": {"f1_score": 0.7877494227834257, "hamming_loss": 0.226, "jaccard_score": 0.6560127986124985, "accuracy_score": 0.774, "recall_score": 0.7859915487499014, "precision_score": 0.7921692266874665}, "found_clusters": 4, "expected_clusters": 4, "time": 0.054}, "birch": {"clustering": {"adjusted_mutual_info_score": 0.3657733100075592, "adjusted_rand_score": 0.33052032701132117, "completeness_score": 0.4199472847059576, "fowlkes_mallows_score": 0.537467705194508, "homogeneity_score": 0.32644838056039044, "v_measure_score": 0.36734165910267635}, "classification": {"f1_score": 0.19376432269563743, "hamming_loss": 0.762, "jaccard_score": 0.11859630022465768, "accuracy_score": 0.238, "recall_score": 0.27708111522829604, "precision_score": 0.1614970289555255}, "found_clusters": 3, "expected_clusters": 4, "time": 0.05}, "dbscan": {"clustering": {"adjusted_mutual_info_score": -8.475894030572071e-05, "adjusted_rand_score": -0.00057939281100442, "completeness_score": 0.08673378685335684, "fowlkes_mallows_score": 0.505083284092052, "homogeneity_score": 0.0012927301988346325, "v_measure_score": 0.0025474911260692495}, "classification": {"f1_score": 0.06317567567567568, "hamming_loss": 0.813, "jaccard_score": 0.037512537612838515, "accuracy_score": 0.187, "recall_score": 0.2, "precision_score": 0.037512537612838515}, "found_clusters": 2, "expected_clusters": 4, "time": 0.048}, "k_means": {"clustering": {"adjusted_mutual_info_score": 0.5694125829937506, "adjusted_rand_score": 0.5607385795153078, "completeness_score": 0.5682099413596939, "fowlkes_mallows_score": 0.6723460343721921, "homogeneity_score": 0.5734669739756337, "v_measure_score": 0.5708263542470052}, "classification": {"f1_score": 0.8149195123358399, "hamming_loss": 0.189, "jaccard_score": 0.6900635628942055, "accuracy_score": 0.811, "recall_score": 0.8296625571145919, "precision_score": 0.8115394670688788}, "found_clusters": 4, "expected_clusters": 4, "time": 0.323}, "mini_batch_k_means": {"clustering": {"adjusted_mutual_info_score": 0.5500056379863272, "adjusted_rand_score": 0.5148857102145792, "completeness_score": 0.5498704999659174, "fowlkes_mallows_score": 0.638686171797834, "homogeneity_score": 0.553110352188752, "v_measure_score": 0.5514856677706037}, "classification": {"f1_score": 0.7863683189273749, "hamming_loss": 0.219, "jaccard_score": 0.6544781442990693, "accuracy_score": 0.781, "recall_score": 0.80507371628489, "precision_score": 0.7834064705327102}, "found_clusters": 4, "expected_clusters": 4, "time": 0.049}, "mean_shift": {"clustering": {"adjusted_mutual_info_score": 5.503127334123816e-16, "adjusted_rand_score": 0.0, "completeness_score": 1.0, "fowlkes_mallows_score": 0.507027688669048, "homogeneity_score": 2.0255916276972117e-16, "v_measure_score": 4.0511832553944224e-16}, "classification": {"f1_score": 0.07877000842459983, "hamming_loss": 0.813, "jaccard_score": 0.04675, "accuracy_score": 0.187, "recall_score": 0.25, "precision_score": 0.04675}, "found_clusters": 1, "expected_clusters": 4, "time": 13.2664}, "optics": {"clustering": {"adjusted_mutual_info_score": 0.10823026656583772, "adjusted_rand_score": 0.011784920254439562, "completeness_score": 0.22231785636681548, "fowlkes_mallows_score": 0.46488070581650853, "homogeneity_score": 0.09656808651581873, "v_measure_score": 0.13464883270532613}, "classification": {"f1_score": 0.003462529079428381, "hamming_loss": 0.994, "jaccard_score": 0.0017729016740385994, "accuracy_score": 0.006, "recall_score": 0.0017806786364136554, "precision_score": 0.06372549019607843}, "found_clusters": 17, "expected_clusters": 4, "time": 1.213}, "spectral_clustering": {"clustering": {"adjusted_mutual_info_score": 0.5528697991208139, "adjusted_rand_score": 0.5476993567672199, "completeness_score": 0.5533273761317657, "fowlkes_mallows_score": 0.6633982698623746, "homogeneity_score": 0.5553605515214133, "v_measure_score": 0.5543420995498792}, "classification": {"f1_score": 0.8118979130198293, "hamming_loss": 0.195, "jaccard_score": 0.6871861804747684, "accuracy_score": 0.805, "recall_score": 0.8199216857115875, "precision_score": 0.8110519714820099}, "found_clusters": 4, "expected_clusters": 4, "time": 0.7026}, "gaussian_mixture_model": {"clustering": {"adjusted_mutual_info_score": 0.635336258129097, "adjusted_rand_score": 0.6351244378260764, "completeness_score": 0.6357127894984397, "fowlkes_mallows_score": 0.7285905568536036, "homogeneity_score": 0.6373647105941538, "v_measure_score": 0.636537678295635}, "classification": {"f1_score": 0.8604259486244944, "hamming_loss": 0.149, "jaccard_score": 0.7598030331379944, "accuracy_score": 0.851, "recall_score": 0.8631628305902839, "precision_score": 0.8584898337983782}, "found_clusters": 4, "expected_clusters": 4, "time": 0.025}}, "classification_alg": {"KNeighborsClassifier": {"clustering": {"adjusted_mutual_info_score": 0.6130365412585941, "adjusted_rand_score": 0.6192963682640025, "completeness_score": 0.6188122904599098, "fowlkes_mallows_score": 0.7146747967684661, "homogeneity_score": 0.6201932267038571, "v_measure_score": 0.6195019890191642}, "classification": {"f1_score": 0.8410183566433567, "hamming_loss": 0.16, "jaccard_score": 0.7300782018493015, "accuracy_score": 0.84, "recall_score": 0.8481601105661256, "precision_score": 0.8446260806063237}, "time": 0.009}, "DecisionTreeClassifier": {"clustering": {"adjusted_mutual_info_score": 0.4483475056510434, "adjusted_rand_score": 0.45354602250510123, "completeness_score": 0.4593518709605506, "fowlkes_mallows_score": 0.5924044865672923, "homogeneity_score": 0.4558940024970731, "v_measure_score": 0.4576164046838951}, "classification": {"f1_score": 0.7507199374787136, "hamming_loss": 0.25, "jaccard_score": 0.6064854400258127, "accuracy_score": 0.75, "recall_score": 0.7512214602440167, "precision_score": 0.7548875915023898}, "time": 0.005}, "RandomForestClassifier": {"clustering": {"adjusted_mutual_info_score": 0.5926881406305297, "adjusted_rand_score": 0.5994890594929014, "completeness_score": 0.5994474356110506, "fowlkes_mallows_score": 0.7001300745000641, "homogeneity_score": 0.5995556035769262, "v_measure_score": 0.5995015147148062}, "classification": {"f1_score": 0.830010478136664, "hamming_loss": 0.17, "jaccard_score": 0.7109732176036524, "accuracy_score": 0.83, "recall_score": 0.8327942733957772, "precision_score": 0.8326400110386285}, "time": 0.2495}, "LinearSVC": {"clustering": {"adjusted_mutual_info_score": 0.552419322007412, "adjusted_rand_score": 0.5570882268634659, "completeness_score": 0.5591857120267227, "fowlkes_mallows_score": 0.668007242175892, "homogeneity_score": 0.5606084721273139, "v_measure_score": 0.5598961882295379}, "classification": {"f1_score": 0.8057244964693931, "hamming_loss": 0.195, "jaccard_score": 0.6814383520579534, "accuracy_score": 0.805, "recall_score": 0.8114991524765961, "precision_score": 0.8074615839243499}, "time": 0.005}, "LogisticRegression": {"clustering": {"adjusted_mutual_info_score": 0.5843182446986267, "adjusted_rand_score": 0.5985803204194757, "completeness_score": 0.5917065891750325,