{"clustering_alg": {"affinity_propagation": {"clustering": {"adjusted_mutual_info_score": 0.309208404065124, "adjusted_rand_score": 0.02770109171461654, "completeness_score": 0.20453838483823375, "fowlkes_mallows_score": 0.12514530079195813, "homogeneity_score": 0.7349197386972164, "v_measure_score": 0.32001276602552725}, "classification": {"f1_score": 0.00031988837693042605, "hamming_loss": 0.9934, "jaccard_score": 0.0001636576027601271, "accuracy_score": 0.0066, "recall_score": 0.00016514012492044918, "precision_score": 0.005093256814921091}, "found_clusters": 160, "expected_clusters": 4, "time": 75.5023}, "agglomerative": {"clustering": {"adjusted_mutual_info_score": 0.33425412435606566, "adjusted_rand_score": 0.26422862924015544, "completeness_score": 0.34735851550450825, "fowlkes_mallows_score": 0.4656352724271902, "homogeneity_score": 0.32293642373253134, "v_measure_score": 0.33470256206245363}, "classification": {"f1_score": 0.5975551919508344, "hamming_loss": 0.398, "jaccard_score": 0.430041856817191, "accuracy_score": 0.602, "recall_score": 0.6024529944939039, "precision_score": 0.6676074815594275}, "found_clusters": 4, "expected_clusters": 4, "time": 1.6125}, "birch": {"clustering": {"adjusted_mutual_info_score": 0.2245675843362653, "adjusted_rand_score": 0.14900612386709156, "completeness_score": 0.2767803419848978, "fowlkes_mallows_score": 0.43144454776014557, "homogeneity_score": 0.18949293349962476, "v_measure_score": 0.2249664379038107}, "classification": {"f1_score": 0.20885991689712582, "hamming_loss": 0.6932, "jaccard_score": 0.13975836587933504, "accuracy_score": 0.3068, "recall_score": 0.3065390334565969, "precision_score": 0.16138372277610272}, "found_clusters": 3, "expected_clusters": 4, "time": 0.786}, "dbscan": {"clustering": {"adjusted_mutual_info_score": 0.12773030867675117, "adjusted_rand_score": 0.029777044405047907, "completeness_score": 0.1511050787466231, "fowlkes_mallows_score": 0.38265982591884035, "homogeneity_score": 0.13741988165159227, "v_measure_score": 0.14393792488286855}, "classification": {"f1_score": 0.0024600422453164472, "hamming_loss": 0.9638, "jaccard_score": 0.001323825498625696, "accuracy_score": 0.0362, "recall_score": 0.0020564176814176814, "precision_score": 0.014674250137508924}, "found_clusters": 70, "expected_clusters": 4, "time": 0.073}, "k_means": {"clustering": {"adjusted_mutual_info_score": 0.25235426652375403, "adjusted_rand_score": 0.20686060873621193, "completeness_score": 0.2543763662058143, "fowlkes_mallows_score": 0.4084734453962494, "homogeneity_score": 0.2513280043360699, "v_measure_score": 0.2528429975808308}, "classification": {"f1_score": 0.5628957812999452, "hamming_loss": 0.438, "jaccard_score": 0.39273726018179234, "accuracy_score": 0.562, "recall_score": 0.5619738944378644, "precision_score": 0.572867413722497}, "found_clusters": 4, "expected_clusters": 4, "time": 0.1841}, "mini_batch_k_means": {"clustering": {"adjusted_mutual_info_score": 0.25045078775642987, "adjusted_rand_score": 0.19711560393574226, "completeness_score": 0.2564101087591857, "fowlkes_mallows_score": 0.40935366863632633, "homogeneity_score": 0.245714217434358, "v_measure_score": 0.25094824500391644}, "classification": {"f1_score": 0.518716749460394, "hamming_loss": 0.485, "jaccard_score": 0.36312876047117293, "accuracy_score": 0.515, "recall_score": 0.5147775265428797, "precision_score": 0.5648309769951556}, "found_clusters": 4, "expected_clusters": 4, "time": 0.033}, "mean_shift": {"clustering": {"adjusted_mutual_info_score": -9.615457097472687e-16, "adjusted_rand_score": 0.0, "completeness_score": 1.0, "fowlkes_mallows_score": 0.4998537093451935, "homogeneity_score": 4.805165793692823e-16, "v_measure_score": 9.610331587385643e-16}, "classification": {"f1_score": 0.10051134547778842, "hamming_loss": 0.7484, "jaccard_score": 0.0629, "accuracy_score": 0.2516, "recall_score": 0.25, "precision_score": 0.0629}, "found_clusters": 1, "expected_clusters": 4, "time": 37.3988}, "optics": {"clustering": {"adjusted_mutual_info_score": 0.11457080638776405, "adjusted_rand_score": 0.0007187794752168017, "completeness_score": 0.16910568621915406, "fowlkes_mallows_score": 0.43563845150328895, "homogeneity_score": 0.11709509331142132, "v_measure_score": 0.13837450855166766}, "classification": {"f1_score": 8.968686563571034e-05, "hamming_loss": 0.999, "jaccard_score": 4.493665797294425e-05, "accuracy_score": 0.001, "recall_score": 4.503760943866324e-05, "precision_score": 0.010486891385767791}, "found_clusters": 89, "expected_clusters": 4, "time": 4.3886}, "spectral_clustering": {"clustering": {"adjusted_mutual_info_score": 0.3527296616910974, "adjusted_rand_score": 0.18396070491054517, "completeness_score": 0.393449282096922, "fowlkes_mallows_score": 0.4473357309542661, "homogeneity_score": 0.3204106175625981, "v_measure_score": 0.3531934698009043}, "classification": {"f1_score": 0.5942903723953448, "hamming_loss": 0.4124, "jaccard_score": 0.4238554690082255, "accuracy_score": 0.5876, "recall_score": 0.5880873713570284, "precision_score": 0.75282917468361}, "found_clusters": 4, "expected_clusters": 4, "time": 4.2582}, "gaussian_mixture_model": {"clustering": {"adjusted_mutual_info_score": 0.9506175441397416, "adjusted_rand_score": 0.9719354544413576, "completeness_score": 0.9506499099909784, "fowlkes_mallows_score": 0.9789474914652209, "homogeneity_score": 0.9506493516415936, "v_measure_score": 0.9506496308162041}, "classification": {"f1_score": 0.9893982903536856, "hamming_loss": 0.0106, "jaccard_score": 0.9790247634994493, "accuracy_score": 0.9894, "recall_score": 0.9894048010459026, "precision_score": 0.9894033256696257}, "found_clusters": 4, "expected_clusters": 4, "time": 0.074}}, "classification_alg": {"KNeighborsClassifier": {"clustering": {"adjusted_mutual_info_score": 0.7233521135142051, "adjusted_rand_score": 0.7739371468401597, "completeness_score": 0.7241659610288212, "fowlkes_mallows_score": 0.8303580886600086, "homogeneity_score": 0.7243427598035569, "v_measure_score": 0.7242543496265382}, "classification": {"f1_score": 0.9105540747081846, "hamming_loss": 0.09, "jaccard_score": 0.8367662038523409, "accuracy_score": 0.91, "recall_score": 0.9113667499439064, "precision_score": 0.9109264116907638}, "time": 0.042}, "DecisionTreeClassifier": {"clustering": {"adjusted_mutual_info_score": 0.5755462914842026, "adjusted_rand_score": 0.629490917780557, "completeness_score": 0.5768539577276305, "fowlkes_mallows_score": 0.7219602316386474, "homogeneity_score": 0.5770071701711695, "v_measure_score": 0.5769305537774424}, "classification": {"f1_score": 0.8453248364567887, "hamming_loss": 0.155, "jaccard_score": 0.7328037902099032, "accuracy_score": 0.845, "recall_score": 0.8463358322669409, "precision_score": 0.8459365965190643}, "time": 0.016}, "RandomForestClassifier": {"clustering": {"adjusted_mutual_info_score": 0.7023254352223706, "adjusted_rand_score": 0.7492286102182902, "completeness_score": 0.7033722032927381, "fowlkes_mallows_score": 0.8118562204278004, "homogeneity_score": 0.703220762459569, "v_measure_score": 0.7032964747237148}, "classification": {"f1_score": 0.8993878086703979, "hamming_loss": 0.101, "jaccard_score": 0.8185625739447877, "accuracy_score": 0.899, "recall_score": 0.9004729419857831, "precision_score": 0.9006693500612121}, "time": 0.5922}, "LinearSVC": {"clustering": {"adjusted_mutual_info_score": 0.346678783221834, "adjusted_rand_score": 0.3764141019010021, "completeness_score": 0.34898479470308685, "fowlkes_mallows_score": 0.5323157744325014, "homogeneity_score": 0.3486370318996306, "v_measure_score": 0.348810826621898}, "classification": {"f1_score": 0.7103285415289711, "hamming_loss": 0.291, "jaccard_score": 0.5515550016006902, "accuracy_score": 0.709, "recall_score": 0.7099591195666377, "precision_score": 0.7118796932707006}, "time": 0.281}, "LogisticRegression": {"clustering": {"adjusted_mutual_info_score": 0.37827843115987536, "adjusted_rand_score": 0.41013331579649853,