{"clustering_alg": {"affinity_propagation": {"clustering": {"adjusted_mutual_info_score": 0.5214847578109508, "adjusted_rand_score": 0.21378918951095932, "completeness_score": 0.3818541069094658, "fowlkes_mallows_score": 0.3789416567711443, "homogeneity_score": 0.8646795069888715, "v_measure_score": 0.5297593538156784}, "classification": {"f1_score": 0.0, "hamming_loss": 1.0, "jaccard_score": 0.0, "accuracy_score": 0.0, "recall_score": 0.0, "precision_score": 0.0}, "found_clusters": 26, "expected_clusters": 4, "time": 6.2764}, "agglomerative": {"clustering": {"adjusted_mutual_info_score": 0.7787308877273987, "adjusted_rand_score": 0.7652872773332512, "completeness_score": 0.7818754884259322, "fowlkes_mallows_score": 0.8243207732184729, "homogeneity_score": 0.7770484191890022, "v_measure_score": 0.7794544805121691}, "classification": {"f1_score": 0.8979026411981199, "hamming_loss": 0.101, "jaccard_score": 0.8196073851057479, "accuracy_score": 0.899, "recall_score": 0.8993882566078385, "precision_score": 0.9051743098571725}, "found_clusters": 4, "expected_clusters": 4, "time": 0.023}, "birch": {"clustering": {"adjusted_mutual_info_score": 0.44399569104025255, "adjusted_rand_score": 0.30067355682996477, "completeness_score": 0.6014948327346141, "fowlkes_mallows_score": 0.562339750081431, "homogeneity_score": 0.3537897260092677, "v_measure_score": 0.4455273355386105}, "classification": {"f1_score": 0.12795118204050918, "hamming_loss": 0.846, "jaccard_score": 0.08418048539712879, "accuracy_score": 0.154, "recall_score": 0.15505143510287023, "precision_score": 0.10939412484700121}, "found_clusters": 3, "expected_clusters": 4, "time": 0.017}, "dbscan": {"clustering": {"adjusted_mutual_info_score": 0.012344511597014529, "adjusted_rand_score": 8.53218235514596e-05, "completeness_score": 0.189110950830605, "fowlkes_mallows_score": 0.4943621842575987, "homogeneity_score": 0.007639675067220527, "v_measure_score": 0.014686064752334874}, "classification": {"f1_score": 0.07980613893376413, "hamming_loss": 0.753, "jaccard_score": 0.04984863773965691, "accuracy_score": 0.247, "recall_score": 0.19919354838709677, "precision_score": 0.0498989898989899}, "found_clusters": 2, "expected_clusters": 4, "time": 0.008}, "k_means": {"clustering": {"adjusted_mutual_info_score": 0.6979881537085898, "adjusted_rand_score": 0.6679470454868436, "completeness_score": 0.7046125893464926, "fowlkes_mallows_score": 0.7525200715335107, "homogeneity_score": 0.6934382813134853, "v_measure_score": 0.6989807784571108}, "classification": {"f1_score": 0.8466468388415098, "hamming_loss": 0.15, "jaccard_score": 0.740236520330444, "accuracy_score": 0.85, "recall_score": 0.8509663176454867, "precision_score": 0.8657198182468716}, "found_clusters": 4, "expected_clusters": 4, "time": 0.033}, "mini_batch_k_means": {"clustering": {"adjusted_mutual_info_score": 0.677666722456361, "adjusted_rand_score": 0.6170281253245945, "completeness_score": 0.6889136376131519, "fowlkes_mallows_score": 0.7162243736679197, "homogeneity_score": 0.668849956607073, "v_measure_score": 0.6787335565411257}, "classification": {"f1_score": 0.8008524142581142, "hamming_loss": 0.193, "jaccard_score": 0.6821623645448659, "accuracy_score": 0.807, "recall_score": 0.80831820423681, "precision_score": 0.8355773284100826}, "found_clusters": 4, "expected_clusters": 4, "time": 0.026}, "mean_shift": {"clustering": {"adjusted_mutual_info_score": 2.5628222819705386e-18, "adjusted_rand_score": 0.0, "completeness_score": 1.0, "fowlkes_mallows_score": 0.49927073945032197, "homogeneity_score": 1.6017639260509524e-16, "v_measure_score": 3.203527852101904e-16}, "classification": {"f1_score": 0.09935897435897435, "hamming_loss": 0.752, "jaccard_score": 0.062, "accuracy_score": 0.248, "recall_score": 0.25, "precision_score": 0.062}, "found_clusters": 1, "expected_clusters": 4, "time": 7.908}, "optics": {"clustering": {"adjusted_mutual_info_score": 0.2527381546270785, "adjusted_rand_score": 0.012370915237422401, "completeness_score": 0.22909454513983762, "fowlkes_mallows_score": 0.28751025498240607, "homogeneity_score": 0.4087791949886162, "v_measure_score": 0.29362890442766043}, "classification": {"f1_score": 0.000784313725490196, "hamming_loss": 0.994, "jaccard_score": 0.00040160642570281126, "accuracy_score": 0.006, "recall_score": 0.00040160642570281126, "precision_score": 0.016666666666666666}, "found_clusters": 60, "expected_clusters": 4, "time": 0.7052}, "spectral_clustering": {"clustering": {"adjusted_mutual_info_score": 0.6749352623250681, "adjusted_rand_score": 0.6237686920379084, "completeness_score": 0.6873209979703871, "fowlkes_mallows_score": 0.7216600559082872, "homogeneity_score": 0.6650710394664745, "v_measure_score": 0.676012987230622}, "classification": {"f1_score": 0.8059700452348502, "hamming_loss": 0.186, "jaccard_score": 0.6893301992414718, "accuracy_score": 0.814, "recall_score": 0.8154775247803507, "precision_score": 0.843243281264126}, "found_clusters": 4, "expected_clusters": 4, "time": 0.207}, "gaussian_mixture_model": {"clustering": {"adjusted_mutual_info_score": 0.8194354128738096, "adjusted_rand_score": 0.8390461113782949, "completeness_score": 0.8205476860131758, "fowlkes_mallows_score": 0.8792404257708307, "homogeneity_score": 0.8195017982561943, "v_measure_score": 0.8200244086443816}, "classification": {"f1_score": 0.9363973012792931, "hamming_loss": 0.064, "jaccard_score": 0.882483415742634, "accuracy_score": 0.936, "recall_score": 0.9362513554344378, "precision_score": 0.9385574615943778}, "found_clusters": 4, "expected_clusters": 4, "time": 0.015}}, "classification_alg": {"KNeighborsClassifier": {"clustering": {"adjusted_mutual_info_score": 0.7833918139133675, "adjusted_rand_score": 0.7909140519157519, "completeness_score": 0.7864006632984072, "fowlkes_mallows_score": 0.8434235724676041, "homogeneity_score": 0.7876282041050948, "v_measure_score": 0.7870139550394903}, "classification": {"f1_score": 0.9239010989010988, "hamming_loss": 0.08, "jaccard_score": 0.8607759892469593, "accuracy_score": 0.92, "recall_score": 0.926058201058201, "precision_score": 0.9226279873651588}, "time": 0.007}, "DecisionTreeClassifier": {"clustering": {"adjusted_mutual_info_score": 0.8174326461868071, "adjusted_rand_score": 0.8283224004547867, "completeness_score": 0.8197886397333134, "fowlkes_mallows_score": 0.8714376413040134, "homogeneity_score": 0.8211830034109465, "v_measure_score": 0.820485229163945}, "classification": {"f1_score": 0.9376604750060178, "hamming_loss": 0.065, "jaccard_score": 0.884288759803634, "accuracy_score": 0.935, "recall_score": 0.9406144781144781, "precision_score": 0.936781125655731}, "time": 0.001}, "RandomForestClassifier": {"clustering": {"adjusted_mutual_info_score": 0.8553767516250423, "adjusted_rand_score": 0.8653021867129664, "completeness_score": 0.856125198275513, "fowlkes_mallows_score": 0.8990294699318963, "homogeneity_score": 0.8594651094085919, "v_measure_score": 0.8577919027726313}, "classification": {"f1_score": 0.95258501924034, "hamming_loss": 0.05, "jaccard_score": 0.9107588678778891, "accuracy_score": 0.95, "recall_score": 0.9560185185185185, "precision_score": 0.9501379234249145}, "time": 0.188}, "LinearSVC": {"clustering": {"adjusted_mutual_info_score": 0.7236499884286355, "adjusted_rand_score": 0.7069849147349302, "completeness_score": 0.7256968767996147, "fowlkes_mallows_score": 0.7800340470312541, "homogeneity_score": 0.7308342363925753, "v_measure_score": 0.7282564965549644}, "classification": {"f1_score": 0.8838471263250025, "hamming_loss": 0.12, "jaccard_score": 0.797115469858156, "accuracy_score": 0.88, "recall_score": 0.8926587301587301, "precision_score": 0.8802406550737517}, "time": 0.012}, "LogisticRegression": {"clustering": {"adjusted_mutual_info_score": 0.7068838614957523, "adjusted_rand_score": 0.6856791150474694, "completeness_score": 0.7096397805386456, "fowlkes_mallows_score": 0.7641462790914055, "homogeneity_score": 0.7139186105400736,