{"clustering_alg": {"affinity_propagation": {"clustering": {"adjusted_mutual_info_score": -7.092249372142334e-16, "adjusted_rand_score": 0.0, "completeness_score": 1.0, "fowlkes_mallows_score": 0.5044354577408345, "homogeneity_score": 3.6273779521737556e-16, "v_measure_score": 7.254755904347508e-16}, "classification": {"f1_score": 0.0, "hamming_loss": 1.0, "jaccard_score": 0.0, "accuracy_score": 0.0, "recall_score": 0.0, "precision_score": 0.0}, "found_clusters": 1, "expected_clusters": 4, "time": 149.2453}, "agglomerative": {"clustering": {"adjusted_mutual_info_score": 0.34902222236791763, "adjusted_rand_score": 0.2568150260582086, "completeness_score": 0.36507927531342677, "fowlkes_mallows_score": 0.4687805500979269, "homogeneity_score": 0.33513391861591535, "v_measure_score": 0.3494662745632114}, "classification": {"f1_score": 0.48769908699706976, "hamming_loss": 0.5014, "jaccard_score": 0.3446009820147759, "accuracy_score": 0.4986, "recall_score": 0.5344570304853853, "precision_score": 0.5108923688577083}, "found_clusters": 4, "expected_clusters": 4, "time": 0.71}, "birch": {"clustering": {"adjusted_mutual_info_score": 0.3317288466662424, "adjusted_rand_score": 0.20553707769029628, "completeness_score": 0.453866982136682, "fowlkes_mallows_score": 0.5174132965719732, "homogeneity_score": 0.2618472806313788, "v_measure_score": 0.33209855167962216}, "classification": {"f1_score": 0.3293807278738757, "hamming_loss": 0.5786, "jaccard_score": 0.2382064534473671, "accuracy_score": 0.4214, "recall_score": 0.3892433688652981, "precision_score": 0.3305032376895558}, "found_clusters": 3, "expected_clusters": 4, "time": 0.085}, "dbscan": {"clustering": {"adjusted_mutual_info_score": -7.092249372142334e-16, "adjusted_rand_score": 0.0, "completeness_score": 1.0, "fowlkes_mallows_score": 0.5044354577408345, "homogeneity_score": 3.6273779521737556e-16, "v_measure_score": 7.254755904347508e-16}, "classification": {"f1_score": 0.10076652826572981, "hamming_loss": 0.7476, "jaccard_score": 0.0631, "accuracy_score": 0.2524, "recall_score": 0.25, "precision_score": 0.0631}, "found_clusters": 1, "expected_clusters": 4, "time": 0.221}, "k_means": {"clustering": {"adjusted_mutual_info_score": 0.3363618882528987, "adjusted_rand_score": 0.2713045009179112, "completeness_score": 0.3416099696958541, "fowlkes_mallows_score": 0.4638997761635835, "homogeneity_score": 0.33212760534299596, "v_measure_score": 0.3368020588426734}, "classification": {"f1_score": 0.5577449653712724, "hamming_loss": 0.4454, "jaccard_score": 0.4111341055951983, "accuracy_score": 0.5546, "recall_score": 0.5857675251049494, "precision_score": 0.5660662146682849}, "found_clusters": 4, "expected_clusters": 4, "time": 0.116}, "mini_batch_k_means": {"clustering": {"adjusted_mutual_info_score": 0.3373819829258027, "adjusted_rand_score": 0.2673474111140434, "completeness_score": 0.34353556896766, "fowlkes_mallows_score": 0.46235234605757053, "homogeneity_score": 0.33229651568051843, "v_measure_score": 0.3378225898810486}, "classification": {"f1_score": 0.5515648805506527, "hamming_loss": 0.4522, "jaccard_score": 0.404208036002526, "accuracy_score": 0.5478, "recall_score": 0.5789229338494617, "precision_score": 0.5647697987576026}, "found_clusters": 4, "expected_clusters": 4, "time": 0.047}, "mean_shift": {"clustering": {"adjusted_mutual_info_score": -7.092249372142334e-16, "adjusted_rand_score": 0.0, "completeness_score": 1.0, "fowlkes_mallows_score": 0.5044354577408345, "homogeneity_score": 3.6273779521737556e-16, "v_measure_score": 7.254755904347508e-16}, "classification": {"f1_score": 0.10076652826572981, "hamming_loss": 0.7476, "jaccard_score": 0.0631, "accuracy_score": 0.2524, "recall_score": 0.25, "precision_score": 0.0631}, "found_clusters": 1, "expected_clusters": 4, "time": 36.7783}, "optics": {"clustering": {"adjusted_mutual_info_score": 0.11946812040386827, "adjusted_rand_score": 0.0005491612144432257, "completeness_score": 0.10932758005231008, "fowlkes_mallows_score": 0.2391496280047212, "homogeneity_score": 0.294655459884548, "v_measure_score": 0.1594817860839562}, "classification": {"f1_score": 4.2329362871151815e-05, "hamming_loss": 0.9982, "jaccard_score": 2.12867747249682e-05, "accuracy_score": 0.0018, "recall_score": 2.1398997133941416e-05, "precision_score": 0.0022426095820591236}, "found_clusters": 327, "expected_clusters": 4, "time": 4.486}, "spectral_clustering": {"clustering": {"adjusted_mutual_info_score": 0.26920173699587296, "adjusted_rand_score": 0.1843069067261423, "completeness_score": 0.27948733751915106, "fowlkes_mallows_score": 0.40937714454165186, "homogeneity_score": 0.26056853666452223, "v_measure_score": 0.26969656302214606}, "classification": {"f1_score": 0.48590776815697456, "hamming_loss": 0.5256, "jaccard_score": 0.33068494927467806, "accuracy_score": 0.4744, "recall_score": 0.4979524098241992, "precision_score": 0.5620800468963663}, "found_clusters": 4, "expected_clusters": 4, "time": 3.024}, "gaussian_mixture_model": {"clustering": {"adjusted_mutual_info_score": 0.352231685715335, "adjusted_rand_score": 0.2956985297453849, "completeness_score": 0.36103320078740037, "fowlkes_mallows_score": 0.4858540969678424, "homogeneity_score": 0.34467634846534334, "v_measure_score": 0.352665216033769}, "classification": {"f1_score": 0.5652473643555328, "hamming_loss": 0.4322, "jaccard_score": 0.4310806579100519, "accuracy_score": 0.5678, "recall_score": 0.6037473328305344, "precision_score": 0.5750845868268322}, "found_clusters": 4, "expected_clusters": 4, "time": 0.049}}, "classification_alg": {"KNeighborsClassifier": {"clustering": {"adjusted_mutual_info_score": 0.3159455367311922, "adjusted_rand_score": 0.2695656738351449, "completeness_score": 0.3191768678095109, "fowlkes_mallows_score": 0.4582617947607667, "homogeneity_score": 0.3172404718087914, "v_measure_score": 0.3182057239203152}, "classification": {"f1_score": 0.5970344537104613, "hamming_loss": 0.411, "jaccard_score": 0.4506170466362849, "accuracy_score": 0.589, "recall_score": 0.5993707290203019, "precision_score": 0.5984021749232042}, "time": 0.03}, "DecisionTreeClassifier": {"clustering": {"adjusted_mutual_info_score": 0.28826070972398565, "adjusted_rand_score": 0.23756334686041838, "completeness_score": 0.2910199838606419, "fowlkes_mallows_score": 0.43385176481105037, "homogeneity_score": 0.2901979893934264, "v_measure_score": 0.29060840536928295}, "classification": {"f1_score": 0.5788917791927309, "hamming_loss": 0.434, "jaccard_score": 0.4310210321855716, "accuracy_score": 0.566, "recall_score": 0.5762075953625962, "precision_score": 0.5821268585179022}, "time": 0.009}, "RandomForestClassifier": {"clustering": {"adjusted_mutual_info_score": 0.3097209836172421, "adjusted_rand_score": 0.26989055250896676, "completeness_score": 0.31088852242892356, "fowlkes_mallows_score": 0.4552907692125927, "homogeneity_score": 0.31309199048525366, "v_measure_score": 0.31198636589370177}, "classification": {"f1_score": 0.5907394433844745, "hamming_loss": 0.418, "jaccard_score": 0.4440764829959293, "accuracy_score": 0.582, "recall_score": 0.598400963811632, "precision_score": 0.5849541346264164}, "time": 0.464}, "LinearSVC": {"clustering": {"adjusted_mutual_info_score": 0.37351062354823533, "adjusted_rand_score": 0.3249216213455682, "completeness_score": 0.3764147863569068, "fowlkes_mallows_score": 0.4990849088238955, "homogeneity_score": 0.37474658573827935, "v_measure_score": 0.375578833653815}, "classification": {"f1_score": 0.5779884692061703, "hamming_loss": 0.424, "jaccard_score": 0.44222800519355965, "accuracy_score": 0.576, "recall_score": 0.6040046533870705, "precision_score": 0.5652397391053676}, "time": 0.017}, "LogisticRegression": {"clustering": {"adjusted_mutual_info_score": 0.3706019436233484, "adjusted_rand_score": 0.3015186407018959, "completeness_score": 0.3750468764193496, "fowlkes_mallows_score": 0.483340008688908, "homogeneity_score": 0.3703596325305633, "v_measure_score": 0.37268851737848013},