{"clustering_alg": {"affinity_propagation": {"clustering": {"adjusted_mutual_info_score": 0.33813197779093285, "adjusted_rand_score": 0.06805150074200367, "completeness_score": 0.24321225051892978, "fowlkes_mallows_score": 0.19577896844323328, "homogeneity_score": 0.6886659007861918, "v_measure_score": 0.35947185445066715}, "classification": {"f1_score": 0.0052150906138568615, "hamming_loss": 0.962, "jaccard_score": 0.0027981554715945565, "accuracy_score": 0.038, "recall_score": 0.0028044929005602436, "precision_score": 0.037808641975308636}, "found_clusters": 54, "expected_clusters": 4, "time": 2.2208}, "agglomerative": {"clustering": {"adjusted_mutual_info_score": 0.34242065905346425, "adjusted_rand_score": 0.2825933630442347, "completeness_score": 0.3598548206913351, "fowlkes_mallows_score": 0.4826408691438653, "homogeneity_score": 0.3306917330725492, "v_measure_score": 0.34465747069565006}, "classification": {"f1_score": 0.5902926676609013, "hamming_loss": 0.391, "jaccard_score": 0.42606052248663656, "accuracy_score": 0.609, "recall_score": 0.6095583151265905, "precision_score": 0.6395265738308524}, "found_clusters": 4, "expected_clusters": 4, "time": 0.055}, "birch": {"clustering": {"adjusted_mutual_info_score": 0.344480982168338, "adjusted_rand_score": 0.32718033936633045, "completeness_score": 0.3990309481660788, "fowlkes_mallows_score": 0.5326328046300596, "homogeneity_score": 0.30555715340997086, "v_measure_score": 0.3460937258843237}, "classification": {"f1_score": 0.4095292796929341, "hamming_loss": 0.49, "jaccard_score": 0.3098667485448981, "accuracy_score": 0.51, "recall_score": 0.5117198624855417, "precision_score": 0.3473176612417119}, "found_clusters": 3, "expected_clusters": 4, "time": 0.141}, "dbscan": {"clustering": {"adjusted_mutual_info_score": 0.007223001664588796, "adjusted_rand_score": 8.077750599136249e-05, "completeness_score": 0.22139435899813448, "fowlkes_mallows_score": 0.4968228319922469, "homogeneity_score": 0.00502732192489602, "v_measure_score": 0.009831396980203331}, "classification": {"f1_score": 0.0, "hamming_loss": 1.0, "jaccard_score": 0.0, "accuracy_score": 0.0, "recall_score": 0.0, "precision_score": 0.0}, "found_clusters": 2, "expected_clusters": 4, "time": 0.013}, "k_means": {"clustering": {"adjusted_mutual_info_score": 0.31554336523004084, "adjusted_rand_score": 0.2774628251985858, "completeness_score": 0.32199584530068903, "fowlkes_mallows_score": 0.46359648376504536, "homogeneity_score": 0.3137208629493815, "v_measure_score": 0.3178044973268532}, "classification": {"f1_score": 0.6174828435743674, "hamming_loss": 0.387, "jaccard_score": 0.4523206765056677, "accuracy_score": 0.613, "recall_score": 0.6127647474617658, "precision_score": 0.6476657152795654}, "found_clusters": 4, "expected_clusters": 4, "time": 0.2086}, "mini_batch_k_means": {"clustering": {"adjusted_mutual_info_score": 0.26516129251544485, "adjusted_rand_score": 0.21665348003312718, "completeness_score": 0.27594086023690323, "fowlkes_mallows_score": 0.4269452387360774, "homogeneity_score": 0.2598074554080977, "v_measure_score": 0.26763123895204466}, "classification": {"f1_score": 0.5143060465685096, "hamming_loss": 0.481, "jaccard_score": 0.35432657118180483, "accuracy_score": 0.519, "recall_score": 0.5190219766096903, "precision_score": 0.5689666643407871}, "found_clusters": 4, "expected_clusters": 4, "time": 0.051}, "mean_shift": {"clustering": {"adjusted_mutual_info_score": 2.5627634168138465e-18, "adjusted_rand_score": 0.0, "completeness_score": 1.0, "fowlkes_mallows_score": 0.49925469978284154, "homogeneity_score": 1.6017271353280239e-16, "v_measure_score": 3.203454270656047e-16}, "classification": {"f1_score": 0.09935897435897435, "hamming_loss": 0.752, "jaccard_score": 0.062, "accuracy_score": 0.248, "recall_score": 0.25, "precision_score": 0.062}, "found_clusters": 1, "expected_clusters": 4, "time": 9.7227}, "optics": {"clustering": {"adjusted_mutual_info_score": 0.09636549035849852, "adjusted_rand_score": 0.0019316946464574228, "completeness_score": 0.1971963053881936, "fowlkes_mallows_score": 0.4483875393269042, "homogeneity_score": 0.08879940801849077, "v_measure_score": 0.12245578769920012}, "classification": {"f1_score": 0.001845444059976932, "hamming_loss": 0.996, "jaccard_score": 0.0009374267635340989, "accuracy_score": 0.004, "recall_score": 0.0009487666034155598, "precision_score": 0.03361344537815126}, "found_clusters": 17, "expected_clusters": 4, "time": 0.8601}, "spectral_clustering": {"clustering": {"adjusted_mutual_info_score": 0.3087956746976325, "adjusted_rand_score": 0.22117667990645093, "completeness_score": 0.39449053657617666, "fowlkes_mallows_score": 0.48790802538567657, "homogeneity_score": 0.25758532208853646, "v_measure_score": 0.3116661062500792}, "classification": {"f1_score": 0.40612748720206604, "hamming_loss": 0.508, "jaccard_score": 0.2858324711275392, "accuracy_score": 0.492, "recall_score": 0.4917913185965814, "precision_score": 0.4760096502705312}, "found_clusters": 4, "expected_clusters": 4, "time": 0.5161}, "gaussian_mixture_model": {"clustering": {"adjusted_mutual_info_score": 0.779914133046816, "adjusted_rand_score": 0.8243476251509637, "completeness_score": 0.7806642510543629, "fowlkes_mallows_score": 0.8681350069904282, "homogeneity_score": 0.7805989333710797, "v_measure_score": 0.7806315908463919}, "classification": {"f1_score": 0.9299278184259909, "hamming_loss": 0.07, "jaccard_score": 0.8705733675459599, "accuracy_score": 0.93, "recall_score": 0.9300380092533094, "precision_score": 0.92991805902311}, "found_clusters": 4, "expected_clusters": 4, "time": 0.038}}, "classification_alg": {"KNeighborsClassifier": {"clustering": {"adjusted_mutual_info_score": 0.6842658338638908, "adjusted_rand_score": 0.7006182032833708, "completeness_score": 0.6897674183153801, "fowlkes_mallows_score": 0.7747568922872334, "homogeneity_score": 0.6892635031338329, "v_measure_score": 0.6895153686561452}, "classification": {"f1_score": 0.8750563613075176, "hamming_loss": 0.125, "jaccard_score": 0.7820576298701298, "accuracy_score": 0.875, "recall_score": 0.8754645237541656, "precision_score": 0.8750055932582594}, "time": 0.012}, "DecisionTreeClassifier": {"clustering": {"adjusted_mutual_info_score": 0.4498657367937682, "adjusted_rand_score": 0.47846519557877726, "completeness_score": 0.46144254289071673, "fowlkes_mallows_score": 0.6092733593718364, "homogeneity_score": 0.45671029677445624, "v_measure_score": 0.4590642246117379}, "classification": {"f1_score": 0.7682561132561133, "hamming_loss": 0.23, "jaccard_score": 0.625712940543449, "accuracy_score": 0.77, "recall_score": 0.7718548980857165, "precision_score": 0.7785188227833507}, "time": 0.004}, "RandomForestClassifier": {"clustering": {"adjusted_mutual_info_score": 0.6445641779239177, "adjusted_rand_score": 0.6768393943354135, "completeness_score": 0.6506763717560625, "fowlkes_mallows_score": 0.7568502595702441, "homogeneity_score": 0.6502707285482133, "v_measure_score": 0.6504734869111299}, "classification": {"f1_score": 0.8639179931818438, "hamming_loss": 0.135, "jaccard_score": 0.7631204225543848, "accuracy_score": 0.865, "recall_score": 0.8653542296365186, "precision_score": 0.8638910443155725}, "time": 0.3001}, "LinearSVC": {"clustering": {"adjusted_mutual_info_score": 0.5504236210269171, "adjusted_rand_score": 0.564601531787111, "completeness_score": 0.559659621714179, "fowlkes_mallows_score": 0.6732034086888634, "homogeneity_score": 0.5561965169105588, "v_measure_score": 0.5579226953692299}, "classification": {"f1_score": 0.7935987368649098, "hamming_loss": 0.2, "jaccard_score": 0.6655610287873661, "accuracy_score": 0.8, "recall_score": 0.7974029779896148, "precision_score": 0.7961386588128073}, "time": 0.068}, "LogisticRegression": {"clustering": {"adjusted_mutual_info_score": 0.5268581748257832, "adjusted_rand_score": 0.5517721231833038, "completeness_score": 0.5351230670366294, "fowlkes_mallows_score": 0.662883989231642,