{"clustering_alg": {"affinity_propagation": {"clustering": {"adjusted_mutual_info_score": -1.281370601507323e-15, "adjusted_rand_score": 0.0, "completeness_score": 1.0, "fowlkes_mallows_score": 0.4998499474782395, "homogeneity_score": 6.40685300762983e-16, "v_measure_score": 1.2813706015259653e-15}, "classification": {"f1_score": 0.0, "hamming_loss": 1.0, "jaccard_score": 0.0, "accuracy_score": 0.0, "recall_score": 0.0, "precision_score": 0.0}, "found_clusters": 1, "expected_clusters": 4, "time": 153.2766}, "agglomerative": {"clustering": {"adjusted_mutual_info_score": 0.9310862556000733, "adjusted_rand_score": 0.9390420801578097, "completeness_score": 0.9311860709485682, "fowlkes_mallows_score": 0.9542749243520903, "homogeneity_score": 0.9310760061609318, "v_measure_score": 0.9311310353021849}, "classification": {"f1_score": 0.9759960671956494, "hamming_loss": 0.024, "jaccard_score": 0.9541916397994223, "accuracy_score": 0.976, "recall_score": 0.976, "precision_score": 0.976148208489916}, "found_clusters": 4, "expected_clusters": 4, "time": 0.685}, "birch": {"clustering": {"adjusted_mutual_info_score": 0.8570721064109494, "adjusted_rand_score": 0.7141631882897822, "completeness_score": 1.0, "fowlkes_mallows_score": 0.8163876493575091, "homogeneity_score": 0.7500000000000001, "v_measure_score": 0.8571428571428573}, "classification": {"f1_score": 0.16666666666666666, "hamming_loss": 0.75, "jaccard_score": 0.125, "accuracy_score": 0.25, "recall_score": 0.25, "precision_score": 0.125}, "found_clusters": 3, "expected_clusters": 4, "time": 0.156}, "dbscan": {"clustering": {"adjusted_mutual_info_score": 0.8352669067767599, "adjusted_rand_score": 0.706064966334251, "completeness_score": 0.9532378676017431, "fowlkes_mallows_score": 0.8086476063601212, "homogeneity_score": 0.7434716582978714, "v_measure_score": 0.8353879404342134}, "classification": {"f1_score": 0.6701572772213273, "hamming_loss": 0.253, "jaccard_score": 0.6230818001760563, "accuracy_score": 0.747, "recall_score": 0.7470000000000001, "precision_score": 0.7088875453446191}, "found_clusters": 4, "expected_clusters": 4, "time": 0.048}, "k_means": {"clustering": {"adjusted_mutual_info_score": 0.9399317532817021, "adjusted_rand_score": 0.9492610858248602, "completeness_score": 0.9399773468504604, "fowlkes_mallows_score": 0.9619384478103112, "homogeneity_score": 0.9399642196266702, "v_measure_score": 0.9399707831927331}, "classification": {"f1_score": 0.9801996166645787, "hamming_loss": 0.0198, "jaccard_score": 0.9619077439641849, "accuracy_score": 0.9802, "recall_score": 0.9802, "precision_score": 0.9802178280686057}, "found_clusters": 4, "expected_clusters": 4, "time": 0.051}, "mini_batch_k_means": {"clustering": {"adjusted_mutual_info_score": 0.9386933529160824, "adjusted_rand_score": 0.9477899931901386, "completeness_score": 0.9387507410235713, "fowlkes_mallows_score": 0.9608353398599038, "homogeneity_score": 0.9387156355497441, "v_measure_score": 0.938733187958451}, "classification": {"f1_score": 0.9795989424091744, "hamming_loss": 0.0204, "jaccard_score": 0.960797509039775, "accuracy_score": 0.9796, "recall_score": 0.9796, "precision_score": 0.9796476197304272}, "found_clusters": 4, "expected_clusters": 4, "time": 0.033}, "mean_shift": {"clustering": {"adjusted_mutual_info_score": 0.5770293018153215, "adjusted_rand_score": 0.3331999466453248, "completeness_score": 0.9999999999999988, "fowlkes_mallows_score": 0.6323036758870954, "homogeneity_score": 0.40563906222956625, "v_measure_score": 0.5771596324111231}, "classification": {"f1_score": 0.125, "hamming_loss": 0.75, "jaccard_score": 0.08333333333333333, "accuracy_score": 0.25, "recall_score": 0.25, "precision_score": 0.08333333333333333}, "found_clusters": 2, "expected_clusters": 4, "time": 13.5373}, "optics": {"clustering": {"adjusted_mutual_info_score": 0.2374130276411538, "adjusted_rand_score": 0.0038259377584163117, "completeness_score": 0.19077793332963172, "fowlkes_mallows_score": 0.2631145456661138, "homogeneity_score": 0.4666307105770068, "v_measure_score": 0.2708295469405523}, "classification": {"f1_score": 5.362505362505362e-05, "hamming_loss": 0.998, "jaccard_score": 2.7027027027027027e-05, "accuracy_score": 0.002, "recall_score": 2.7027027027027027e-05, "precision_score": 0.0033783783783783786}, "found_clusters": 296, "expected_clusters": 4, "time": 3.4292}, "spectral_clustering": {"clustering": {"adjusted_mutual_info_score": 0.9394567553151593, "adjusted_rand_score": 0.9487698025160348, "completeness_score": 0.9395015155585276, "fowlkes_mallows_score": 0.9615698709019647, "homogeneity_score": 0.9394906721294433, "v_measure_score": 0.9394960938126974}, "classification": {"f1_score": 0.9799996799948799, "hamming_loss": 0.02, "jaccard_score": 0.9615378925723753, "accuracy_score": 0.98, "recall_score": 0.98, "precision_score": 0.9800147209421404}, "found_clusters": 4, "expected_clusters": 4, "time": 3.3102}, "gaussian_mixture_model": {"clustering": {"adjusted_mutual_info_score": 0.9400498771186955, "adjusted_rand_score": 0.9492619961300701, "completeness_score": 0.9401045100464129, "fowlkes_mallows_score": 0.9619394725259662, "homogeneity_score": 0.9400731517909721, "v_measure_score": 0.9400888306571905}, "classification": {"f1_score": 0.980199084405663, "hamming_loss": 0.0198, "jaccard_score": 0.9619067965235683, "accuracy_score": 0.9802, "recall_score": 0.9802, "precision_score": 0.9802425856686453}, "found_clusters": 4, "expected_clusters": 4, "time": 0.017}}, "classification_alg": {"KNeighborsClassifier": {"clustering": {"adjusted_mutual_info_score": 0.9521229364283373, "adjusted_rand_score": 0.9622539542818751, "completeness_score": 0.9522013100542795, "fowlkes_mallows_score": 0.9716798716120084, "homogeneity_score": 0.9523569233298559, "v_measure_score": 0.9522791103348215}, "classification": {"f1_score": 0.984559991528116, "hamming_loss": 0.015, "jaccard_score": 0.9700454400510204, "accuracy_score": 0.985, "recall_score": 0.98472069170128, "precision_score": 0.9845020325203252}, "time": 0.028}, "DecisionTreeClassifier": {"clustering": {"adjusted_mutual_info_score": 0.9351245442383715, "adjusted_rand_score": 0.9454699249305363, "completeness_score": 0.9353361842783154, "fowlkes_mallows_score": 0.9590901075648034, "homogeneity_score": 0.9353361842783154, "v_measure_score": 0.9353361842783154}, "classification": {"f1_score": 0.9773416970416208, "hamming_loss": 0.022, "jaccard_score": 0.9566499100105506, "accuracy_score": 0.978, "recall_score": 0.9773416970416208, "precision_score": 0.9773416970416208}, "time": 0.003}, "RandomForestClassifier": {"clustering": {"adjusted_mutual_info_score": 0.9471518766927131, "adjusted_rand_score": 0.9574027993615556, "completeness_score": 0.9472468706098817, "fowlkes_mallows_score": 0.9680401407353575, "homogeneity_score": 0.9474016742073549, "v_measure_score": 0.9473242660844496}, "classification": {"f1_score": 0.9825013237318648, "hamming_loss": 0.017, "jaccard_score": 0.9661866122552276, "accuracy_score": 0.983, "recall_score": 0.982660845977791, "precision_score": 0.9824441056910569}, "time": 0.24}, "LinearSVC": {"clustering": {"adjusted_mutual_info_score": 0.943456160990796, "adjusted_rand_score": 0.9525933718634214, "completeness_score": 0.9435522992946221, "fowlkes_mallows_score": 0.9644313446678935, "homogeneity_score": 0.9437289241818789, "v_measure_score": 0.9436406034733585}, "classification": {"f1_score": 0.9804486188687555, "hamming_loss": 0.019, "jaccard_score": 0.9623690072791165, "accuracy_score": 0.981, "recall_score": 0.98073662795626, "precision_score": 0.9804904484487197}, "time": 0.071}, "LogisticRegression": {"clustering": {"adjusted_mutual_info_score": 0.9494088945203504, "adjusted_rand_score": 0.9598237860904335, "completeness_score": 0.9495062150425597, "fowlkes_mallows_score": 0.9698568378460743, "homogeneity_score": 0.9496416412802617, "v_measure_score": 0.9495739233328594}, "classification": {"f1_score": 0.9835290529205429, "hamming_loss": 0.016,