{"clustering_alg": {"affinity_propagation": {"clustering": {"adjusted_mutual_info_score": -1.281370601507323e-15, "adjusted_rand_score": 0.0, "completeness_score": 1.0, "fowlkes_mallows_score": 0.4998499474782395, "homogeneity_score": 6.40685300762983e-16, "v_measure_score": 1.2813706015259653e-15}, "classification": {"f1_score": 0.0, "hamming_loss": 1.0, "jaccard_score": 0.0, "accuracy_score": 0.0, "recall_score": 0.0, "precision_score": 0.0}, "found_clusters": 1, "expected_clusters": 4, "time": 147.0376}, "agglomerative": {"clustering": {"adjusted_mutual_info_score": 0.9896922628756705, "adjusted_rand_score": 0.9941535315824608, "completeness_score": 0.9897014172520835, "fowlkes_mallows_score": 0.9956142816226227, "homogeneity_score": 0.9896965035501109, "v_measure_score": 0.9896989603949983}, "classification": {"f1_score": 0.9977993455895823, "hamming_loss": 0.0022, "jaccard_score": 0.995616392850053, "accuracy_score": 0.9978, "recall_score": 0.9978, "precision_score": 0.9978055505695622}, "found_clusters": 4, "expected_clusters": 4, "time": 0.6846}, "birch": {"clustering": {"adjusted_mutual_info_score": 0.8478076895435697, "adjusted_rand_score": 0.7110406748280254, "completeness_score": 0.9888218807768995, "fowlkes_mallows_score": 0.8140011226812147, "homogeneity_score": 0.7421086830927247, "v_measure_score": 0.847883004753376}, "classification": {"f1_score": 0.000267022696929239, "hamming_loss": 0.9996, "jaccard_score": 0.0001335826876836762, "accuracy_score": 0.0004, "recall_score": 0.0004, "precision_score": 0.0002004008016032064}, "found_clusters": 3, "expected_clusters": 4, "time": 0.162}, "dbscan": {"clustering": {"adjusted_mutual_info_score": 0.8330602041065787, "adjusted_rand_score": 0.7051812223188736, "completeness_score": 0.9493638441040734, "fowlkes_mallows_score": 0.8078672321317191, "homogeneity_score": 0.7423369781763152, "v_measure_score": 0.8331826501947053}, "classification": {"f1_score": 0.6676709750962411, "hamming_loss": 0.2554, "jaccard_score": 0.6209835463617557, "accuracy_score": 0.7446, "recall_score": 0.7446, "precision_score": 0.6812232554312048}, "found_clusters": 4, "expected_clusters": 4, "time": 0.044}, "k_means": {"clustering": {"adjusted_mutual_info_score": 0.9890532918364415, "adjusted_rand_score": 0.9941496630533949, "completeness_score": 0.9890604615905461, "fowlkes_mallows_score": 0.995611369798032, "homogeneity_score": 0.9890603474375238, "v_measure_score": 0.9890604045140317}, "classification": {"f1_score": 0.9978000796800127, "hamming_loss": 0.0022, "jaccard_score": 0.995616570925139, "accuracy_score": 0.9978, "recall_score": 0.9978, "precision_score": 0.997800318720204}, "found_clusters": 4, "expected_clusters": 4, "time": 0.043}, "mini_batch_k_means": {"clustering": {"adjusted_mutual_info_score": 0.9907140523701413, "adjusted_rand_score": 0.9952101393532721, "completeness_score": 0.9907201431326791, "fowlkes_mallows_score": 0.996406886083778, "homogeneity_score": 0.9907200287881036, "v_measure_score": 0.9907200859603881}, "classification": {"f1_score": 0.9981999197439873, "hamming_loss": 0.0018, "jaccard_score": 0.9964105270807277, "accuracy_score": 0.9982, "recall_score": 0.9982, "precision_score": 0.9981999989759993}, "found_clusters": 4, "expected_clusters": 4, "time": 0.041}, "mean_shift": {"clustering": {"adjusted_mutual_info_score": 0.4840230526170605, "adjusted_rand_score": 0.3142644777170316, "completeness_score": 0.7890792139759509, "fowlkes_mallows_score": 0.6026826294293485, "homogeneity_score": 0.3492336184981751, "v_measure_score": 0.48417795410345765}, "classification": {"f1_score": 0.32988708626477403, "hamming_loss": 0.5532, "jaccard_score": 0.27173456464379947, "accuracy_score": 0.4468, "recall_score": 0.4468, "precision_score": 0.2767430606254298}, "found_clusters": 2, "expected_clusters": 4, "time": 11.105}, "optics": {"clustering": {"adjusted_mutual_info_score": 0.24526502663243202, "adjusted_rand_score": 0.0032408314095164785, "completeness_score": 0.19607383054422856, "fowlkes_mallows_score": 0.2632879747676313, "homogeneity_score": 0.47736710697645723, "v_measure_score": 0.277972995182864}, "classification": {"f1_score": 3.271965797050868e-05, "hamming_loss": 0.9988, "jaccard_score": 1.643835616438356e-05, "accuracy_score": 0.0012, "recall_score": 1.643835616438356e-05, "precision_score": 0.003424657534246575}, "found_clusters": 292, "expected_clusters": 4, "time": 3.1642}, "spectral_clustering": {"clustering": {"adjusted_mutual_info_score": 0.9899016774373888, "adjusted_rand_score": 0.994679262523775, "completeness_score": 0.9899084673753105, "fowlkes_mallows_score": 0.9960086494742479, "homogeneity_score": 0.9899080103715836, "v_measure_score": 0.9899082388733942}, "classification": {"f1_score": 0.9980001588481018, "hamming_loss": 0.002, "jaccard_score": 0.9960137046903974, "accuracy_score": 0.998, "recall_score": 0.998, "precision_score": 0.9980009553944458}, "found_clusters": 4, "expected_clusters": 4, "time": 3.456}, "gaussian_mixture_model": {"clustering": {"adjusted_mutual_info_score": 0.9899016774373889, "adjusted_rand_score": 0.994679262523775, "completeness_score": 0.9899084673753106, "fowlkes_mallows_score": 0.9960086494742479, "homogeneity_score": 0.9899080103715837, "v_measure_score": 0.9899082388733943}, "classification": {"f1_score": 0.9980001588481018, "hamming_loss": 0.002, "jaccard_score": 0.9960137046903974, "accuracy_score": 0.998, "recall_score": 0.998, "precision_score": 0.9980009553944458}, "found_clusters": 4, "expected_clusters": 4, "time": 0.015}}, "classification_alg": {"KNeighborsClassifier": {"clustering": {"adjusted_mutual_info_score": 0.9904920333390711, "adjusted_rand_score": 0.9944617094088405, "completeness_score": 0.9905230713555544, "fowlkes_mallows_score": 0.995847501700204, "homogeneity_score": 0.9905230713555544, "v_measure_score": 0.9905230713555544}, "classification": {"f1_score": 0.9980768662886841, "hamming_loss": 0.002, "jaccard_score": 0.9961684981684982, "accuracy_score": 0.998, "recall_score": 0.9980768662886841, "precision_score": 0.9980768662886841}, "time": 0.027}, "DecisionTreeClassifier": {"clustering": {"adjusted_mutual_info_score": 0.9952445255657195, "adjusted_rand_score": 0.9972256966367629, "completeness_score": 0.9952931936362273, "fowlkes_mallows_score": 0.9979199546774377, "homogeneity_score": 0.9952269085124591, "v_measure_score": 0.9952600499706824}, "classification": {"f1_score": 0.9990382662950178, "hamming_loss": 0.001, "jaccard_score": 0.998080233019992, "accuracy_score": 0.999, "recall_score": 0.998995983935743, "precision_score": 0.9990842490842491}, "time": 0.003}, "RandomForestClassifier": {"clustering": {"adjusted_mutual_info_score": 0.9904920333390711, "adjusted_rand_score": 0.9944617094088405, "completeness_score": 0.9905230713555544, "fowlkes_mallows_score": 0.995847501700204, "homogeneity_score": 0.9905230713555544, "v_measure_score": 0.9905230713555544}, "classification": {"f1_score": 0.9980768662886841, "hamming_loss": 0.002, "jaccard_score": 0.9961684981684982, "accuracy_score": 0.998, "recall_score": 0.9980768662886841, "precision_score": 0.9980768662886841}, "time": 0.215}, "LinearSVC": {"clustering": {"adjusted_mutual_info_score": 0.9904920333390711, "adjusted_rand_score": 0.9944617094088405, "completeness_score": 0.9905230713555544, "fowlkes_mallows_score": 0.995847501700204, "homogeneity_score": 0.9905230713555544, "v_measure_score": 0.9905230713555544}, "classification": {"f1_score": 0.9980768662886841, "hamming_loss": 0.002, "jaccard_score": 0.9961684981684982, "accuracy_score": 0.998, "recall_score": 0.9980768662886841, "precision_score": 0.9980768662886841}, "time": 0.076}, "LogisticRegression": {"clustering": {"adjusted_mutual_info_score": 0.9904920333390711, "adjusted_rand_score": 0.9944617094088405, "completeness_score": 0.9905230713555544, "fowlkes_mallows_score": 0.995847501700204, "homogeneity_score": 0.9905230713555544, "v_measure_score": 0.9905230713555544},