{"clustering_alg": {"affinity_propagation": {"clustering": {"adjusted_mutual_info_score": 0.3789252915202336, "adjusted_rand_score": 0.08120225569192686, "completeness_score": 0.2696457266524745, "fowlkes_mallows_score": 0.21942973262752122, "homogeneity_score": 0.7551973991543812, "v_measure_score": 0.39739887273131713}, "classification": {"f1_score": 0.001624281291463954, "hamming_loss": 0.989, "jaccard_score": 0.0008359257979029842, "accuracy_score": 0.011, "recall_score": 0.0008549444286121402, "precision_score": 0.018030303030303032}, "found_clusters": 50, "expected_clusters": 4, "time": 2.2868}, "agglomerative": {"clustering": {"adjusted_mutual_info_score": 0.4875489641465345, "adjusted_rand_score": 0.3921849850974276, "completeness_score": 0.4939943790561196, "fowlkes_mallows_score": 0.5486078534826464, "homogeneity_score": 0.48457567529263174, "v_measure_score": 0.4892396998213721}, "classification": {"f1_score": 0.6753649445943926, "hamming_loss": 0.337, "jaccard_score": 0.5292707621059209, "accuracy_score": 0.663, "recall_score": 0.6684852460466474, "precision_score": 0.7046955525394389}, "found_clusters": 4, "expected_clusters": 4, "time": 0.039}, "birch": {"clustering": {"adjusted_mutual_info_score": 0.548066116309532, "adjusted_rand_score": 0.457478303503994, "completeness_score": 0.6473855363408321, "fowlkes_mallows_score": 0.6357664732173359, "homogeneity_score": 0.4768743337898212, "v_measure_score": 0.5491996193225736}, "classification": {"f1_score": 0.08045844207626504, "hamming_loss": 0.902, "jaccard_score": 0.04780079627505229, "accuracy_score": 0.098, "recall_score": 0.09394493524587569, "precision_score": 0.0704012551504037}, "found_clusters": 3, "expected_clusters": 4, "time": 0.023}, "dbscan": {"clustering": {"adjusted_mutual_info_score": 6.253800399714184e-16, "adjusted_rand_score": 0.0, "completeness_score": 1.0, "fowlkes_mallows_score": 0.5007401928552777, "homogeneity_score": 3.210369815045885e-16, "v_measure_score": 6.420739630091769e-16}, "classification": {"f1_score": 0.10348929421094369, "hamming_loss": 0.739, "jaccard_score": 0.06525, "accuracy_score": 0.261, "recall_score": 0.25, "precision_score": 0.06525}, "found_clusters": 1, "expected_clusters": 4, "time": 0.031}, "k_means": {"clustering": {"adjusted_mutual_info_score": 0.4816210715911004, "adjusted_rand_score": 0.37755854176855186, "completeness_score": 0.4842715590864096, "fowlkes_mallows_score": 0.5344723982946012, "homogeneity_score": 0.4823682440452595, "v_measure_score": 0.4833180277509274}, "classification": {"f1_score": 0.6464753553254897, "hamming_loss": 0.362, "jaccard_score": 0.4897920558362009, "accuracy_score": 0.638, "recall_score": 0.6428950096242283, "precision_score": 0.6585558495200275}, "found_clusters": 4, "expected_clusters": 4, "time": 0.075}, "mini_batch_k_means": {"clustering": {"adjusted_mutual_info_score": 0.49107929124137667, "adjusted_rand_score": 0.4067468924263696, "completeness_score": 0.493448171481436, "fowlkes_mallows_score": 0.556116426728403, "homogeneity_score": 0.4920425368261204, "v_measure_score": 0.49274435170455794}, "classification": {"f1_score": 0.6950535489710747, "hamming_loss": 0.31, "jaccard_score": 0.5395814657177234, "accuracy_score": 0.69, "recall_score": 0.692472317210088, "precision_score": 0.7019420304252444}, "found_clusters": 4, "expected_clusters": 4, "time": 0.043}, "mean_shift": {"clustering": {"adjusted_mutual_info_score": 6.253800399714184e-16, "adjusted_rand_score": 0.0, "completeness_score": 1.0, "fowlkes_mallows_score": 0.5007401928552777, "homogeneity_score": 3.210369815045885e-16, "v_measure_score": 6.420739630091769e-16}, "classification": {"f1_score": 0.10348929421094369, "hamming_loss": 0.739, "jaccard_score": 0.06525, "accuracy_score": 0.261, "recall_score": 0.25, "precision_score": 0.06525}, "found_clusters": 1, "expected_clusters": 4, "time": 14.5821}, "optics": {"clustering": {"adjusted_mutual_info_score": 0.08231038033545943, "adjusted_rand_score": 0.0051184531129986974, "completeness_score": 0.20285955985326395, "fowlkes_mallows_score": 0.46452997849172506, "homogeneity_score": 0.06970026601749357, "v_measure_score": 0.1037523797998665}, "classification": {"f1_score": 0.0020242914979757085, "hamming_loss": 0.997, "jaccard_score": 0.0010256410256410256, "accuracy_score": 0.003, "recall_score": 0.0010348395998620215, "precision_score": 0.04615384615384615}, "found_clusters": 13, "expected_clusters": 4, "time": 0.8929}, "spectral_clustering": {"clustering": {"adjusted_mutual_info_score": 0.5040005103358501, "adjusted_rand_score": 0.4590865735337896, "completeness_score": 0.5079298298119425, "fowlkes_mallows_score": 0.5965139922831901, "homogeneity_score": 0.5033478262880134, "v_measure_score": 0.5056284477374264}, "classification": {"f1_score": 0.7465891112332764, "hamming_loss": 0.255, "jaccard_score": 0.5974452894629525, "accuracy_score": 0.745, "recall_score": 0.751947237775229, "precision_score": 0.7620431429124715}, "found_clusters": 4, "expected_clusters": 4, "time": 4.8775}, "gaussian_mixture_model": {"clustering": {"adjusted_mutual_info_score": 0.5403190883411028, "adjusted_rand_score": 0.4687373861918935, "completeness_score": 0.544766726077298, "fowlkes_mallows_score": 0.6040487312652868, "homogeneity_score": 0.5389230834663294, "v_measure_score": 0.5418291492674877}, "classification": {"f1_score": 0.6895932015306816, "hamming_loss": 0.315, "jaccard_score": 0.5502303620674718, "accuracy_score": 0.685, "recall_score": 0.6923825158736507, "precision_score": 0.7044969826580783}, "found_clusters": 4, "expected_clusters": 4, "time": 0.085}}, "classification_alg": {"KNeighborsClassifier": {"clustering": {"adjusted_mutual_info_score": 0.6396940772426944, "adjusted_rand_score": 0.627836101960778, "completeness_score": 0.6463497389889495, "fowlkes_mallows_score": 0.721925225912799, "homogeneity_score": 0.6451321213520721, "v_measure_score": 0.6457403561815316}, "classification": {"f1_score": 0.8503652550128962, "hamming_loss": 0.155, "jaccard_score": 0.7420797452483954, "accuracy_score": 0.845, "recall_score": 0.8493438989719468, "precision_score": 0.8530860104135966}, "time": 0.013}, "DecisionTreeClassifier": {"clustering": {"adjusted_mutual_info_score": 0.5788006504034142, "adjusted_rand_score": 0.5846577722147802, "completeness_score": 0.587228016188405, "fowlkes_mallows_score": 0.6899912880892558, "homogeneity_score": 0.5845395549987239, "v_measure_score": 0.5858807014394429}, "classification": {"f1_score": 0.8272532198861227, "hamming_loss": 0.175, "jaccard_score": 0.7056463473961692, "accuracy_score": 0.825, "recall_score": 0.8264149291494656, "precision_score": 0.8334606569900688}, "time": 0.004}, "RandomForestClassifier": {"clustering": {"adjusted_mutual_info_score": 0.6786003515513337, "adjusted_rand_score": 0.6900541836728421, "completeness_score": 0.6847518646434019, "fowlkes_mallows_score": 0.7684533813790764, "homogeneity_score": 0.6832392650593018, "v_measure_score": 0.6839947286041526}, "classification": {"f1_score": 0.8774662097848849, "hamming_loss": 0.125, "jaccard_score": 0.7821142334141393, "accuracy_score": 0.875, "recall_score": 0.8761415032595636, "precision_score": 0.8803434178194331}, "time": 0.3435}, "LinearSVC": {"clustering": {"adjusted_mutual_info_score": 0.6353854984304594, "adjusted_rand_score": 0.6343734280822383, "completeness_score": 0.6429770402070722, "fowlkes_mallows_score": 0.7272328873933427, "homogeneity_score": 0.6400552645028418, "v_measure_score": 0.6415128255590398}, "classification": {"f1_score": 0.8537549175970228, "hamming_loss": 0.15, "jaccard_score": 0.745783773320879, "accuracy_score": 0.85, "recall_score": 0.8514316193059822, "precision_score": 0.8571807101218866}, "time": 0.006}, "LogisticRegression": {"clustering": {"adjusted_mutual_info_score": 0.6899329296996202, "adjusted_rand_score": 0.6901555384266209, "completeness_score": 0.6963235087557516, "fowlkes_mallows_score": 0.7686726884158345, "homogeneity_score": 0.6939616318128533,