{"clustering_alg": {"affinity_propagation": {"clustering": {"adjusted_mutual_info_score": -6.406945441146243e-16, "adjusted_rand_score": 0.0, "completeness_score": 1.0, "fowlkes_mallows_score": 0.4992587097480216, "homogeneity_score": 0.0, "v_measure_score": 0.0}, "classification": {"f1_score": 0.0, "hamming_loss": 1.0, "jaccard_score": 0.0, "accuracy_score": 0.0, "recall_score": 0.0, "precision_score": 0.0}, "found_clusters": 1, "expected_clusters": 4, "time": 7.0923}, "agglomerative": {"clustering": {"adjusted_mutual_info_score": 0.5502524149357809, "adjusted_rand_score": 0.44444745017443765, "completeness_score": 0.5839614130257145, "fowlkes_mallows_score": 0.6019631305201701, "homogeneity_score": 0.5230023483732292, "v_measure_score": 0.5518034122197947}, "classification": {"f1_score": 0.6414628336208329, "hamming_loss": 0.344, "jaccard_score": 0.5061745653996963, "accuracy_score": 0.656, "recall_score": 0.6557948375714717, "precision_score": 0.7572464652713228}, "found_clusters": 4, "expected_clusters": 4, "time": 0.023}, "birch": {"clustering": {"adjusted_mutual_info_score": 0.4560257912313915, "adjusted_rand_score": 0.37593391877201665, "completeness_score": 0.5361308076163567, "fowlkes_mallows_score": 0.574212739379994, "homogeneity_score": 0.39880326518881903, "v_measure_score": 0.45738137664446016}, "classification": {"f1_score": 0.13517840628322286, "hamming_loss": 0.839, "jaccard_score": 0.07866699315735319, "accuracy_score": 0.161, "recall_score": 0.1611127690485444, "precision_score": 0.12814820314820313}, "found_clusters": 3, "expected_clusters": 4, "time": 0.021}, "dbscan": {"clustering": {"adjusted_mutual_info_score": 0.0005590946535012613, "adjusted_rand_score": -1.320261369388539e-05, "completeness_score": 0.1098214935436814, "fowlkes_mallows_score": 0.4977517712805653, "homogeneity_score": 0.0016179164315406596, "v_measure_score": 0.003188853906892817}, "classification": {"f1_score": 0.07961476725521668, "hamming_loss": 0.752, "jaccard_score": 0.04969939879759519, "accuracy_score": 0.248, "recall_score": 0.19919678714859437, "precision_score": 0.04974924774322969}, "found_clusters": 2, "expected_clusters": 4, "time": 0.009}, "k_means": {"clustering": {"adjusted_mutual_info_score": 0.6032172153456506, "adjusted_rand_score": 0.5920896048886576, "completeness_score": 0.6074526731579428, "fowlkes_mallows_score": 0.6952102940237055, "homogeneity_score": 0.6016096510668454, "v_measure_score": 0.604517043358351}, "classification": {"f1_score": 0.8138217804643401, "hamming_loss": 0.185, "jaccard_score": 0.6943343218722442, "accuracy_score": 0.815, "recall_score": 0.8149319621064782, "precision_score": 0.8230862477067332}, "found_clusters": 4, "expected_clusters": 4, "time": 0.043}, "mini_batch_k_means": {"clustering": {"adjusted_mutual_info_score": 0.6209730023410525, "adjusted_rand_score": 0.6146530403384053, "completeness_score": 0.6248873871919853, "fowlkes_mallows_score": 0.7119252723852879, "homogeneity_score": 0.6195633096993558, "v_measure_score": 0.6222139595649305}, "classification": {"f1_score": 0.8292933385037748, "hamming_loss": 0.17, "jaccard_score": 0.713138558445928, "accuracy_score": 0.83, "recall_score": 0.8299402475539455, "precision_score": 0.8379999082582232}, "found_clusters": 4, "expected_clusters": 4, "time": 0.024}, "mean_shift": {"clustering": {"adjusted_mutual_info_score": -6.406945441146243e-16, "adjusted_rand_score": 0.0, "completeness_score": 1.0, "fowlkes_mallows_score": 0.4992587097480216, "homogeneity_score": 0.0, "v_measure_score": 0.0}, "classification": {"f1_score": 0.09967974379503602, "hamming_loss": 0.751, "jaccard_score": 0.06225, "accuracy_score": 0.249, "recall_score": 0.25, "precision_score": 0.06225}, "found_clusters": 1, "expected_clusters": 4, "time": 5.6747}, "optics": {"clustering": {"adjusted_mutual_info_score": 0.2975355526329739, "adjusted_rand_score": 0.02196548916286865, "completeness_score": 0.25366904469306517, "fowlkes_mallows_score": 0.2730619476087619, "homogeneity_score": 0.48062162467213015, "v_measure_score": 0.3320723889759044}, "classification": {"f1_score": 0.001083790557474768, "hamming_loss": 0.992, "jaccard_score": 0.0005591668414063046, "accuracy_score": 0.008, "recall_score": 0.0005591668414063046, "precision_score": 0.017543859649122806}, "found_clusters": 57, "expected_clusters": 4, "time": 0.661}, "spectral_clustering": {"clustering": {"adjusted_mutual_info_score": 0.5889715278983869, "adjusted_rand_score": 0.5452788244109382, "completeness_score": 0.6029323958253806, "fowlkes_mallows_score": 0.665542877200797, "homogeneity_score": 0.5782631616535472, "v_measure_score": 0.5903401706275931}, "classification": {"f1_score": 0.789315357267204, "hamming_loss": 0.206, "jaccard_score": 0.655174330467211, "accuracy_score": 0.794, "recall_score": 0.7932441158689876, "precision_score": 0.832316099803005}, "found_clusters": 4, "expected_clusters": 4, "time": 0.823}, "gaussian_mixture_model": {"clustering": {"adjusted_mutual_info_score": 0.9281799029712328, "adjusted_rand_score": 0.9502885665331429, "completeness_score": 0.9284597707745224, "fowlkes_mallows_score": 0.9626813022368056, "homogeneity_score": 0.9283682986018041, "v_measure_score": 0.9284140324350848}, "classification": {"f1_score": 0.9809652538316853, "hamming_loss": 0.019, "jaccard_score": 0.9627743468216614, "accuracy_score": 0.981, "recall_score": 0.9809471168128552, "precision_score": 0.9811125981256701}, "found_clusters": 4, "expected_clusters": 4, "time": 0.023}}, "classification_alg": {"KNeighborsClassifier": {"clustering": {"adjusted_mutual_info_score": 0.8837678688919494, "adjusted_rand_score": 0.8928261298512418, "completeness_score": 0.8862559062697934, "fowlkes_mallows_score": 0.9196314874109716, "homogeneity_score": 0.8851631018127023, "v_measure_score": 0.8857091669607559}, "classification": {"f1_score": 0.9618744328300944, "hamming_loss": 0.04, "jaccard_score": 0.9274731968810916, "accuracy_score": 0.96, "recall_score": 0.9614980538329595, "precision_score": 0.9633462056811113}, "time": 0.007}, "DecisionTreeClassifier": {"clustering": {"adjusted_mutual_info_score": 0.8235603076221447, "adjusted_rand_score": 0.8412425013224859, "completeness_score": 0.8273531564194726, "fowlkes_mallows_score": 0.88099886143326, "homogeneity_score": 0.8256656255899415, "v_measure_score": 0.826508529622994}, "classification": {"f1_score": 0.9429801724274764, "hamming_loss": 0.06, "jaccard_score": 0.8940400787736853, "accuracy_score": 0.94, "recall_score": 0.9418335202533316, "precision_score": 0.9447039687703318}, "time": 0.002}, "RandomForestClassifier": {"clustering": {"adjusted_mutual_info_score": 0.8744644005506189, "adjusted_rand_score": 0.8914864564743823, "completeness_score": 0.8771021765585352, "fowlkes_mallows_score": 0.9186268648553554, "homogeneity_score": 0.8760206591761553, "v_measure_score": 0.8765610842684026}, "classification": {"f1_score": 0.9619148081173396, "hamming_loss": 0.04, "jaccard_score": 0.9272295321637427, "accuracy_score": 0.96, "recall_score": 0.9613265272463386, "precision_score": 0.9634369168567282}, "time": 0.1696}, "LinearSVC": {"clustering": {"adjusted_mutual_info_score": 0.8562717750907187, "adjusted_rand_score": 0.8597008011776198, "completeness_score": 0.8585640822767915, "fowlkes_mallows_score": 0.8947262661129107, "homogeneity_score": 0.8587762700546923, "v_measure_score": 0.8586701630572008}, "classification": {"f1_score": 0.9460253747636924, "hamming_loss": 0.055, "jaccard_score": 0.8994260604430095, "accuracy_score": 0.945, "recall_score": 0.9475087412587413, "precision_score": 0.9468232076028243}, "time": 0.012}, "LogisticRegression": {"clustering": {"adjusted_mutual_info_score": 0.8445120538771511, "adjusted_rand_score": 0.8543677371873056, "completeness_score": 0.8475359946979905, "fowlkes_mallows_score": 0.8907877091018047, "homogeneity_score": 0.8466815956535699, "v_measure_score": 0.8471085797377716}, "classification": {"f1_score": 0.9472132034632034,