{"clustering_alg": {"affinity_propagation": {"clustering": {"adjusted_mutual_info_score": 3.8442557419312195e-18, "adjusted_rand_score": 0.0, "completeness_score": 1.0, "fowlkes_mallows_score": 0.4992747492866781, "homogeneity_score": 1.6017732256847247e-16, "v_measure_score": 3.203546451369449e-16}, "classification": {"f1_score": 0.0, "hamming_loss": 1.0, "jaccard_score": 0.0, "accuracy_score": 0.0, "recall_score": 0.0, "precision_score": 0.0}, "found_clusters": 1, "expected_clusters": 4, "time": 9.1505}, "agglomerative": {"clustering": {"adjusted_mutual_info_score": 0.5128067626516533, "adjusted_rand_score": 0.4025907889307583, "completeness_score": 0.5283986620552927, "fowlkes_mallows_score": 0.5613216457771683, "homogeneity_score": 0.5011971257054536, "v_measure_score": 0.5144385666625525}, "classification": {"f1_score": 0.6205304910108668, "hamming_loss": 0.37, "jaccard_score": 0.4588632497890951, "accuracy_score": 0.63, "recall_score": 0.6282619736493233, "precision_score": 0.679826303886883}, "found_clusters": 4, "expected_clusters": 4, "time": 0.034}, "birch": {"clustering": {"adjusted_mutual_info_score": 0.5566232518145068, "adjusted_rand_score": 0.4989053867185741, "completeness_score": 0.6359183595754733, "fowlkes_mallows_score": 0.6517947609230839, "homogeneity_score": 0.49662314834683474, "v_measure_score": 0.5577045531925716}, "classification": {"f1_score": 0.12044466499509901, "hamming_loss": 0.858, "jaccard_score": 0.06924483494952546, "accuracy_score": 0.142, "recall_score": 0.14195224584781155, "precision_score": 0.10536662590976313}, "found_clusters": 3, "expected_clusters": 4, "time": 0.019}, "dbscan": {"clustering": {"adjusted_mutual_info_score": 0.0014485698247105733, "adjusted_rand_score": -3.447481300311122e-05, "completeness_score": 0.19038570366529356, "fowlkes_mallows_score": 0.4982502994781197, "homogeneity_score": 0.001981424997416979, "v_measure_score": 0.003922031742280294}, "classification": {"f1_score": 0.08012820512820512, "hamming_loss": 0.75, "jaccard_score": 0.0501002004008016, "accuracy_score": 0.25, "recall_score": 0.2, "precision_score": 0.0501002004008016}, "found_clusters": 2, "expected_clusters": 4, "time": 0.008}, "k_means": {"clustering": {"adjusted_mutual_info_score": 0.5867627838976777, "adjusted_rand_score": 0.5514016448669856, "completeness_score": 0.5889543967389681, "fowlkes_mallows_score": 0.66368598060795, "homogeneity_score": 0.5872717136517362, "v_measure_score": 0.5881118515907275}, "classification": {"f1_score": 0.7888817570285296, "hamming_loss": 0.211, "jaccard_score": 0.654098014897934, "accuracy_score": 0.789, "recall_score": 0.7893672677896386, "precision_score": 0.7921048264374758}, "found_clusters": 4, "expected_clusters": 4, "time": 0.035}, "mini_batch_k_means": {"clustering": {"adjusted_mutual_info_score": 0.5926404701565904, "adjusted_rand_score": 0.5295550983511301, "completeness_score": 0.5972850838302717, "fowlkes_mallows_score": 0.6485332565141316, "homogeneity_score": 0.5907033507966966, "v_measure_score": 0.5939759851453659}, "classification": {"f1_score": 0.7733077612796063, "hamming_loss": 0.228, "jaccard_score": 0.6360839060279889, "accuracy_score": 0.772, "recall_score": 0.7726123708708403, "precision_score": 0.7900479181835114}, "found_clusters": 4, "expected_clusters": 4, "time": 0.031}, "mean_shift": {"clustering": {"adjusted_mutual_info_score": 3.8442557419312195e-18, "adjusted_rand_score": 0.0, "completeness_score": 1.0, "fowlkes_mallows_score": 0.4992747492866781, "homogeneity_score": 1.6017732256847247e-16, "v_measure_score": 3.203546451369449e-16}, "classification": {"f1_score": 0.1, "hamming_loss": 0.75, "jaccard_score": 0.0625, "accuracy_score": 0.25, "recall_score": 0.25, "precision_score": 0.0625}, "found_clusters": 1, "expected_clusters": 4, "time": 6.9786}, "optics": {"clustering": {"adjusted_mutual_info_score": 0.324898183793642, "adjusted_rand_score": 0.03259955805940885, "completeness_score": 0.2559417875990284, "fowlkes_mallows_score": 0.21428742325851616, "homogeneity_score": 0.6159256688529523, "v_measure_score": 0.3616171599198441}, "classification": {"f1_score": 0.0008380473496752566, "hamming_loss": 0.992, "jaccard_score": 0.00043243243243243243, "accuracy_score": 0.008, "recall_score": 0.00043243243243243243, "precision_score": 0.013513513513513514}, "found_clusters": 74, "expected_clusters": 4, "time": 0.8369}, "spectral_clustering": {"clustering": {"adjusted_mutual_info_score": 0.658544164150914, "adjusted_rand_score": 0.6444167333136779, "completeness_score": 0.660576076429219, "fowlkes_mallows_score": 0.7333915390920683, "homogeneity_score": 0.658744164041758, "v_measure_score": 0.6596588484051579}, "classification": {"f1_score": 0.8438497908089935, "hamming_loss": 0.156, "jaccard_score": 0.7308158703005326, "accuracy_score": 0.844, "recall_score": 0.8443050803104029, "precision_score": 0.8470165078122476}, "found_clusters": 4, "expected_clusters": 4, "time": 0.282}, "gaussian_mixture_model": {"clustering": {"adjusted_mutual_info_score": 0.9372806406198633, "adjusted_rand_score": 0.9602567478914887, "completeness_score": 0.9374851288993126, "fowlkes_mallows_score": 0.9701637580011727, "homogeneity_score": 0.9374850644893379, "v_measure_score": 0.9374850966943241}, "classification": {"f1_score": 0.9850135862980949, "hamming_loss": 0.015, "jaccard_score": 0.9704901960784315, "accuracy_score": 0.985, "recall_score": 0.9850896445612217, "precision_score": 0.9850705682877935}, "found_clusters": 4, "expected_clusters": 4, "time": 0.015}}, "classification_alg": {"KNeighborsClassifier": {"clustering": {"adjusted_mutual_info_score": 0.9015761662974536, "adjusted_rand_score": 0.9164370892111883, "completeness_score": 0.9029754741402976, "fowlkes_mallows_score": 0.9377039934184515, "homogeneity_score": 0.9034881266372877, "v_measure_score": 0.9032317276465068}, "classification": {"f1_score": 0.9717388096409247, "hamming_loss": 0.03, "jaccard_score": 0.9456272893772895, "accuracy_score": 0.97, "recall_score": 0.9720823284626661, "precision_score": 0.9714676476136579}, "time": 0.009}, "DecisionTreeClassifier": {"clustering": {"adjusted_mutual_info_score": 0.8478941759352108, "adjusted_rand_score": 0.8803848987038368, "completeness_score": 0.8507690909118103, "fowlkes_mallows_score": 0.9108657778041896, "homogeneity_score": 0.8501408997387971, "v_measure_score": 0.8504548793214728}, "classification": {"f1_score": 0.955181674467879, "hamming_loss": 0.045, "jaccard_score": 0.9145495951417004, "accuracy_score": 0.955, "recall_score": 0.9549561797575701, "precision_score": 0.9562603493955953}, "time": 0.002}, "RandomForestClassifier": {"clustering": {"adjusted_mutual_info_score": 0.8620649185621957, "adjusted_rand_score": 0.8831441863643503, "completeness_score": 0.863925840900221, "fowlkes_mallows_score": 0.9128642110091306, "homogeneity_score": 0.8648434513634342, "v_measure_score": 0.864384402603392}, "classification": {"f1_score": 0.9544117129482983, "hamming_loss": 0.045, "jaccard_score": 0.9132493109390427, "accuracy_score": 0.955, "recall_score": 0.9553825430406753, "precision_score": 0.9546727395411606}, "time": 0.147}, "LinearSVC": {"clustering": {"adjusted_mutual_info_score": 0.7094999207097613, "adjusted_rand_score": 0.6703019029481514, "completeness_score": 0.7120925243417862, "fowlkes_mallows_score": 0.7535850912826881, "homogeneity_score": 0.7166612048334001, "v_measure_score": 0.7143695600252292}, "classification": {"f1_score": 0.864412872674367, "hamming_loss": 0.14, "jaccard_score": 0.7649219932943976, "accuracy_score": 0.86, "recall_score": 0.8706674054564906, "precision_score": 0.8641873025553052}, "time": 0.014}, "LogisticRegression": {"clustering": {"adjusted_mutual_info_score": 0.7833688504547549, "adjusted_rand_score": 0.7602563594729997, "completeness_score": 0.785678846607194, "fowlkes_mallows_score": 0.8210549025128037, "homogeneity_score": 0.7883389775992853, "v_measure_score": 0.7870066642580164},