{"clustering_alg": {"affinity_propagation": {"clustering": {"adjusted_mutual_info_score": 9.672066460416626e-16, "adjusted_rand_score": 0.0, "completeness_score": 1.0, "fowlkes_mallows_score": 0.501217481531479, "homogeneity_score": 5.216085224392382e-16, "v_measure_score": 1.043217044878476e-15}, "classification": {"f1_score": 0.0, "hamming_loss": 1.0, "jaccard_score": 0.0, "accuracy_score": 0.0, "recall_score": 0.0, "precision_score": 0.0}, "found_clusters": 1, "expected_clusters": 4, "time": 147.5039}, "agglomerative": {"clustering": {"adjusted_mutual_info_score": 0.20173410633544278, "adjusted_rand_score": 0.13993428448235826, "completeness_score": 0.20353111915092278, "fowlkes_mallows_score": 0.3595184039136512, "homogeneity_score": 0.20099894853286238, "v_measure_score": 0.20225710873502017}, "classification": {"f1_score": 0.43048436743896573, "hamming_loss": 0.5702, "jaccard_score": 0.2810956746765324, "accuracy_score": 0.4298, "recall_score": 0.4390098555486726, "precision_score": 0.4325660969322208}, "found_clusters": 4, "expected_clusters": 4, "time": 0.652}, "birch": {"clustering": {"adjusted_mutual_info_score": 0.2511663256824825, "adjusted_rand_score": 0.20314034227295713, "completeness_score": 0.38600523196876946, "fowlkes_mallows_score": 0.5064203601374273, "homogeneity_score": 0.1863838601482638, "v_measure_score": 0.2513854514790615}, "classification": {"f1_score": 0.30419009238366845, "hamming_loss": 0.559, "jaccard_score": 0.21943469864971277, "accuracy_score": 0.441, "recall_score": 0.4686050407925408, "precision_score": 0.22715140311680998}, "found_clusters": 2, "expected_clusters": 4, "time": 0.085}, "dbscan": {"clustering": {"adjusted_mutual_info_score": 9.672066460416626e-16, "adjusted_rand_score": 0.0, "completeness_score": 1.0, "fowlkes_mallows_score": 0.501217481531479, "homogeneity_score": 5.216085224392382e-16, "v_measure_score": 1.043217044878476e-15}, "classification": {"f1_score": 0.0998719590268886, "hamming_loss": 0.7504, "jaccard_score": 0.0624, "accuracy_score": 0.2496, "recall_score": 0.25, "precision_score": 0.0624}, "found_clusters": 1, "expected_clusters": 4, "time": 0.246}, "k_means": {"clustering": {"adjusted_mutual_info_score": 0.2158114232219975, "adjusted_rand_score": 0.1549867960094264, "completeness_score": 0.2163019835197181, "fowlkes_mallows_score": 0.3672351799930565, "homogeneity_score": 0.21634190191479905, "v_measure_score": 0.21632194087569984}, "classification": {"f1_score": 0.44559459338000773, "hamming_loss": 0.56, "jaccard_score": 0.2977444443877323, "accuracy_score": 0.44, "recall_score": 0.4516205151987366, "precision_score": 0.4420391276145686}, "found_clusters": 4, "expected_clusters": 4, "time": 0.118}, "mini_batch_k_means": {"clustering": {"adjusted_mutual_info_score": 0.2141567709289931, "adjusted_rand_score": 0.14791449309091045, "completeness_score": 0.2148171443465144, "fowlkes_mallows_score": 0.3624005618645735, "homogeneity_score": 0.21452059729145773, "v_measure_score": 0.21466876840525984}, "classification": {"f1_score": 0.43458775593327664, "hamming_loss": 0.5736, "jaccard_score": 0.28711873157037043, "accuracy_score": 0.4264, "recall_score": 0.4357504394642794, "precision_score": 0.43411131073138065}, "found_clusters": 4, "expected_clusters": 4, "time": 0.051}, "mean_shift": {"clustering": {"adjusted_mutual_info_score": 9.672066460416626e-16, "adjusted_rand_score": 0.0, "completeness_score": 1.0, "fowlkes_mallows_score": 0.501217481531479, "homogeneity_score": 5.216085224392382e-16, "v_measure_score": 1.043217044878476e-15}, "classification": {"f1_score": 0.0998719590268886, "hamming_loss": 0.7504, "jaccard_score": 0.0624, "accuracy_score": 0.2496, "recall_score": 0.25, "precision_score": 0.0624}, "found_clusters": 1, "expected_clusters": 4, "time": 62.6829}, "optics": {"clustering": {"adjusted_mutual_info_score": 0.08155974377764415, "adjusted_rand_score": 0.0007986510719207203, "completeness_score": 0.08482374368556489, "fowlkes_mallows_score": 0.23351795470017622, "homogeneity_score": 0.23171651825008932, "v_measure_score": 0.12418680916965025}, "classification": {"f1_score": 3.581147079017943e-05, "hamming_loss": 0.9984, "jaccard_score": 1.7969739225957062e-05, "accuracy_score": 0.0016, "recall_score": 1.8065545496244032e-05, "precision_score": 0.0021168837736885073}, "found_clusters": 338, "expected_clusters": 4, "time": 3.529}, "spectral_clustering": {"clustering": {"adjusted_mutual_info_score": 0.1915350848309917, "adjusted_rand_score": 0.10682365571225497, "completeness_score": 0.19665845002844004, "fowlkes_mallows_score": 0.3451000138363408, "homogeneity_score": 0.18769802830002885, "v_measure_score": 0.19207379295078678}, "classification": {"f1_score": 0.4430318157608695, "hamming_loss": 0.5748, "jaccard_score": 0.2898096428743497, "accuracy_score": 0.4252, "recall_score": 0.42840818637864403, "precision_score": 0.48076832307960526}, "found_clusters": 4, "expected_clusters": 4, "time": 2.8984}, "gaussian_mixture_model": {"clustering": {"adjusted_mutual_info_score": 0.21861308768765605, "adjusted_rand_score": 0.150633484369127, "completeness_score": 0.2192367058749517, "fowlkes_mallows_score": 0.36435967144239517, "homogeneity_score": 0.2190076052807186, "v_measure_score": 0.2191220956944768}, "classification": {"f1_score": 0.44134768684318093, "hamming_loss": 0.5672, "jaccard_score": 0.2939294064413991, "accuracy_score": 0.4328, "recall_score": 0.44346060122958275, "precision_score": 0.4404833615307409}, "found_clusters": 4, "expected_clusters": 4, "time": 0.038}}, "classification_alg": {"KNeighborsClassifier": {"clustering": {"adjusted_mutual_info_score": 0.2015472126387622, "adjusted_rand_score": 0.17539461486710403, "completeness_score": 0.20582787498576055, "fowlkes_mallows_score": 0.3872774279036074, "homogeneity_score": 0.20256265707684448, "v_measure_score": 0.20418221278060783}, "classification": {"f1_score": 0.4951073432970311, "hamming_loss": 0.5, "jaccard_score": 0.3372365683974717, "accuracy_score": 0.5, "recall_score": 0.5162787449471745, "precision_score": 0.49499516231998014}, "time": 0.028}, "DecisionTreeClassifier": {"clustering": {"adjusted_mutual_info_score": 0.15116421745477648, "adjusted_rand_score": 0.11991156365993731, "completeness_score": 0.15369421217334267, "fowlkes_mallows_score": 0.34070977523263035, "homogeneity_score": 0.15418258918249933, "v_measure_score": 0.15393801332801021}, "classification": {"f1_score": 0.46249011597991496, "hamming_loss": 0.544, "jaccard_score": 0.3057978960668941, "accuracy_score": 0.456, "recall_score": 0.46739128761196497, "precision_score": 0.4593353093909748}, "time": 0.01}, "RandomForestClassifier": {"clustering": {"adjusted_mutual_info_score": 0.18079745320350712, "adjusted_rand_score": 0.15640260885999321, "completeness_score": 0.1833516420349873, "fowlkes_mallows_score": 0.36858204802661865, "homogeneity_score": 0.1836023232548512, "v_measure_score": 0.18347689701963663}, "classification": {"f1_score": 0.49408660707621, "hamming_loss": 0.508, "jaccard_score": 0.336248029004228, "accuracy_score": 0.492, "recall_score": 0.5078598345813146, "precision_score": 0.48782956521863785}, "time": 0.445}, "LinearSVC": {"clustering": {"adjusted_mutual_info_score": 0.23927678808119654, "adjusted_rand_score": 0.20734385548520723, "completeness_score": 0.24889920595895929, "fowlkes_mallows_score": 0.4203051092313955, "homogeneity_score": 0.23517057876717953, "v_measure_score": 0.24184021464250324}, "classification": {"f1_score": 0.4753818360235092, "hamming_loss": 0.501, "jaccard_score": 0.32857086183105105, "accuracy_score": 0.499, "recall_score": 0.5252720593532053, "precision_score": 0.4819591581011013}, "time": 0.02}, "LogisticRegression": {"clustering": {"adjusted_mutual_info_score": 0.239257342229492, "adjusted_rand_score": 0.185568229745206, "completeness_score": 0.24161538164057356, "fowlkes_mallows_score": 0.3904789182898186, "homogeneity_score": 0.24187664711363235, "v_measure_score": 0.24174594378685185},