{"clustering_alg": {"affinity_propagation": {"clustering": {"adjusted_mutual_info_score": 0.27672601934273566, "adjusted_rand_score": 0.0215584099449984, "completeness_score": 0.1829341025054337, "fowlkes_mallows_score": 0.11088508948728663, "homogeneity_score": 0.6829632457239173, "v_measure_score": 0.2885729322446442}, "classification": {"f1_score": 0.0003510800747080126, "hamming_loss": 0.9922, "jaccard_score": 0.00017871486956727936, "accuracy_score": 0.0078, "recall_score": 0.00018012744603171499, "precision_score": 0.007076892371010018}, "found_clusters": 170, "expected_clusters": 4, "time": 39.5019}, "agglomerative": {"clustering": {"adjusted_mutual_info_score": 0.4653058952259605, "adjusted_rand_score": 0.3920615649103627, "completeness_score": 0.4703774740530252, "fowlkes_mallows_score": 0.5550683734545925, "homogeneity_score": 0.4610413603556321, "v_measure_score": 0.4656626267510166}, "classification": {"f1_score": 0.6955129999553086, "hamming_loss": 0.3242, "jaccard_score": 0.5650456214105846, "accuracy_score": 0.6758, "recall_score": 0.6939854699930316, "precision_score": 0.702921660440991}, "found_clusters": 4, "expected_clusters": 4, "time": 1.1986}, "birch": {"clustering": {"adjusted_mutual_info_score": 0.38224767670776977, "adjusted_rand_score": 0.3411778017447611, "completeness_score": 0.43105799658888305, "fowlkes_mallows_score": 0.5403488582779338, "homogeneity_score": 0.3438555531565308, "v_measure_score": 0.38255024940088445}, "classification": {"f1_score": 0.04450656002875629, "hamming_loss": 0.9466, "jaccard_score": 0.02317936269993309, "accuracy_score": 0.0534, "recall_score": 0.046343444165855625, "precision_score": 0.04399471441804365}, "found_clusters": 3, "expected_clusters": 4, "time": 0.146}, "dbscan": {"clustering": {"adjusted_mutual_info_score": 0.0003279771363479297, "adjusted_rand_score": -4.904996183930068e-05, "completeness_score": 0.09139403855258231, "fowlkes_mallows_score": 0.5099355782735107, "homogeneity_score": 0.00043587586290850557, "v_measure_score": 0.0008676139071317705}, "classification": {"f1_score": 0.08289431926372579, "hamming_loss": 0.7388, "jaccard_score": 0.05228182546036829, "accuracy_score": 0.2612, "recall_score": 0.2, "precision_score": 0.05228182546036829}, "found_clusters": 2, "expected_clusters": 4, "time": 0.291}, "k_means": {"clustering": {"adjusted_mutual_info_score": 0.5238088987515307, "adjusted_rand_score": 0.46319447222123034, "completeness_score": 0.5238939987283437, "fowlkes_mallows_score": 0.6029282401024227, "homogeneity_score": 0.524352786988641, "v_measure_score": 0.5241232924591062}, "classification": {"f1_score": 0.7649179942422757, "hamming_loss": 0.254, "jaccard_score": 0.6407765016312661, "accuracy_score": 0.746, "recall_score": 0.7683945788531465, "precision_score": 0.7621245789678576}, "found_clusters": 4, "expected_clusters": 4, "time": 0.191}, "mini_batch_k_means": {"clustering": {"adjusted_mutual_info_score": 0.5138550115488818, "adjusted_rand_score": 0.4403148421893006, "completeness_score": 0.5143375146621462, "fowlkes_mallows_score": 0.5863156529726963, "homogeneity_score": 0.5140150254228518, "v_measure_score": 0.5141762194765183}, "classification": {"f1_score": 0.7467963871368215, "hamming_loss": 0.2748, "jaccard_score": 0.6199774301335625, "accuracy_score": 0.7252, "recall_score": 0.7479393516941013, "precision_score": 0.7461600946731394}, "found_clusters": 4, "expected_clusters": 4, "time": 0.08}, "mean_shift": {"clustering": {"adjusted_mutual_info_score": -3.49062170777986e-16, "adjusted_rand_score": 0.0, "completeness_score": 1.0, "fowlkes_mallows_score": 0.510379326982865, "homogeneity_score": 1.6280884830948288e-16, "v_measure_score": 3.256176966189657e-16}, "classification": {"f1_score": 0.1035521725340945, "hamming_loss": 0.7388, "jaccard_score": 0.0653, "accuracy_score": 0.2612, "recall_score": 0.25, "precision_score": 0.0653}, "found_clusters": 1, "expected_clusters": 4, "time": 46.9768}, "optics": {"clustering": {"adjusted_mutual_info_score": 0.08445692489937108, "adjusted_rand_score": -0.0018606702182524019, "completeness_score": 0.1400680535193283, "fowlkes_mallows_score": 0.45072268548233074, "homogeneity_score": 0.08720726417469675, "v_measure_score": 0.10749035020283465}, "classification": {"f1_score": 0.00017360786911679922, "hamming_loss": 0.9982, "jaccard_score": 8.728350902926188e-05, "accuracy_score": 0.0018, "recall_score": 8.731360816188389e-05, "precision_score": 0.015189873417721518}, "found_clusters": 79, "expected_clusters": 4, "time": 4.1171}, "spectral_clustering": {"clustering": {"adjusted_mutual_info_score": 0.4962655266995532, "adjusted_rand_score": 0.4136086347921532, "completeness_score": 0.4973240862797758, "fowlkes_mallows_score": 0.5669368532284091, "homogeneity_score": 0.495875507570731, "v_measure_score": 0.4965987405513436}, "classification": {"f1_score": 0.7491024220825736, "hamming_loss": 0.2756, "jaccard_score": 0.6212904442679972, "accuracy_score": 0.7244, "recall_score": 0.7513379143137724, "precision_score": 0.754155560691758}, "found_clusters": 4, "expected_clusters": 4, "time": 3.0272}, "gaussian_mixture_model": {"clustering": {"adjusted_mutual_info_score": 0.5960217589384403, "adjusted_rand_score": 0.5700624372378236, "completeness_score": 0.6023401959906326, "fowlkes_mallows_score": 0.6853143016371307, "homogeneity_score": 0.5903626599336782, "v_measure_score": 0.5962912866749593}, "classification": {"f1_score": 0.8201676238266679, "hamming_loss": 0.1902, "jaccard_score": 0.7128556785471131, "accuracy_score": 0.8098, "recall_score": 0.8212844166907753, "precision_score": 0.8307272588136857}, "found_clusters": 4, "expected_clusters": 4, "time": 0.054}}, "classification_alg": {"KNeighborsClassifier": {"clustering": {"adjusted_mutual_info_score": 0.5691438098677513, "adjusted_rand_score": 0.5293507946034338, "completeness_score": 0.5725096683269049, "fowlkes_mallows_score": 0.6538862252083375, "homogeneity_score": 0.5686669482948048, "v_measure_score": 0.5705818384546424}, "classification": {"f1_score": 0.809497866372964, "hamming_loss": 0.205, "jaccard_score": 0.6967384346394849, "accuracy_score": 0.795, "recall_score": 0.8155085260268188, "precision_score": 0.8142006774927562}, "time": 0.047}, "DecisionTreeClassifier": {"clustering": {"adjusted_mutual_info_score": 0.4906387847778809, "adjusted_rand_score": 0.4617565228456861, "completeness_score": 0.4922329069952678, "fowlkes_mallows_score": 0.6028593913872138, "homogeneity_score": 0.49243236706575494, "v_measure_score": 0.49233261682856017}, "classification": {"f1_score": 0.778488536870952, "hamming_loss": 0.24, "jaccard_score": 0.65052117455427, "accuracy_score": 0.76, "recall_score": 0.7785618598880795, "precision_score": 0.7785549283053397}, "time": 0.017}, "RandomForestClassifier": {"clustering": {"adjusted_mutual_info_score": 0.5824227860407254, "adjusted_rand_score": 0.5586525967850127, "completeness_score": 0.584456439107129, "fowlkes_mallows_score": 0.6747996632195581, "homogeneity_score": 0.5831714607476738, "v_measure_score": 0.5838132428659376}, "classification": {"f1_score": 0.8255008094259886, "hamming_loss": 0.188, "jaccard_score": 0.7152832431006844, "accuracy_score": 0.812, "recall_score": 0.8297275894836871, "precision_score": 0.8261747924284685}, "time": 0.547}, "LinearSVC": {"clustering": {"adjusted_mutual_info_score": 0.5568933435682649, "adjusted_rand_score": 0.5314551668371719, "completeness_score": 0.5583048045126006, "fowlkes_mallows_score": 0.6543499443268044, "homogeneity_score": 0.5584291641925521, "v_measure_score": 0.5583669774282191}, "classification": {"f1_score": 0.8117474574851093, "hamming_loss": 0.203, "jaccard_score": 0.6976045440162449, "accuracy_score": 0.797, "recall_score": 0.8162304666877839, "precision_score": 0.810877064191216}, "time": 0.02}, "LogisticRegression": {"clustering": {"adjusted_mutual_info_score": 0.5654285984708524, "adjusted_rand_score": 0.528809218804453, "completeness_score": 0.5669445184911199,