{"clustering_alg": {"affinity_propagation": {"clustering": {"adjusted_mutual_info_score": 0.2912688705696706, "adjusted_rand_score": 0.02146283810268858, "completeness_score": 0.1919985682303925, "fowlkes_mallows_score": 0.11121774033322203, "homogeneity_score": 0.7233357947569856, "v_measure_score": 0.3034507226187232}, "classification": {"f1_score": 0.0004788867841325793, "hamming_loss": 0.9912, "jaccard_score": 0.00024610659093062724, "accuracy_score": 0.0088, "recall_score": 0.00024829921939082235, "precision_score": 0.006802173516732405}, "found_clusters": 179, "expected_clusters": 4, "time": 83.7424}, "agglomerative": {"clustering": {"adjusted_mutual_info_score": 0.40915588052270024, "adjusted_rand_score": 0.3780536457937059, "completeness_score": 0.40753656039531916, "fowlkes_mallows_score": 0.5384190049294874, "homogeneity_score": 0.4115721242378003, "v_measure_score": 0.40954440115989016}, "classification": {"f1_score": 0.6759553696100828, "hamming_loss": 0.3264, "jaccard_score": 0.5294712108310627, "accuracy_score": 0.6736, "recall_score": 0.6753041914588377, "precision_score": 0.6946999169021476}, "found_clusters": 4, "expected_clusters": 4, "time": 2.5666}, "birch": {"clustering": {"adjusted_mutual_info_score": 0.3334520600180794, "adjusted_rand_score": 0.19625514416705706, "completeness_score": 0.4393167702692332, "fowlkes_mallows_score": 0.5043254595611052, "homogeneity_score": 0.26917489942835676, "v_measure_score": 0.3338163383202121}, "classification": {"f1_score": 0.11201430904471407, "hamming_loss": 0.8236, "jaccard_score": 0.06712313575289304, "accuracy_score": 0.1764, "recall_score": 0.2439209402186772, "precision_score": 0.08692751959912033}, "found_clusters": 3, "expected_clusters": 4, "time": 0.1596}, "dbscan": {"clustering": {"adjusted_mutual_info_score": 3.3392344304522914e-15, "adjusted_rand_score": 0.0, "completeness_score": 1.0, "fowlkes_mallows_score": 0.5109835034794818, "homogeneity_score": 3.6650133992725277e-16, "v_measure_score": 7.330026798545052e-16}, "classification": {"f1_score": 0.07461289773694062, "hamming_loss": 0.8246, "jaccard_score": 0.04385, "accuracy_score": 0.1754, "recall_score": 0.25, "precision_score": 0.04385}, "found_clusters": 1, "expected_clusters": 4, "time": 0.65}, "k_means": {"clustering": {"adjusted_mutual_info_score": 0.4119402989751405, "adjusted_rand_score": 0.3417593918205747, "completeness_score": 0.4171685723294834, "fowlkes_mallows_score": 0.5190769653958918, "homogeneity_score": 0.40760910895630614, "v_measure_score": 0.4123334418717734}, "classification": {"f1_score": 0.5241515114600885, "hamming_loss": 0.4562, "jaccard_score": 0.3844490558794625, "accuracy_score": 0.5438, "recall_score": 0.5901220728878853, "precision_score": 0.5250719441046439}, "found_clusters": 4, "expected_clusters": 4, "time": 0.219}, "mini_batch_k_means": {"clustering": {"adjusted_mutual_info_score": 0.42234086145265665, "adjusted_rand_score": 0.3407157250803485, "completeness_score": 0.4302063879394514, "fowlkes_mallows_score": 0.5211063217452977, "homogeneity_score": 0.4155076269794409, "v_measure_score": 0.42272927304216784}, "classification": {"f1_score": 0.5237624633487753, "hamming_loss": 0.4594, "jaccard_score": 0.38311640235673416, "accuracy_score": 0.5406, "recall_score": 0.5922320133903949, "precision_score": 0.5418912854896681}, "found_clusters": 4, "expected_clusters": 4, "time": 0.104}, "mean_shift": {"clustering": {"adjusted_mutual_info_score": 3.3392344304522914e-15, "adjusted_rand_score": 0.0, "completeness_score": 1.0, "fowlkes_mallows_score": 0.5109835034794818, "homogeneity_score": 3.6650133992725277e-16, "v_measure_score": 7.330026798545052e-16}, "classification": {"f1_score": 0.07461289773694062, "hamming_loss": 0.8246, "jaccard_score": 0.04385, "accuracy_score": 0.1754, "recall_score": 0.25, "precision_score": 0.04385}, "found_clusters": 1, "expected_clusters": 4, "time": 128.1954}, "optics": {"clustering": {"adjusted_mutual_info_score": 0.09615840444127206, "adjusted_rand_score": 0.00025462460101576033, "completeness_score": 0.14799793051846313, "fowlkes_mallows_score": 0.44529113094475437, "homogeneity_score": 0.10444976115602762, "v_measure_score": 0.12246773493316021}, "classification": {"f1_score": 0.00033079331324945363, "hamming_loss": 0.9972, "jaccard_score": 0.00016803696813298926, "accuracy_score": 0.0028, "recall_score": 0.00016803696813298926, "precision_score": 0.010526315789473684}, "found_clusters": 95, "expected_clusters": 4, "time": 12.9087}, "spectral_clustering": {"clustering": {"adjusted_mutual_info_score": 0.42987615889708924, "adjusted_rand_score": 0.341327657433111, "completeness_score": 0.4370800263871742, "fowlkes_mallows_score": 0.520685168155998, "homogeneity_score": 0.4236472729764757, "v_measure_score": 0.4302588320094181}, "classification": {"f1_score": 0.5714223834883454, "hamming_loss": 0.4162, "jaccard_score": 0.4235012456697331, "accuracy_score": 0.5838, "recall_score": 0.6365800333133698, "precision_score": 0.5972085042417503}, "found_clusters": 4, "expected_clusters": 4, "time": 8.5933}, "gaussian_mixture_model": {"clustering": {"adjusted_mutual_info_score": 0.47240968772523184, "adjusted_rand_score": 0.36886568366424227, "completeness_score": 0.48108037646023283, "fowlkes_mallows_score": 0.5411081863235976, "homogeneity_score": 0.46473104626044554, "v_measure_score": 0.47276440380602097}, "classification": {"f1_score": 0.5697305516170736, "hamming_loss": 0.4132, "jaccard_score": 0.4282886742972275, "accuracy_score": 0.5868, "recall_score": 0.6460984781746748, "precision_score": 0.5952257670805517}, "found_clusters": 4, "expected_clusters": 4, "time": 0.086}}, "classification_alg": {"KNeighborsClassifier": {"clustering": {"adjusted_mutual_info_score": 0.6158875360536712, "adjusted_rand_score": 0.6544598771232757, "completeness_score": 0.614218125114081, "fowlkes_mallows_score": 0.7436255354022441, "homogeneity_score": 0.6201232112405968, "v_measure_score": 0.6171565432180856}, "classification": {"f1_score": 0.8500803908050509, "hamming_loss": 0.147, "jaccard_score": 0.7423476916924658, "accuracy_score": 0.853, "recall_score": 0.8585375207723055, "precision_score": 0.845798841763302}, "time": 0.068}, "DecisionTreeClassifier": {"clustering": {"adjusted_mutual_info_score": 0.5390717925206836, "adjusted_rand_score": 0.5744623498507898, "completeness_score": 0.5411675474553077, "fowlkes_mallows_score": 0.6858639630085624, "homogeneity_score": 0.540041154538977, "v_measure_score": 0.5406037642644423}, "classification": {"f1_score": 0.8109965640979655, "hamming_loss": 0.186, "jaccard_score": 0.686091076106556, "accuracy_score": 0.814, "recall_score": 0.809629018221897, "precision_score": 0.8124781501045458}, "time": 0.022}, "RandomForestClassifier": {"clustering": {"adjusted_mutual_info_score": 0.6671773721455143, "adjusted_rand_score": 0.7104653746907955, "completeness_score": 0.6681296577809007, "fowlkes_mallows_score": 0.7860354282554012, "homogeneity_score": 0.6684346380842034, "v_measure_score": 0.6682821131369999}, "classification": {"f1_score": 0.8748300947050909, "hamming_loss": 0.122, "jaccard_score": 0.780916681448078, "accuracy_score": 0.878, "recall_score": 0.8762999727862035, "precision_score": 0.8739533363236199}, "time": 1.0544}, "LinearSVC": {"clustering": {"adjusted_mutual_info_score": 0.6033409310907574, "adjusted_rand_score": 0.6526074922728999, "completeness_score": 0.6056030915161751, "fowlkes_mallows_score": 0.7437228574551871, "homogeneity_score": 0.6037198046423848, "v_measure_score": 0.6046599816514713}, "classification": {"f1_score": 0.8442314226395077, "hamming_loss": 0.15, "jaccard_score": 0.7343623048135391, "accuracy_score": 0.85, "recall_score": 0.8453971183240077, "precision_score": 0.8451300664026229}, "time": 0.041}, "LogisticRegression": {"clustering": {"adjusted_mutual_info_score": 0.6074467168095734, "adjusted_rand_score": 0.6539593305398539, "completeness_score": 0.6096984057111398,