{"clustering_alg": {"affinity_propagation": {"clustering": {"adjusted_mutual_info_score": 0.25396467287565394, "adjusted_rand_score": 0.0472464940035781, "completeness_score": 0.18850389595014294, "fowlkes_mallows_score": 0.15992924101013098, "homogeneity_score": 0.5532188080592981, "v_measure_score": 0.2811937670732124}, "classification": {"f1_score": 0.0021349182123426643, "hamming_loss": 0.985, "jaccard_score": 0.001128894072586161, "accuracy_score": 0.015, "recall_score": 0.0011528877092145085, "precision_score": 0.014450254381006219}, "found_clusters": 61, "expected_clusters": 4, "time": 3.5894}, "agglomerative": {"clustering": {"adjusted_mutual_info_score": 0.3861291041512918, "adjusted_rand_score": 0.29289600030787777, "completeness_score": 0.41270301340229937, "fowlkes_mallows_score": 0.5023194973521328, "homogeneity_score": 0.36657494542399105, "v_measure_score": 0.3882737421243759}, "classification": {"f1_score": 0.6089244742757661, "hamming_loss": 0.387, "jaccard_score": 0.462140875136577, "accuracy_score": 0.613, "recall_score": 0.6429384340214918, "precision_score": 0.6912655608988042}, "found_clusters": 4, "expected_clusters": 4, "time": 0.086}, "birch": {"clustering": {"adjusted_mutual_info_score": 0.1901315587824479, "adjusted_rand_score": 0.13116116976764533, "completeness_score": 0.24315291515166348, "fowlkes_mallows_score": 0.4263908214805389, "homogeneity_score": 0.15902206518405634, "v_measure_score": 0.19228783794886362}, "classification": {"f1_score": 0.23677837843921234, "hamming_loss": 0.665, "jaccard_score": 0.15512189278338262, "accuracy_score": 0.335, "recall_score": 0.33798058839882905, "precision_score": 0.1869172932330827}, "found_clusters": 3, "expected_clusters": 4, "time": 0.027}, "dbscan": {"clustering": {"adjusted_mutual_info_score": 0.012809215905747792, "adjusted_rand_score": -0.0019831023195656275, "completeness_score": 0.21109464549629242, "fowlkes_mallows_score": 0.4998053743840696, "homogeneity_score": 0.007894594455201779, "v_measure_score": 0.015219986317382025}, "classification": {"f1_score": 0.06828451882845189, "hamming_loss": 0.796, "jaccard_score": 0.04117053481331988, "accuracy_score": 0.204, "recall_score": 0.2, "precision_score": 0.04117053481331988}, "found_clusters": 2, "expected_clusters": 4, "time": 0.04}, "k_means": {"clustering": {"adjusted_mutual_info_score": 0.3509672704982623, "adjusted_rand_score": 0.2857215005806224, "completeness_score": 0.35641023612951517, "fowlkes_mallows_score": 0.4721539608072017, "homogeneity_score": 0.349898235271037, "v_measure_score": 0.3531242161288722}, "classification": {"f1_score": 0.6144040325993407, "hamming_loss": 0.385, "jaccard_score": 0.45645774731425914, "accuracy_score": 0.615, "recall_score": 0.6524605702610197, "precision_score": 0.6333510456422922}, "found_clusters": 4, "expected_clusters": 4, "time": 0.8493}, "mini_batch_k_means": {"clustering": {"adjusted_mutual_info_score": 0.306944968567797, "adjusted_rand_score": 0.24434038951333148, "completeness_score": 0.31007091300042894, "fowlkes_mallows_score": 0.43906131028424983, "homogeneity_score": 0.3083988921951, "v_measure_score": 0.30923264246028487}, "classification": {"f1_score": 0.5620811534658658, "hamming_loss": 0.436, "jaccard_score": 0.4034058755671766, "accuracy_score": 0.564, "recall_score": 0.6007856859620123, "precision_score": 0.5617922292492954}, "found_clusters": 4, "expected_clusters": 4, "time": 0.061}, "mean_shift": {"clustering": {"adjusted_mutual_info_score": -6.558661216739769e-16, "adjusted_rand_score": 0.0, "completeness_score": 1.0, "fowlkes_mallows_score": 0.5057962335069626, "homogeneity_score": 0.0, "v_measure_score": 0.0}, "classification": {"f1_score": 0.08471760797342193, "hamming_loss": 0.796, "jaccard_score": 0.051, "accuracy_score": 0.204, "recall_score": 0.25, "precision_score": 0.051}, "found_clusters": 1, "expected_clusters": 4, "time": 17.4669}, "optics": {"clustering": {"adjusted_mutual_info_score": 0.08759606106871719, "adjusted_rand_score": 0.018653679645079385, "completeness_score": 0.18011556980420537, "fowlkes_mallows_score": 0.46620636082957756, "homogeneity_score": 0.07983502170460606, "v_measure_score": 0.11063279634175255}, "classification": {"f1_score": 0.006230529595015576, "hamming_loss": 0.99, "jaccard_score": 0.0032679738562091504, "accuracy_score": 0.01, "recall_score": 0.0032679738562091504, "precision_score": 0.06666666666666667}, "found_clusters": 15, "expected_clusters": 4, "time": 2.452}, "spectral_clustering": {"clustering": {"adjusted_mutual_info_score": 0.3914939204862424, "adjusted_rand_score": 0.3258264236919718, "completeness_score": 0.3954373233748065, "fowlkes_mallows_score": 0.5002994311017226, "homogeneity_score": 0.39159557847430965, "v_measure_score": 0.39350707456694595}, "classification": {"f1_score": 0.6529792959603538, "hamming_loss": 0.35, "jaccard_score": 0.4980188183512992, "accuracy_score": 0.65, "recall_score": 0.6851580727419747, "precision_score": 0.6704052181625616}, "found_clusters": 4, "expected_clusters": 4, "time": 0.8061}, "gaussian_mixture_model": {"clustering": {"adjusted_mutual_info_score": 0.4513280520299633, "adjusted_rand_score": 0.3962551403084191, "completeness_score": 0.4538647290809041, "fowlkes_mallows_score": 0.5515290647859321, "homogeneity_score": 0.4524117296591965, "v_measure_score": 0.4531370646000184}, "classification": {"f1_score": 0.7190788823375438, "hamming_loss": 0.291, "jaccard_score": 0.5749332763958578, "accuracy_score": 0.709, "recall_score": 0.7260565197102549, "precision_score": 0.7244102645849659}, "found_clusters": 4, "expected_clusters": 4, "time": 0.0315}}, "classification_alg": {"KNeighborsClassifier": {"clustering": {"adjusted_mutual_info_score": 0.48078683231833497, "adjusted_rand_score": 0.4388919883221253, "completeness_score": 0.4906545495436131, "fowlkes_mallows_score": 0.5807240720863309, "homogeneity_score": 0.4883511903253839, "v_measure_score": 0.48950016031622345}, "classification": {"f1_score": 0.7362350339357888, "hamming_loss": 0.265, "jaccard_score": 0.5949730094466936, "accuracy_score": 0.735, "recall_score": 0.7603867128572763, "precision_score": 0.742025109038772}, "time": 0.013}, "DecisionTreeClassifier": {"clustering": {"adjusted_mutual_info_score": 0.34809608419889376, "adjusted_rand_score": 0.3007870952005129, "completeness_score": 0.35956146602666617, "fowlkes_mallows_score": 0.4773130869911766, "homogeneity_score": 0.35848668818560975, "v_measure_score": 0.35902327273988427}, "classification": {"f1_score": 0.6618301996168968, "hamming_loss": 0.35, "jaccard_score": 0.5053274636879062, "accuracy_score": 0.65, "recall_score": 0.6608437796200622, "precision_score": 0.6636065745628053}, "time": 0.007}, "RandomForestClassifier": {"clustering": {"adjusted_mutual_info_score": 0.44896462886517097, "adjusted_rand_score": 0.42679530478386574, "completeness_score": 0.4575248276709777, "fowlkes_mallows_score": 0.5703720697672293, "homogeneity_score": 0.4588166104927054, "v_measure_score": 0.458169808557233}, "classification": {"f1_score": 0.7384688063887835, "hamming_loss": 0.265, "jaccard_score": 0.5923264065952745, "accuracy_score": 0.735, "recall_score": 0.7446023902973019, "precision_score": 0.7359025202513012}, "time": 0.4766}, "LinearSVC": {"clustering": {"adjusted_mutual_info_score": 0.3017796331115868, "adjusted_rand_score": 0.2524612685195916, "completeness_score": 0.3130449952819988, "fowlkes_mallows_score": 0.43972202405411176, "homogeneity_score": 0.31384751666019695, "v_measure_score": 0.31344574229407174}, "classification": {"f1_score": 0.6113173088252621, "hamming_loss": 0.395, "jaccard_score": 0.4505711142639771, "accuracy_score": 0.605, "recall_score": 0.6163811459543167, "precision_score": 0.6077652151015438}, "time": 0.012}, "LogisticRegression": {"clustering": {"adjusted_mutual_info_score": 0.3167385311196661, "adjusted_rand_score": 0.25601408350254434, "completeness_score": 0.3278925424324842, "fowlkes_mallows_score": 0.442664975006174,