{"clustering_alg": {"affinity_propagation": {"clustering": {"adjusted_mutual_info_score": 3.1742878149159592e-15, "adjusted_rand_score": 0.0, "completeness_score": 1.0, "fowlkes_mallows_score": 0.5072081348109508, "homogeneity_score": 6.481312918411702e-16, "v_measure_score": 1.2962625836823396e-15}, "classification": {"f1_score": 0.0, "hamming_loss": 1.0, "jaccard_score": 0.0, "accuracy_score": 0.0, "recall_score": 0.0, "precision_score": 0.0}, "found_clusters": 1, "expected_clusters": 4, "time": 152.5712}, "agglomerative": {"clustering": {"adjusted_mutual_info_score": 0.05652314513574644, "adjusted_rand_score": 0.037573639680921034, "completeness_score": 0.05925609783644144, "fowlkes_mallows_score": 0.30614773111554183, "homogeneity_score": 0.055217133899164085, "v_measure_score": 0.05716536239902543}, "classification": {"f1_score": 0.31643044287441113, "hamming_loss": 0.667, "jaccard_score": 0.18961078488165162, "accuracy_score": 0.333, "recall_score": 0.3239663835771411, "precision_score": 0.33894432106186934}, "found_clusters": 4, "expected_clusters": 4, "time": 0.801}, "birch": {"clustering": {"adjusted_mutual_info_score": 3.1742878149159592e-15, "adjusted_rand_score": 0.0, "completeness_score": 1.0, "fowlkes_mallows_score": 0.5072081348109508, "homogeneity_score": 6.481312918411702e-16, "v_measure_score": 1.2962625836823396e-15}, "classification": {"f1_score": 0.10455552040493515, "hamming_loss": 0.7356, "jaccard_score": 0.0661, "accuracy_score": 0.2644, "recall_score": 0.25, "precision_score": 0.0661}, "found_clusters": 1, "expected_clusters": 4, "time": 0.085}, "dbscan": {"clustering": {"adjusted_mutual_info_score": 3.1742878149159592e-15, "adjusted_rand_score": 0.0, "completeness_score": 1.0, "fowlkes_mallows_score": 0.5072081348109508, "homogeneity_score": 6.481312918411702e-16, "v_measure_score": 1.2962625836823396e-15}, "classification": {"f1_score": 0.10455552040493515, "hamming_loss": 0.7356, "jaccard_score": 0.0661, "accuracy_score": 0.2644, "recall_score": 0.25, "precision_score": 0.0661}, "found_clusters": 1, "expected_clusters": 4, "time": 0.272}, "k_means": {"clustering": {"adjusted_mutual_info_score": 0.08294580735359246, "adjusted_rand_score": 0.059490987785485075, "completeness_score": 0.0832158173984399, "fowlkes_mallows_score": 0.2990943055117762, "homogeneity_score": 0.08387926847234377, "v_measure_score": 0.08354622581907699}, "classification": {"f1_score": 0.36080097954873297, "hamming_loss": 0.6394, "jaccard_score": 0.2203000174711704, "accuracy_score": 0.3606, "recall_score": 0.36437684603212284, "precision_score": 0.3589882558400317}, "found_clusters": 4, "expected_clusters": 4, "time": 0.194}, "mini_batch_k_means": {"clustering": {"adjusted_mutual_info_score": 0.09485461913166836, "adjusted_rand_score": 0.06810172400367644, "completeness_score": 0.094992556843824, "fowlkes_mallows_score": 0.30502436099787733, "homogeneity_score": 0.0959053178912429, "v_measure_score": 0.09544675522503751}, "classification": {"f1_score": 0.3754178778053531, "hamming_loss": 0.625, "jaccard_score": 0.23165211354527898, "accuracy_score": 0.375, "recall_score": 0.38218940411107344, "precision_score": 0.3737258811703258}, "found_clusters": 4, "expected_clusters": 4, "time": 0.052}, "mean_shift": {"clustering": {"adjusted_mutual_info_score": 3.1742878149159592e-15, "adjusted_rand_score": 0.0, "completeness_score": 1.0, "fowlkes_mallows_score": 0.5072081348109508, "homogeneity_score": 6.481312918411702e-16, "v_measure_score": 1.2962625836823396e-15}, "classification": {"f1_score": 0.10455552040493515, "hamming_loss": 0.7356, "jaccard_score": 0.0661, "accuracy_score": 0.2644, "recall_score": 0.25, "precision_score": 0.0661}, "found_clusters": 1, "expected_clusters": 4, "time": 79.0126}, "optics": {"clustering": {"adjusted_mutual_info_score": 0.07284704974704617, "adjusted_rand_score": 0.002643112505414673, "completeness_score": 0.0781086192720144, "fowlkes_mallows_score": 0.24186690836169242, "homogeneity_score": 0.21110264510132556, "v_measure_score": 0.11402692885605732}, "classification": {"f1_score": 4.180294302959866e-05, "hamming_loss": 0.9982, "jaccard_score": 2.0991671816057323e-05, "accuracy_score": 0.0018, "recall_score": 2.1018486209383492e-05, "precision_score": 0.0038802083333333336}, "found_clusters": 320, "expected_clusters": 4, "time": 3.864}, "spectral_clustering": {"clustering": {"adjusted_mutual_info_score": 0.06744693666982485, "adjusted_rand_score": 0.0271892575205164, "completeness_score": 0.07044132178721968, "fowlkes_mallows_score": 0.29688909960160137, "homogeneity_score": 0.06587306347166746, "v_measure_score": 0.06808064537436856}, "classification": {"f1_score": 0.31169135894543565, "hamming_loss": 0.6722, "jaccard_score": 0.1869902000205413, "accuracy_score": 0.3278, "recall_score": 0.3120647633375354, "precision_score": 0.33391119430148036}, "found_clusters": 4, "expected_clusters": 4, "time": 2.8838}, "gaussian_mixture_model": {"clustering": {"adjusted_mutual_info_score": 0.08024405164940779, "adjusted_rand_score": 0.05725216011183645, "completeness_score": 0.08057796058991579, "fowlkes_mallows_score": 0.2978590773105729, "homogeneity_score": 0.0811170881093885, "v_measure_score": 0.08084662556368254}, "classification": {"f1_score": 0.3593317793322668, "hamming_loss": 0.6412, "jaccard_score": 0.21918291985253532, "accuracy_score": 0.3588, "recall_score": 0.3626902494385814, "precision_score": 0.35773822105057695}, "found_clusters": 4, "expected_clusters": 4, "time": 0.051}}, "classification_alg": {"KNeighborsClassifier": {"clustering": {"adjusted_mutual_info_score": 0.12251969587078276, "adjusted_rand_score": 0.13921624572318622, "completeness_score": 0.12604715514578352, "fowlkes_mallows_score": 0.3677893490670648, "homogeneity_score": 0.12486176171730397, "v_measure_score": 0.12545165829674212}, "classification": {"f1_score": 0.45511820147458965, "hamming_loss": 0.519, "jaccard_score": 0.3034570937985185, "accuracy_score": 0.481, "recall_score": 0.4652935752209621, "precision_score": 0.4621893604417596}, "time": 0.029}, "DecisionTreeClassifier": {"clustering": {"adjusted_mutual_info_score": 0.07752545089653022, "adjusted_rand_score": 0.07973379251976065, "completeness_score": 0.07994155548042581, "fowlkes_mallows_score": 0.3157916621557516, "homogeneity_score": 0.08120477419617717, "v_measure_score": 0.08056821368140257}, "classification": {"f1_score": 0.42872235027039907, "hamming_loss": 0.562, "jaccard_score": 0.27637348306976184, "accuracy_score": 0.438, "recall_score": 0.43060589799673377, "precision_score": 0.43230579973780514}, "time": 0.011}, "RandomForestClassifier": {"clustering": {"adjusted_mutual_info_score": 0.10788751535823954, "adjusted_rand_score": 0.11347014499095107, "completeness_score": 0.11015765037809482, "fowlkes_mallows_score": 0.34201168261534387, "homogeneity_score": 0.11152123822062025, "v_measure_score": 0.11083525045885238}, "classification": {"f1_score": 0.4540071888491676, "hamming_loss": 0.532, "jaccard_score": 0.29851477757388606, "accuracy_score": 0.468, "recall_score": 0.4599858809419951, "precision_score": 0.45527491430301725}, "time": 0.488}, "LinearSVC": {"clustering": {"adjusted_mutual_info_score": 0.13007050492356356, "adjusted_rand_score": 0.11887500425654156, "completeness_score": 0.15053182270499305, "fowlkes_mallows_score": 0.38680207389887833, "homogeneity_score": 0.11943157966302644, "v_measure_score": 0.13319030074086588}, "classification": {"f1_score": 0.3490604244426678, "hamming_loss": 0.563, "jaccard_score": 0.23193342166990252, "accuracy_score": 0.437, "recall_score": 0.3833321074679538, "precision_score": 0.32665857389663067}, "time": 0.018}, "LogisticRegression": {"clustering": {"adjusted_mutual_info_score": 0.15379074497301337, "adjusted_rand_score": 0.1168617785026144, "completeness_score": 0.17444437219156536, "fowlkes_mallows_score": 0.38289586051105584, "homogeneity_score": 0.14279537281368285, "v_measure_score": 0.1570411624302077},