{"clustering_alg": {"affinity_propagation": {"clustering": {"adjusted_mutual_info_score": 0.5794876501055336, "adjusted_rand_score": 0.19214191905127373, "completeness_score": 0.4094724156768887, "fowlkes_mallows_score": 0.36991419168148426, "homogeneity_score": 0.9999999999999999, "v_measure_score": 0.5810293427846086}, "classification": {"f1_score": 0.005794984173362552, "hamming_loss": 0.9762, "jaccard_score": 0.0031733333333333336, "accuracy_score": 0.0238, "recall_score": 0.0031733333333333336, "precision_score": 0.03333333333333333}, "found_clusters": 30, "expected_clusters": 4, "time": 120.3688}, "agglomerative": {"clustering": {"adjusted_mutual_info_score": 1.0, "adjusted_rand_score": 1.0, "completeness_score": 1.0, "fowlkes_mallows_score": 1.0, "homogeneity_score": 1.0, "v_measure_score": 1.0}, "classification": {"f1_score": 1.0, "hamming_loss": 0.0, "jaccard_score": 1.0, "accuracy_score": 1.0, "recall_score": 1.0, "precision_score": 1.0}, "found_clusters": 4, "expected_clusters": 4, "time": 0.842}, "birch": {"clustering": {"adjusted_mutual_info_score": 0.8570721064109494, "adjusted_rand_score": 0.7141631882897822, "completeness_score": 1.0, "fowlkes_mallows_score": 0.8163876493575091, "homogeneity_score": 0.7500000000000001, "v_measure_score": 0.8571428571428573}, "classification": {"f1_score": 0.16666666666666666, "hamming_loss": 0.75, "jaccard_score": 0.125, "accuracy_score": 0.25, "recall_score": 0.25, "precision_score": 0.125}, "found_clusters": 3, "expected_clusters": 4, "time": 0.7633}, "dbscan": {"clustering": {"adjusted_mutual_info_score": 0.020589186348695797, "adjusted_rand_score": 5.4714379162279236e-05, "completeness_score": 0.18056239985085404, "fowlkes_mallows_score": 0.4927962494791519, "homogeneity_score": 0.014215135961532982, "v_measure_score": 0.026355391064120246}, "classification": {"f1_score": 0.0014628794343532852, "hamming_loss": 0.9976, "jaccard_score": 0.0007384615384615384, "accuracy_score": 0.0024, "recall_score": 0.0007384615384615384, "precision_score": 0.07692307692307693}, "found_clusters": 13, "expected_clusters": 4, "time": 0.054}, "k_means": {"clustering": {"adjusted_mutual_info_score": 1.0, "adjusted_rand_score": 1.0, "completeness_score": 1.0, "fowlkes_mallows_score": 1.0, "homogeneity_score": 1.0, "v_measure_score": 1.0}, "classification": {"f1_score": 1.0, "hamming_loss": 0.0, "jaccard_score": 1.0, "accuracy_score": 1.0, "recall_score": 1.0, "precision_score": 1.0}, "found_clusters": 4, "expected_clusters": 4, "time": 0.0505}, "mini_batch_k_means": {"clustering": {"adjusted_mutual_info_score": 1.0, "adjusted_rand_score": 1.0, "completeness_score": 1.0, "fowlkes_mallows_score": 1.0, "homogeneity_score": 1.0, "v_measure_score": 1.0}, "classification": {"f1_score": 1.0, "hamming_loss": 0.0, "jaccard_score": 1.0, "accuracy_score": 1.0, "recall_score": 1.0, "precision_score": 1.0}, "found_clusters": 4, "expected_clusters": 4, "time": 0.031}, "mean_shift": {"clustering": {"adjusted_mutual_info_score": 0.6665704110789465, "adjusted_rand_score": 0.49984992496248126, "completeness_score": 1.0, "fowlkes_mallows_score": 0.7069652890828426, "homogeneity_score": 0.5000000000000003, "v_measure_score": 0.666666666666667}, "classification": {"f1_score": 0.0, "hamming_loss": 1.0, "jaccard_score": 0.0, "accuracy_score": 0.0, "recall_score": 0.0, "precision_score": 0.0}, "found_clusters": 2, "expected_clusters": 4, "time": 10.7022}, "optics": {"clustering": {"adjusted_mutual_info_score": 0.0775516741782264, "adjusted_rand_score": 0.00030648451017774607, "completeness_score": 0.18214902607911318, "fowlkes_mallows_score": 0.4675014322152901, "homogeneity_score": 0.06529189743419911, "v_measure_score": 0.0961268278475115}, "classification": {"f1_score": 0.00018026679485638744, "hamming_loss": 0.9988, "jaccard_score": 9.056603773584905e-05, "accuracy_score": 0.0012, "recall_score": 9.056603773584905e-05, "precision_score": 0.018867924528301886}, "found_clusters": 53, "expected_clusters": 4, "time": 3.3541}, "spectral_clustering": {"clustering": {"adjusted_mutual_info_score": 1.0, "adjusted_rand_score": 1.0, "completeness_score": 1.0, "fowlkes_mallows_score": 1.0, "homogeneity_score": 1.0, "v_measure_score": 1.0}, "classification": {"f1_score": 1.0, "hamming_loss": 0.0, "jaccard_score": 1.0, "accuracy_score": 1.0, "recall_score": 1.0, "precision_score": 1.0}, "found_clusters": 4, "expected_clusters": 4, "time": 3.7926}, "gaussian_mixture_model": {"clustering": {"adjusted_mutual_info_score": 1.0, "adjusted_rand_score": 1.0, "completeness_score": 1.0, "fowlkes_mallows_score": 1.0, "homogeneity_score": 1.0, "v_measure_score": 1.0}, "classification": {"f1_score": 1.0, "hamming_loss": 0.0, "jaccard_score": 1.0, "accuracy_score": 1.0, "recall_score": 1.0, "precision_score": 1.0}, "found_clusters": 4, "expected_clusters": 4, "time": 0.017}}, "classification_alg": {"KNeighborsClassifier": {"clustering": {"adjusted_mutual_info_score": 1.0, "adjusted_rand_score": 1.0, "completeness_score": 1.0, "fowlkes_mallows_score": 1.0, "homogeneity_score": 1.0, "v_measure_score": 1.0}, "classification": {"f1_score": 1.0, "hamming_loss": 0.0, "jaccard_score": 1.0, "accuracy_score": 1.0, "recall_score": 1.0, "precision_score": 1.0}, "time": 0.044}, "DecisionTreeClassifier": {"clustering": {"adjusted_mutual_info_score": 1.0, "adjusted_rand_score": 1.0, "completeness_score": 1.0, "fowlkes_mallows_score": 1.0, "homogeneity_score": 1.0, "v_measure_score": 1.0}, "classification": {"f1_score": 1.0, "hamming_loss": 0.0, "jaccard_score": 1.0, "accuracy_score": 1.0, "recall_score": 1.0, "precision_score": 1.0}, "time": 0.004}, "RandomForestClassifier": {"clustering": {"adjusted_mutual_info_score": 1.0, "adjusted_rand_score": 1.0, "completeness_score": 1.0, "fowlkes_mallows_score": 1.0, "homogeneity_score": 1.0, "v_measure_score": 1.0}, "classification": {"f1_score": 1.0, "hamming_loss": 0.0, "jaccard_score": 1.0, "accuracy_score": 1.0, "recall_score": 1.0, "precision_score": 1.0}, "time": 0.2636}, "LinearSVC": {"clustering": {"adjusted_mutual_info_score": 1.0, "adjusted_rand_score": 1.0, "completeness_score": 1.0, "fowlkes_mallows_score": 1.0, "homogeneity_score": 1.0, "v_measure_score": 1.0}, "classification": {"f1_score": 1.0, "hamming_loss": 0.0, "jaccard_score": 1.0, "accuracy_score": 1.0, "recall_score": 1.0, "precision_score": 1.0}, "time": 0.009}, "LogisticRegression": {"clustering": {"adjusted_mutual_info_score": 1.0, "adjusted_rand_score": 1.0, "completeness_score": 1.0, "fowlkes_mallows_score": 1.0, "homogeneity_score": 1.0, "v_measure_score": 1.0}, "classification": {"f1_score": 1.0, "hamming_loss": 0.0, "jaccard_score": 1.0, "accuracy_score": 1.0, "recall_score": 1.0, "precision_score": 1.0}, "time": 0.105}, "GaussianNB": {"clustering": {"adjusted_mutual_info_score": 1.0, "adjusted_rand_score": 1.0, "completeness_score": 1.0, "fowlkes_mallows_score": 1.0, "homogeneity_score": 1.0, "v_measure_score": 1.0}, "classification": {"f1_score": 1.0, "hamming_loss": 0.0, "jaccard_score": 1.0, "accuracy_score": 1.0, "recall_score": 1.0, "precision_score": 1.0}, "time": 0.001}}}