{"clustering_alg": {"affinity_propagation": {"clustering": {"adjusted_mutual_info_score": 0.26793852339111, "adjusted_rand_score": 0.018961413652573308, "completeness_score": 0.1775784265513725, "fowlkes_mallows_score": 0.10270284143499978, "homogeneity_score": 0.667678538353199, "v_measure_score": 0.28054262598419916}, "classification": {"f1_score": 0.0002972692102865467, "hamming_loss": 0.9926, "jaccard_score": 0.00015013848104444534, "accuracy_score": 0.0074, "recall_score": 0.00015161478490875274, "precision_score": 0.0076307519640852976}, "found_clusters": 180, "expected_clusters": 4, "time": 50.7224}, "agglomerative": {"clustering": {"adjusted_mutual_info_score": 0.2985895436478139, "adjusted_rand_score": 0.23447569509490282, "completeness_score": 0.29860882572243896, "fowlkes_mallows_score": 0.4319061629608631, "homogeneity_score": 0.29949346014086, "v_measure_score": 0.29905048871407436}, "classification": {"f1_score": 0.5455874175362304, "hamming_loss": 0.4528, "jaccard_score": 0.37729390772347704, "accuracy_score": 0.5472, "recall_score": 0.5555170014256983, "precision_score": 0.5446971074777548}, "found_clusters": 4, "expected_clusters": 4, "time": 1.548}, "birch": {"clustering": {"adjusted_mutual_info_score": 0.32152607696957863, "adjusted_rand_score": 0.2671097668797569, "completeness_score": 0.36492040826284033, "fowlkes_mallows_score": 0.48921281527347854, "homogeneity_score": 0.2878873686327204, "v_measure_score": 0.3218588375119021}, "classification": {"f1_score": 0.258812764049967, "hamming_loss": 0.6848, "jaccard_score": 0.17373146417218216, "accuracy_score": 0.3152, "recall_score": 0.3340052630451731, "precision_score": 0.22210341079282173}, "found_clusters": 3, "expected_clusters": 4, "time": 0.1181}, "dbscan": {"clustering": {"adjusted_mutual_info_score": 2.9744639163845865e-05, "adjusted_rand_score": 3.193825614303182e-05, "completeness_score": 0.15455151753373336, "fowlkes_mallows_score": 0.5090506176540497, "homogeneity_score": 0.00021493090419517392, "v_measure_score": 0.0004292648405844131}, "classification": {"f1_score": 0.10003000300030003, "hamming_loss": 0.6666, "jaccard_score": 0.06669333866773355, "accuracy_score": 0.3334, "recall_score": 0.2, "precision_score": 0.06669333866773355}, "found_clusters": 2, "expected_clusters": 4, "time": 0.4463}, "k_means": {"clustering": {"adjusted_mutual_info_score": 0.3833282099034772, "adjusted_rand_score": 0.30696460605700043, "completeness_score": 0.3827935781536794, "fowlkes_mallows_score": 0.4852238116188711, "homogeneity_score": 0.3846771841241804, "v_measure_score": 0.3837330696688215}, "classification": {"f1_score": 0.6223180507898269, "hamming_loss": 0.3818, "jaccard_score": 0.46030672188021227, "accuracy_score": 0.6182, "recall_score": 0.6431876813602362, "precision_score": 0.6295067683497894}, "found_clusters": 4, "expected_clusters": 4, "time": 0.2228}, "mini_batch_k_means": {"clustering": {"adjusted_mutual_info_score": 0.38914298512184836, "adjusted_rand_score": 0.3280873333597275, "completeness_score": 0.3883353532453499, "fowlkes_mallows_score": 0.5006205312402604, "homogeneity_score": 0.3907597140273709, "v_measure_score": 0.38954376161581483}, "classification": {"f1_score": 0.6527573763557342, "hamming_loss": 0.3516, "jaccard_score": 0.4926267378447507, "accuracy_score": 0.6484, "recall_score": 0.6715356814586643, "precision_score": 0.6613950348634625}, "found_clusters": 4, "expected_clusters": 4, "time": 0.039}, "mean_shift": {"clustering": {"adjusted_mutual_info_score": 7.861022889031624e-16, "adjusted_rand_score": 0.0, "completeness_score": 1.0, "fowlkes_mallows_score": 0.5091292198572996, "homogeneity_score": 5.272479030320506e-16, "v_measure_score": 1.0544958060641008e-15}, "classification": {"f1_score": 0.12501874906254687, "hamming_loss": 0.6666, "jaccard_score": 0.08335, "accuracy_score": 0.3334, "recall_score": 0.25, "precision_score": 0.08335}, "found_clusters": 1, "expected_clusters": 4, "time": 79.882}, "optics": {"clustering": {"adjusted_mutual_info_score": 0.07022004108397945, "adjusted_rand_score": -0.0017892276861594437, "completeness_score": 0.13696667588205008, "fowlkes_mallows_score": 0.45972280099211965, "homogeneity_score": 0.0717462158322389, "v_measure_score": 0.09416611124443644}, "classification": {"f1_score": 0.0001799573783759842, "hamming_loss": 0.9982, "jaccard_score": 9.02253033666772e-05, "accuracy_score": 0.0018, "recall_score": 9.062078784426743e-05, "precision_score": 0.013666666666666666}, "found_clusters": 75, "expected_clusters": 4, "time": 6.8043}, "spectral_clustering": {"clustering": {"adjusted_mutual_info_score": 0.4214632305594766, "adjusted_rand_score": 0.3931883649147693, "completeness_score": 0.42076016068835664, "fowlkes_mallows_score": 0.5492235974828572, "homogeneity_score": 0.42293144352311296, "v_measure_score": 0.4218430081528704}, "classification": {"f1_score": 0.730602334826674, "hamming_loss": 0.2796, "jaccard_score": 0.5799933213219508, "accuracy_score": 0.7204, "recall_score": 0.7369546203805462, "precision_score": 0.7306443379270194}, "found_clusters": 4, "expected_clusters": 4, "time": 4.5656}, "gaussian_mixture_model": {"clustering": {"adjusted_mutual_info_score": 0.5547816007371982, "adjusted_rand_score": 0.5363194847518212, "completeness_score": 0.5535056760643031, "fowlkes_mallows_score": 0.6554648141566042, "homogeneity_score": 0.5566508059556015, "v_measure_score": 0.5550737858533175}, "classification": {"f1_score": 0.8032206176255622, "hamming_loss": 0.2018, "jaccard_score": 0.6745362160801137, "accuracy_score": 0.7982, "recall_score": 0.8209230256063382, "precision_score": 0.805817466102707}, "found_clusters": 4, "expected_clusters": 4, "time": 0.059}}, "classification_alg": {"KNeighborsClassifier": {"clustering": {"adjusted_mutual_info_score": 0.5449731813317937, "adjusted_rand_score": 0.5566381883850153, "completeness_score": 0.5473009824891765, "fowlkes_mallows_score": 0.6739987917325289, "homogeneity_score": 0.5456784356775065, "v_measure_score": 0.5464885047339676}, "classification": {"f1_score": 0.8191646795029753, "hamming_loss": 0.185, "jaccard_score": 0.6944192176594536, "accuracy_score": 0.815, "recall_score": 0.8174604258914313, "precision_score": 0.8213291685553903}, "time": 0.047}, "DecisionTreeClassifier": {"clustering": {"adjusted_mutual_info_score": 0.44959574036692995, "adjusted_rand_score": 0.44464702131572525, "completeness_score": 0.4515355706504555, "fowlkes_mallows_score": 0.5910728738746863, "homogeneity_score": 0.4513172323727518, "v_measure_score": 0.4514263751110635}, "classification": {"f1_score": 0.7589590860307625, "hamming_loss": 0.246, "jaccard_score": 0.6120075361566635, "accuracy_score": 0.754, "recall_score": 0.7590134161274767, "precision_score": 0.7598168440779833}, "time": 0.02}, "RandomForestClassifier": {"clustering": {"adjusted_mutual_info_score": 0.585919629362314, "adjusted_rand_score": 0.6049747588560498, "completeness_score": 0.5870439518058128, "fowlkes_mallows_score": 0.7089480324394847, "homogeneity_score": 0.5875480712783622, "v_measure_score": 0.5872959033613584}, "classification": {"f1_score": 0.8414458449816705, "hamming_loss": 0.162, "jaccard_score": 0.7266630279365243, "accuracy_score": 0.838, "recall_score": 0.8420493769283361, "precision_score": 0.8414686643268329}, "time": 0.644}, "LinearSVC": {"clustering": {"adjusted_mutual_info_score": 0.48739558626291296, "adjusted_rand_score": 0.487682024106093, "completeness_score": 0.48804954968897635, "fowlkes_mallows_score": 0.6218680506389133, "homogeneity_score": 0.4901476173626744, "v_measure_score": 0.4890963335254616}, "classification": {"f1_score": 0.7843184051132657, "hamming_loss": 0.221, "jaccard_score": 0.6463484330458446, "accuracy_score": 0.779, "recall_score": 0.7871895143111802, "precision_score": 0.7824853730600129}, "time": 0.029}, "LogisticRegression": {"clustering": {"adjusted_mutual_info_score": 0.5144042371672266, "adjusted_rand_score": 0.5200649909396464,