{"clustering_alg": {"affinity_propagation": {"clustering": {"adjusted_mutual_info_score": 0.3053595458438366, "adjusted_rand_score": 0.029014897208027794, "completeness_score": 0.20222741940640263, "fowlkes_mallows_score": 0.12921867008086851, "homogeneity_score": 0.7293801632208718, "v_measure_score": 0.3166583675895025}, "classification": {"f1_score": 0.0008267190730677538, "hamming_loss": 0.9822, "jaccard_score": 0.0004273096415694973, "accuracy_score": 0.0178, "recall_score": 0.0004289817821368485, "precision_score": 0.011772890086143099}, "found_clusters": 166, "expected_clusters": 4, "time": 59.5142}, "agglomerative": {"clustering": {"adjusted_mutual_info_score": 0.37712784539625177, "adjusted_rand_score": 0.35431588806160674, "completeness_score": 0.3778299370657278, "fowlkes_mallows_score": 0.5159965346304948, "homogeneity_score": 0.37723628868930237, "v_measure_score": 0.37753287950831993}, "classification": {"f1_score": 0.5937519878113946, "hamming_loss": 0.4038, "jaccard_score": 0.45564059978420457, "accuracy_score": 0.5962, "recall_score": 0.5959832802988378, "precision_score": 0.5924705386052991}, "found_clusters": 4, "expected_clusters": 4, "time": 1.2548}, "birch": {"clustering": {"adjusted_mutual_info_score": 0.33669246677512676, "adjusted_rand_score": 0.307620213107075, "completeness_score": 0.3868910583655235, "fowlkes_mallows_score": 0.5172791107942323, "homogeneity_score": 0.29853282011787946, "v_measure_score": 0.3370167931348122}, "classification": {"f1_score": 0.2660402397011488, "hamming_loss": 0.687, "jaccard_score": 0.1757184503494617, "accuracy_score": 0.313, "recall_score": 0.31294443983274917, "precision_score": 0.23612669505462974}, "found_clusters": 3, "expected_clusters": 4, "time": 0.7162}, "dbscan": {"clustering": {"adjusted_mutual_info_score": 0.29616360810968817, "adjusted_rand_score": 0.12774961213121538, "completeness_score": 0.3225293210277731, "fowlkes_mallows_score": 0.44372581966765806, "homogeneity_score": 0.2929715376107979, "v_measure_score": 0.3070407125510122}, "classification": {"f1_score": 0.0003074088123522433, "hamming_loss": 0.9974, "jaccard_score": 0.00015447294759531998, "accuracy_score": 0.0026, "recall_score": 0.00017921111386752666, "precision_score": 0.009984791435172837}, "found_clusters": 58, "expected_clusters": 4, "time": 0.069}, "k_means": {"clustering": {"adjusted_mutual_info_score": 0.34417592657818025, "adjusted_rand_score": 0.28506477329206437, "completeness_score": 0.3463654408126673, "fowlkes_mallows_score": 0.46613432576073416, "homogeneity_score": 0.34286083970795406, "v_measure_score": 0.3446042301031894}, "classification": {"f1_score": 0.5559231614324939, "hamming_loss": 0.4518, "jaccard_score": 0.41050555517551135, "accuracy_score": 0.5482, "recall_score": 0.5480135153415729, "precision_score": 0.5713035330380227}, "found_clusters": 4, "expected_clusters": 4, "time": 0.1676}, "mini_batch_k_means": {"clustering": {"adjusted_mutual_info_score": 0.3123175765178557, "adjusted_rand_score": 0.27059016690591065, "completeness_score": 0.3139241550916868, "fowlkes_mallows_score": 0.4546887688654412, "homogeneity_score": 0.3116164750187978, "v_measure_score": 0.31276605842740507}, "classification": {"f1_score": 0.5572450752401605, "hamming_loss": 0.4392, "jaccard_score": 0.4001752434592002, "accuracy_score": 0.5608, "recall_score": 0.5606586223329029, "precision_score": 0.560136233555181}, "found_clusters": 4, "expected_clusters": 4, "time": 0.06}, "mean_shift": {"clustering": {"adjusted_mutual_info_score": 6.417106195007704e-16, "adjusted_rand_score": 0.0, "completeness_score": 1.0, "fowlkes_mallows_score": 0.49985018759825267, "homogeneity_score": 9.610282839862931e-16, "v_measure_score": 1.9220565679725846e-15}, "classification": {"f1_score": 0.1, "hamming_loss": 0.75, "jaccard_score": 0.0625, "accuracy_score": 0.25, "recall_score": 0.25, "precision_score": 0.0625}, "found_clusters": 1, "expected_clusters": 4, "time": 52.5952}, "optics": {"clustering": {"adjusted_mutual_info_score": 0.11101277474338686, "adjusted_rand_score": 0.0012139491949228422, "completeness_score": 0.16925144921260038, "fowlkes_mallows_score": 0.438892031366807, "homogeneity_score": 0.11212194164243519, "v_measure_score": 0.1348869632188473}, "classification": {"f1_score": 0.0001823037727765776, "hamming_loss": 0.998, "jaccard_score": 9.188051857364683e-05, "accuracy_score": 0.002, "recall_score": 9.188051857364683e-05, "precision_score": 0.011494252873563218}, "found_clusters": 87, "expected_clusters": 4, "time": 6.1561}, "spectral_clustering": {"clustering": {"adjusted_mutual_info_score": 0.3780294387061277, "adjusted_rand_score": 0.25194749890896684, "completeness_score": 0.4366043309970898, "fowlkes_mallows_score": 0.5036945498371987, "homogeneity_score": 0.33402550554868027, "v_measure_score": 0.37848776538354173}, "classification": {"f1_score": 0.4490913963588743, "hamming_loss": 0.4894, "jaccard_score": 0.3234516264572558, "accuracy_score": 0.5106, "recall_score": 0.5102629911455451, "precision_score": 0.5079735029727123}, "found_clusters": 4, "expected_clusters": 4, "time": 6.5428}, "gaussian_mixture_model": {"clustering": {"adjusted_mutual_info_score": 0.9243026296117389, "adjusted_rand_score": 0.9536752240118057, "completeness_score": 0.9243536280735186, "fowlkes_mallows_score": 0.9652495420508654, "homogeneity_score": 0.9243500008586781, "v_measure_score": 0.92435181446254}, "classification": {"f1_score": 0.9823956344961924, "hamming_loss": 0.0176, "jaccard_score": 0.9654389511313077, "accuracy_score": 0.9824, "recall_score": 0.9824027078337331, "precision_score": 0.9823967380615385}, "found_clusters": 4, "expected_clusters": 4, "time": 0.0831}}, "classification_alg": {"KNeighborsClassifier": {"clustering": {"adjusted_mutual_info_score": 0.7054109493748415, "adjusted_rand_score": 0.7462394346470097, "completeness_score": 0.707622923513667, "fowlkes_mallows_score": 0.8098720915885363, "homogeneity_score": 0.7051282089702272, "v_measure_score": 0.7063733635890841}, "classification": {"f1_score": 0.8934635472199124, "hamming_loss": 0.105, "jaccard_score": 0.8101095730677229, "accuracy_score": 0.895, "recall_score": 0.8940698682049002, "precision_score": 0.8957572367329016}, "time": 0.045}, "DecisionTreeClassifier": {"clustering": {"adjusted_mutual_info_score": 0.5636816459461195, "adjusted_rand_score": 0.6121447842563815, "completeness_score": 0.5650074657961311, "fowlkes_mallows_score": 0.7088784186066774, "homogeneity_score": 0.5652010800185873, "v_measure_score": 0.5651042563234875}, "classification": {"f1_score": 0.8339650275831199, "hamming_loss": 0.166, "jaccard_score": 0.7181541284802154, "accuracy_score": 0.834, "recall_score": 0.8340533810453394, "precision_score": 0.8342304007241896}, "time": 0.02}, "RandomForestClassifier": {"clustering": {"adjusted_mutual_info_score": 0.6937324988255066, "adjusted_rand_score": 0.7360832318101231, "completeness_score": 0.6953000437206891, "fowlkes_mallows_score": 0.8020881777600586, "homogeneity_score": 0.6941650678386608, "v_measure_score": 0.6947320922307013}, "classification": {"f1_score": 0.8905776947045158, "hamming_loss": 0.109, "jaccard_score": 0.8054633867045274, "accuracy_score": 0.891, "recall_score": 0.890296836758971, "precision_score": 0.8918141732337447}, "time": 0.761}, "LinearSVC": {"clustering": {"adjusted_mutual_info_score": 0.5392983715072799, "adjusted_rand_score": 0.5533563209205713, "completeness_score": 0.5417845093938937, "fowlkes_mallows_score": 0.6653683094975562, "homogeneity_score": 0.5398261128344435, "v_measure_score": 0.540803538148461}, "classification": {"f1_score": 0.7957870942593518, "hamming_loss": 0.202, "jaccard_score": 0.6670644537216169, "accuracy_score": 0.798, "recall_score": 0.7980447782539211, "precision_score": 0.7970851805667885}, "time": 0.2366}, "LogisticRegression": {"clustering": {"adjusted_mutual_info_score": 0.561151052819213, "adjusted_rand_score": 0.5788233420826236,