{"clustering_alg": {"affinity_propagation": {"clustering": {"adjusted_mutual_info_score": 9.258699181357592e-16, "adjusted_rand_score": 0.0, "completeness_score": 1.0, "fowlkes_mallows_score": 0.5086951648785063, "homogeneity_score": 2.4347911591921275e-16, "v_measure_score": 4.869582318384254e-16}, "classification": {"f1_score": 0.0, "hamming_loss": 1.0, "jaccard_score": 0.0, "accuracy_score": 0.0, "recall_score": 0.0, "precision_score": 0.0}, "found_clusters": 1, "expected_clusters": 4, "time": 9.2785}, "agglomerative": {"clustering": {"adjusted_mutual_info_score": 0.3502765558404901, "adjusted_rand_score": 0.2717131140846945, "completeness_score": 0.35078789201337596, "fowlkes_mallows_score": 0.45775866822118216, "homogeneity_score": 0.35405402450502155, "v_measure_score": 0.3524133908733758}, "classification": {"f1_score": 0.548700203900625, "hamming_loss": 0.462, "jaccard_score": 0.39769992481864747, "accuracy_score": 0.538, "recall_score": 0.5836206438281955, "precision_score": 0.53113920738347}, "found_clusters": 4, "expected_clusters": 4, "time": 0.026}, "birch": {"clustering": {"adjusted_mutual_info_score": 0.27670107603607047, "adjusted_rand_score": 0.14979835512184517, "completeness_score": 0.47684169601608667, "fowlkes_mallows_score": 0.5063888514669751, "homogeneity_score": 0.19601968291985206, "v_measure_score": 0.27782946378599277}, "classification": {"f1_score": 0.15709124937433352, "hamming_loss": 0.738, "jaccard_score": 0.09588461538461539, "accuracy_score": 0.262, "recall_score": 0.2942073170731707, "precision_score": 0.126}, "found_clusters": 2, "expected_clusters": 4, "time": 0.021}, "dbscan": {"clustering": {"adjusted_mutual_info_score": 9.258699181357592e-16, "adjusted_rand_score": 0.0, "completeness_score": 1.0, "fowlkes_mallows_score": 0.5086951648785063, "homogeneity_score": 2.4347911591921275e-16, "v_measure_score": 4.869582318384254e-16}, "classification": {"f1_score": 0.08471760797342193, "hamming_loss": 0.796, "jaccard_score": 0.051, "accuracy_score": 0.204, "recall_score": 0.25, "precision_score": 0.051}, "found_clusters": 1, "expected_clusters": 4, "time": 0.022}, "k_means": {"clustering": {"adjusted_mutual_info_score": 0.38610630510544364, "adjusted_rand_score": 0.29740586246991246, "completeness_score": 0.3914192095918531, "fowlkes_mallows_score": 0.483056416959736, "homogeneity_score": 0.38493965872394864, "v_measure_score": 0.38815239474277774}, "classification": {"f1_score": 0.5573138205400034, "hamming_loss": 0.447, "jaccard_score": 0.40801537348649247, "accuracy_score": 0.553, "recall_score": 0.6051667720614322, "precision_score": 0.5626338144353644}, "found_clusters": 4, "expected_clusters": 4, "time": 0.049}, "mini_batch_k_means": {"clustering": {"adjusted_mutual_info_score": 0.3777096615749981, "adjusted_rand_score": 0.3034082875238556, "completeness_score": 0.3800573289702249, "fowlkes_mallows_score": 0.4838597791606538, "homogeneity_score": 0.3794784864582759, "v_measure_score": 0.37976768714620945}, "classification": {"f1_score": 0.5455239930933771, "hamming_loss": 0.456, "jaccard_score": 0.39879144777364217, "accuracy_score": 0.544, "recall_score": 0.5975348809691103, "precision_score": 0.5270535232441487}, "found_clusters": 4, "expected_clusters": 4, "time": 0.027}, "mean_shift": {"clustering": {"adjusted_mutual_info_score": 9.258699181357592e-16, "adjusted_rand_score": 0.0, "completeness_score": 1.0, "fowlkes_mallows_score": 0.5086951648785063, "homogeneity_score": 2.4347911591921275e-16, "v_measure_score": 4.869582318384254e-16}, "classification": {"f1_score": 0.08471760797342193, "hamming_loss": 0.796, "jaccard_score": 0.051, "accuracy_score": 0.204, "recall_score": 0.25, "precision_score": 0.051}, "found_clusters": 1, "expected_clusters": 4, "time": 5.3646}, "optics": {"clustering": {"adjusted_mutual_info_score": 0.14592178725808125, "adjusted_rand_score": 0.012566483039334178, "completeness_score": 0.14818331188111553, "fowlkes_mallows_score": 0.2989422186145905, "homogeneity_score": 0.25671898471714033, "v_measure_score": 0.18790443866456058}, "classification": {"f1_score": 0.00017716361059438393, "hamming_loss": 0.999, "jaccard_score": 8.899964400142399e-05, "accuracy_score": 0.001, "recall_score": 9.24898261191269e-05, "precision_score": 0.0020964360587002093}, "found_clusters": 53, "expected_clusters": 4, "time": 0.8051}, "spectral_clustering": {"clustering": {"adjusted_mutual_info_score": 0.25901046505683817, "adjusted_rand_score": 0.15667164350949786, "completeness_score": 0.2666413819630887, "fowlkes_mallows_score": 0.38447470403298506, "homogeneity_score": 0.25656866745917034, "v_measure_score": 0.2615080659680879}, "classification": {"f1_score": 0.49598021826979705, "hamming_loss": 0.51, "jaccard_score": 0.33413357206316263, "accuracy_score": 0.49, "recall_score": 0.5231731769732172, "precision_score": 0.5484536953753636}, "found_clusters": 4, "expected_clusters": 4, "time": 0.2065}, "gaussian_mixture_model": {"clustering": {"adjusted_mutual_info_score": 0.3627135781460005, "adjusted_rand_score": 0.27510126392088463, "completeness_score": 0.37486339411828934, "fowlkes_mallows_score": 0.47624136938725486, "homogeneity_score": 0.35540922529792507, "v_measure_score": 0.3648771840922559}, "classification": {"f1_score": 0.5440503595852548, "hamming_loss": 0.45, "jaccard_score": 0.39593687961101587, "accuracy_score": 0.55, "recall_score": 0.6081153135840488, "precision_score": 0.5607764916535078}, "found_clusters": 4, "expected_clusters": 4, "time": 0.0207}}, "classification_alg": {"KNeighborsClassifier": {"clustering": {"adjusted_mutual_info_score": 0.4981803995765656, "adjusted_rand_score": 0.4732409709809812, "completeness_score": 0.5098670417190392, "fowlkes_mallows_score": 0.6085796639816056, "homogeneity_score": 0.5034860596710915, "v_measure_score": 0.5066564604955878}, "classification": {"f1_score": 0.7443155621137272, "hamming_loss": 0.255, "jaccard_score": 0.6084610416163269, "accuracy_score": 0.745, "recall_score": 0.7626653171390013, "precision_score": 0.7463999201287337}, "time": 0.008}, "DecisionTreeClassifier": {"clustering": {"adjusted_mutual_info_score": 0.3695387078033353, "adjusted_rand_score": 0.3029983608492721, "completeness_score": 0.38329187393620906, "fowlkes_mallows_score": 0.48293488622723424, "homogeneity_score": 0.3771767935863964, "v_measure_score": 0.38020974747045233}, "classification": {"f1_score": 0.6788821038116812, "hamming_loss": 0.34, "jaccard_score": 0.5219427801579863, "accuracy_score": 0.66, "recall_score": 0.6682085020242915, "precision_score": 0.693891959104725}, "time": 0.002}, "RandomForestClassifier": {"clustering": {"adjusted_mutual_info_score": 0.41221337025128824, "adjusted_rand_score": 0.38167380407603424, "completeness_score": 0.4215394132534073, "fowlkes_mallows_score": 0.537250949648561, "homogeneity_score": 0.4225726911507145, "v_measure_score": 0.4220554197841585}, "classification": {"f1_score": 0.7108894022372956, "hamming_loss": 0.3, "jaccard_score": 0.5634927182654268, "accuracy_score": 0.7, "recall_score": 0.7168960863697706, "precision_score": 0.7075434252839474}, "time": 0.169}, "LinearSVC": {"clustering": {"adjusted_mutual_info_score": 0.3872521744336786, "adjusted_rand_score": 0.3177064261034325, "completeness_score": 0.39891296320053804, "fowlkes_mallows_score": 0.4916984052584744, "homogeneity_score": 0.3962280588807852, "v_measure_score": 0.39756597806411653}, "classification": {"f1_score": 0.5913542438641615, "hamming_loss": 0.415, "jaccard_score": 0.4431719322344322, "accuracy_score": 0.585, "recall_score": 0.6100438596491228, "precision_score": 0.5877644368210406}, "time": 0.004}, "LogisticRegression": {"clustering": {"adjusted_mutual_info_score": 0.36285713571271666, "adjusted_rand_score": 0.24811957335095353, "completeness_score": 0.37699811813622836, "fowlkes_mallows_score": 0.4426987317741472, "homogeneity_score": 0.3703619798287558, "v_measure_score": 0.3736505863902585}, "classification": {"f1_score": 0.5638062404143405,