{"clustering_alg": {"affinity_propagation": {"clustering": {"adjusted_mutual_info_score": 0.3659532919347497, "adjusted_rand_score": 0.040162972497263784, "completeness_score": 0.24119747458156124, "fowlkes_mallows_score": 0.15681237600685638, "homogeneity_score": 0.8408924010168849, "v_measure_score": 0.3748692748981291}, "classification": {"f1_score": 0.0, "hamming_loss": 1.0, "jaccard_score": 0.0, "accuracy_score": 0.0, "recall_score": 0.0, "precision_score": 0.0}, "found_clusters": 141, "expected_clusters": 4, "time": 57.3414}, "agglomerative": {"clustering": {"adjusted_mutual_info_score": 0.43781581941556436, "adjusted_rand_score": 0.3614800448705157, "completeness_score": 0.4450604354369141, "fowlkes_mallows_score": 0.5276235837313357, "homogeneity_score": 0.4315222057180497, "v_measure_score": 0.4381867761481745}, "classification": {"f1_score": 0.5322000721146074, "hamming_loss": 0.4424, "jaccard_score": 0.39318656499008986, "accuracy_score": 0.5576, "recall_score": 0.5574716910369404, "precision_score": 0.5280372490113256}, "found_clusters": 4, "expected_clusters": 4, "time": 0.9376}, "birch": {"clustering": {"adjusted_mutual_info_score": 0.425133134327959, "adjusted_rand_score": 0.34544680877181866, "completeness_score": 0.5005049157361543, "fowlkes_mallows_score": 0.5552935102072419, "homogeneity_score": 0.3699237749496415, "v_measure_score": 0.4254194968322907}, "classification": {"f1_score": 0.12364089135743973, "hamming_loss": 0.832, "jaccard_score": 0.07418519832470553, "accuracy_score": 0.168, "recall_score": 0.1677100860100954, "precision_score": 0.10401445743860757}, "found_clusters": 3, "expected_clusters": 4, "time": 0.586}, "dbscan": {"clustering": {"adjusted_mutual_info_score": 0.24146226413209798, "adjusted_rand_score": 0.05771370196329235, "completeness_score": 0.2615830309396325, "fowlkes_mallows_score": 0.40142232185820786, "homogeneity_score": 0.24567047394536398, "v_measure_score": 0.2533771637578885}, "classification": {"f1_score": 0.00010118131345452031, "hamming_loss": 0.999, "jaccard_score": 5.06983558280903e-05, "accuracy_score": 0.001, "recall_score": 6.657105011591535e-05, "precision_score": 0.00021485573971761817}, "found_clusters": 60, "expected_clusters": 4, "time": 0.073}, "k_means": {"clustering": {"adjusted_mutual_info_score": 0.4349559963760583, "adjusted_rand_score": 0.3791414932324605, "completeness_score": 0.436841901673169, "fowlkes_mallows_score": 0.5358076039527794, "homogeneity_score": 0.4338174419218742, "v_measure_score": 0.4353244186770822}, "classification": {"f1_score": 0.5724821446600623, "hamming_loss": 0.4154, "jaccard_score": 0.43031440823137285, "accuracy_score": 0.5846, "recall_score": 0.5843686459634008, "precision_score": 0.5670622082041568}, "found_clusters": 4, "expected_clusters": 4, "time": 0.198}, "mini_batch_k_means": {"clustering": {"adjusted_mutual_info_score": 0.4317427800656716, "adjusted_rand_score": 0.372357004740452, "completeness_score": 0.4342726354550719, "fowlkes_mallows_score": 0.5313240857822469, "homogeneity_score": 0.4299764285720528, "v_measure_score": 0.4321138537297493}, "classification": {"f1_score": 0.5757330964677626, "hamming_loss": 0.414, "jaccard_score": 0.4330890262830672, "accuracy_score": 0.586, "recall_score": 0.5857384138532638, "precision_score": 0.5746957991479424}, "found_clusters": 4, "expected_clusters": 4, "time": 0.043}, "mean_shift": {"clustering": {"adjusted_mutual_info_score": 0.0, "adjusted_rand_score": 0.0, "completeness_score": 1.0, "fowlkes_mallows_score": 0.4998513881965883, "homogeneity_score": 0.0, "v_measure_score": 0.0}, "classification": {"f1_score": 0.10019190788421557, "hamming_loss": 0.7494, "jaccard_score": 0.06265, "accuracy_score": 0.2506, "recall_score": 0.25, "precision_score": 0.06265}, "found_clusters": 1, "expected_clusters": 4, "time": 78.6643}, "optics": {"clustering": {"adjusted_mutual_info_score": 0.09819330809797153, "adjusted_rand_score": 0.0004795373357252129, "completeness_score": 0.16842425031987157, "fowlkes_mallows_score": 0.4475448471834099, "homogeneity_score": 0.09706004776267149, "v_measure_score": 0.12315052828741128}, "classification": {"f1_score": 9.508595770576601e-05, "hamming_loss": 0.999, "jaccard_score": 4.773360827891702e-05, "accuracy_score": 0.001, "recall_score": 4.773360827891702e-05, "precision_score": 0.011904761904761904}, "found_clusters": 84, "expected_clusters": 4, "time": 5.7174}, "spectral_clustering": {"clustering": {"adjusted_mutual_info_score": 0.6175732161076184, "adjusted_rand_score": 0.5505444353974893, "completeness_score": 0.628532099182916, "fowlkes_mallows_score": 0.6678723324724828, "homogeneity_score": 0.6074784428201178, "v_measure_score": 0.6178259616707386}, "classification": {"f1_score": 0.7261103692778371, "hamming_loss": 0.2658, "jaccard_score": 0.6015504972072633, "accuracy_score": 0.7342, "recall_score": 0.7337583064478451, "precision_score": 0.7539264775415474}, "found_clusters": 4, "expected_clusters": 4, "time": 5.4959}, "gaussian_mixture_model": {"clustering": {"adjusted_mutual_info_score": 0.9129038504752117, "adjusted_rand_score": 0.9425759105300051, "completeness_score": 0.9129789673155263, "fowlkes_mallows_score": 0.9569242081296945, "homogeneity_score": 0.9129419192292314, "v_measure_score": 0.9129604428965244}, "classification": {"f1_score": 0.9779759297649241, "hamming_loss": 0.022, "jaccard_score": 0.9571036927780456, "accuracy_score": 0.978, "recall_score": 0.9779768331465589, "precision_score": 0.9780313996874497}, "found_clusters": 4, "expected_clusters": 4, "time": 0.08}}, "classification_alg": {"KNeighborsClassifier": {"clustering": {"adjusted_mutual_info_score": 0.8006213476130731, "adjusted_rand_score": 0.8350560932524188, "completeness_score": 0.8010903209749771, "fowlkes_mallows_score": 0.8762360881642871, "homogeneity_score": 0.8014530841100013, "v_measure_score": 0.8012716614836662}, "classification": {"f1_score": 0.9355088753460628, "hamming_loss": 0.065, "jaccard_score": 0.8805455875597492, "accuracy_score": 0.935, "recall_score": 0.9367284286211737, "precision_score": 0.9356567704233145}, "time": 0.042}, "DecisionTreeClassifier": {"clustering": {"adjusted_mutual_info_score": 0.7028061911272695, "adjusted_rand_score": 0.7413119730191742, "completeness_score": 0.7038144088170294, "fowlkes_mallows_score": 0.8059469594757354, "homogeneity_score": 0.7037372521908035, "v_measure_score": 0.7037758283892}, "classification": {"f1_score": 0.8962043431290703, "hamming_loss": 0.105, "jaccard_score": 0.814817749531955, "accuracy_score": 0.895, "recall_score": 0.8963877122253032, "precision_score": 0.8966795051353875}, "time": 0.017}, "RandomForestClassifier": {"clustering": {"adjusted_mutual_info_score": 0.800080785767702, "adjusted_rand_score": 0.8368787841148058, "completeness_score": 0.8004831708947647, "fowlkes_mallows_score": 0.8775940730039812, "homogeneity_score": 0.8009825961459183, "v_measure_score": 0.8007328056461881}, "classification": {"f1_score": 0.9367440088716348, "hamming_loss": 0.064, "jaccard_score": 0.8825498563037291, "accuracy_score": 0.936, "recall_score": 0.937498555400889, "precision_score": 0.9363616188067683}, "time": 0.6228}, "LinearSVC": {"clustering": {"adjusted_mutual_info_score": 0.5486216023782887, "adjusted_rand_score": 0.5461098144905631, "completeness_score": 0.5509658175073967, "fowlkes_mallows_score": 0.6599796169617703, "homogeneity_score": 0.5492301096239643, "v_measure_score": 0.5500965944087047}, "classification": {"f1_score": 0.77987395704451, "hamming_loss": 0.218, "jaccard_score": 0.6557780978267488, "accuracy_score": 0.782, "recall_score": 0.7874023686302783, "precision_score": 0.7790095871640591}, "time": 0.204}, "LogisticRegression": {"clustering": {"adjusted_mutual_info_score": 0.5775055259610655, "adjusted_rand_score": 0.58009068598358, "completeness_score": 0.5787497261526419, "fowlkes_mallows_score": 0.6849235188873082, "homogeneity_score": 0.5790174766272568, "v_measure_score": 0.578883570429357},