{"clustering_alg": {"affinity_propagation": {"clustering": {"adjusted_mutual_info_score": 0.3482648271569677, "adjusted_rand_score": 0.03417871718095273, "completeness_score": 0.22925072004576397, "fowlkes_mallows_score": 0.14389097024303502, "homogeneity_score": 0.8198705675206359, "v_measure_score": 0.358311131755658}, "classification": {"f1_score": 0.00020547232479656448, "hamming_loss": 0.9958, "jaccard_score": 0.00010398427282566092, "accuracy_score": 0.0042, "recall_score": 0.00010747844292159197, "precision_score": 0.0024797545751471914}, "found_clusters": 157, "expected_clusters": 4, "time": 66.7664}, "agglomerative": {"clustering": {"adjusted_mutual_info_score": 0.49610771191013897, "adjusted_rand_score": 0.39594915110827256, "completeness_score": 0.5330924084068926, "fowlkes_mallows_score": 0.5811875637384067, "homogeneity_score": 0.46453442083674334, "v_measure_score": 0.49645772533906674}, "classification": {"f1_score": 0.5013975797123047, "hamming_loss": 0.466, "jaccard_score": 0.3760644331668063, "accuracy_score": 0.534, "recall_score": 0.5323874701947235, "precision_score": 0.5403618971063675}, "found_clusters": 4, "expected_clusters": 4, "time": 1.1823}, "birch": {"clustering": {"adjusted_mutual_info_score": 0.4477759811354732, "adjusted_rand_score": 0.3892365477796025, "completeness_score": 0.5244534242252479, "fowlkes_mallows_score": 0.5844204515756026, "homogeneity_score": 0.39107714200632615, "v_measure_score": 0.4480500243823927}, "classification": {"f1_score": 0.21668941416291376, "hamming_loss": 0.7906, "jaccard_score": 0.1567631031814413, "accuracy_score": 0.2094, "recall_score": 0.21001183358751224, "precision_score": 0.23534911040488704}, "found_clusters": 3, "expected_clusters": 4, "time": 0.7635}, "dbscan": {"clustering": {"adjusted_mutual_info_score": 0.15121172390109747, "adjusted_rand_score": 0.005249232936274136, "completeness_score": 0.19516414143500455, "fowlkes_mallows_score": 0.4220295706031827, "homogeneity_score": 0.1512110921841124, "v_measure_score": 0.17039892069196066}, "classification": {"f1_score": 0.0003029745857182952, "hamming_loss": 0.9968, "jaccard_score": 0.00015240474281996382, "accuracy_score": 0.0032, "recall_score": 0.0001619202144886418, "precision_score": 0.01340282948622487}, "found_clusters": 79, "expected_clusters": 4, "time": 0.062}, "k_means": {"clustering": {"adjusted_mutual_info_score": 0.3851932431851675, "adjusted_rand_score": 0.32560448425622623, "completeness_score": 0.3925301330338171, "fowlkes_mallows_score": 0.5029771870294063, "homogeneity_score": 0.37890995238981057, "v_measure_score": 0.38559980698367335}, "classification": {"f1_score": 0.5315924294850728, "hamming_loss": 0.4686, "jaccard_score": 0.3779701634809254, "accuracy_score": 0.5314, "recall_score": 0.5323829246190829, "precision_score": 0.5587163230335075}, "found_clusters": 4, "expected_clusters": 4, "time": 0.137}, "mini_batch_k_means": {"clustering": {"adjusted_mutual_info_score": 0.3955935951066899, "adjusted_rand_score": 0.34619049554959613, "completeness_score": 0.40466078698667285, "fowlkes_mallows_score": 0.5201886578633876, "homogeneity_score": 0.38769213314015494, "v_measure_score": 0.39599476374725917}, "classification": {"f1_score": 0.5039737765278889, "hamming_loss": 0.4784, "jaccard_score": 0.3717133944847715, "accuracy_score": 0.5216, "recall_score": 0.5203285787928998, "precision_score": 0.5148799303962268}, "found_clusters": 4, "expected_clusters": 4, "time": 0.036}, "mean_shift": {"clustering": {"adjusted_mutual_info_score": -5.638091079783957e-18, "adjusted_rand_score": 0.0, "completeness_score": 1.0, "fowlkes_mallows_score": 0.49985739114501093, "homogeneity_score": 6.406921686870058e-16, "v_measure_score": 1.2813843373740108e-15}, "classification": {"f1_score": 0.09955149767739868, "hamming_loss": 0.7514, "jaccard_score": 0.06215, "accuracy_score": 0.2486, "recall_score": 0.25, "precision_score": 0.06215}, "found_clusters": 1, "expected_clusters": 4, "time": 44.7285}, "optics": {"clustering": {"adjusted_mutual_info_score": 0.12936515968028367, "adjusted_rand_score": 0.0006006003660290167, "completeness_score": 0.18064329725492176, "fowlkes_mallows_score": 0.4313748075259878, "homogeneity_score": 0.1307462921850126, "v_measure_score": 0.15169705170064446}, "classification": {"f1_score": 0.00010981770261366131, "hamming_loss": 0.9988, "jaccard_score": 5.5172413793103446e-05, "accuracy_score": 0.0012, "recall_score": 5.5172413793103446e-05, "precision_score": 0.011494252873563218}, "found_clusters": 87, "expected_clusters": 4, "time": 5.4218}, "spectral_clustering": {"clustering": {"adjusted_mutual_info_score": 0.48430039538970837, "adjusted_rand_score": 0.3994764590117477, "completeness_score": 0.503358345439793, "fowlkes_mallows_score": 0.5673982523051384, "homogeneity_score": 0.4672787482513396, "v_measure_score": 0.4846479886411961}, "classification": {"f1_score": 0.7344856572282391, "hamming_loss": 0.2714, "jaccard_score": 0.5840094735262825, "accuracy_score": 0.7286, "recall_score": 0.7280718110037563, "precision_score": 0.8020548849144533}, "found_clusters": 4, "expected_clusters": 4, "time": 6.119}, "gaussian_mixture_model": {"clustering": {"adjusted_mutual_info_score": 0.9169018650655495, "adjusted_rand_score": 0.9484321290165413, "completeness_score": 0.9169637837458909, "fowlkes_mallows_score": 0.9613170535150811, "homogeneity_score": 0.9169479354626338, "v_measure_score": 0.9169558595357835}, "classification": {"f1_score": 0.9804055067060965, "hamming_loss": 0.0196, "jaccard_score": 0.961583355812035, "accuracy_score": 0.9804, "recall_score": 0.9803949019009619, "precision_score": 0.9804242786061765}, "found_clusters": 4, "expected_clusters": 4, "time": 0.0751}}, "classification_alg": {"KNeighborsClassifier": {"clustering": {"adjusted_mutual_info_score": 0.8330580381126481, "adjusted_rand_score": 0.8754787542602299, "completeness_score": 0.8336374936904817, "fowlkes_mallows_score": 0.9065782855455072, "homogeneity_score": 0.8335677713493597, "v_measure_score": 0.8336026310620304}, "classification": {"f1_score": 0.9504290465004259, "hamming_loss": 0.049, "jaccard_score": 0.906024475118128, "accuracy_score": 0.951, "recall_score": 0.9508730408715947, "precision_score": 0.9506051145787262}, "time": 0.042}, "DecisionTreeClassifier": {"clustering": {"adjusted_mutual_info_score": 0.6852429516972617, "adjusted_rand_score": 0.743016011344605, "completeness_score": 0.6862497615227543, "fowlkes_mallows_score": 0.8071853523892579, "homogeneity_score": 0.6862895757537558, "v_measure_score": 0.6862696680607951}, "classification": {"f1_score": 0.8957710304776919, "hamming_loss": 0.104, "jaccard_score": 0.8115826606734131, "accuracy_score": 0.896, "recall_score": 0.8958354126444293, "precision_score": 0.8958688359567435}, "time": 0.018}, "RandomForestClassifier": {"clustering": {"adjusted_mutual_info_score": 0.812972144609177, "adjusted_rand_score": 0.858117010426661, "completeness_score": 0.8138161348482902, "fowlkes_mallows_score": 0.8935770938119274, "homogeneity_score": 0.8133488287076076, "v_measure_score": 0.8135824146750326}, "classification": {"f1_score": 0.9433135366058067, "hamming_loss": 0.056, "jaccard_score": 0.893222869984125, "accuracy_score": 0.944, "recall_score": 0.9438074448817109, "precision_score": 0.9441976218138097}, "time": 0.7788}, "LinearSVC": {"clustering": {"adjusted_mutual_info_score": 0.6230005790030378, "adjusted_rand_score": 0.6618418349014761, "completeness_score": 0.626421489188868, "fowlkes_mallows_score": 0.7470845326039478, "homogeneity_score": 0.622063284126629, "v_measure_score": 0.62423477985638}, "classification": {"f1_score": 0.8555685202780764, "hamming_loss": 0.142, "jaccard_score": 0.7491326047103339, "accuracy_score": 0.858, "recall_score": 0.858948761720309, "precision_score": 0.8631293554746895}, "time": 0.2231}, "LogisticRegression": {"clustering": {"adjusted_mutual_info_score": 0.6332132106748285, "adjusted_rand_score": 0.6760722883246154,