{"clustering_alg": {"affinity_propagation": {"clustering": {"adjusted_mutual_info_score": -1.281370601507323e-15, "adjusted_rand_score": 0.0, "completeness_score": 1.0, "fowlkes_mallows_score": 0.4998499474782395, "homogeneity_score": 6.40685300762983e-16, "v_measure_score": 1.2813706015259653e-15}, "classification": {"f1_score": 0.0, "hamming_loss": 1.0, "jaccard_score": 0.0, "accuracy_score": 0.0, "recall_score": 0.0, "precision_score": 0.0}, "found_clusters": 1, "expected_clusters": 4, "time": 146.7989}, "agglomerative": {"clustering": {"adjusted_mutual_info_score": 0.8543930842249163, "adjusted_rand_score": 0.8702613129052299, "completeness_score": 0.8554813772385272, "fowlkes_mallows_score": 0.9027844881371809, "homogeneity_score": 0.8534965349317176, "v_measure_score": 0.8544878034666612}, "classification": {"f1_score": 0.948136050084644, "hamming_loss": 0.0518, "jaccard_score": 0.9033456324715997, "accuracy_score": 0.9482, "recall_score": 0.9482, "precision_score": 0.9510705053973374}, "found_clusters": 4, "expected_clusters": 4, "time": 0.5816}, "birch": {"clustering": {"adjusted_mutual_info_score": 0.765183850565931, "adjusted_rand_score": 0.6517715696024273, "completeness_score": 0.8952778099681014, "fowlkes_mallows_score": 0.7729122696940168, "homogeneity_score": 0.6682788189567549, "v_measure_score": 0.7653003241655234}, "classification": {"f1_score": 0.010081079282153732, "hamming_loss": 0.9896, "jaccard_score": 0.005102133191237843, "accuracy_score": 0.0104, "recall_score": 0.0104, "precision_score": 0.0099051850883084}, "found_clusters": 3, "expected_clusters": 4, "time": 0.157}, "dbscan": {"clustering": {"adjusted_mutual_info_score": 0.0006095861929485242, "adjusted_rand_score": 8.77328086678759e-06, "completeness_score": 0.016643239353609236, "fowlkes_mallows_score": 0.49607144071529374, "homogeneity_score": 0.0005361209826679127, "v_measure_score": 0.0010387802179330588}, "classification": {"f1_score": 0.07971667739858339, "hamming_loss": 0.7524, "jaccard_score": 0.04977885002010454, "accuracy_score": 0.2476, "recall_score": 0.19807999999999998, "precision_score": 0.04989923417976622}, "found_clusters": 2, "expected_clusters": 4, "time": 0.047}, "k_means": {"clustering": {"adjusted_mutual_info_score": 0.8824337330655927, "adjusted_rand_score": 0.9088489499399732, "completeness_score": 0.8825110906487476, "fowlkes_mallows_score": 0.931623106355149, "homogeneity_score": 0.8825091541671028, "v_measure_score": 0.8825101224068628}, "classification": {"f1_score": 0.9643770488460245, "hamming_loss": 0.0356, "jaccard_score": 0.9320379325801051, "accuracy_score": 0.9644, "recall_score": 0.9644, "precision_score": 0.9643570007231883}, "found_clusters": 4, "expected_clusters": 4, "time": 0.051}, "mini_batch_k_means": {"clustering": {"adjusted_mutual_info_score": 0.8850828483859545, "adjusted_rand_score": 0.9108695746252952, "completeness_score": 0.8851630933308173, "fowlkes_mallows_score": 0.9331391975524566, "homogeneity_score": 0.8851519404196572, "v_measure_score": 0.8851575168401058}, "classification": {"f1_score": 0.9651849719758433, "hamming_loss": 0.0348, "jaccard_score": 0.9335453817839003, "accuracy_score": 0.9652, "recall_score": 0.9652000000000001, "precision_score": 0.9651866851349797}, "found_clusters": 4, "expected_clusters": 4, "time": 0.028}, "mean_shift": {"clustering": {"adjusted_mutual_info_score": 0.47977179540579157, "adjusted_rand_score": 0.3137620456739682, "completeness_score": 0.7771534620159164, "fowlkes_mallows_score": 0.6004681302816037, "homogeneity_score": 0.3471560792804681, "v_measure_score": 0.47992752700755786}, "classification": {"f1_score": 0.053730810424848265, "hamming_loss": 0.9398, "jaccard_score": 0.0301, "accuracy_score": 0.0602, "recall_score": 0.0602, "precision_score": 0.04851708575112831}, "found_clusters": 2, "expected_clusters": 4, "time": 43.3174}, "optics": {"clustering": {"adjusted_mutual_info_score": 0.22639903997538388, "adjusted_rand_score": 0.003351023496852542, "completeness_score": 0.18495857306470034, "fowlkes_mallows_score": 0.26842126651974085, "homogeneity_score": 0.44394160392332194, "v_measure_score": 0.26112508340819196}, "classification": {"f1_score": 3.206087291069978e-05, "hamming_loss": 0.9988, "jaccard_score": 1.610738255033557e-05, "accuracy_score": 0.0012, "recall_score": 1.610738255033557e-05, "precision_score": 0.003355704697986577}, "found_clusters": 298, "expected_clusters": 4, "time": 3.4814}, "spectral_clustering": {"clustering": {"adjusted_mutual_info_score": 0.8829484814872468, "adjusted_rand_score": 0.9088383937165945, "completeness_score": 0.8830261152541863, "fowlkes_mallows_score": 0.931615231385029, "homogeneity_score": 0.8830229575927476, "v_measure_score": 0.8830245364206439}, "classification": {"f1_score": 0.9644146786044416, "hamming_loss": 0.0356, "jaccard_score": 0.9321539643317996, "accuracy_score": 0.9644, "recall_score": 0.9644, "precision_score": 0.9644340671223391}, "found_clusters": 4, "expected_clusters": 4, "time": 3.2052}, "gaussian_mixture_model": {"clustering": {"adjusted_mutual_info_score": 0.8828024895850549, "adjusted_rand_score": 0.9088240566747454, "completeness_score": 0.8828856200481169, "fowlkes_mallows_score": 0.9316048633360506, "homogeneity_score": 0.8828716597538184, "v_measure_score": 0.8828786398457819}, "classification": {"f1_score": 0.9644063919433219, "hamming_loss": 0.0356, "jaccard_score": 0.932119069543814, "accuracy_score": 0.9644, "recall_score": 0.9644, "precision_score": 0.9644335700107006}, "found_clusters": 4, "expected_clusters": 4, "time": 0.021}}, "classification_alg": {"KNeighborsClassifier": {"clustering": {"adjusted_mutual_info_score": 0.894013476464572, "adjusted_rand_score": 0.9190549875611822, "completeness_score": 0.8942538037790744, "fowlkes_mallows_score": 0.9392632542437064, "homogeneity_score": 0.8944645640345142, "v_measure_score": 0.8943591714901148}, "classification": {"f1_score": 0.9674476342002432, "hamming_loss": 0.032, "jaccard_score": 0.9377657059310044, "accuracy_score": 0.968, "recall_score": 0.9675511500699043, "precision_score": 0.9673887387191098}, "time": 0.029}, "DecisionTreeClassifier": {"clustering": {"adjusted_mutual_info_score": 0.8635204111610915, "adjusted_rand_score": 0.8901341919249075, "completeness_score": 0.8638580029638584, "fowlkes_mallows_score": 0.9175622037098359, "homogeneity_score": 0.8640731478135646, "v_measure_score": 0.8639655619948602}, "classification": {"f1_score": 0.9552778123055704, "hamming_loss": 0.044, "jaccard_score": 0.9158173594936321, "accuracy_score": 0.956, "recall_score": 0.9553300422645727, "precision_score": 0.9552755456096187}, "time": 0.006}, "RandomForestClassifier": {"clustering": {"adjusted_mutual_info_score": 0.8861550134640322, "adjusted_rand_score": 0.9117970313136999, "completeness_score": 0.8864441978217671, "fowlkes_mallows_score": 0.9338187558749507, "homogeneity_score": 0.8866085172852368, "v_measure_score": 0.8865263499392653}, "classification": {"f1_score": 0.9643800660303168, "hamming_loss": 0.035, "jaccard_score": 0.932174872796072, "accuracy_score": 0.965, "recall_score": 0.9644223344410887, "precision_score": 0.9644002233216209}, "time": 0.331}, "LinearSVC": {"clustering": {"adjusted_mutual_info_score": 0.8257014180721075, "adjusted_rand_score": 0.8337092687131892, "completeness_score": 0.8288297314606843, "fowlkes_mallows_score": 0.875603240986485, "homogeneity_score": 0.8237296068149818, "v_measure_score": 0.8262717991416401}, "classification": {"f1_score": 0.9252850363547043, "hamming_loss": 0.072, "jaccard_score": 0.8671469413378258, "accuracy_score": 0.928, "recall_score": 0.9247435349248261, "precision_score": 0.9314911021232519}, "time": 0.1291}, "LogisticRegression": {"clustering": {"adjusted_mutual_info_score": 0.9092547215294716, "adjusted_rand_score": 0.9297735189823508, "completeness_score": 0.909437468184395, "fowlkes_mallows_score": 0.947305589600063, "homogeneity_score": 0.9096639646534193,