{"clustering_alg": {"affinity_propagation": {"clustering": {"adjusted_mutual_info_score": 1.2834215351183538e-15, "adjusted_rand_score": 0.0, "completeness_score": 1.0, "fowlkes_mallows_score": 0.4998503476781974, "homogeneity_score": 6.406856704887332e-16, "v_measure_score": 1.2813713409774656e-15}, "classification": {"f1_score": 0.0, "hamming_loss": 1.0, "jaccard_score": 0.0, "accuracy_score": 0.0, "recall_score": 0.0, "precision_score": 0.0}, "found_clusters": 1, "expected_clusters": 4, "time": 142.3467}, "agglomerative": {"clustering": {"adjusted_mutual_info_score": 0.44925824517178664, "adjusted_rand_score": 0.3434170055816941, "completeness_score": 0.4576260629777008, "fowlkes_mallows_score": 0.5162586448289261, "homogeneity_score": 0.4418938437699175, "v_measure_score": 0.4496223784744962}, "classification": {"f1_score": 0.5255725322137362, "hamming_loss": 0.467, "jaccard_score": 0.36695316766692526, "accuracy_score": 0.533, "recall_score": 0.5330491982785451, "precision_score": 0.5402897475945606}, "found_clusters": 4, "expected_clusters": 4, "time": 0.6691}, "birch": {"clustering": {"adjusted_mutual_info_score": 0.4241397904954026, "adjusted_rand_score": 0.34898214213493833, "completeness_score": 0.5064686228683413, "fowlkes_mallows_score": 0.5609956311150127, "homogeneity_score": 0.36526344275982914, "v_measure_score": 0.42442966166539436}, "classification": {"f1_score": 0.16818852684197336, "hamming_loss": 0.7994, "jaccard_score": 0.10146972085925196, "accuracy_score": 0.2006, "recall_score": 0.2006494555722011, "precision_score": 0.15961754268818562}, "found_clusters": 3, "expected_clusters": 4, "time": 0.085}, "dbscan": {"clustering": {"adjusted_mutual_info_score": 0.0013385800771818425, "adjusted_rand_score": 1.5090814924372306e-06, "completeness_score": 0.07023240688876324, "fowlkes_mallows_score": 0.4985533020928322, "homogeneity_score": 0.0009155865468723393, "v_measure_score": 0.0018076081642411648}, "classification": {"f1_score": 0.08005131494547787, "hamming_loss": 0.7504, "jaccard_score": 0.05004009623095429, "accuracy_score": 0.2496, "recall_score": 0.199839871897518, "precision_score": 0.050050130338881095}, "found_clusters": 2, "expected_clusters": 4, "time": 0.074}, "k_means": {"clustering": {"adjusted_mutual_info_score": 0.47110180053076267, "adjusted_rand_score": 0.3898237974944728, "completeness_score": 0.4728839657105149, "fowlkes_mallows_score": 0.5435061254997798, "homogeneity_score": 0.470017757598375, "v_measure_score": 0.471446505342043}, "classification": {"f1_score": 0.6626260128472842, "hamming_loss": 0.337, "jaccard_score": 0.4982271381215987, "accuracy_score": 0.663, "recall_score": 0.6630510398466444, "precision_score": 0.6681754250657227}, "found_clusters": 4, "expected_clusters": 4, "time": 0.152}, "mini_batch_k_means": {"clustering": {"adjusted_mutual_info_score": 0.4584264102874195, "adjusted_rand_score": 0.3777506433270405, "completeness_score": 0.46132389777840155, "fowlkes_mallows_score": 0.5354778606128217, "homogeneity_score": 0.456264502548835, "v_measure_score": 0.45878025192708877}, "classification": {"f1_score": 0.6476066450450414, "hamming_loss": 0.3508, "jaccard_score": 0.48254628358881535, "accuracy_score": 0.6492, "recall_score": 0.6492590313920863, "precision_score": 0.6563277042775533}, "found_clusters": 4, "expected_clusters": 4, "time": 0.028}, "mean_shift": {"clustering": {"adjusted_mutual_info_score": 0.30628868099224105, "adjusted_rand_score": 0.2507548975621193, "completeness_score": 0.4654381568018257, "fowlkes_mallows_score": 0.535220737691233, "homogeneity_score": 0.22846795101435133, "v_measure_score": 0.30649017442163645}, "classification": {"f1_score": 0.08801800597131668, "hamming_loss": 0.8562, "jaccard_score": 0.05192051848926185, "accuracy_score": 0.1438, "recall_score": 0.14389306972734736, "precision_score": 0.06354569987382622}, "found_clusters": 2, "expected_clusters": 4, "time": 33.9028}, "optics": {"clustering": {"adjusted_mutual_info_score": 0.23747684764086444, "adjusted_rand_score": 0.016778002141188166, "completeness_score": 0.18584365033831385, "fowlkes_mallows_score": 0.24678432370138173, "homogeneity_score": 0.4994871386639196, "v_measure_score": 0.2708954993295649}, "classification": {"f1_score": 4.002741878186557e-05, "hamming_loss": 0.9984, "jaccard_score": 2.0141899683268626e-05, "accuracy_score": 0.0016, "recall_score": 2.0141899683268626e-05, "precision_score": 0.0031446540880503146}, "found_clusters": 318, "expected_clusters": 4, "time": 3.3808}, "spectral_clustering": {"clustering": {"adjusted_mutual_info_score": 0.5339689443692003, "adjusted_rand_score": 0.48368028491979104, "completeness_score": 0.5390952589187388, "fowlkes_mallows_score": 0.6158362030393966, "homogeneity_score": 0.5295391421994833, "v_measure_score": 0.534274473426868}, "classification": {"f1_score": 0.7397739157555387, "hamming_loss": 0.2588, "jaccard_score": 0.593137047195964, "accuracy_score": 0.7412, "recall_score": 0.7412879987005542, "precision_score": 0.7602113093580679}, "found_clusters": 4, "expected_clusters": 4, "time": 2.649}, "gaussian_mixture_model": {"clustering": {"adjusted_mutual_info_score": 0.8542505569114308, "adjusted_rand_score": 0.8913224016130193, "completeness_score": 0.8546804901843329, "fowlkes_mallows_score": 0.9185054687462455, "homogeneity_score": 0.8540103640437638, "v_measure_score": 0.8543452957067071}, "classification": {"f1_score": 0.9573731260480043, "hamming_loss": 0.0424, "jaccard_score": 0.9188690689862988, "accuracy_score": 0.9576, "recall_score": 0.9576413580477559, "precision_score": 0.9581801890416137}, "found_clusters": 4, "expected_clusters": 4, "time": 0.057}}, "classification_alg": {"KNeighborsClassifier": {"clustering": {"adjusted_mutual_info_score": 0.7973908874368906, "adjusted_rand_score": 0.8354405906625608, "completeness_score": 0.7983254716897794, "fowlkes_mallows_score": 0.8765747430929745, "homogeneity_score": 0.7977787765866656, "v_measure_score": 0.7980520305116514}, "classification": {"f1_score": 0.9346622651124203, "hamming_loss": 0.065, "jaccard_score": 0.8780068177470463, "accuracy_score": 0.935, "recall_score": 0.9359921194107617, "precision_score": 0.9356320332533917}, "time": 0.029}, "DecisionTreeClassifier": {"clustering": {"adjusted_mutual_info_score": 0.7525122815297036, "adjusted_rand_score": 0.7984000807245897, "completeness_score": 0.7533941032731569, "fowlkes_mallows_score": 0.8487556903309714, "homogeneity_score": 0.7532452496420516, "v_measure_score": 0.7533196691043503}, "classification": {"f1_score": 0.9187796734554153, "hamming_loss": 0.081, "jaccard_score": 0.8510999047741132, "accuracy_score": 0.919, "recall_score": 0.9188381706296578, "precision_score": 0.9187877381154049}, "time": 0.008}, "RandomForestClassifier": {"clustering": {"adjusted_mutual_info_score": 0.7988039729545876, "adjusted_rand_score": 0.8427488490521977, "completeness_score": 0.7994645354346562, "fowlkes_mallows_score": 0.8820174051453076, "homogeneity_score": 0.7994560215484999, "v_measure_score": 0.7994602784689108}, "classification": {"f1_score": 0.9378682313356669, "hamming_loss": 0.062, "jaccard_score": 0.8837937370090907, "accuracy_score": 0.938, "recall_score": 0.938257476329944, "precision_score": 0.9377507037966148}, "time": 0.348}, "LinearSVC": {"clustering": {"adjusted_mutual_info_score": 0.5392129811622596, "adjusted_rand_score": 0.5369875670283366, "completeness_score": 0.5416231304737281, "fowlkes_mallows_score": 0.6531469626270089, "homogeneity_score": 0.5398171750398482, "v_measure_score": 0.5407186448256464}, "classification": {"f1_score": 0.7871539520579494, "hamming_loss": 0.212, "jaccard_score": 0.6544877036500898, "accuracy_score": 0.788, "recall_score": 0.7876607909272241, "precision_score": 0.7920796657545942}, "time": 0.081}, "LogisticRegression": {"clustering": {"adjusted_mutual_info_score": 0.5497762952310195, "adjusted_rand_score": 0.5587977643983678, "completeness_score": 0.55143595138326,