{"clustering_alg": {"affinity_propagation": {"clustering": {"adjusted_mutual_info_score": 0.0, "adjusted_rand_score": 0.0, "completeness_score": 1.0, "fowlkes_mallows_score": 0.49924868477468143, "homogeneity_score": 0.0, "v_measure_score": 0.0}, "classification": {"f1_score": 0.0, "hamming_loss": 1.0, "jaccard_score": 0.0, "accuracy_score": 0.0, "recall_score": 0.0, "precision_score": 0.0}, "found_clusters": 1, "expected_clusters": 4, "time": 7.2974}, "agglomerative": {"clustering": {"adjusted_mutual_info_score": 0.967050880688876, "adjusted_rand_score": 0.97884916283177, "completeness_score": 0.9671750774015607, "fowlkes_mallows_score": 0.984121248311533, "homogeneity_score": 0.9671414988910816, "v_measure_score": 0.9671582878548702}, "classification": {"f1_score": 0.991983678190464, "hamming_loss": 0.008, "jaccard_score": 0.9841583537235712, "accuracy_score": 0.992, "recall_score": 0.992, "precision_score": 0.9920150987224158}, "found_clusters": 4, "expected_clusters": 4, "time": 0.025}, "birch": {"clustering": {"adjusted_mutual_info_score": 0.8421025665255768, "adjusted_rand_score": 0.707819050587523, "completeness_score": 0.9825376070628681, "fowlkes_mallows_score": 0.8116085448746287, "homogeneity_score": 0.7373923492607408, "v_measure_score": 0.8424944418757431}, "classification": {"f1_score": 0.25266356472635504, "hamming_loss": 0.747, "jaccard_score": 0.2513362286069465, "accuracy_score": 0.253, "recall_score": 0.253, "precision_score": 0.25249303387651795}, "found_clusters": 3, "expected_clusters": 4, "time": 0.043}, "dbscan": {"clustering": {"adjusted_mutual_info_score": 0.8593394298164149, "adjusted_rand_score": 0.883766434940362, "completeness_score": 0.8167087731265334, "fowlkes_mallows_score": 0.9126511435785483, "homogeneity_score": 0.9079587545485553, "v_measure_score": 0.8599198031825469}, "classification": {"f1_score": 0.0008179959100204498, "hamming_loss": 0.999, "jaccard_score": 0.0004098360655737705, "accuracy_score": 0.001, "recall_score": 0.0008, "precision_score": 0.0008368200836820083}, "found_clusters": 5, "expected_clusters": 4, "time": 0.005}, "k_means": {"clustering": {"adjusted_mutual_info_score": 0.9680865940808914, "adjusted_rand_score": 0.9788279931181106, "completeness_score": 0.9682129764971826, "fowlkes_mallows_score": 0.9841054410393429, "homogeneity_score": 0.9681682758359295, "v_measure_score": 0.9681906256506068}, "classification": {"f1_score": 0.9920075524833589, "hamming_loss": 0.008, "jaccard_score": 0.9842193725099602, "accuracy_score": 0.992, "recall_score": 0.992, "precision_score": 0.9920782280263748}, "found_clusters": 4, "expected_clusters": 4, "time": 0.022}, "mini_batch_k_means": {"clustering": {"adjusted_mutual_info_score": 0.9672911895251615, "adjusted_rand_score": 0.9788380102202277, "completeness_score": 0.9674033948319295, "fowlkes_mallows_score": 0.984112705143763, "homogeneity_score": 0.9673922293681871, "v_measure_score": 0.967397812067841}, "classification": {"f1_score": 0.992003888062209, "hamming_loss": 0.008, "jaccard_score": 0.9842124499202072, "accuracy_score": 0.992, "recall_score": 0.992, "precision_score": 0.9920235535074244}, "found_clusters": 4, "expected_clusters": 4, "time": 0.022}, "mean_shift": {"clustering": {"adjusted_mutual_info_score": 0.5765052673248838, "adjusted_rand_score": 0.33266533066132264, "completeness_score": 0.9999999999999988, "fowlkes_mallows_score": 0.6316949117560324, "homogeneity_score": 0.40563906222956586, "v_measure_score": 0.5771596324111227}, "classification": {"f1_score": 0.375, "hamming_loss": 0.5, "jaccard_score": 0.3333333333333333, "accuracy_score": 0.5, "recall_score": 0.5, "precision_score": 0.3333333333333333}, "found_clusters": 2, "expected_clusters": 4, "time": 2.3164}, "optics": {"clustering": {"adjusted_mutual_info_score": 0.27743988135108344, "adjusted_rand_score": 0.015619476633564297, "completeness_score": 0.2506188023664812, "fowlkes_mallows_score": 0.3027150040440476, "homogeneity_score": 0.4161070671111222, "v_measure_score": 0.3128249842692554}, "classification": {"f1_score": 0.0011926058437686344, "hamming_loss": 0.992, "jaccard_score": 0.0006153846153846154, "accuracy_score": 0.008, "recall_score": 0.0006153846153846154, "precision_score": 0.019230769230769232}, "found_clusters": 52, "expected_clusters": 4, "time": 0.6101}, "spectral_clustering": {"clustering": {"adjusted_mutual_info_score": 0.9709928436790191, "adjusted_rand_score": 0.9814433878006126, "completeness_score": 0.9711000099311773, "fowlkes_mallows_score": 0.986068777274632, "homogeneity_score": 0.9710747913048762, "v_measure_score": 0.9710874004542981}, "classification": {"f1_score": 0.9930057842082314, "hamming_loss": 0.007, "jaccard_score": 0.986165143348176, "accuracy_score": 0.993, "recall_score": 0.993, "precision_score": 0.9930471427885615}, "found_clusters": 4, "expected_clusters": 4, "time": 0.2811}, "gaussian_mixture_model": {"clustering": {"adjusted_mutual_info_score": 0.9703772360763103, "adjusted_rand_score": 0.9814536883089807, "completeness_score": 0.9704751985558943, "fowlkes_mallows_score": 0.9860763611470639, "homogeneity_score": 0.9704723983489145, "v_measure_score": 0.9704737984503846}, "classification": {"f1_score": 0.993001976007904, "hamming_loss": 0.007, "jaccard_score": 0.986157886887645, "accuracy_score": 0.993, "recall_score": 0.993, "precision_score": 0.993007904126466}, "found_clusters": 4, "expected_clusters": 4, "time": 0.024}}, "classification_alg": {"KNeighborsClassifier": {"clustering": {"adjusted_mutual_info_score": 0.9818620902504797, "adjusted_rand_score": 0.9874396709393657, "completeness_score": 0.9812582419731314, "fowlkes_mallows_score": 0.9906985513469566, "homogeneity_score": 0.9830829752092597, "v_measure_score": 0.9821697610675184}, "classification": {"f1_score": 0.9945092267632741, "hamming_loss": 0.005, "jaccard_score": 0.9891448825875055, "accuracy_score": 0.995, "recall_score": 0.9959016393442623, "precision_score": 0.9932432432432432}, "time": 0.011}, "DecisionTreeClassifier": {"clustering": {"adjusted_mutual_info_score": 0.9272417169427464, "adjusted_rand_score": 0.9492990587651173, "completeness_score": 0.9282993896621641, "fowlkes_mallows_score": 0.9624686346295873, "homogeneity_score": 0.9286546329758313, "v_measure_score": 0.9284769773392085}, "classification": {"f1_score": 0.97850898892392, "hamming_loss": 0.02, "jaccard_score": 0.9581645728535869, "accuracy_score": 0.98, "recall_score": 0.9788273758596919, "precision_score": 0.9783558677662326}, "time": 0.002}, "RandomForestClassifier": {"clustering": {"adjusted_mutual_info_score": 0.9818620902504797, "adjusted_rand_score": 0.9874396709393657, "completeness_score": 0.9812582419731314, "fowlkes_mallows_score": 0.9906985513469566, "homogeneity_score": 0.9830829752092597, "v_measure_score": 0.9821697610675184}, "classification": {"f1_score": 0.9945092267632741, "hamming_loss": 0.005, "jaccard_score": 0.9891448825875055, "accuracy_score": 0.995, "recall_score": 0.9959016393442623, "precision_score": 0.9932432432432432}, "time": 0.149}, "LinearSVC": {"clustering": {"adjusted_mutual_info_score": 0.9446313935825186, "adjusted_rand_score": 0.9592404036155878, "completeness_score": 0.9455716577665717, "fowlkes_mallows_score": 0.9698317540127636, "homogeneity_score": 0.9455716577665716, "v_measure_score": 0.9455716577665717}, "classification": {"f1_score": 0.9849254742547425, "hamming_loss": 0.015, "jaccard_score": 0.9705494665172084, "accuracy_score": 0.985, "recall_score": 0.9849249368353017, "precision_score": 0.9849910394265233}, "time": 0.018}, "LogisticRegression": {"clustering": {"adjusted_mutual_info_score": 0.9818620902504797, "adjusted_rand_score": 0.9874396709393657, "completeness_score": 0.9812582419731314, "fowlkes_mallows_score": 0.9906985513469566, "homogeneity_score": 0.9830829752092597, "v_measure_score": 0.9821697610675184}, "classification": {"f1_score": 0.9945092267632741, "hamming_loss": 0.005, "jaccard_score": 0.9891448825875055,