{"clustering_alg": {"affinity_propagation": {"clustering": {"adjusted_mutual_info_score": 0.27215328480061035, "adjusted_rand_score": 0.05137657313081847, "completeness_score": 0.20021817585642057, "fowlkes_mallows_score": 0.16696098586109165, "homogeneity_score": 0.5814205649361146, "v_measure_score": 0.2978638566427365}, "classification": {"f1_score": 0.0016702472480197073, "hamming_loss": 0.987, "jaccard_score": 0.0008503599498077528, "accuracy_score": 0.013, "recall_score": 0.0008814492584967379, "precision_score": 0.018383311603650584}, "found_clusters": 59, "expected_clusters": 4, "time": 1.6656}, "agglomerative": {"clustering": {"adjusted_mutual_info_score": 0.39533695682575015, "adjusted_rand_score": 0.36832048155932406, "completeness_score": 0.39778493349718125, "fowlkes_mallows_score": 0.529879272855805, "homogeneity_score": 0.3968703807662812, "v_measure_score": 0.3973271308616097}, "classification": {"f1_score": 0.6644765306667871, "hamming_loss": 0.337, "jaccard_score": 0.5101423716822985, "accuracy_score": 0.663, "recall_score": 0.6722834081091387, "precision_score": 0.6714953155750961}, "found_clusters": 4, "expected_clusters": 4, "time": 0.043}, "birch": {"clustering": {"adjusted_mutual_info_score": 0.29256898811917453, "adjusted_rand_score": 0.2603813786695073, "completeness_score": 0.37098911098794296, "fowlkes_mallows_score": 0.5171245811573686, "homogeneity_score": 0.24408374556797874, "v_measure_score": 0.2944445062392012}, "classification": {"f1_score": 0.2631689028632786, "hamming_loss": 0.638, "jaccard_score": 0.183315706639729, "accuracy_score": 0.362, "recall_score": 0.38553334865500033, "precision_score": 0.2085979122685372}, "found_clusters": 3, "expected_clusters": 4, "time": 0.03}, "dbscan": {"clustering": {"adjusted_mutual_info_score": 0.010173929515352452, "adjusted_rand_score": -0.0005278593081713727, "completeness_score": 0.12205736660552582, "fowlkes_mallows_score": 0.4972428575205588, "homogeneity_score": 0.006539555217042796, "v_measure_score": 0.012413996808803679}, "classification": {"f1_score": 0.0855106888361045, "hamming_loss": 0.73, "jaccard_score": 0.05438066465256798, "accuracy_score": 0.27, "recall_score": 0.19494584837545126, "precision_score": 0.05476673427991886}, "found_clusters": 2, "expected_clusters": 4, "time": 0.035}, "k_means": {"clustering": {"adjusted_mutual_info_score": 0.44587674914812864, "adjusted_rand_score": 0.42834177797619877, "completeness_score": 0.4475632888821503, "fowlkes_mallows_score": 0.5738897481306349, "homogeneity_score": 0.44783255494699137, "v_measure_score": 0.4476978814273304}, "classification": {"f1_score": 0.7107743496377166, "hamming_loss": 0.283, "jaccard_score": 0.5626835918932456, "accuracy_score": 0.717, "recall_score": 0.7339373843351499, "precision_score": 0.714099762061764}, "found_clusters": 4, "expected_clusters": 4, "time": 0.1195}, "mini_batch_k_means": {"clustering": {"adjusted_mutual_info_score": 0.341075846713177, "adjusted_rand_score": 0.30695386718903905, "completeness_score": 0.34361386839219416, "fowlkes_mallows_score": 0.48414503001089604, "homogeneity_score": 0.34287582858671983, "v_measure_score": 0.3432444517589912}, "classification": {"f1_score": 0.5397373291363498, "hamming_loss": 0.453, "jaccard_score": 0.4019522767778098, "accuracy_score": 0.547, "recall_score": 0.558241082913182, "precision_score": 0.5345507445987246}, "found_clusters": 4, "expected_clusters": 4, "time": 0.0411}, "mean_shift": {"clustering": {"adjusted_mutual_info_score": -3.5788456052912084e-16, "adjusted_rand_score": 0.0, "completeness_score": 1.0, "fowlkes_mallows_score": 0.5046530240419398, "homogeneity_score": 0.0, "v_measure_score": 0.0}, "classification": {"f1_score": 0.10845732184808143, "hamming_loss": 0.723, "jaccard_score": 0.06925, "accuracy_score": 0.277, "recall_score": 0.25, "precision_score": 0.06925}, "found_clusters": 1, "expected_clusters": 4, "time": 10.449}, "optics": {"clustering": {"adjusted_mutual_info_score": 0.10481644945600004, "adjusted_rand_score": 0.006439482008766404, "completeness_score": 0.1728589030869364, "fowlkes_mallows_score": 0.43281384675063805, "homogeneity_score": 0.11045651494397095, "v_measure_score": 0.13478540733662214}, "classification": {"f1_score": 0.003100795308587516, "hamming_loss": 0.993, "jaccard_score": 0.001594896331738437, "accuracy_score": 0.007, "recall_score": 0.0016047613912382596, "precision_score": 0.048051948051948054}, "found_clusters": 22, "expected_clusters": 4, "time": 1.7276}, "spectral_clustering": {"clustering": {"adjusted_mutual_info_score": 0.42208774713455394, "adjusted_rand_score": 0.4014218865581769, "completeness_score": 0.42548884987940955, "fowlkes_mallows_score": 0.5553845776042354, "homogeneity_score": 0.42251062524627164, "v_measure_score": 0.42399450771174657}, "classification": {"f1_score": 0.6899851301327106, "hamming_loss": 0.3, "jaccard_score": 0.5387095636452458, "accuracy_score": 0.7, "recall_score": 0.7167315884763885, "precision_score": 0.6991608735797126}, "found_clusters": 4, "expected_clusters": 4, "time": 0.7986}, "gaussian_mixture_model": {"clustering": {"adjusted_mutual_info_score": 0.48286119818390594, "adjusted_rand_score": 0.4710349555925314, "completeness_score": 0.48328823919307184, "fowlkes_mallows_score": 0.6048762262898028, "homogeneity_score": 0.48583188588053744, "v_measure_score": 0.4845567243858865}, "classification": {"f1_score": 0.74024596485488, "hamming_loss": 0.258, "jaccard_score": 0.5993739758007652, "accuracy_score": 0.742, "recall_score": 0.7567524113564305, "precision_score": 0.735354501574774}, "found_clusters": 4, "expected_clusters": 4, "time": 0.044}}, "classification_alg": {"KNeighborsClassifier": {"clustering": {"adjusted_mutual_info_score": 0.44769421708278784, "adjusted_rand_score": 0.43502449248895375, "completeness_score": 0.4542492776405444, "fowlkes_mallows_score": 0.5803516129245665, "homogeneity_score": 0.4598629425896639, "v_measure_score": 0.4570388730442809}, "classification": {"f1_score": 0.7109559631908232, "hamming_loss": 0.285, "jaccard_score": 0.5655105425254678, "accuracy_score": 0.715, "recall_score": 0.7412592351151673, "precision_score": 0.7021313792590388}, "time": 0.013}, "DecisionTreeClassifier": {"clustering": {"adjusted_mutual_info_score": 0.2836288135038189, "adjusted_rand_score": 0.285559830724089, "completeness_score": 0.29537326176914563, "fowlkes_mallows_score": 0.47095593757272797, "homogeneity_score": 0.2962796687496308, "v_measure_score": 0.2958257709557079}, "classification": {"f1_score": 0.6494334809699722, "hamming_loss": 0.36, "jaccard_score": 0.48793643065794967, "accuracy_score": 0.64, "recall_score": 0.6501684050412864, "precision_score": 0.6504649957609386}, "time": 0.006}, "RandomForestClassifier": {"clustering": {"adjusted_mutual_info_score": 0.466800101686653, "adjusted_rand_score": 0.44932627081795073, "completeness_score": 0.47356350206165243, "fowlkes_mallows_score": 0.5912191962289552, "homogeneity_score": 0.47813687939494487, "v_measure_score": 0.47583920209120223}, "classification": {"f1_score": 0.7575756009563283, "hamming_loss": 0.255, "jaccard_score": 0.6233673792817016, "accuracy_score": 0.745, "recall_score": 0.768964580617123, "precision_score": 0.7491858353510896}, "time": 0.367}, "LinearSVC": {"clustering": {"adjusted_mutual_info_score": 0.46388840535254106, "adjusted_rand_score": 0.45873687897613474, "completeness_score": 0.47325293143168073, "fowlkes_mallows_score": 0.6002152737946742, "homogeneity_score": 0.47281414438754216, "v_measure_score": 0.47303343615463284}, "classification": {"f1_score": 0.7344465623981753, "hamming_loss": 0.26, "jaccard_score": 0.5930843652683193, "accuracy_score": 0.74, "recall_score": 0.7681497175141244, "precision_score": 0.7364444210285995}, "time": 0.006}, "LogisticRegression": {"clustering": {"adjusted_mutual_info_score": 0.467246166257154, "adjusted_rand_score": 0.4517307602692716, "completeness_score": 0.4742320291644374,