{"clustering_alg": {"affinity_propagation": {"clustering": {"adjusted_mutual_info_score": 0.34546352345659537, "adjusted_rand_score": 0.03413834157871117, "completeness_score": 0.22758731787060585, "fowlkes_mallows_score": 0.14346731520910486, "homogeneity_score": 0.8158247115993844, "v_measure_score": 0.35589269190192824}, "classification": {"f1_score": 0.00019549768823983658, "hamming_loss": 0.996, "jaccard_score": 9.932163324493708e-05, "accuracy_score": 0.004, "recall_score": 9.932163324493708e-05, "precision_score": 0.006172839506172839}, "found_clusters": 162, "expected_clusters": 4, "time": 45.2526}, "agglomerative": {"clustering": {"adjusted_mutual_info_score": 0.3195565559511416, "adjusted_rand_score": 0.2243376577486742, "completeness_score": 0.3384895920386972, "fowlkes_mallows_score": 0.4467637819464187, "homogeneity_score": 0.30346700058899206, "v_measure_score": 0.3200229498574493}, "classification": {"f1_score": 0.5714873811910566, "hamming_loss": 0.4356, "jaccard_score": 0.4129878100294805, "accuracy_score": 0.5644, "recall_score": 0.5643177192683512, "precision_score": 0.6720368016110644}, "found_clusters": 4, "expected_clusters": 4, "time": 2.0544}, "birch": {"clustering": {"adjusted_mutual_info_score": 0.20115891535364747, "adjusted_rand_score": 0.14471301901773237, "completeness_score": 0.25758132325204075, "fowlkes_mallows_score": 0.43735132414814226, "homogeneity_score": 0.16558130019226072, "v_measure_score": 0.20158042344176824}, "classification": {"f1_score": 0.17061072282564674, "hamming_loss": 0.7416, "jaccard_score": 0.10956201218560262, "accuracy_score": 0.2584, "recall_score": 0.258729563392333, "precision_score": 0.12848757563627744}, "found_clusters": 3, "expected_clusters": 4, "time": 0.723}, "dbscan": {"clustering": {"adjusted_mutual_info_score": 0.1944539459005645, "adjusted_rand_score": 0.02138279671846954, "completeness_score": 0.21013414523146492, "fowlkes_mallows_score": 0.39157579146744576, "homogeneity_score": 0.2133044959292739, "v_measure_score": 0.21170745212698552}, "classification": {"f1_score": 0.0003672240603296671, "hamming_loss": 0.9956, "jaccard_score": 0.00018507499636739711, "accuracy_score": 0.0044, "recall_score": 0.00020731161584335643, "precision_score": 0.011157258292365937}, "found_clusters": 85, "expected_clusters": 4, "time": 0.0842}, "k_means": {"clustering": {"adjusted_mutual_info_score": 0.34445779823115563, "adjusted_rand_score": 0.2892952382543223, "completeness_score": 0.35038572445784205, "fowlkes_mallows_score": 0.47436275164835573, "homogeneity_score": 0.339564903478152, "v_measure_score": 0.3448904599495111}, "classification": {"f1_score": 0.6524288264776537, "hamming_loss": 0.3602, "jaccard_score": 0.4920623576136617, "accuracy_score": 0.6398, "recall_score": 0.6397737945657516, "precision_score": 0.6961304481371102}, "found_clusters": 4, "expected_clusters": 4, "time": 0.125}, "mini_batch_k_means": {"clustering": {"adjusted_mutual_info_score": 0.3836545640665833, "adjusted_rand_score": 0.36418829667480457, "completeness_score": 0.3870391518743018, "fowlkes_mallows_score": 0.5262715060968807, "homogeneity_score": 0.3811227020703674, "v_measure_score": 0.3840581424653308}, "classification": {"f1_score": 0.6848145514144688, "hamming_loss": 0.3198, "jaccard_score": 0.5286113327461166, "accuracy_score": 0.6802, "recall_score": 0.6802415964706466, "precision_score": 0.706182632255343}, "found_clusters": 4, "expected_clusters": 4, "time": 0.0595}, "mean_shift": {"clustering": {"adjusted_mutual_info_score": 3.1829447835600354e-16, "adjusted_rand_score": 0.0, "completeness_score": 1.0, "fowlkes_mallows_score": 0.49985434966015335, "homogeneity_score": 4.805170265036284e-16, "v_measure_score": 9.610340530072563e-16}, "classification": {"f1_score": 0.09980790779574196, "hamming_loss": 0.7506, "jaccard_score": 0.06235, "accuracy_score": 0.2494, "recall_score": 0.25, "precision_score": 0.06235}, "found_clusters": 1, "expected_clusters": 4, "time": 43.2526}, "optics": {"clustering": {"adjusted_mutual_info_score": 0.10408070828545096, "adjusted_rand_score": 0.000548555748558627, "completeness_score": 0.16807460846531574, "fowlkes_mallows_score": 0.44310400232502073, "homogeneity_score": 0.10419045521245603, "v_measure_score": 0.12863765720879933}, "classification": {"f1_score": 5.568032071864734e-05, "hamming_loss": 0.9994, "jaccard_score": 2.7906976744186044e-05, "accuracy_score": 0.0006, "recall_score": 2.79741146192723e-05, "precision_score": 0.005813953488372093}, "found_clusters": 86, "expected_clusters": 4, "time": 5.6785}, "spectral_clustering": {"clustering": {"adjusted_mutual_info_score": 0.17811444730440648, "adjusted_rand_score": 0.04578603778843887, "completeness_score": 0.46347050902409426, "fowlkes_mallows_score": 0.4854397236228042, "homogeneity_score": 0.11091866225212728, "v_measure_score": 0.17899894853534185}, "classification": {"f1_score": 0.25291608450862485, "hamming_loss": 0.6486, "jaccard_score": 0.17031199757031473, "accuracy_score": 0.3514, "recall_score": 0.3507629896627207, "precision_score": 0.567882867459241}, "found_clusters": 4, "expected_clusters": 4, "time": 4.4503}, "gaussian_mixture_model": {"clustering": {"adjusted_mutual_info_score": 0.8808648361836884, "adjusted_rand_score": 0.9203124163837159, "completeness_score": 0.8809450933563063, "fowlkes_mallows_score": 0.9402228860267391, "homogeneity_score": 0.8809393978312322, "v_measure_score": 0.8809422455845635}, "classification": {"f1_score": 0.9693741237962081, "hamming_loss": 0.0306, "jaccard_score": 0.9406987950215774, "accuracy_score": 0.9694, "recall_score": 0.9693929166186219, "precision_score": 0.9693823636909144}, "found_clusters": 4, "expected_clusters": 4, "time": 0.067}}, "classification_alg": {"KNeighborsClassifier": {"clustering": {"adjusted_mutual_info_score": 0.7760735868290946, "adjusted_rand_score": 0.8279408608000365, "completeness_score": 0.7769424440442224, "fowlkes_mallows_score": 0.8709400678080929, "homogeneity_score": 0.7766660733958747, "v_measure_score": 0.7768042341383298}, "classification": {"f1_score": 0.933338255811428, "hamming_loss": 0.067, "jaccard_score": 0.8751529100974059, "accuracy_score": 0.933, "recall_score": 0.9335056809615834, "precision_score": 0.9340023059021699}, "time": 0.053}, "DecisionTreeClassifier": {"clustering": {"adjusted_mutual_info_score": 0.6385953590756304, "adjusted_rand_score": 0.6977747182167126, "completeness_score": 0.639910629215746, "fowlkes_mallows_score": 0.7733099652027262, "homogeneity_score": 0.6396386783964911, "v_measure_score": 0.6397746249063928}, "classification": {"f1_score": 0.8775188563413076, "hamming_loss": 0.123, "jaccard_score": 0.7822115978462728, "accuracy_score": 0.877, "recall_score": 0.8774168532179946, "precision_score": 0.8778761876558994}, "time": 0.016}, "RandomForestClassifier": {"clustering": {"adjusted_mutual_info_score": 0.7370556051519829, "adjusted_rand_score": 0.7924198297919394, "completeness_score": 0.7377389155246792, "fowlkes_mallows_score": 0.8442362828260684, "homogeneity_score": 0.7380875660506622, "v_measure_score": 0.7379131996049195}, "classification": {"f1_score": 0.9182015463822473, "hamming_loss": 0.082, "jaccard_score": 0.848895367214678, "accuracy_score": 0.918, "recall_score": 0.9190749179076261, "precision_score": 0.9182185880248794}, "time": 0.546}, "LinearSVC": {"clustering": {"adjusted_mutual_info_score": 0.5750439516078004, "adjusted_rand_score": 0.5961945483563214, "completeness_score": 0.5785634169452478, "fowlkes_mallows_score": 0.698059133781313, "homogeneity_score": 0.5743232360708553, "v_measure_score": 0.5764355290659524}, "classification": {"f1_score": 0.8230029671467035, "hamming_loss": 0.175, "jaccard_score": 0.7012270807561687, "accuracy_score": 0.825, "recall_score": 0.8287872784490632, "precision_score": 0.8322354833591527}, "time": 0.214}, "LogisticRegression": {"clustering": {"adjusted_mutual_info_score": 0.6242298804374771, "adjusted_rand_score": 0.6615173230755074,