{"clustering_alg": {"affinity_propagation": {"clustering": {"adjusted_mutual_info_score": 0.29798126188352125, "adjusted_rand_score": 0.027738175556156167, "completeness_score": 0.19744008516416087, "fowlkes_mallows_score": 0.12531709082623008, "homogeneity_score": 0.7091882092173324, "v_measure_score": 0.3088855295891967}, "classification": {"f1_score": 0.0005945107667831212, "hamming_loss": 0.9878, "jaccard_score": 0.0003060806409040134, "accuracy_score": 0.0122, "recall_score": 0.0003062604758658722, "precision_score": 0.012441892261416461}, "found_clusters": 159, "expected_clusters": 4, "time": 59.0921}, "agglomerative": {"clustering": {"adjusted_mutual_info_score": 0.4271795737562949, "adjusted_rand_score": 0.3495283541315765, "completeness_score": 0.4428598582366823, "fowlkes_mallows_score": 0.5259294589413465, "homogeneity_score": 0.4132908172042101, "v_measure_score": 0.4275647218833859}, "classification": {"f1_score": 0.5824223386743239, "hamming_loss": 0.3992, "jaccard_score": 0.4212284970114778, "accuracy_score": 0.6008, "recall_score": 0.6007055491037414, "precision_score": 0.6423677154849349}, "found_clusters": 4, "expected_clusters": 4, "time": 1.8713}, "birch": {"clustering": {"adjusted_mutual_info_score": 0.1849441482227215, "adjusted_rand_score": 0.14576573787167582, "completeness_score": 0.21839850027203186, "fowlkes_mallows_score": 0.41160287908178983, "homogeneity_score": 0.16098979626615514, "v_measure_score": 0.1853506309206312}, "classification": {"f1_score": 0.3607025455109316, "hamming_loss": 0.575, "jaccard_score": 0.2389731875579658, "accuracy_score": 0.425, "recall_score": 0.42486241861235274, "precision_score": 0.342361940877861}, "found_clusters": 3, "expected_clusters": 4, "time": 1.1844}, "dbscan": {"clustering": {"adjusted_mutual_info_score": 0.1178878885705069, "adjusted_rand_score": 0.007062156775849081, "completeness_score": 0.18982074071219818, "fowlkes_mallows_score": 0.44713377711462204, "homogeneity_score": 0.105080622456447, "v_measure_score": 0.13527561469951446}, "classification": {"f1_score": 0.00435326921877589, "hamming_loss": 0.9646, "jaccard_score": 0.00234680610854838, "accuracy_score": 0.0354, "recall_score": 0.0023555580243035472, "precision_score": 0.031586021505376344}, "found_clusters": 60, "expected_clusters": 4, "time": 0.085}, "k_means": {"clustering": {"adjusted_mutual_info_score": 0.32374172316990907, "adjusted_rand_score": 0.24780183025032038, "completeness_score": 0.3249114572274846, "fowlkes_mallows_score": 0.4369234442161682, "homogeneity_score": 0.3234560438263902, "v_measure_score": 0.3241821170180365}, "classification": {"f1_score": 0.5278743171193493, "hamming_loss": 0.4726, "jaccard_score": 0.3587846301988017, "accuracy_score": 0.5274, "recall_score": 0.5273752172514603, "precision_score": 0.5315132177569095}, "found_clusters": 4, "expected_clusters": 4, "time": 0.2015}, "mini_batch_k_means": {"clustering": {"adjusted_mutual_info_score": 0.3956334130027751, "adjusted_rand_score": 0.36165545946639227, "completeness_score": 0.3997724502221189, "fowlkes_mallows_score": 0.5254903433127067, "homogeneity_score": 0.3923565719092489, "v_measure_score": 0.3960297974965463}, "classification": {"f1_score": 0.6678493672197778, "hamming_loss": 0.327, "jaccard_score": 0.5043358924838375, "accuracy_score": 0.673, "recall_score": 0.6730741604693398, "precision_score": 0.6803306741906021}, "found_clusters": 4, "expected_clusters": 4, "time": 0.059}, "mean_shift": {"clustering": {"adjusted_mutual_info_score": -6.417112114080537e-16, "adjusted_rand_score": 0.0, "completeness_score": 1.0, "fowlkes_mallows_score": 0.4998508279177239, "homogeneity_score": 3.203430568142871e-16, "v_measure_score": 6.406861136285741e-16}, "classification": {"f1_score": 0.09993598975836133, "hamming_loss": 0.7502, "jaccard_score": 0.06245, "accuracy_score": 0.2498, "recall_score": 0.25, "precision_score": 0.06245}, "found_clusters": 1, "expected_clusters": 4, "time": 53.8718}, "optics": {"clustering": {"adjusted_mutual_info_score": 0.10023812607920542, "adjusted_rand_score": 0.0008213181102478549, "completeness_score": 0.16099259715691006, "fowlkes_mallows_score": 0.44270535402915123, "homogeneity_score": 0.09951299247067336, "v_measure_score": 0.12299816776763231}, "classification": {"f1_score": 0.00015885623510722796, "hamming_loss": 0.9984, "jaccard_score": 7.993605115907273e-05, "accuracy_score": 0.0016, "recall_score": 8.006405124099278e-05, "precision_score": 0.01}, "found_clusters": 80, "expected_clusters": 4, "time": 4.6621}, "spectral_clustering": {"clustering": {"adjusted_mutual_info_score": 0.46685793726867086, "adjusted_rand_score": 0.41700990269217186, "completeness_score": 0.530475564174032, "fowlkes_mallows_score": 0.5918336530373508, "homogeneity_score": 0.41751555746905383, "v_measure_score": 0.46726555944100634}, "classification": {"f1_score": 0.5385448795642547, "hamming_loss": 0.3696, "jaccard_score": 0.42515771513776646, "accuracy_score": 0.6304, "recall_score": 0.6300419921263964, "precision_score": 0.4743398295267092}, "found_clusters": 4, "expected_clusters": 4, "time": 4.351}, "gaussian_mixture_model": {"clustering": {"adjusted_mutual_info_score": 0.7932107186949624, "adjusted_rand_score": 0.8275815829606961, "completeness_score": 0.7937643037607499, "fowlkes_mallows_score": 0.8707236495033234, "homogeneity_score": 0.7929264437260996, "v_measure_score": 0.7933451525253207}, "classification": {"f1_score": 0.9293681288083842, "hamming_loss": 0.0702, "jaccard_score": 0.8706773965942475, "accuracy_score": 0.9298, "recall_score": 0.9297641554539178, "precision_score": 0.9303273197804094}, "found_clusters": 4, "expected_clusters": 4, "time": 0.088}}, "classification_alg": {"KNeighborsClassifier": {"clustering": {"adjusted_mutual_info_score": 0.6778131618121844, "adjusted_rand_score": 0.6980700101841777, "completeness_score": 0.6809888100610764, "fowlkes_mallows_score": 0.7740972171759536, "homogeneity_score": 0.676759090118365, "v_measure_score": 0.6788673617787421}, "classification": {"f1_score": 0.8668556301400959, "hamming_loss": 0.131, "jaccard_score": 0.7715928399314455, "accuracy_score": 0.869, "recall_score": 0.8684796404343399, "precision_score": 0.8707144930911481}, "time": 0.04}, "DecisionTreeClassifier": {"clustering": {"adjusted_mutual_info_score": 0.5360955753896165, "adjusted_rand_score": 0.5527241991391509, "completeness_score": 0.537708987898517, "fowlkes_mallows_score": 0.6644384400782043, "homogeneity_score": 0.5375088958580064, "v_measure_score": 0.5376089232602563}, "classification": {"f1_score": 0.8020818555590584, "hamming_loss": 0.2, "jaccard_score": 0.6759243246147758, "accuracy_score": 0.8, "recall_score": 0.8010057345174164, "precision_score": 0.8045321957927547}, "time": 0.02}, "RandomForestClassifier": {"clustering": {"adjusted_mutual_info_score": 0.6700310312520983, "adjusted_rand_score": 0.7008213013674119, "completeness_score": 0.671710137951364, "fowlkes_mallows_score": 0.7756939435965696, "homogeneity_score": 0.6705074181349324, "v_measure_score": 0.6711082391830543}, "classification": {"f1_score": 0.87233714155402, "hamming_loss": 0.127, "jaccard_score": 0.7778641571194763, "accuracy_score": 0.873, "recall_score": 0.8728554065543543, "precision_score": 0.8730771154921464}, "time": 0.6007}, "LinearSVC": {"clustering": {"adjusted_mutual_info_score": 0.4814373326812762, "adjusted_rand_score": 0.48636876140525287, "completeness_score": 0.4840045070187912, "fowlkes_mallows_score": 0.6152193391314592, "homogeneity_score": 0.4822622265169605, "v_measure_score": 0.4831317960104226}, "classification": {"f1_score": 0.7588360258825566, "hamming_loss": 0.239, "jaccard_score": 0.6149139987088761, "accuracy_score": 0.761, "recall_score": 0.760730823054704, "precision_score": 0.7600101413737778}, "time": 0.248}, "LogisticRegression": {"clustering": {"adjusted_mutual_info_score": 0.4762768611695457, "adjusted_rand_score": 0.4869372340331016, "completeness_score": 0.47856577895591057,