{"clustering_alg": {"affinity_propagation": {"clustering": {"adjusted_mutual_info_score": 0.0, "adjusted_rand_score": 0.0, "completeness_score": 1.0, "fowlkes_mallows_score": 0.49924868477468143, "homogeneity_score": 0.0, "v_measure_score": 0.0}, "classification": {"f1_score": 0.0, "hamming_loss": 1.0, "jaccard_score": 0.0, "accuracy_score": 0.0, "recall_score": 0.0, "precision_score": 0.0}, "found_clusters": 1, "expected_clusters": 4, "time": 8.0875}, "agglomerative": {"clustering": {"adjusted_mutual_info_score": 0.8460446239411546, "adjusted_rand_score": 0.8276506035397488, "completeness_score": 0.846624716057159, "fowlkes_mallows_score": 0.8706196285248735, "homogeneity_score": 0.8464683474401121, "v_measure_score": 0.8465465245277849}, "classification": {"f1_score": 0.9239805390179886, "hamming_loss": 0.076, "jaccard_score": 0.8680300983986108, "accuracy_score": 0.924, "recall_score": 0.9239999999999999, "precision_score": 0.9241783586392466}, "found_clusters": 4, "expected_clusters": 4, "time": 0.033}, "birch": {"clustering": {"adjusted_mutual_info_score": 0.8567873240141083, "adjusted_rand_score": 0.7136715391229579, "completeness_score": 1.0, "fowlkes_mallows_score": 0.8159506119058424, "homogeneity_score": 0.75, "v_measure_score": 0.8571428571428571}, "classification": {"f1_score": 0.0, "hamming_loss": 1.0, "jaccard_score": 0.0, "accuracy_score": 0.0, "recall_score": 0.0, "precision_score": 0.0}, "found_clusters": 3, "expected_clusters": 4, "time": 0.036}, "dbscan": {"clustering": {"adjusted_mutual_info_score": 0.7668357010799592, "adjusted_rand_score": 0.6601695424764861, "completeness_score": 0.8345363048239837, "fowlkes_mallows_score": 0.7685135364510807, "homogeneity_score": 0.7107072186578958, "v_measure_score": 0.7676601999069264}, "classification": {"f1_score": 0.6645856695556156, "hamming_loss": 0.281, "jaccard_score": 0.5975910652920963, "accuracy_score": 0.719, "recall_score": 0.719, "precision_score": 0.6753082676369517}, "found_clusters": 4, "expected_clusters": 4, "time": 0.007}, "k_means": {"clustering": {"adjusted_mutual_info_score": 0.8620528235999386, "adjusted_rand_score": 0.8507704439130386, "completeness_score": 0.8626270627451627, "fowlkes_mallows_score": 0.8879808021829882, "homogeneity_score": 0.8623780947717866, "v_measure_score": 0.8625025607918467}, "classification": {"f1_score": 0.9359743897559023, "hamming_loss": 0.064, "jaccard_score": 0.8864891382281539, "accuracy_score": 0.936, "recall_score": 0.9359999999999999, "precision_score": 0.9362980769230769}, "found_clusters": 4, "expected_clusters": 4, "time": 0.029}, "mini_batch_k_means": {"clustering": {"adjusted_mutual_info_score": 0.8672478386289085, "adjusted_rand_score": 0.8587774190631978, "completeness_score": 0.867685584782811, "fowlkes_mallows_score": 0.8939776069007795, "homogeneity_score": 0.8676755702304656, "v_measure_score": 0.867680577477742}, "classification": {"f1_score": 0.9399990399846397, "hamming_loss": 0.06, "jaccard_score": 0.8928557762216355, "accuracy_score": 0.94, "recall_score": 0.94, "precision_score": 0.9400121607782899}, "found_clusters": 4, "expected_clusters": 4, "time": 0.058}, "mean_shift": {"clustering": {"adjusted_mutual_info_score": 0.8567873240141083, "adjusted_rand_score": 0.7136715391229579, "completeness_score": 1.0, "fowlkes_mallows_score": 0.8159506119058424, "homogeneity_score": 0.75, "v_measure_score": 0.8571428571428571}, "classification": {"f1_score": 0.0, "hamming_loss": 1.0, "jaccard_score": 0.0, "accuracy_score": 0.0, "recall_score": 0.0, "precision_score": 0.0}, "found_clusters": 3, "expected_clusters": 4, "time": 1.0132}, "optics": {"clustering": {"adjusted_mutual_info_score": 0.24631112030981947, "adjusted_rand_score": 0.010123382961977102, "completeness_score": 0.2237974474699267, "fowlkes_mallows_score": 0.28782561223017583, "homogeneity_score": 0.3942277861624914, "v_measure_score": 0.28551317151351263}, "classification": {"f1_score": 0.0013495276653171392, "hamming_loss": 0.99, "jaccard_score": 0.0007017543859649123, "accuracy_score": 0.01, "recall_score": 0.0007017543859649123, "precision_score": 0.017543859649122806}, "found_clusters": 57, "expected_clusters": 4, "time": 0.6651}, "spectral_clustering": {"clustering": {"adjusted_mutual_info_score": 0.8651841679408229, "adjusted_rand_score": 0.8528997669215346, "completeness_score": 0.8661760059714874, "fowlkes_mallows_score": 0.8896306012573375, "homogeneity_score": 0.8650725344007548, "v_measure_score": 0.8656239185180968}, "classification": {"f1_score": 0.936888671616732, "hamming_loss": 0.063, "jaccard_score": 0.8879435626548047, "accuracy_score": 0.937, "recall_score": 0.9369999999999999, "precision_score": 0.9383288483539857}, "found_clusters": 4, "expected_clusters": 4, "time": 0.2861}, "gaussian_mixture_model": {"clustering": {"adjusted_mutual_info_score": 0.8638015855292652, "adjusted_rand_score": 0.8527924761115936, "completeness_score": 0.8644565811760164, "fowlkes_mallows_score": 0.8895089316086373, "homogeneity_score": 0.8640348552368462, "v_measure_score": 0.864245666759035}, "classification": {"f1_score": 0.9369573831910372, "hamming_loss": 0.063, "jaccard_score": 0.8880397727272727, "accuracy_score": 0.937, "recall_score": 0.9369999999999999, "precision_score": 0.93750701897932}, "found_clusters": 4, "expected_clusters": 4, "time": 0.013}}, "classification_alg": {"KNeighborsClassifier": {"clustering": {"adjusted_mutual_info_score": 0.8279025698724991, "adjusted_rand_score": 0.7942005669755116, "completeness_score": 0.830543189572072, "fowlkes_mallows_score": 0.8453611010852867, "homogeneity_score": 0.8309936038764915, "v_measure_score": 0.8307683356744613}, "classification": {"f1_score": 0.9201141853315766, "hamming_loss": 0.085, "jaccard_score": 0.862330198537095, "accuracy_score": 0.915, "recall_score": 0.9203905700211119, "precision_score": 0.9199122807017543}, "time": 0.007}, "DecisionTreeClassifier": {"clustering": {"adjusted_mutual_info_score": 0.7712860479615584, "adjusted_rand_score": 0.6954927216051181, "completeness_score": 0.7745684948705085, "fowlkes_mallows_score": 0.7711005470734319, "homogeneity_score": 0.7756179053632382, "v_measure_score": 0.7750928449136597}, "classification": {"f1_score": 0.8642963351701216, "hamming_loss": 0.145, "jaccard_score": 0.7865800865800866, "accuracy_score": 0.855, "recall_score": 0.865499648135116, "precision_score": 0.8646925227113906}, "time": 0.001}, "RandomForestClassifier": {"clustering": {"adjusted_mutual_info_score": 0.8161741605809175, "adjusted_rand_score": 0.7753734687474519, "completeness_score": 0.8195155012014134, "fowlkes_mallows_score": 0.8313160001496888, "homogeneity_score": 0.8189593725803718, "v_measure_score": 0.8192373425107321}, "classification": {"f1_score": 0.9104326372367609, "hamming_loss": 0.095, "jaccard_score": 0.8482505070993915, "accuracy_score": 0.905, "recall_score": 0.9101864883884588, "precision_score": 0.9107521186440678}, "time": 0.2593}, "LinearSVC": {"clustering": {"adjusted_mutual_info_score": 0.8355947365769518, "adjusted_rand_score": 0.803995315056168, "completeness_score": 0.8377640259385036, "fowlkes_mallows_score": 0.8526631508714878, "homogeneity_score": 0.838899055784248, "v_measure_score": 0.8383311566778255}, "classification": {"f1_score": 0.9250700280112045, "hamming_loss": 0.08, "jaccard_score": 0.8697033898305084, "accuracy_score": 0.92, "recall_score": 0.9262843068261787, "precision_score": 0.9250524109014675}, "time": 0.02}, "LogisticRegression": {"clustering": {"adjusted_mutual_info_score": 0.8478373662646379, "adjusted_rand_score": 0.8252230561587951, "completeness_score": 0.8510102749874725, "fowlkes_mallows_score": 0.868805036892609, "homogeneity_score": 0.8497388756284028, "v_measure_score": 0.8503741000890231}, "classification": {"f1_score": 0.9338806497175142, "hamming_loss": 0.07, "jaccard_score": 0.8833333333333333, "accuracy_score": 0.93, "recall_score": 0.9333216045038706, "precision_score": 0.9347517730496454}, "time": 0.033},