{"clustering_alg": {"affinity_propagation": {"clustering": {"adjusted_mutual_info_score": 0.20107046369282827, "adjusted_rand_score": 0.03011879045464097, "completeness_score": 0.15398477131442623, "fowlkes_mallows_score": 0.1272238847853222, "homogeneity_score": 0.4588705292030468, "v_measure_score": 0.23058974424337658}, "classification": {"f1_score": 0.001353899028009378, "hamming_loss": 0.988, "jaccard_score": 0.0006914647322117611, "accuracy_score": 0.012, "recall_score": 0.000713294245917934, "precision_score": 0.01349255583126551}, "found_clusters": 62, "expected_clusters": 4, "time": 3.5562}, "agglomerative": {"clustering": {"adjusted_mutual_info_score": 0.21741350719643684, "adjusted_rand_score": 0.16218663783493628, "completeness_score": 0.2216469489126946, "fowlkes_mallows_score": 0.3845999905761302, "homogeneity_score": 0.21843277503617167, "v_measure_score": 0.22002812442649997}, "classification": {"f1_score": 0.5265682975878654, "hamming_loss": 0.471, "jaccard_score": 0.3602528041416736, "accuracy_score": 0.529, "recall_score": 0.5733006463429411, "precision_score": 0.5501515589846065}, "found_clusters": 4, "expected_clusters": 4, "time": 0.0415}, "birch": {"clustering": {"adjusted_mutual_info_score": 0.23978639660022863, "adjusted_rand_score": 0.18590006152431607, "completeness_score": 0.2768955745255506, "fowlkes_mallows_score": 0.4383098940880063, "homogeneity_score": 0.21441004687551884, "v_measure_score": 0.24167927468178485}, "classification": {"f1_score": 0.3156199665773179, "hamming_loss": 0.637, "jaccard_score": 0.2186829874139451, "accuracy_score": 0.363, "recall_score": 0.42426675265545505, "precision_score": 0.25562053508894805}, "found_clusters": 3, "expected_clusters": 4, "time": 0.03}, "dbscan": {"clustering": {"adjusted_mutual_info_score": 0.0012541424381579823, "adjusted_rand_score": -0.00018163231600237012, "completeness_score": 0.1778221631646008, "fowlkes_mallows_score": 0.5085288938685375, "homogeneity_score": 0.0018816847284472656, "v_measure_score": 0.003723963095163435}, "classification": {"f1_score": 0.08392715756136183, "hamming_loss": 0.735, "jaccard_score": 0.0531062124248497, "accuracy_score": 0.265, "recall_score": 0.2, "precision_score": 0.0531062124248497}, "found_clusters": 2, "expected_clusters": 4, "time": 0.043}, "k_means": {"clustering": {"adjusted_mutual_info_score": 0.28013173849878553, "adjusted_rand_score": 0.24492277435269885, "completeness_score": 0.2807157791050923, "fowlkes_mallows_score": 0.4381099894788926, "homogeneity_score": 0.28431370782314197, "v_measure_score": 0.2825032882291607}, "classification": {"f1_score": 0.6071167080146564, "hamming_loss": 0.397, "jaccard_score": 0.4372242033923253, "accuracy_score": 0.603, "recall_score": 0.6311635645571672, "precision_score": 0.6107449552673003}, "found_clusters": 4, "expected_clusters": 4, "time": 0.086}, "mini_batch_k_means": {"clustering": {"adjusted_mutual_info_score": 0.22528864577962932, "adjusted_rand_score": 0.1707367776169789, "completeness_score": 0.2268043598648861, "fowlkes_mallows_score": 0.38399553095384487, "homogeneity_score": 0.22889632634001755, "v_measure_score": 0.2278455413500455}, "classification": {"f1_score": 0.49458509702623266, "hamming_loss": 0.509, "jaccard_score": 0.33705320065821276, "accuracy_score": 0.491, "recall_score": 0.5383617310814114, "precision_score": 0.492009515421452}, "found_clusters": 4, "expected_clusters": 4, "time": 0.032}, "mean_shift": {"clustering": {"adjusted_mutual_info_score": -2.1237152632390718e-16, "adjusted_rand_score": 0.0, "completeness_score": 1.0, "fowlkes_mallows_score": 0.5096800700182161, "homogeneity_score": 0.0, "v_measure_score": 0.0}, "classification": {"f1_score": 0.10474308300395256, "hamming_loss": 0.735, "jaccard_score": 0.06625, "accuracy_score": 0.265, "recall_score": 0.25, "precision_score": 0.06625}, "found_clusters": 1, "expected_clusters": 4, "time": 10.9745}, "optics": {"clustering": {"adjusted_mutual_info_score": 0.057321559628278514, "adjusted_rand_score": 0.010701160800606874, "completeness_score": 0.14751839424984434, "fowlkes_mallows_score": 0.47511128851955664, "homogeneity_score": 0.05234738380305446, "v_measure_score": 0.07727387927074796}, "classification": {"f1_score": 0.0006150061500615006, "hamming_loss": 0.999, "jaccard_score": 0.00030864197530864197, "accuracy_score": 0.001, "recall_score": 0.00031446540880503143, "precision_score": 0.013888888888888888}, "found_clusters": 12, "expected_clusters": 4, "time": 1.0972}, "spectral_clustering": {"clustering": {"adjusted_mutual_info_score": 0.2833457429273853, "adjusted_rand_score": 0.23226207694992324, "completeness_score": 0.28800555682857737, "fowlkes_mallows_score": 0.43564812743458536, "homogeneity_score": 0.28351307697286954, "v_measure_score": 0.2857416601052489}, "classification": {"f1_score": 0.6102415860381527, "hamming_loss": 0.396, "jaccard_score": 0.4410300053843813, "accuracy_score": 0.604, "recall_score": 0.6273438296781612, "precision_score": 0.6369405334609459}, "found_clusters": 4, "expected_clusters": 4, "time": 3.1843}, "gaussian_mixture_model": {"clustering": {"adjusted_mutual_info_score": 0.307010667051281, "adjusted_rand_score": 0.24812990224347511, "completeness_score": 0.30830116994760315, "fowlkes_mallows_score": 0.4420212824841343, "homogeneity_score": 0.3103074773304753, "v_measure_score": 0.3093010701529036}, "classification": {"f1_score": 0.6060638765945119, "hamming_loss": 0.403, "jaccard_score": 0.4389984779838512, "accuracy_score": 0.597, "recall_score": 0.6328200247996995, "precision_score": 0.6147511907237051}, "found_clusters": 4, "expected_clusters": 4, "time": 0.041}}, "classification_alg": {"KNeighborsClassifier": {"clustering": {"adjusted_mutual_info_score": 0.311654893852442, "adjusted_rand_score": 0.23762151044786567, "completeness_score": 0.32317700206373484, "fowlkes_mallows_score": 0.43710418878805435, "homogeneity_score": 0.3235763874573198, "v_measure_score": 0.3233765714456014}, "classification": {"f1_score": 0.6106475314647611, "hamming_loss": 0.395, "jaccard_score": 0.4413366841769903, "accuracy_score": 0.605, "recall_score": 0.6255166760260139, "precision_score": 0.6340430541832072}, "time": 0.01}, "DecisionTreeClassifier": {"clustering": {"adjusted_mutual_info_score": 0.27018111813130347, "adjusted_rand_score": 0.23217890403848873, "completeness_score": 0.2822600392857896, "fowlkes_mallows_score": 0.43277710285967474, "homogeneity_score": 0.28294111760751334, "v_measure_score": 0.28260016809037863}, "classification": {"f1_score": 0.6070078582228484, "hamming_loss": 0.4, "jaccard_score": 0.44253308951584813, "accuracy_score": 0.6, "recall_score": 0.6097045687453158, "precision_score": 0.6051098024782235}, "time": 0.01}, "RandomForestClassifier": {"clustering": {"adjusted_mutual_info_score": 0.3943175859858785, "adjusted_rand_score": 0.366394761027441, "completeness_score": 0.40210832229921567, "fowlkes_mallows_score": 0.5297889606945302, "homogeneity_score": 0.4070516141860744, "v_measure_score": 0.40456486854876694}, "classification": {"f1_score": 0.7105453972257252, "hamming_loss": 0.295, "jaccard_score": 0.5539606227106227, "accuracy_score": 0.705, "recall_score": 0.7183548452648623, "precision_score": 0.7059924520603835}, "time": 0.3408}, "LinearSVC": {"clustering": {"adjusted_mutual_info_score": 0.3723320683490271, "adjusted_rand_score": 0.3291036551109849, "completeness_score": 0.38328403523612414, "fowlkes_mallows_score": 0.5053578566735544, "homogeneity_score": 0.3827871699767072, "v_measure_score": 0.38303544147577645}, "classification": {"f1_score": 0.6652714325128118, "hamming_loss": 0.33, "jaccard_score": 0.5037690752610259, "accuracy_score": 0.67, "recall_score": 0.6635454882483744, "precision_score": 0.6719503977384788}, "time": 0.012}, "LogisticRegression": {"clustering": {"adjusted_mutual_info_score": 0.3387518341026155, "adjusted_rand_score": 0.29653187119278546, "completeness_score": 0.352181157911643,