{"clustering_alg": {"affinity_propagation": {"clustering": {"adjusted_mutual_info_score": 0.0, "adjusted_rand_score": 0.0, "completeness_score": 1.0, "fowlkes_mallows_score": 0.4998526688316345, "homogeneity_score": 0.0, "v_measure_score": 0.0}, "classification": {"f1_score": 0.0, "hamming_loss": 1.0, "jaccard_score": 0.0, "accuracy_score": 0.0, "recall_score": 0.0, "precision_score": 0.0}, "found_clusters": 1, "expected_clusters": 4, "time": 146.3378}, "agglomerative": {"clustering": {"adjusted_mutual_info_score": 0.7357780360809717, "adjusted_rand_score": 0.7369597282184491, "completeness_score": 0.7403816891534764, "fowlkes_mallows_score": 0.8038783188804779, "homogeneity_score": 0.7315725283020843, "v_measure_score": 0.7359507487656343}, "classification": {"f1_score": 0.8905461313716225, "hamming_loss": 0.1096, "jaccard_score": 0.8082942466332175, "accuracy_score": 0.8904, "recall_score": 0.8903032041008834, "precision_score": 0.9044938420739119}, "found_clusters": 4, "expected_clusters": 4, "time": 0.772}, "birch": {"clustering": {"adjusted_mutual_info_score": 0.5369209342277, "adjusted_rand_score": 0.4531080715767789, "completeness_score": 0.6394981266075036, "fowlkes_mallows_score": 0.6348532814692011, "homogeneity_score": 0.4630480119272037, "v_measure_score": 0.5371536406636359}, "classification": {"f1_score": 0.24480969836175948, "hamming_loss": 0.6614, "jaccard_score": 0.17037428974357177, "accuracy_score": 0.3386, "recall_score": 0.33735772454940394, "precision_score": 0.19306739080347418}, "found_clusters": 3, "expected_clusters": 4, "time": 0.079}, "dbscan": {"clustering": {"adjusted_mutual_info_score": 0.00030008480240072003, "adjusted_rand_score": 7.529365580815042e-07, "completeness_score": 0.15726653947847857, "fowlkes_mallows_score": 0.4996532926764969, "homogeneity_score": 0.000400405916992918, "v_measure_score": 0.0007987781179401448}, "classification": {"f1_score": 0.08038369304556356, "hamming_loss": 0.7486, "jaccard_score": 0.0503001200480192, "accuracy_score": 0.2514, "recall_score": 0.2, "precision_score": 0.0503001200480192}, "found_clusters": 2, "expected_clusters": 4, "time": 0.241}, "k_means": {"clustering": {"adjusted_mutual_info_score": 0.7130614673774858, "adjusted_rand_score": 0.7144901691361178, "completeness_score": 0.7168272607939681, "fowlkes_mallows_score": 0.7868989822202868, "homogeneity_score": 0.7097059748193544, "v_measure_score": 0.7132488429968404}, "classification": {"f1_score": 0.883275220370497, "hamming_loss": 0.118, "jaccard_score": 0.7949205502731599, "accuracy_score": 0.882, "recall_score": 0.8818554077382426, "precision_score": 0.8959810560185933}, "found_clusters": 4, "expected_clusters": 4, "time": 0.073}, "mini_batch_k_means": {"clustering": {"adjusted_mutual_info_score": 0.7110204905331917, "adjusted_rand_score": 0.7111841893173316, "completeness_score": 0.7149955835782111, "fowlkes_mallows_score": 0.784498773229665, "homogeneity_score": 0.7074628193537589, "v_measure_score": 0.7112092562300666}, "classification": {"f1_score": 0.8815355560374186, "hamming_loss": 0.1196, "jaccard_score": 0.7922090174732594, "accuracy_score": 0.8804, "recall_score": 0.8802525420113696, "precision_score": 0.8947865442734162}, "found_clusters": 4, "expected_clusters": 4, "time": 0.038}, "mean_shift": {"clustering": {"adjusted_mutual_info_score": 0.35579443526353355, "adjusted_rand_score": 0.28744050986129543, "completeness_score": 0.5341222156669808, "fowlkes_mallows_score": 0.5568301581062378, "homogeneity_score": 0.26694745035474615, "v_measure_score": 0.3559804339071334}, "classification": {"f1_score": 0.2071385876138018, "hamming_loss": 0.686, "jaccard_score": 0.14501721212681767, "accuracy_score": 0.314, "recall_score": 0.3127729302912511, "precision_score": 0.15485715575625103}, "found_clusters": 2, "expected_clusters": 4, "time": 30.0553}, "optics": {"clustering": {"adjusted_mutual_info_score": 0.21994124966619996, "adjusted_rand_score": 0.0033936895595953714, "completeness_score": 0.17887623638660127, "fowlkes_mallows_score": 0.2632053671310525, "homogeneity_score": 0.4355762779890464, "v_measure_score": 0.25360542415595516}, "classification": {"f1_score": 7.618363521098785e-05, "hamming_loss": 0.9972, "jaccard_score": 3.851878753862196e-05, "accuracy_score": 0.0028, "recall_score": 3.851878753862196e-05, "precision_score": 0.003436426116838488}, "found_clusters": 291, "expected_clusters": 4, "time": 4.5453}, "spectral_clustering": {"clustering": {"adjusted_mutual_info_score": 0.6843580012809093, "adjusted_rand_score": 0.6505219661106428, "completeness_score": 0.6947658787706578, "fowlkes_mallows_score": 0.7419101976196173, "homogeneity_score": 0.6746615062372224, "v_measure_score": 0.6845661177586896}, "classification": {"f1_score": 0.8526248442878204, "hamming_loss": 0.148, "jaccard_score": 0.7497622955551713, "accuracy_score": 0.852, "recall_score": 0.8518259821477269, "precision_score": 0.8853623049759851}, "found_clusters": 4, "expected_clusters": 4, "time": 3.24}, "gaussian_mixture_model": {"clustering": {"adjusted_mutual_info_score": 0.8294543883809661, "adjusted_rand_score": 0.8663101629567111, "completeness_score": 0.8299214473301779, "fowlkes_mallows_score": 0.8997532956088115, "homogeneity_score": 0.8292093572143584, "v_measure_score": 0.8295652494596233}, "classification": {"f1_score": 0.9470719201484942, "hamming_loss": 0.0528, "jaccard_score": 0.9006370667549459, "accuracy_score": 0.9472, "recall_score": 0.9471836417419686, "precision_score": 0.9480761260627366}, "found_clusters": 4, "expected_clusters": 4, "time": 0.035}}, "classification_alg": {"KNeighborsClassifier": {"clustering": {"adjusted_mutual_info_score": 0.7972144222670219, "adjusted_rand_score": 0.8356096907896754, "completeness_score": 0.797728495009832, "fowlkes_mallows_score": 0.8766346363220018, "homogeneity_score": 0.7980230660342864, "v_measure_score": 0.7978757533335887}, "classification": {"f1_score": 0.9355675905774843, "hamming_loss": 0.065, "jaccard_score": 0.8805341060145935, "accuracy_score": 0.935, "recall_score": 0.9362684449096268, "precision_score": 0.9351406442284026}, "time": 0.029}, "DecisionTreeClassifier": {"clustering": {"adjusted_mutual_info_score": 0.7438538558834774, "adjusted_rand_score": 0.7823099399307124, "completeness_score": 0.7448471718829068, "fowlkes_mallows_score": 0.8366964136887711, "homogeneity_score": 0.7445319900253736, "v_measure_score": 0.7446895476048071}, "classification": {"f1_score": 0.9125816323289853, "hamming_loss": 0.088, "jaccard_score": 0.8415619671339095, "accuracy_score": 0.912, "recall_score": 0.9135598504411759, "precision_score": 0.9129911545974124}, "time": 0.007}, "RandomForestClassifier": {"clustering": {"adjusted_mutual_info_score": 0.7929562082644607, "adjusted_rand_score": 0.8307490117475139, "completeness_score": 0.7935733104349652, "fowlkes_mallows_score": 0.87300010438713, "homogeneity_score": 0.7936897048522525, "v_measure_score": 0.7936315033759921}, "classification": {"f1_score": 0.9336626759318152, "hamming_loss": 0.067, "jaccard_score": 0.8772573910653387, "accuracy_score": 0.933, "recall_score": 0.9342067073846693, "precision_score": 0.9335307469666267}, "time": 0.3191}, "LinearSVC": {"clustering": {"adjusted_mutual_info_score": 0.6931669314749467, "adjusted_rand_score": 0.7117639038594817, "completeness_score": 0.6943075863679375, "fowlkes_mallows_score": 0.7837725381846571, "homogeneity_score": 0.6940284328409276, "v_measure_score": 0.694167981539652}, "classification": {"f1_score": 0.8822880650600242, "hamming_loss": 0.12, "jaccard_score": 0.7933391129893897, "accuracy_score": 0.88, "recall_score": 0.8820396538725713, "precision_score": 0.8833135976850043}, "time": 0.042}, "LogisticRegression": {"clustering": {"adjusted_mutual_info_score": 0.7161164649752972, "adjusted_rand_score": 0.7432634237830227, "completeness_score": 0.716891630715176, "fowlkes_mallows_score": 0.8073297195329132, "homogeneity_score": 0.717192934845805,