{"clustering_alg": {"affinity_propagation": {"clustering": {"adjusted_mutual_info_score": 0.2028846483917118, "adjusted_rand_score": 0.046344655303030696, "completeness_score": 0.153914589464348, "fowlkes_mallows_score": 0.1623140313331443, "homogeneity_score": 0.38376509453908264, "v_measure_score": 0.21971091240394616}, "classification": {"f1_score": 0.0046458379567378945, "hamming_loss": 0.978, "jaccard_score": 0.0024183527278796675, "accuracy_score": 0.022, "recall_score": 0.0026503760519105786, "precision_score": 0.02090849388907368}, "found_clusters": 33, "expected_clusters": 4, "time": 4.2362}, "agglomerative": {"clustering": {"adjusted_mutual_info_score": 0.21261086845515725, "adjusted_rand_score": 0.17292387972363704, "completeness_score": 0.21435632344908845, "fowlkes_mallows_score": 0.3852508252852414, "homogeneity_score": 0.21606217828851523, "v_measure_score": 0.21520587050675719}, "classification": {"f1_score": 0.5298031911803722, "hamming_loss": 0.472, "jaccard_score": 0.36457243738724987, "accuracy_score": 0.528, "recall_score": 0.5487500596005386, "precision_score": 0.527500679484819}, "found_clusters": 4, "expected_clusters": 4, "time": 0.033}, "birch": {"clustering": {"adjusted_mutual_info_score": 0.1781070218153545, "adjusted_rand_score": 0.13623986848253336, "completeness_score": 0.26717292258881736, "fowlkes_mallows_score": 0.4557220818503366, "homogeneity_score": 0.13493438980902137, "v_measure_score": 0.179309423984545}, "classification": {"f1_score": 0.2453025740450458, "hamming_loss": 0.626, "jaccard_score": 0.16260582190230433, "accuracy_score": 0.374, "recall_score": 0.3752511874314943, "precision_score": 0.18804347826086956}, "found_clusters": 2, "expected_clusters": 4, "time": 0.026}, "dbscan": {"clustering": {"adjusted_mutual_info_score": 8.972135447619087e-17, "adjusted_rand_score": 0.0, "completeness_score": 1.0, "fowlkes_mallows_score": 0.5094011086457209, "homogeneity_score": 0.0, "v_measure_score": 0.0}, "classification": {"f1_score": 0.12178517397881997, "hamming_loss": 0.678, "jaccard_score": 0.0805, "accuracy_score": 0.322, "recall_score": 0.25, "precision_score": 0.0805}, "found_clusters": 1, "expected_clusters": 4, "time": 0.2221}, "k_means": {"clustering": {"adjusted_mutual_info_score": 0.23576560493073306, "adjusted_rand_score": 0.1996648310043084, "completeness_score": 0.23709435001995374, "fowlkes_mallows_score": 0.4044828382352782, "homogeneity_score": 0.23948080400894245, "v_measure_score": 0.23828160192049552}, "classification": {"f1_score": 0.5558978225327444, "hamming_loss": 0.448, "jaccard_score": 0.39036852231123187, "accuracy_score": 0.552, "recall_score": 0.5723737817894592, "precision_score": 0.5492151221808586}, "found_clusters": 4, "expected_clusters": 4, "time": 0.051}, "mini_batch_k_means": {"clustering": {"adjusted_mutual_info_score": 0.2206356875313543, "adjusted_rand_score": 0.18742650588823434, "completeness_score": 0.2221280833164369, "fowlkes_mallows_score": 0.3955785995819056, "homogeneity_score": 0.2242862027101535, "v_measure_score": 0.22320192646953382}, "classification": {"f1_score": 0.5439284674265746, "hamming_loss": 0.458, "jaccard_score": 0.3788879663392427, "accuracy_score": 0.542, "recall_score": 0.5671863676334608, "precision_score": 0.5403670409877227}, "found_clusters": 4, "expected_clusters": 4, "time": 0.0281}, "mean_shift": {"clustering": {"adjusted_mutual_info_score": 8.972135447619087e-17, "adjusted_rand_score": 0.0, "completeness_score": 1.0, "fowlkes_mallows_score": 0.5094011086457209, "homogeneity_score": 0.0, "v_measure_score": 0.0}, "classification": {"f1_score": 0.12178517397881997, "hamming_loss": 0.678, "jaccard_score": 0.0805, "accuracy_score": 0.322, "recall_score": 0.25, "precision_score": 0.0805}, "found_clusters": 1, "expected_clusters": 4, "time": 9.5177}, "optics": {"clustering": {"adjusted_mutual_info_score": 0.11117814635625403, "adjusted_rand_score": 0.01036597884139189, "completeness_score": 0.11816104462074917, "fowlkes_mallows_score": 0.26590852236369406, "homogeneity_score": 0.23283413023185137, "v_measure_score": 0.15676525503869201}, "classification": {"f1_score": 0.0015123509409724822, "hamming_loss": 0.989, "jaccard_score": 0.0007728324079825748, "accuracy_score": 0.011, "recall_score": 0.0007841822896981885, "precision_score": 0.021388888888888888}, "found_clusters": 60, "expected_clusters": 4, "time": 0.6311}, "spectral_clustering": {"clustering": {"adjusted_mutual_info_score": 0.2025311138356806, "adjusted_rand_score": 0.15286362869291936, "completeness_score": 0.21705419749480753, "fowlkes_mallows_score": 0.39859201841917946, "homogeneity_score": 0.19478864985991462, "v_measure_score": 0.2053195501536785}, "classification": {"f1_score": 0.5055117762354604, "hamming_loss": 0.486, "jaccard_score": 0.3421829019869254, "accuracy_score": 0.514, "recall_score": 0.49962324070046327, "precision_score": 0.5904999933314627}, "found_clusters": 4, "expected_clusters": 4, "time": 0.1881}, "gaussian_mixture_model": {"clustering": {"adjusted_mutual_info_score": 0.23745450756230574, "adjusted_rand_score": 0.19962502964748013, "completeness_score": 0.23904320785963598, "fowlkes_mallows_score": 0.40502861092423814, "homogeneity_score": 0.24089979740471307, "v_measure_score": 0.23996791165918285}, "classification": {"f1_score": 0.5537881012007603, "hamming_loss": 0.45, "jaccard_score": 0.38906916790865054, "accuracy_score": 0.55, "recall_score": 0.5672212715266309, "precision_score": 0.547738212741613}, "found_clusters": 4, "expected_clusters": 4, "time": 0.03}}, "classification_alg": {"KNeighborsClassifier": {"clustering": {"adjusted_mutual_info_score": 0.23328832498826918, "adjusted_rand_score": 0.19599694313032107, "completeness_score": 0.24728079248242937, "fowlkes_mallows_score": 0.4051986022277917, "homogeneity_score": 0.24534868403636445, "v_measure_score": 0.24631094936406553}, "classification": {"f1_score": 0.5955197209621595, "hamming_loss": 0.425, "jaccard_score": 0.43068804136863437, "accuracy_score": 0.575, "recall_score": 0.5908032401074659, "precision_score": 0.6021969153515065}, "time": 0.007}, "DecisionTreeClassifier": {"clustering": {"adjusted_mutual_info_score": 0.1852494512157558, "adjusted_rand_score": 0.1568648829123079, "completeness_score": 0.1998128028292967, "fowlkes_mallows_score": 0.37573891654392383, "homogeneity_score": 0.19836757224181276, "v_measure_score": 0.19908756473998046}, "classification": {"f1_score": 0.5503362447754796, "hamming_loss": 0.46, "jaccard_score": 0.3869847193479732, "accuracy_score": 0.54, "recall_score": 0.551092983859088, "precision_score": 0.5523313492063492}, "time": 0.001}, "RandomForestClassifier": {"clustering": {"adjusted_mutual_info_score": 0.22386653145237842, "adjusted_rand_score": 0.2013333381077045, "completeness_score": 0.23587581691733273, "fowlkes_mallows_score": 0.4045316658752968, "homogeneity_score": 0.23797470936642343, "v_measure_score": 0.23692061468285094}, "classification": {"f1_score": 0.5779215506002834, "hamming_loss": 0.435, "jaccard_score": 0.4160441108810674, "accuracy_score": 0.565, "recall_score": 0.5857820029882784, "precision_score": 0.5717162614975904}, "time": 0.1818}, "LinearSVC": {"clustering": {"adjusted_mutual_info_score": 0.281298315753393, "adjusted_rand_score": 0.2460436389630819, "completeness_score": 0.2978028166638346, "fowlkes_mallows_score": 0.44698583428297556, "homogeneity_score": 0.289627851140424, "v_measure_score": 0.29365845054127343}, "classification": {"f1_score": 0.5721060033080494, "hamming_loss": 0.43, "jaccard_score": 0.4162741102482637, "accuracy_score": 0.57, "recall_score": 0.5743788449532468, "precision_score": 0.5809184184184184}, "time": 0.005}, "LogisticRegression": {"clustering": {"adjusted_mutual_info_score": 0.29695112435917964, "adjusted_rand_score": 0.22817880199391075, "completeness_score": 0.3145638498406422, "fowlkes_mallows_score": 0.43526926876346916, "homogeneity_score": 0.3038133519956501,