{"clustering_alg": {"affinity_propagation": {"clustering": {"adjusted_mutual_info_score": 0.17490224852868003, "adjusted_rand_score": 0.03735362902985031, "completeness_score": 0.13432161915705645, "fowlkes_mallows_score": 0.14867441936211942, "homogeneity_score": 0.3414797322826925, "v_measure_score": 0.1928036160920309}, "classification": {"f1_score": 0.008195377450433602, "hamming_loss": 0.961, "jaccard_score": 0.004482200217215286, "accuracy_score": 0.039, "recall_score": 0.004714491929271079, "precision_score": 0.03187890540831718}, "found_clusters": 34, "expected_clusters": 4, "time": 7.861}, "agglomerative": {"clustering": {"adjusted_mutual_info_score": 0.2166193970719402, "adjusted_rand_score": 0.15969681479336675, "completeness_score": 0.22125537563373743, "fowlkes_mallows_score": 0.3861410306306848, "homogeneity_score": 0.21728844257604946, "v_measure_score": 0.21925396727419064}, "classification": {"f1_score": 0.46581203112519975, "hamming_loss": 0.533, "jaccard_score": 0.3093843917906284, "accuracy_score": 0.467, "recall_score": 0.5143445646891227, "precision_score": 0.4837426383329017}, "found_clusters": 4, "expected_clusters": 4, "time": 0.038}, "birch": {"clustering": {"adjusted_mutual_info_score": 0.2211292987716634, "adjusted_rand_score": 0.1769825698244104, "completeness_score": 0.32964044159977146, "fowlkes_mallows_score": 0.48581874218396937, "homogeneity_score": 0.16766402516021672, "v_measure_score": 0.22227366528313602}, "classification": {"f1_score": 0.261096722989202, "hamming_loss": 0.637, "jaccard_score": 0.17668847191140186, "accuracy_score": 0.363, "recall_score": 0.46731829372725325, "precision_score": 0.18121670770369658}, "found_clusters": 2, "expected_clusters": 4, "time": 0.023}, "dbscan": {"clustering": {"adjusted_mutual_info_score": -6.58395964328084e-16, "adjusted_rand_score": 0.0, "completeness_score": 1.0, "fowlkes_mallows_score": 0.513526737093318, "homogeneity_score": 0.0, "v_measure_score": 0.0}, "classification": {"f1_score": 0.08881578947368421, "hamming_loss": 0.784, "jaccard_score": 0.054, "accuracy_score": 0.216, "recall_score": 0.25, "precision_score": 0.054}, "found_clusters": 1, "expected_clusters": 4, "time": 0.023}, "k_means": {"clustering": {"adjusted_mutual_info_score": 0.21225572738728735, "adjusted_rand_score": 0.15616919105193655, "completeness_score": 0.21355898099361395, "fowlkes_mallows_score": 0.3753475595131658, "homogeneity_score": 0.21618471796447955, "v_measure_score": 0.2148638278435267}, "classification": {"f1_score": 0.45869464572221524, "hamming_loss": 0.546, "jaccard_score": 0.30484104020288233, "accuracy_score": 0.454, "recall_score": 0.49946814014707375, "precision_score": 0.45474388519233333}, "found_clusters": 4, "expected_clusters": 4, "time": 0.079}, "mini_batch_k_means": {"clustering": {"adjusted_mutual_info_score": 0.21273708360592605, "adjusted_rand_score": 0.15570698194698404, "completeness_score": 0.21364420217428107, "fowlkes_mallows_score": 0.3738135544137381, "homogeneity_score": 0.21706031373546772, "v_measure_score": 0.21533871059494733}, "classification": {"f1_score": 0.4502251472799249, "hamming_loss": 0.561, "jaccard_score": 0.29793144242038505, "accuracy_score": 0.439, "recall_score": 0.47614336769321036, "precision_score": 0.43777802806110744}, "found_clusters": 4, "expected_clusters": 4, "time": 0.0426}, "mean_shift": {"clustering": {"adjusted_mutual_info_score": -6.58395964328084e-16, "adjusted_rand_score": 0.0, "completeness_score": 1.0, "fowlkes_mallows_score": 0.513526737093318, "homogeneity_score": 0.0, "v_measure_score": 0.0}, "classification": {"f1_score": 0.08881578947368421, "hamming_loss": 0.784, "jaccard_score": 0.054, "accuracy_score": 0.216, "recall_score": 0.25, "precision_score": 0.054}, "found_clusters": 1, "expected_clusters": 4, "time": 11.0811}, "optics": {"clustering": {"adjusted_mutual_info_score": 0.10456028694088525, "adjusted_rand_score": 0.008214532163013537, "completeness_score": 0.11244141934180046, "fowlkes_mallows_score": 0.25536639478119755, "homogeneity_score": 0.23250208121045624, "v_measure_score": 0.1515776581925525}, "classification": {"f1_score": 0.0010583646073716543, "hamming_loss": 0.991, "jaccard_score": 0.0005368540457707508, "accuracy_score": 0.009, "recall_score": 0.0005428325317609619, "precision_score": 0.022826908541194253}, "found_clusters": 63, "expected_clusters": 4, "time": 0.8387}, "spectral_clustering": {"clustering": {"adjusted_mutual_info_score": 0.16247400057200703, "adjusted_rand_score": 0.09937549695650827, "completeness_score": 0.16881024118569807, "fowlkes_mallows_score": 0.3470480238684923, "homogeneity_score": 0.16198060764139807, "v_measure_score": 0.16532492080905778}, "classification": {"f1_score": 0.40428811392893554, "hamming_loss": 0.596, "jaccard_score": 0.25990479803004674, "accuracy_score": 0.404, "recall_score": 0.41413958780545396, "precision_score": 0.421717319410032}, "found_clusters": 4, "expected_clusters": 4, "time": 0.2425}, "gaussian_mixture_model": {"clustering": {"adjusted_mutual_info_score": 0.22035822573270886, "adjusted_rand_score": 0.16513038257262197, "completeness_score": 0.22211021610067402, "fowlkes_mallows_score": 0.3834447952402367, "homogeneity_score": 0.2237875812421826, "v_measure_score": 0.2229457437401473}, "classification": {"f1_score": 0.4620790386276117, "hamming_loss": 0.539, "jaccard_score": 0.3083473146021152, "accuracy_score": 0.461, "recall_score": 0.5111067870367081, "precision_score": 0.45852879667767166}, "found_clusters": 4, "expected_clusters": 4, "time": 0.017}}, "classification_alg": {"KNeighborsClassifier": {"clustering": {"adjusted_mutual_info_score": 0.2078369569321306, "adjusted_rand_score": 0.17000278216359224, "completeness_score": 0.21943108168149508, "fowlkes_mallows_score": 0.379933754323914, "homogeneity_score": 0.22285950057827705, "v_measure_score": 0.22113200342198175}, "classification": {"f1_score": 0.5144926365194907, "hamming_loss": 0.485, "jaccard_score": 0.34660482845837304, "accuracy_score": 0.515, "recall_score": 0.5275054466230937, "precision_score": 0.5146613190730838}, "time": 0.008}, "DecisionTreeClassifier": {"clustering": {"adjusted_mutual_info_score": 0.1576319823557624, "adjusted_rand_score": 0.1387604247672324, "completeness_score": 0.17199799201594612, "fowlkes_mallows_score": 0.3615356278402275, "homogeneity_score": 0.17181803183153518, "v_measure_score": 0.17190796482636045}, "classification": {"f1_score": 0.49486695998323904, "hamming_loss": 0.5, "jaccard_score": 0.32914166788611937, "accuracy_score": 0.5, "recall_score": 0.49681712962962965, "precision_score": 0.49798414304993255}, "time": 0.003}, "RandomForestClassifier": {"clustering": {"adjusted_mutual_info_score": 0.19692522475004842, "adjusted_rand_score": 0.15932817652344788, "completeness_score": 0.21226507934298844, "fowlkes_mallows_score": 0.38107774763685254, "homogeneity_score": 0.20905759017780629, "v_measure_score": 0.21064912560635818}, "classification": {"f1_score": 0.5056829556525657, "hamming_loss": 0.49, "jaccard_score": 0.3390976293720267, "accuracy_score": 0.51, "recall_score": 0.5130633850762527, "precision_score": 0.5149447278911565}, "time": 0.2625}, "LinearSVC": {"clustering": {"adjusted_mutual_info_score": 0.23269274027279008, "adjusted_rand_score": 0.17515058805726896, "completeness_score": 0.2530584605893055, "fowlkes_mallows_score": 0.40343706966127524, "homogeneity_score": 0.2395525484913016, "v_measure_score": 0.24612035879829156}, "classification": {"f1_score": 0.5060375831281755, "hamming_loss": 0.48, "jaccard_score": 0.34079909269533054, "accuracy_score": 0.52, "recall_score": 0.5009191176470589, "precision_score": 0.5275348835207465}, "time": 0.005}, "LogisticRegression": {"clustering": {"adjusted_mutual_info_score": 0.2613027270296824, "adjusted_rand_score": 0.1867215808727816, "completeness_score": 0.2876252186201535, "fowlkes_mallows_score": 0.41930843282900515, "homogeneity_score": 0.2625872483100533,