{"clustering_alg": {"affinity_propagation": {"clustering": {"adjusted_mutual_info_score": 0.0, "adjusted_rand_score": 0.0, "completeness_score": 1.0, "fowlkes_mallows_score": 0.49924868477468143, "homogeneity_score": 0.0, "v_measure_score": 0.0}, "classification": {"f1_score": 0.0, "hamming_loss": 1.0, "jaccard_score": 0.0, "accuracy_score": 0.0, "recall_score": 0.0, "precision_score": 0.0}, "found_clusters": 1, "expected_clusters": 4, "time": 8.8672}, "agglomerative": {"clustering": {"adjusted_mutual_info_score": 0.7176333610553106, "adjusted_rand_score": 0.6568505221823651, "completeness_score": 0.718778924494392, "fowlkes_mallows_score": 0.7424557174253683, "homogeneity_score": 0.7183294067727168, "v_measure_score": 0.7185540953305098}, "classification": {"f1_score": 0.810734573293067, "hamming_loss": 0.191, "jaccard_score": 0.7183146937183448, "accuracy_score": 0.809, "recall_score": 0.8089999999999999, "precision_score": 0.8130769697600222}, "found_clusters": 4, "expected_clusters": 4, "time": 0.048}, "birch": {"clustering": {"adjusted_mutual_info_score": 0.7278917343498815, "adjusted_rand_score": 0.6390916552822189, "completeness_score": 0.835856102755003, "fowlkes_mallows_score": 0.7553967920113819, "homogeneity_score": 0.6456743378909793, "v_measure_score": 0.7285585512278141}, "classification": {"f1_score": 0.014285714285714287, "hamming_loss": 0.984, "jaccard_score": 0.007352941176470588, "accuracy_score": 0.016, "recall_score": 0.016, "precision_score": 0.012903225806451613}, "found_clusters": 3, "expected_clusters": 4, "time": 0.048}, "dbscan": {"clustering": {"adjusted_mutual_info_score": 0.7374985943315893, "adjusted_rand_score": 0.64198068279742, "completeness_score": 0.8036121383739245, "fowlkes_mallows_score": 0.7558967959798614, "homogeneity_score": 0.6830246096933493, "v_measure_score": 0.7384276863480967}, "classification": {"f1_score": 0.653119742557868, "hamming_loss": 0.292, "jaccard_score": 0.5851583461341525, "accuracy_score": 0.708, "recall_score": 0.708, "precision_score": 0.6560669131040394}, "found_clusters": 4, "expected_clusters": 4, "time": 0.006}, "k_means": {"clustering": {"adjusted_mutual_info_score": 0.7437553857225072, "adjusted_rand_score": 0.6818539686084175, "completeness_score": 0.7469964567319095, "fowlkes_mallows_score": 0.7618875522707484, "homogeneity_score": 0.7422058143430621, "v_measure_score": 0.7445934299843372}, "classification": {"f1_score": 0.8190853882959146, "hamming_loss": 0.18, "jaccard_score": 0.7314088651404937, "accuracy_score": 0.82, "recall_score": 0.8200000000000001, "precision_score": 0.8239511379914054}, "found_clusters": 4, "expected_clusters": 4, "time": 0.039}, "mini_batch_k_means": {"clustering": {"adjusted_mutual_info_score": 0.7343165690398035, "adjusted_rand_score": 0.6729644319776669, "completeness_score": 0.7352603305465797, "fowlkes_mallows_score": 0.7545017246807496, "homogeneity_score": 0.7351051242685231, "v_measure_score": 0.7351827192160544}, "classification": {"f1_score": 0.806804947764397, "hamming_loss": 0.193, "jaccard_score": 0.7180617743578512, "accuracy_score": 0.807, "recall_score": 0.8069999999999999, "precision_score": 0.8067930599964963}, "found_clusters": 4, "expected_clusters": 4, "time": 0.032}, "mean_shift": {"clustering": {"adjusted_mutual_info_score": 0.5765052673248838, "adjusted_rand_score": 0.33266533066132264, "completeness_score": 0.9999999999999988, "fowlkes_mallows_score": 0.6316949117560324, "homogeneity_score": 0.40563906222956586, "v_measure_score": 0.5771596324111227}, "classification": {"f1_score": 0.125, "hamming_loss": 0.75, "jaccard_score": 0.08333333333333333, "accuracy_score": 0.25, "recall_score": 0.25, "precision_score": 0.08333333333333333}, "found_clusters": 2, "expected_clusters": 4, "time": 2.3625}, "optics": {"clustering": {"adjusted_mutual_info_score": 0.2114227033517187, "adjusted_rand_score": 0.009715362659993284, "completeness_score": 0.19976282128254072, "fowlkes_mallows_score": 0.29197085116567006, "homogeneity_score": 0.3452939999149649, "v_measure_score": 0.25309986376613913}, "classification": {"f1_score": 0.0012099213551119176, "hamming_loss": 0.991, "jaccard_score": 0.0006167950656394749, "accuracy_score": 0.009, "recall_score": 0.0006315789473684212, "precision_score": 0.014354066985645932}, "found_clusters": 57, "expected_clusters": 4, "time": 0.721}, "spectral_clustering": {"clustering": {"adjusted_mutual_info_score": 0.727700293396398, "adjusted_rand_score": 0.6559030502873884, "completeness_score": 0.7366371516091451, "fowlkes_mallows_score": 0.7445525471613293, "homogeneity_score": 0.7207321369906419, "v_measure_score": 0.7285978545301371}, "classification": {"f1_score": 0.7953010161484275, "hamming_loss": 0.201, "jaccard_score": 0.7024774875662857, "accuracy_score": 0.799, "recall_score": 0.799, "precision_score": 0.8102890173410404}, "found_clusters": 4, "expected_clusters": 4, "time": 0.4634}, "gaussian_mixture_model": {"clustering": {"adjusted_mutual_info_score": 0.7423668903035001, "adjusted_rand_score": 0.6821105878501114, "completeness_score": 0.7446968178621065, "fowlkes_mallows_score": 0.7617899115020568, "homogeneity_score": 0.7417259743045925, "v_measure_score": 0.7432084272404705}, "classification": {"f1_score": 0.8134896287435385, "hamming_loss": 0.185, "jaccard_score": 0.7259813034855155, "accuracy_score": 0.815, "recall_score": 0.815, "precision_score": 0.8155412459657743}, "found_clusters": 4, "expected_clusters": 4, "time": 0.011}}, "classification_alg": {"KNeighborsClassifier": {"clustering": {"adjusted_mutual_info_score": 0.6633850503091793, "adjusted_rand_score": 0.5369987541216862, "completeness_score": 0.6715536931603068, "fowlkes_mallows_score": 0.6556611667049694, "homogeneity_score": 0.6665822593807738, "v_measure_score": 0.6690587413517051}, "classification": {"f1_score": 0.7714390564239911, "hamming_loss": 0.26, "jaccard_score": 0.6788600288600288, "accuracy_score": 0.74, "recall_score": 0.7707526080476901, "precision_score": 0.7745302494101787}, "time": 0.007}, "DecisionTreeClassifier": {"clustering": {"adjusted_mutual_info_score": 0.6630709374790482, "adjusted_rand_score": 0.52240306042218, "completeness_score": 0.6709109816552068, "fowlkes_mallows_score": 0.6445560840626658, "homogeneity_score": 0.6665972029063657, "v_measure_score": 0.6687471358048153}, "classification": {"f1_score": 0.7525301504947773, "hamming_loss": 0.285, "jaccard_score": 0.660822409298019, "accuracy_score": 0.715, "recall_score": 0.7482302533532041, "precision_score": 0.758252009184845}, "time": 0.002}, "RandomForestClassifier": {"clustering": {"adjusted_mutual_info_score": 0.6590545468127064, "adjusted_rand_score": 0.5284505566363734, "completeness_score": 0.6664687932971219, "fowlkes_mallows_score": 0.6488380188086768, "homogeneity_score": 0.6631267369444339, "v_measure_score": 0.6647935648431708}, "classification": {"f1_score": 0.7549581793924467, "hamming_loss": 0.28, "jaccard_score": 0.663106684981685, "accuracy_score": 0.72, "recall_score": 0.7539120715350224, "precision_score": 0.7572457480041652}, "time": 0.269}, "LinearSVC": {"clustering": {"adjusted_mutual_info_score": 0.6194838918963388, "adjusted_rand_score": 0.5266403379322103, "completeness_score": 0.6393999668649533, "fowlkes_mallows_score": 0.6539863491912632, "homogeneity_score": 0.6132062985312826, "v_measure_score": 0.6260292604208796}, "classification": {"f1_score": 0.7394635981333286, "hamming_loss": 0.265, "jaccard_score": 0.6392103492200831, "accuracy_score": 0.735, "recall_score": 0.7637667660208645, "precision_score": 0.7475860657136033}, "time": 0.0395}, "LogisticRegression": {"clustering": {"adjusted_mutual_info_score": 0.6836063343126384, "adjusted_rand_score": 0.5788295405685903, "completeness_score": 0.6895300773784308, "fowlkes_mallows_score": 0.6857956996700172, "homogeneity_score": 0.6883158844184467, "v_measure_score": 0.6889224459095558}, "classification": {"f1_score": 0.8253168658346175, "hamming_loss": 0.2,