{"clustering_alg": {"affinity_propagation": {"clustering": {"adjusted_mutual_info_score": 0.186550886500948, "adjusted_rand_score": 0.04016170577158352, "completeness_score": 0.14249532291404224, "fowlkes_mallows_score": 0.15156435030538237, "homogeneity_score": 0.35926640376158775, "v_measure_score": 0.20405614655128518}, "classification": {"f1_score": 0.005874305866146102, "hamming_loss": 0.968, "jaccard_score": 0.0031062661674144325, "accuracy_score": 0.032, "recall_score": 0.0031906920248843122, "precision_score": 0.038764189886480914}, "found_clusters": 34, "expected_clusters": 4, "time": 5.4284}, "agglomerative": {"clustering": {"adjusted_mutual_info_score": 0.1837492857005724, "adjusted_rand_score": 0.1584629445587391, "completeness_score": 0.18898518336235087, "fowlkes_mallows_score": 0.3834734800124334, "homogeneity_score": 0.18403916489181618, "v_measure_score": 0.18647938391000338}, "classification": {"f1_score": 0.4387398386335172, "hamming_loss": 0.54, "jaccard_score": 0.2904556795067379, "accuracy_score": 0.46, "recall_score": 0.4661543416528311, "precision_score": 0.4419189341137948}, "found_clusters": 4, "expected_clusters": 4, "time": 0.02}, "birch": {"clustering": {"adjusted_mutual_info_score": -8.675322234613427e-16, "adjusted_rand_score": 0.0, "completeness_score": 1.0, "fowlkes_mallows_score": 0.5079488281431624, "homogeneity_score": 0.0, "v_measure_score": 0.0}, "classification": {"f1_score": 0.12434259954921113, "hamming_loss": 0.669, "jaccard_score": 0.08275, "accuracy_score": 0.331, "recall_score": 0.25, "precision_score": 0.08275}, "found_clusters": 1, "expected_clusters": 4, "time": 0.019}, "dbscan": {"clustering": {"adjusted_mutual_info_score": -8.675322234613427e-16, "adjusted_rand_score": 0.0, "completeness_score": 1.0, "fowlkes_mallows_score": 0.5079488281431624, "homogeneity_score": 0.0, "v_measure_score": 0.0}, "classification": {"f1_score": 0.12434259954921113, "hamming_loss": 0.669, "jaccard_score": 0.08275, "accuracy_score": 0.331, "recall_score": 0.25, "precision_score": 0.08275}, "found_clusters": 1, "expected_clusters": 4, "time": 0.02}, "k_means": {"clustering": {"adjusted_mutual_info_score": 0.19817325153349966, "adjusted_rand_score": 0.16264609303164496, "completeness_score": 0.20039192497325728, "fowlkes_mallows_score": 0.37731439977049414, "homogeneity_score": 0.20123672465458864, "v_measure_score": 0.2008134363233954}, "classification": {"f1_score": 0.5281270188749521, "hamming_loss": 0.474, "jaccard_score": 0.36161322086355036, "accuracy_score": 0.526, "recall_score": 0.5363634631610462, "precision_score": 0.5420381160419844}, "found_clusters": 4, "expected_clusters": 4, "time": 0.052}, "mini_batch_k_means": {"clustering": {"adjusted_mutual_info_score": 0.23675094804351163, "adjusted_rand_score": 0.18717691423605062, "completeness_score": 0.2404068542159715, "fowlkes_mallows_score": 0.39946672249242776, "homogeneity_score": 0.23816689518703746, "v_measure_score": 0.23928163265003638}, "classification": {"f1_score": 0.554192523135363, "hamming_loss": 0.45, "jaccard_score": 0.38498992502833607, "accuracy_score": 0.55, "recall_score": 0.5588698819665587, "precision_score": 0.5811552029149818}, "found_clusters": 4, "expected_clusters": 4, "time": 0.024}, "mean_shift": {"clustering": {"adjusted_mutual_info_score": -8.675322234613427e-16, "adjusted_rand_score": 0.0, "completeness_score": 1.0, "fowlkes_mallows_score": 0.5079488281431624, "homogeneity_score": 0.0, "v_measure_score": 0.0}, "classification": {"f1_score": 0.12434259954921113, "hamming_loss": 0.669, "jaccard_score": 0.08275, "accuracy_score": 0.331, "recall_score": 0.25, "precision_score": 0.08275}, "found_clusters": 1, "expected_clusters": 4, "time": 5.7585}, "optics": {"clustering": {"adjusted_mutual_info_score": 0.09073080538848487, "adjusted_rand_score": -0.0030064830238811873, "completeness_score": 0.10406781364203252, "fowlkes_mallows_score": 0.25473593518717996, "homogeneity_score": 0.20528172801886335, "v_measure_score": 0.13811703421884816}, "classification": {"f1_score": 0.0015478028995995871, "hamming_loss": 0.986, "jaccard_score": 0.0007892552371641894, "accuracy_score": 0.014, "recall_score": 0.000814964833586992, "precision_score": 0.016683680618106846}, "found_clusters": 61, "expected_clusters": 4, "time": 0.5626}, "spectral_clustering": {"clustering": {"adjusted_mutual_info_score": 0.19305132936908947, "adjusted_rand_score": 0.11363231254686965, "completeness_score": 0.20586943748845746, "fowlkes_mallows_score": 0.36847000618287706, "homogeneity_score": 0.18675734255196266, "v_measure_score": 0.19584822540150526}, "classification": {"f1_score": 0.5005013627449733, "hamming_loss": 0.504, "jaccard_score": 0.3350332863012639, "accuracy_score": 0.496, "recall_score": 0.5200181903958339, "precision_score": 0.6057982869975587}, "found_clusters": 4, "expected_clusters": 4, "time": 0.219}, "gaussian_mixture_model": {"clustering": {"adjusted_mutual_info_score": 0.22054687755399902, "adjusted_rand_score": 0.18247346701991213, "completeness_score": 0.22371674402003341, "fowlkes_mallows_score": 0.3949240322981697, "homogeneity_score": 0.22253813246051185, "v_measure_score": 0.2231258818144704}, "classification": {"f1_score": 0.5501563806836091, "hamming_loss": 0.451, "jaccard_score": 0.38153524137941563, "accuracy_score": 0.549, "recall_score": 0.553664525552743, "precision_score": 0.5718374191611081}, "found_clusters": 4, "expected_clusters": 4, "time": 0.014}}, "classification_alg": {"KNeighborsClassifier": {"clustering": {"adjusted_mutual_info_score": 0.13259984543129794, "adjusted_rand_score": 0.12027059434034769, "completeness_score": 0.14927620250890047, "fowlkes_mallows_score": 0.3464554091273909, "homogeneity_score": 0.14528868518329605, "v_measure_score": 0.14725545438624346}, "classification": {"f1_score": 0.49251005933301506, "hamming_loss": 0.5, "jaccard_score": 0.32999681477942344, "accuracy_score": 0.5, "recall_score": 0.49156816390858943, "precision_score": 0.5062189842677647}, "time": 0.006}, "DecisionTreeClassifier": {"clustering": {"adjusted_mutual_info_score": 0.11227133240874178, "adjusted_rand_score": 0.11684680248187213, "completeness_score": 0.12733697465111757, "fowlkes_mallows_score": 0.33710065797324557, "homogeneity_score": 0.12680914144818145, "v_measure_score": 0.12707250992423566}, "classification": {"f1_score": 0.45661198704676964, "hamming_loss": 0.535, "jaccard_score": 0.30310990388789216, "accuracy_score": 0.465, "recall_score": 0.4568754925137904, "precision_score": 0.4580738948101245}, "time": 0.002}, "RandomForestClassifier": {"clustering": {"adjusted_mutual_info_score": 0.10582905234694308, "adjusted_rand_score": 0.1182812128246349, "completeness_score": 0.12180869016251564, "fowlkes_mallows_score": 0.3414794922685184, "homogeneity_score": 0.11988949108052672, "v_measure_score": 0.12084147094251209}, "classification": {"f1_score": 0.4890210476850051, "hamming_loss": 0.5, "jaccard_score": 0.3274309179292355, "accuracy_score": 0.5, "recall_score": 0.4913317572892041, "precision_score": 0.49245079076117876}, "time": 0.204}, "LinearSVC": {"clustering": {"adjusted_mutual_info_score": 0.2059183827353271, "adjusted_rand_score": 0.1840295317484902, "completeness_score": 0.2359481802305111, "fowlkes_mallows_score": 0.41818547151660457, "homogeneity_score": 0.2065792233750115, "v_measure_score": 0.22028914562866606}, "classification": {"f1_score": 0.4790577827969132, "hamming_loss": 0.475, "jaccard_score": 0.3311803535983012, "accuracy_score": 0.525, "recall_score": 0.5047675334909377, "precision_score": 0.5193158953722334}, "time": 0.004}, "LogisticRegression": {"clustering": {"adjusted_mutual_info_score": 0.20571348073034093, "adjusted_rand_score": 0.16961563046900435, "completeness_score": 0.22117839032540093, "fowlkes_mallows_score": 0.38089081430345206, "homogeneity_score": 0.21700466093291845, "v_measure_score": 0.21907164807228974}, "classification": {"f1_score": 0.47547498932036864, "hamming_loss": 0.515,