{"clustering_alg": {"affinity_propagation": {"clustering": {"adjusted_mutual_info_score": 1.0592002551756735e-15, "adjusted_rand_score": 0.0, "completeness_score": 1.0, "fowlkes_mallows_score": 0.5074619823520837, "homogeneity_score": 3.238748334085862e-16, "v_measure_score": 6.477496668171723e-16}, "classification": {"f1_score": 0.0, "hamming_loss": 1.0, "jaccard_score": 0.0, "accuracy_score": 0.0, "recall_score": 0.0, "precision_score": 0.0}, "found_clusters": 1, "expected_clusters": 4, "time": 152.2842}, "agglomerative": {"clustering": {"adjusted_mutual_info_score": 0.46565719878986994, "adjusted_rand_score": 0.3950358010694184, "completeness_score": 0.4832036292826428, "fowlkes_mallows_score": 0.5673181012176215, "homogeneity_score": 0.45001802916141337, "v_measure_score": 0.46602078502114536}, "classification": {"f1_score": 0.6251068138294369, "hamming_loss": 0.3838, "jaccard_score": 0.49157555365395633, "accuracy_score": 0.6162, "recall_score": 0.6542623326999149, "precision_score": 0.6567547094283562}, "found_clusters": 4, "expected_clusters": 4, "time": 0.649}, "birch": {"clustering": {"adjusted_mutual_info_score": 0.2698736645999723, "adjusted_rand_score": 0.18528956612629835, "completeness_score": 0.40804063762153225, "fowlkes_mallows_score": 0.4931148528234756, "homogeneity_score": 0.20184606495593116, "v_measure_score": 0.27008753166102817}, "classification": {"f1_score": 0.14968895630057705, "hamming_loss": 0.761, "jaccard_score": 0.08845741041710053, "accuracy_score": 0.239, "recall_score": 0.21265878272691108, "precision_score": 0.11830431485053833}, "found_clusters": 2, "expected_clusters": 4, "time": 0.085}, "dbscan": {"clustering": {"adjusted_mutual_info_score": 1.0592002551756735e-15, "adjusted_rand_score": 0.0, "completeness_score": 1.0, "fowlkes_mallows_score": 0.5074619823520837, "homogeneity_score": 3.238748334085862e-16, "v_measure_score": 6.477496668171723e-16}, "classification": {"f1_score": 0.10417986067131096, "hamming_loss": 0.7368, "jaccard_score": 0.0658, "accuracy_score": 0.2632, "recall_score": 0.25, "precision_score": 0.0658}, "found_clusters": 1, "expected_clusters": 4, "time": 0.198}, "k_means": {"clustering": {"adjusted_mutual_info_score": 0.4601108768804984, "adjusted_rand_score": 0.39115919794862797, "completeness_score": 0.4600368000901317, "fowlkes_mallows_score": 0.5475306642749391, "homogeneity_score": 0.4608944546598875, "v_measure_score": 0.46046522801221396}, "classification": {"f1_score": 0.7005925061628325, "hamming_loss": 0.3216, "jaccard_score": 0.5641572185584318, "accuracy_score": 0.6784, "recall_score": 0.7091540548683547, "precision_score": 0.6971519484033499}, "found_clusters": 4, "expected_clusters": 4, "time": 0.107}, "mini_batch_k_means": {"clustering": {"adjusted_mutual_info_score": 0.4603636947314489, "adjusted_rand_score": 0.38875749819241434, "completeness_score": 0.4607431907462462, "fowlkes_mallows_score": 0.5461399608706123, "homogeneity_score": 0.46069327460093856, "v_measure_score": 0.46071823132156126}, "classification": {"f1_score": 0.6964788316565534, "hamming_loss": 0.3258, "jaccard_score": 0.5592111024680164, "accuracy_score": 0.6742, "recall_score": 0.7049089885616714, "precision_score": 0.6948060930850639}, "found_clusters": 4, "expected_clusters": 4, "time": 0.035}, "mean_shift": {"clustering": {"adjusted_mutual_info_score": 1.0592002551756735e-15, "adjusted_rand_score": 0.0, "completeness_score": 1.0, "fowlkes_mallows_score": 0.5074619823520837, "homogeneity_score": 3.238748334085862e-16, "v_measure_score": 6.477496668171723e-16}, "classification": {"f1_score": 0.10417986067131096, "hamming_loss": 0.7368, "jaccard_score": 0.0658, "accuracy_score": 0.2632, "recall_score": 0.25, "precision_score": 0.0658}, "found_clusters": 1, "expected_clusters": 4, "time": 40.8974}, "optics": {"clustering": {"adjusted_mutual_info_score": 0.13614655753242133, "adjusted_rand_score": -0.0022666162473963945, "completeness_score": 0.12181339386732311, "fowlkes_mallows_score": 0.25689368109920896, "homogeneity_score": 0.3083047379480527, "v_measure_score": 0.1746294503620154}, "classification": {"f1_score": 6.444595072256084e-05, "hamming_loss": 0.9972, "jaccard_score": 3.239050490297889e-05, "accuracy_score": 0.0028, "recall_score": 3.2429414580687736e-05, "precision_score": 0.005100182149362476}, "found_clusters": 305, "expected_clusters": 4, "time": 4.0132}, "spectral_clustering": {"clustering": {"adjusted_mutual_info_score": 0.4463889214749131, "adjusted_rand_score": 0.32102864852311463, "completeness_score": 0.4657955404476217, "fowlkes_mallows_score": 0.5133241996645262, "homogeneity_score": 0.42923322755606136, "v_measure_score": 0.44676759084179485}, "classification": {"f1_score": 0.655686708095468, "hamming_loss": 0.3682, "jaccard_score": 0.5115103030707961, "accuracy_score": 0.6318, "recall_score": 0.6405341770425389, "precision_score": 0.733339044791339}, "found_clusters": 4, "expected_clusters": 4, "time": 2.9592}, "gaussian_mixture_model": {"clustering": {"adjusted_mutual_info_score": 0.47502642216468977, "adjusted_rand_score": 0.4056812954582101, "completeness_score": 0.47590373159850147, "fowlkes_mallows_score": 0.5591908516391583, "homogeneity_score": 0.4748408443627775, "v_measure_score": 0.4753716938519406}, "classification": {"f1_score": 0.7116803436362933, "hamming_loss": 0.3106, "jaccard_score": 0.5778062522031577, "accuracy_score": 0.6894, "recall_score": 0.719179672993377, "precision_score": 0.7116982527913494}, "found_clusters": 4, "expected_clusters": 4, "time": 0.031}}, "classification_alg": {"KNeighborsClassifier": {"clustering": {"adjusted_mutual_info_score": 0.4344489255995965, "adjusted_rand_score": 0.35017323054427313, "completeness_score": 0.43843973622590354, "fowlkes_mallows_score": 0.519224705671644, "homogeneity_score": 0.4342248257615049, "v_measure_score": 0.43632210212830924}, "classification": {"f1_score": 0.6879325584922515, "hamming_loss": 0.343, "jaccard_score": 0.5525261691859673, "accuracy_score": 0.657, "recall_score": 0.6818254572077534, "precision_score": 0.6963161357275359}, "time": 0.035}, "DecisionTreeClassifier": {"clustering": {"adjusted_mutual_info_score": 0.37649891508783656, "adjusted_rand_score": 0.30649069266840345, "completeness_score": 0.37963549914021294, "fowlkes_mallows_score": 0.4860190008911769, "homogeneity_score": 0.37749018030299364, "v_measure_score": 0.3785598003365723}, "classification": {"f1_score": 0.6583333029632734, "hamming_loss": 0.369, "jaccard_score": 0.5158829434478717, "accuracy_score": 0.631, "recall_score": 0.6557215641942373, "precision_score": 0.6624810804585024}, "time": 0.012}, "RandomForestClassifier": {"clustering": {"adjusted_mutual_info_score": 0.43516570126704357, "adjusted_rand_score": 0.35690322643130096, "completeness_score": 0.4385007730986413, "fowlkes_mallows_score": 0.5236277432348906, "homogeneity_score": 0.4355763068650069, "v_measure_score": 0.4370336476771592}, "classification": {"f1_score": 0.6934388220626783, "hamming_loss": 0.335, "jaccard_score": 0.5566257647468582, "accuracy_score": 0.665, "recall_score": 0.6901907015299803, "precision_score": 0.6980792828355874}, "time": 0.5176}, "LinearSVC": {"clustering": {"adjusted_mutual_info_score": 0.47679822807406363, "adjusted_rand_score": 0.41546837548406307, "completeness_score": 0.48194452526413833, "fowlkes_mallows_score": 0.5682109551665965, "homogeneity_score": 0.4751737442791959, "v_measure_score": 0.47853518607242856}, "classification": {"f1_score": 0.682682812834452, "hamming_loss": 0.325, "jaccard_score": 0.5552812395651007, "accuracy_score": 0.675, "recall_score": 0.719829800453231, "precision_score": 0.6775261709980395}, "time": 0.019}, "LogisticRegression": {"clustering": {"adjusted_mutual_info_score": 0.45687702695244004, "adjusted_rand_score": 0.3715995539976718, "completeness_score": 0.45803770717130093, "fowlkes_mallows_score": 0.5323555373169322, "homogeneity_score": 0.45929306786858115, "v_measure_score": 0.4586645285438099},