{"clustering_alg": {"affinity_propagation": {"clustering": {"adjusted_mutual_info_score": 1.2133252548641751e-15, "adjusted_rand_score": 0.0, "completeness_score": 1.0, "fowlkes_mallows_score": 0.5032077936764526, "homogeneity_score": 5.2320707439233e-16, "v_measure_score": 1.0464141487846596e-15}, "classification": {"f1_score": 0.0, "hamming_loss": 1.0, "jaccard_score": 0.0, "accuracy_score": 0.0, "recall_score": 0.0, "precision_score": 0.0}, "found_clusters": 1, "expected_clusters": 4, "time": 149.0331}, "agglomerative": {"clustering": {"adjusted_mutual_info_score": 0.12624002905152903, "adjusted_rand_score": 0.11730473321543672, "completeness_score": 0.12959330075151748, "fowlkes_mallows_score": 0.35351429400854395, "homogeneity_score": 0.12416852661603875, "v_measure_score": 0.12682292983584037}, "classification": {"f1_score": 0.3904674370135325, "hamming_loss": 0.5798, "jaccard_score": 0.2518665758327976, "accuracy_score": 0.4202, "recall_score": 0.4077367971747999, "precision_score": 0.39302303335640115}, "found_clusters": 4, "expected_clusters": 4, "time": 0.621}, "birch": {"clustering": {"adjusted_mutual_info_score": 0.09828098858320009, "adjusted_rand_score": 0.0697453082654282, "completeness_score": 0.11264460466754686, "fowlkes_mallows_score": 0.34701120103676963, "homogeneity_score": 0.08786248453028495, "v_measure_score": 0.09872204393987506}, "classification": {"f1_score": 0.20123315393783617, "hamming_loss": 0.767, "jaccard_score": 0.11625927551794363, "accuracy_score": 0.233, "recall_score": 0.24082377593666088, "precision_score": 0.1815520120707787}, "found_clusters": 3, "expected_clusters": 4, "time": 0.086}, "dbscan": {"clustering": {"adjusted_mutual_info_score": 1.2133252548641751e-15, "adjusted_rand_score": 0.0, "completeness_score": 1.0, "fowlkes_mallows_score": 0.5032077936764526, "homogeneity_score": 5.2320707439233e-16, "v_measure_score": 1.0464141487846596e-15}, "classification": {"f1_score": 0.10505529225908374, "hamming_loss": 0.734, "jaccard_score": 0.0665, "accuracy_score": 0.266, "recall_score": 0.25, "precision_score": 0.0665}, "found_clusters": 1, "expected_clusters": 4, "time": 0.257}, "k_means": {"clustering": {"adjusted_mutual_info_score": 0.13027910625212746, "adjusted_rand_score": 0.10734343878986168, "completeness_score": 0.13058465441159114, "fowlkes_mallows_score": 0.33220719244929664, "homogeneity_score": 0.1311083165779464, "v_measure_score": 0.13084596155623227}, "classification": {"f1_score": 0.4115714251945005, "hamming_loss": 0.585, "jaccard_score": 0.26384993971111276, "accuracy_score": 0.415, "recall_score": 0.40836657443437413, "precision_score": 0.4186317658980657}, "found_clusters": 4, "expected_clusters": 4, "time": 0.121}, "mini_batch_k_means": {"clustering": {"adjusted_mutual_info_score": 0.136886858388884, "adjusted_rand_score": 0.11160809759403513, "completeness_score": 0.13733785435876134, "fowlkes_mallows_score": 0.3361378841272964, "homogeneity_score": 0.13756248441437247, "v_measure_score": 0.13745007761028516}, "classification": {"f1_score": 0.44211784850554847, "hamming_loss": 0.5564, "jaccard_score": 0.28888156921758545, "accuracy_score": 0.4436, "recall_score": 0.43792264634240774, "precision_score": 0.45201109224991404}, "found_clusters": 4, "expected_clusters": 4, "time": 0.051}, "mean_shift": {"clustering": {"adjusted_mutual_info_score": 1.2133252548641751e-15, "adjusted_rand_score": 0.0, "completeness_score": 1.0, "fowlkes_mallows_score": 0.5032077936764526, "homogeneity_score": 5.2320707439233e-16, "v_measure_score": 1.0464141487846596e-15}, "classification": {"f1_score": 0.10505529225908374, "hamming_loss": 0.734, "jaccard_score": 0.0665, "accuracy_score": 0.266, "recall_score": 0.25, "precision_score": 0.0665}, "found_clusters": 1, "expected_clusters": 4, "time": 44.3271}, "optics": {"clustering": {"adjusted_mutual_info_score": 0.07428613251057001, "adjusted_rand_score": 0.0024376386245208784, "completeness_score": 0.07968630288760364, "fowlkes_mallows_score": 0.23460568721923655, "homogeneity_score": 0.21896392862205744, "v_measure_score": 0.11684856796819496}, "classification": {"f1_score": 0.00010212194553828088, "hamming_loss": 0.9954, "jaccard_score": 5.142303414981596e-05, "accuracy_score": 0.0046, "recall_score": 5.18758365783951e-05, "precision_score": 0.0038070765441455094}, "found_clusters": 336, "expected_clusters": 4, "time": 3.9912}, "spectral_clustering": {"clustering": {"adjusted_mutual_info_score": 0.16949055173709474, "adjusted_rand_score": 0.08536467658947593, "completeness_score": 0.1791407980575786, "fowlkes_mallows_score": 0.34460735384832225, "homogeneity_score": 0.16185654497114937, "v_measure_score": 0.1700606249857572}, "classification": {"f1_score": 0.4708657798450402, "hamming_loss": 0.5352, "jaccard_score": 0.3098260380662115, "accuracy_score": 0.4648, "recall_score": 0.4696755034798405, "precision_score": 0.5872901895414218}, "found_clusters": 4, "expected_clusters": 4, "time": 2.7351}, "gaussian_mixture_model": {"clustering": {"adjusted_mutual_info_score": 0.14927811809126162, "adjusted_rand_score": 0.12189993198368117, "completeness_score": 0.15028104145659482, "fowlkes_mallows_score": 0.3460556155891272, "homogeneity_score": 0.1493923231640208, "v_measure_score": 0.14983536450849957}, "classification": {"f1_score": 0.4292862180321555, "hamming_loss": 0.576, "jaccard_score": 0.2777173266883859, "accuracy_score": 0.424, "recall_score": 0.4301105959057576, "precision_score": 0.4446336037594708}, "found_clusters": 4, "expected_clusters": 4, "time": 0.032}}, "classification_alg": {"KNeighborsClassifier": {"clustering": {"adjusted_mutual_info_score": 0.12846754965294574, "adjusted_rand_score": 0.12593470994612693, "completeness_score": 0.13217589228288146, "fowlkes_mallows_score": 0.35403034125376714, "homogeneity_score": 0.130551738938543, "v_measure_score": 0.13135879544196624}, "classification": {"f1_score": 0.4882866521617436, "hamming_loss": 0.503, "jaccard_score": 0.32965137722074955, "accuracy_score": 0.497, "recall_score": 0.4844615141341897, "precision_score": 0.4995156417726315}, "time": 0.028}, "DecisionTreeClassifier": {"clustering": {"adjusted_mutual_info_score": 0.0938830008870184, "adjusted_rand_score": 0.098005332882288, "completeness_score": 0.09658153362305202, "fowlkes_mallows_score": 0.32773402526242307, "homogeneity_score": 0.09714234660061787, "v_measure_score": 0.09686112836060573}, "classification": {"f1_score": 0.45917378928926167, "hamming_loss": 0.534, "jaccard_score": 0.30250460502805077, "accuracy_score": 0.466, "recall_score": 0.4580173818907215, "precision_score": 0.46189304320953845}, "time": 0.01}, "RandomForestClassifier": {"clustering": {"adjusted_mutual_info_score": 0.12310679061776744, "adjusted_rand_score": 0.1226533258440775, "completeness_score": 0.12598293710419678, "fowlkes_mallows_score": 0.34786443246018156, "homogeneity_score": 0.1260112845889199, "v_measure_score": 0.1259971092521172}, "classification": {"f1_score": 0.4819531384235675, "hamming_loss": 0.512, "jaccard_score": 0.32466787520415347, "accuracy_score": 0.488, "recall_score": 0.47849381274428715, "precision_score": 0.49186661577302837}, "time": 0.4725}, "LinearSVC": {"clustering": {"adjusted_mutual_info_score": 0.14563105785776104, "adjusted_rand_score": 0.1528243855233667, "completeness_score": 0.16771157610404547, "fowlkes_mallows_score": 0.4066712568439235, "homogeneity_score": 0.13200374476661775, "v_measure_score": 0.1477305599335651}, "classification": {"f1_score": 0.4047903907325642, "hamming_loss": 0.504, "jaccard_score": 0.2800733196112998, "accuracy_score": 0.496, "recall_score": 0.4557125683193045, "precision_score": 0.367922686618507}, "time": 0.019}, "LogisticRegression": {"clustering": {"adjusted_mutual_info_score": 0.16395469291306125, "adjusted_rand_score": 0.16278000653046268, "completeness_score": 0.17167494388237348, "fowlkes_mallows_score": 0.3899515733482851, "homogeneity_score": 0.16218187208066387,