{"clustering_alg": {"affinity_propagation": {"clustering": {"adjusted_mutual_info_score": 0.3278100136938468, "adjusted_rand_score": 0.030808589892636223, "completeness_score": 0.2163584431458711, "fowlkes_mallows_score": 0.13493947424747235, "homogeneity_score": 0.7838579990647426, "v_measure_score": 0.33911519380797034}, "classification": {"f1_score": 0.00028215485632863025, "hamming_loss": 0.9938, "jaccard_score": 0.00014436178590600512, "accuracy_score": 0.0062, "recall_score": 0.00014441711389385809, "precision_score": 0.0061773255813953485}, "found_clusters": 172, "expected_clusters": 4, "time": 51.494}, "agglomerative": {"clustering": {"adjusted_mutual_info_score": 0.4314395289957259, "adjusted_rand_score": 0.39322040270483993, "completeness_score": 0.4344164011943636, "fowlkes_mallows_score": 0.5475060193385862, "homogeneity_score": 0.4292370226429351, "v_measure_score": 0.43181118140522895}, "classification": {"f1_score": 0.6297595337154759, "hamming_loss": 0.3578, "jaccard_score": 0.4778781621292416, "accuracy_score": 0.6422, "recall_score": 0.6426484770833746, "precision_score": 0.6279631214096884}, "found_clusters": 4, "expected_clusters": 4, "time": 1.3054}, "birch": {"clustering": {"adjusted_mutual_info_score": 0.46229117816170523, "adjusted_rand_score": 0.3863519391173398, "completeness_score": 0.5592998714769329, "fowlkes_mallows_score": 0.5920038223515349, "homogeneity_score": 0.39435715588150433, "v_measure_score": 0.4625644236303289}, "classification": {"f1_score": 0.4792271143281147, "hamming_loss": 0.432, "jaccard_score": 0.35712677615325605, "accuracy_score": 0.568, "recall_score": 0.5675920686402759, "precision_score": 0.4803283579730177}, "found_clusters": 3, "expected_clusters": 4, "time": 0.8611}, "dbscan": {"clustering": {"adjusted_mutual_info_score": 0.12536205335771602, "adjusted_rand_score": 0.017946399240561208, "completeness_score": 0.23104501842242872, "fowlkes_mallows_score": 0.4622505667488691, "homogeneity_score": 0.09814981235628822, "v_measure_score": 0.1377726688500763}, "classification": {"f1_score": 0.0003054596153236795, "hamming_loss": 0.9984, "jaccard_score": 0.00015334880636604776, "accuracy_score": 0.0016, "recall_score": 0.00015993793567322978, "precision_score": 0.0251984126984127}, "found_clusters": 40, "expected_clusters": 4, "time": 0.064}, "k_means": {"clustering": {"adjusted_mutual_info_score": 0.43204832641399527, "adjusted_rand_score": 0.39728991823492377, "completeness_score": 0.4380546550991831, "fowlkes_mallows_score": 0.5533910736073752, "homogeneity_score": 0.42693260631761576, "v_measure_score": 0.43242212678307174}, "classification": {"f1_score": 0.6803590950681573, "hamming_loss": 0.3122, "jaccard_score": 0.5219298696642983, "accuracy_score": 0.6878, "recall_score": 0.6882212345127497, "precision_score": 0.6985345242905621}, "found_clusters": 4, "expected_clusters": 4, "time": 0.152}, "mini_batch_k_means": {"clustering": {"adjusted_mutual_info_score": 0.434678045291933, "adjusted_rand_score": 0.40259074815944196, "completeness_score": 0.4416720207695072, "fowlkes_mallows_score": 0.5581349612665129, "homogeneity_score": 0.4286253685390404, "v_measure_score": 0.4350509032920833}, "classification": {"f1_score": 0.6905064430537738, "hamming_loss": 0.3022, "jaccard_score": 0.5323742455115114, "accuracy_score": 0.6978, "recall_score": 0.6982362648568036, "precision_score": 0.7133176961636332}, "found_clusters": 4, "expected_clusters": 4, "time": 0.0411}, "mean_shift": {"clustering": {"adjusted_mutual_info_score": -9.63083028537231e-16, "adjusted_rand_score": 0.0, "completeness_score": 1.0, "fowlkes_mallows_score": 0.4998534692268722, "homogeneity_score": 4.805164125907482e-16, "v_measure_score": 9.61032825181496e-16}, "classification": {"f1_score": 0.10051134547778842, "hamming_loss": 0.7484, "jaccard_score": 0.0629, "accuracy_score": 0.2516, "recall_score": 0.25, "precision_score": 0.0629}, "found_clusters": 1, "expected_clusters": 4, "time": 44.8354}, "optics": {"clustering": {"adjusted_mutual_info_score": 0.08966576880588388, "adjusted_rand_score": 0.00032758464086283677, "completeness_score": 0.16414114636286117, "fowlkes_mallows_score": 0.4520325324554704, "homogeneity_score": 0.08632496889059615, "v_measure_score": 0.11314488060871693}, "classification": {"f1_score": 0.00016750036960564866, "hamming_loss": 0.9984, "jaccard_score": 8.416942912909024e-05, "accuracy_score": 0.0016, "recall_score": 8.426166998148422e-05, "precision_score": 0.014144736842105262}, "found_clusters": 76, "expected_clusters": 4, "time": 5.3926}, "spectral_clustering": {"clustering": {"adjusted_mutual_info_score": 0.29892468093538443, "adjusted_rand_score": 0.1131348813307135, "completeness_score": 0.410335608261858, "fowlkes_mallows_score": 0.4632419227606104, "homogeneity_score": 0.2358122418288162, "v_measure_score": 0.2995047021292138}, "classification": {"f1_score": 0.4133087050121649, "hamming_loss": 0.5392, "jaccard_score": 0.2895310236888245, "accuracy_score": 0.4608, "recall_score": 0.46129575323436856, "precision_score": 0.5532131649774343}, "found_clusters": 4, "expected_clusters": 4, "time": 5.5939}, "gaussian_mixture_model": {"clustering": {"adjusted_mutual_info_score": 0.8224336558575641, "adjusted_rand_score": 0.8683202249974763, "completeness_score": 0.8225683415356586, "fowlkes_mallows_score": 0.9012230118317933, "homogeneity_score": 0.8225297269067579, "v_measure_score": 0.8225490337680166}, "classification": {"f1_score": 0.9485825136846415, "hamming_loss": 0.0514, "jaccard_score": 0.9024896069260728, "accuracy_score": 0.9486, "recall_score": 0.9486312377505371, "precision_score": 0.9486103316235113}, "found_clusters": 4, "expected_clusters": 4, "time": 0.05}}, "classification_alg": {"KNeighborsClassifier": {"clustering": {"adjusted_mutual_info_score": 0.7454950842351625, "adjusted_rand_score": 0.7864178223307451, "completeness_score": 0.7472493255644228, "fowlkes_mallows_score": 0.8398983102180981, "homogeneity_score": 0.7454051174968476, "v_measure_score": 0.7463260822504046}, "classification": {"f1_score": 0.913332487812707, "hamming_loss": 0.086, "jaccard_score": 0.8409079922903684, "accuracy_score": 0.914, "recall_score": 0.9129577276583157, "precision_score": 0.9152794463154075}, "time": 0.047}, "DecisionTreeClassifier": {"clustering": {"adjusted_mutual_info_score": 0.5898990541318168, "adjusted_rand_score": 0.6411822091983739, "completeness_score": 0.5914445796499861, "fowlkes_mallows_score": 0.7308007181628551, "homogeneity_score": 0.5910293355248288, "v_measure_score": 0.5912368846776878}, "classification": {"f1_score": 0.8483724182122501, "hamming_loss": 0.151, "jaccard_score": 0.7372351273900372, "accuracy_score": 0.849, "recall_score": 0.8484522609494203, "precision_score": 0.8489126261339582}, "time": 0.021}, "RandomForestClassifier": {"clustering": {"adjusted_mutual_info_score": 0.7282470963203858, "adjusted_rand_score": 0.7666582120392791, "completeness_score": 0.7302410931138633, "fowlkes_mallows_score": 0.8251298851789011, "homogeneity_score": 0.7280315882728207, "v_measure_score": 0.7291346668254486}, "classification": {"f1_score": 0.904135307819647, "hamming_loss": 0.095, "jaccard_score": 0.8257684991140768, "accuracy_score": 0.905, "recall_score": 0.9037149621179322, "precision_score": 0.9065643672730477}, "time": 0.6461}, "LinearSVC": {"clustering": {"adjusted_mutual_info_score": 0.49854740504416617, "adjusted_rand_score": 0.510536105301834, "completeness_score": 0.5018870085929407, "fowlkes_mallows_score": 0.6338201175368644, "homogeneity_score": 0.4985011171878399, "v_measure_score": 0.5001883329840112}, "classification": {"f1_score": 0.7674501543677338, "hamming_loss": 0.228, "jaccard_score": 0.6266675617823212, "accuracy_score": 0.772, "recall_score": 0.7693000085560636, "precision_score": 0.770515034331814}, "time": 0.292}, "LogisticRegression": {"clustering": {"adjusted_mutual_info_score": 0.5564458875066317, "adjusted_rand_score": 0.5812504540349768,