{"clustering_alg": {"affinity_propagation": {"clustering": {"adjusted_mutual_info_score": -6.386375372456996e-16, "adjusted_rand_score": 0.0, "completeness_score": 1.0, "fowlkes_mallows_score": 0.4998525887920402, "homogeneity_score": 3.203438690059957e-16, "v_measure_score": 6.406877380119913e-16}, "classification": {"f1_score": 0.0, "hamming_loss": 1.0, "jaccard_score": 0.0, "accuracy_score": 0.0, "recall_score": 0.0, "precision_score": 0.0}, "found_clusters": 1, "expected_clusters": 4, "time": 156.802}, "agglomerative": {"clustering": {"adjusted_mutual_info_score": 0.5136433717813685, "adjusted_rand_score": 0.5129600532674107, "completeness_score": 0.5237854735510326, "fowlkes_mallows_score": 0.6412373339886093, "homogeneity_score": 0.5045066591661781, "v_measure_score": 0.5139653430639987}, "classification": {"f1_score": 0.7628071103265422, "hamming_loss": 0.2276, "jaccard_score": 0.6239072596718018, "accuracy_score": 0.7724, "recall_score": 0.7724601213986328, "precision_score": 0.7928521047821597}, "found_clusters": 4, "expected_clusters": 4, "time": 0.7998}, "birch": {"clustering": {"adjusted_mutual_info_score": 0.3255590580806484, "adjusted_rand_score": 0.2038253993175079, "completeness_score": 0.4165010749277203, "fowlkes_mallows_score": 0.4906561701720968, "homogeneity_score": 0.267693276267972, "v_measure_score": 0.3259148138878569}, "classification": {"f1_score": 0.3447284161746677, "hamming_loss": 0.5866, "jaccard_score": 0.24749218830136024, "accuracy_score": 0.4134, "recall_score": 0.4130642440793097, "precision_score": 0.371957998743519}, "found_clusters": 3, "expected_clusters": 4, "time": 0.0889}, "dbscan": {"clustering": {"adjusted_mutual_info_score": 0.0023742256029472466, "adjusted_rand_score": 5.84510842939597e-07, "completeness_score": 0.0976087194472653, "fowlkes_mallows_score": 0.4983554253164338, "homogeneity_score": 0.001437979655393584, "v_measure_score": 0.0028342055621401255}, "classification": {"f1_score": 0.0800256698219156, "hamming_loss": 0.7506, "jaccard_score": 0.05002005615724028, "accuracy_score": 0.2494, "recall_score": 0.1998397435897436, "precision_score": 0.050030090270812434}, "found_clusters": 2, "expected_clusters": 4, "time": 0.074}, "k_means": {"clustering": {"adjusted_mutual_info_score": 0.511690233293546, "adjusted_rand_score": 0.49850981870436856, "completeness_score": 0.5186080201166311, "fowlkes_mallows_score": 0.6280687825027922, "homogeneity_score": 0.505580832440505, "v_measure_score": 0.5120115765100292}, "classification": {"f1_score": 0.7717744657212462, "hamming_loss": 0.2276, "jaccard_score": 0.6337025358222971, "accuracy_score": 0.7724, "recall_score": 0.772774722365315, "precision_score": 0.8020671060721833}, "found_clusters": 4, "expected_clusters": 4, "time": 0.092}, "mini_batch_k_means": {"clustering": {"adjusted_mutual_info_score": 0.4961844266352334, "adjusted_rand_score": 0.4816977815395777, "completeness_score": 0.5026196789642139, "fowlkes_mallows_score": 0.6154158261199238, "homogeneity_score": 0.4905583631776275, "v_measure_score": 0.49651578377995614}, "classification": {"f1_score": 0.7631881844155044, "hamming_loss": 0.2364, "jaccard_score": 0.6216333015465996, "accuracy_score": 0.7636, "recall_score": 0.763929295004173, "precision_score": 0.7922291551286458}, "found_clusters": 4, "expected_clusters": 4, "time": 0.043}, "mean_shift": {"clustering": {"adjusted_mutual_info_score": -6.386375372456996e-16, "adjusted_rand_score": 0.0, "completeness_score": 1.0, "fowlkes_mallows_score": 0.4998525887920402, "homogeneity_score": 3.203438690059957e-16, "v_measure_score": 6.406877380119913e-16}, "classification": {"f1_score": 0.0998719590268886, "hamming_loss": 0.7504, "jaccard_score": 0.0624, "accuracy_score": 0.2496, "recall_score": 0.25, "precision_score": 0.0624}, "found_clusters": 1, "expected_clusters": 4, "time": 40.0392}, "optics": {"clustering": {"adjusted_mutual_info_score": 0.16351593163270545, "adjusted_rand_score": 0.0021048535352384146, "completeness_score": 0.14092713027007683, "fowlkes_mallows_score": 0.25645215927131054, "homogeneity_score": 0.35379788117653566, "v_measure_score": 0.20156539061588696}, "classification": {"f1_score": 3.067108330266225e-05, "hamming_loss": 0.9988, "jaccard_score": 1.5409270216962525e-05, "accuracy_score": 0.0012, "recall_score": 1.5409270216962525e-05, "precision_score": 0.003205128205128205}, "found_clusters": 312, "expected_clusters": 4, "time": 3.2731}, "spectral_clustering": {"clustering": {"adjusted_mutual_info_score": 0.45430720449120393, "adjusted_rand_score": 0.40674747006910633, "completeness_score": 0.47768219689581193, "fowlkes_mallows_score": 0.5726318117410352, "homogeneity_score": 0.4337895060485412, "v_measure_score": 0.4546790066444158}, "classification": {"f1_score": 0.6794173888744558, "hamming_loss": 0.3042, "jaccard_score": 0.5345439563582517, "accuracy_score": 0.6958, "recall_score": 0.6965474336559632, "precision_score": 0.7780757287678335}, "found_clusters": 4, "expected_clusters": 4, "time": 2.7534}, "gaussian_mixture_model": {"clustering": {"adjusted_mutual_info_score": 0.5701649601479563, "adjusted_rand_score": 0.5805727831862888, "completeness_score": 0.5746645085352541, "fowlkes_mallows_score": 0.6873935251637372, "homogeneity_score": 0.5662895880997727, "v_measure_score": 0.5704463111947371}, "classification": {"f1_score": 0.8139109198754841, "hamming_loss": 0.184, "jaccard_score": 0.6897078347442558, "accuracy_score": 0.816, "recall_score": 0.8163218890136524, "precision_score": 0.83124000796356}, "found_clusters": 4, "expected_clusters": 4, "time": 0.0341}}, "classification_alg": {"KNeighborsClassifier": {"clustering": {"adjusted_mutual_info_score": 0.5247527264443204, "adjusted_rand_score": 0.5558830512418431, "completeness_score": 0.5263915164343345, "fowlkes_mallows_score": 0.6668990012519148, "homogeneity_score": 0.5262155954460671, "v_measure_score": 0.526303541239467}, "classification": {"f1_score": 0.8054409104312807, "hamming_loss": 0.195, "jaccard_score": 0.6776230356054915, "accuracy_score": 0.805, "recall_score": 0.8065297259513764, "precision_score": 0.8058240261433693}, "time": 0.03}, "DecisionTreeClassifier": {"clustering": {"adjusted_mutual_info_score": 0.44220316281870403, "adjusted_rand_score": 0.47293750826659936, "completeness_score": 0.44394752549793115, "fowlkes_mallows_score": 0.6045623034751749, "homogeneity_score": 0.44409794733530245, "v_measure_score": 0.4440227236769937}, "classification": {"f1_score": 0.7631322301856206, "hamming_loss": 0.238, "jaccard_score": 0.619767848449738, "accuracy_score": 0.762, "recall_score": 0.7631809922133075, "precision_score": 0.7633509172898041}, "time": 0.008}, "RandomForestClassifier": {"clustering": {"adjusted_mutual_info_score": 0.5327807955652275, "adjusted_rand_score": 0.5585696649886706, "completeness_score": 0.534411990117694, "fowlkes_mallows_score": 0.6689224555886557, "homogeneity_score": 0.5341989805134159, "v_measure_score": 0.534305464085616}, "classification": {"f1_score": 0.8095914662956628, "hamming_loss": 0.192, "jaccard_score": 0.6827707843002899, "accuracy_score": 0.808, "recall_score": 0.8097479102482237, "precision_score": 0.811398557128485}, "time": 0.363}, "LinearSVC": {"clustering": {"adjusted_mutual_info_score": 0.5483832186539159, "adjusted_rand_score": 0.565791679764045, "completeness_score": 0.55065961038952, "fowlkes_mallows_score": 0.6747141782380581, "homogeneity_score": 0.5490604549180294, "v_measure_score": 0.5498588699496}, "classification": {"f1_score": 0.8138784002180667, "hamming_loss": 0.188, "jaccard_score": 0.6885326073053921, "accuracy_score": 0.812, "recall_score": 0.8133430800423642, "precision_score": 0.8190734330766709}, "time": 0.092}, "LogisticRegression": {"clustering": {"adjusted_mutual_info_score": 0.5380887751910292, "adjusted_rand_score": 0.5651990858696111, "completeness_score": 0.5396953410241204, "fowlkes_mallows_score": 0.6738880527401123, "homogeneity_score": 0.5394968932220165,