{"clustering_alg": {"affinity_propagation": {"clustering": {"adjusted_mutual_info_score": 0.3966610157284241, "adjusted_rand_score": 0.09307990675199855, "completeness_score": 0.28289153516261545, "fowlkes_mallows_score": 0.2366514446401082, "homogeneity_score": 0.7815023469764885, "v_measure_score": 0.4154108782080977}, "classification": {"f1_score": 0.0, "hamming_loss": 1.0, "jaccard_score": 0.0, "accuracy_score": 0.0, "recall_score": 0.0, "precision_score": 0.0}, "found_clusters": 51, "expected_clusters": 4, "time": 2.6802}, "agglomerative": {"clustering": {"adjusted_mutual_info_score": 0.5269098596471031, "adjusted_rand_score": 0.4911180710046301, "completeness_score": 0.5386960309607386, "fowlkes_mallows_score": 0.6249240805660876, "homogeneity_score": 0.5186482286656919, "v_measure_score": 0.528482071384656}, "classification": {"f1_score": 0.7485690523378247, "hamming_loss": 0.244, "jaccard_score": 0.6047995750514541, "accuracy_score": 0.756, "recall_score": 0.7568428959686703, "precision_score": 0.7818680071237974}, "found_clusters": 4, "expected_clusters": 4, "time": 0.109}, "birch": {"clustering": {"adjusted_mutual_info_score": 0.24218071902498836, "adjusted_rand_score": 0.18377498806560802, "completeness_score": 0.27630162384729645, "fowlkes_mallows_score": 0.4213680499658649, "homogeneity_score": 0.21849007566549888, "v_measure_score": 0.24401849408686316}, "classification": {"f1_score": 0.2452079298186407, "hamming_loss": 0.717, "jaccard_score": 0.15979931386594137, "accuracy_score": 0.283, "recall_score": 0.2843584399040093, "precision_score": 0.21592797196408062}, "found_clusters": 3, "expected_clusters": 4, "time": 0.169}, "dbscan": {"clustering": {"adjusted_mutual_info_score": 0.009145690481764905, "adjusted_rand_score": 5.6893030958542315e-05, "completeness_score": 0.2269463234750091, "fowlkes_mallows_score": 0.49631188959846345, "homogeneity_score": 0.006004528098138403, "v_measure_score": 0.011699511436617387}, "classification": {"f1_score": 0.0, "hamming_loss": 1.0, "jaccard_score": 0.0, "accuracy_score": 0.0, "recall_score": 0.0, "precision_score": 0.0}, "found_clusters": 2, "expected_clusters": 4, "time": 0.013}, "k_means": {"clustering": {"adjusted_mutual_info_score": 0.4220662810879645, "adjusted_rand_score": 0.36531693685131983, "completeness_score": 0.4273227150865593, "fowlkes_mallows_score": 0.5271507109729778, "homogeneity_score": 0.4206603788531263, "v_measure_score": 0.4239653750305645}, "classification": {"f1_score": 0.6934318628379464, "hamming_loss": 0.314, "jaccard_score": 0.5351677523856687, "accuracy_score": 0.686, "recall_score": 0.685979292872987, "precision_score": 0.7142249481462277}, "found_clusters": 4, "expected_clusters": 4, "time": 0.088}, "mini_batch_k_means": {"clustering": {"adjusted_mutual_info_score": 0.4029940459658919, "adjusted_rand_score": 0.3454495337117271, "completeness_score": 0.4096545498645126, "fowlkes_mallows_score": 0.5134304045092445, "homogeneity_score": 0.4003779874976194, "v_measure_score": 0.40496315068556726}, "classification": {"f1_score": 0.6709135039753952, "hamming_loss": 0.332, "jaccard_score": 0.5063452732447163, "accuracy_score": 0.668, "recall_score": 0.6683698774817878, "precision_score": 0.7004644579009953}, "found_clusters": 4, "expected_clusters": 4, "time": 0.037}, "mean_shift": {"clustering": {"adjusted_mutual_info_score": -6.406945441146243e-16, "adjusted_rand_score": 0.0, "completeness_score": 1.0, "fowlkes_mallows_score": 0.4992587097480216, "homogeneity_score": 0.0, "v_measure_score": 0.0}, "classification": {"f1_score": 0.09935897435897435, "hamming_loss": 0.752, "jaccard_score": 0.062, "accuracy_score": 0.248, "recall_score": 0.25, "precision_score": 0.062}, "found_clusters": 1, "expected_clusters": 4, "time": 11.896}, "optics": {"clustering": {"adjusted_mutual_info_score": 0.15358108083531102, "adjusted_rand_score": 0.0048521614709490036, "completeness_score": 0.21913525319921243, "fowlkes_mallows_score": 0.4177819173784827, "homogeneity_score": 0.15140682207696574, "v_measure_score": 0.17908126771943417}, "classification": {"f1_score": 0.0029588870431893686, "hamming_loss": 0.992, "jaccard_score": 0.001508739978931205, "accuracy_score": 0.008, "recall_score": 0.0015132214904554119, "precision_score": 0.06666666666666667}, "found_clusters": 21, "expected_clusters": 4, "time": 1.4081}, "spectral_clustering": {"clustering": {"adjusted_mutual_info_score": 0.5855794278156586, "adjusted_rand_score": 0.5011358708122446, "completeness_score": 0.6887073033373412, "fowlkes_mallows_score": 0.668620574574779, "homogeneity_score": 0.5117825218814221, "v_measure_score": 0.5872075766671464}, "classification": {"f1_score": 0.6036797067942297, "hamming_loss": 0.325, "jaccard_score": 0.5213094721210917, "accuracy_score": 0.675, "recall_score": 0.6757319215417739, "precision_score": 0.5787458303642429}, "found_clusters": 4, "expected_clusters": 4, "time": 2.0227}, "gaussian_mixture_model": {"clustering": {"adjusted_mutual_info_score": 0.9175267451533076, "adjusted_rand_score": 0.9472473543331975, "completeness_score": 0.9178115809571796, "fowlkes_mallows_score": 0.9603970744660337, "homogeneity_score": 0.9177796086594927, "v_measure_score": 0.9177955945298897}, "classification": {"f1_score": 0.9800229875805894, "hamming_loss": 0.02, "jaccard_score": 0.9608900297831642, "accuracy_score": 0.98, "recall_score": 0.9800273455680975, "precision_score": 0.9800862310395606}, "found_clusters": 4, "expected_clusters": 4, "time": 0.033}}, "classification_alg": {"KNeighborsClassifier": {"clustering": {"adjusted_mutual_info_score": 0.8216238109101672, "adjusted_rand_score": 0.8572481211015922, "completeness_score": 0.8241500746512547, "fowlkes_mallows_score": 0.8929727697070879, "homogeneity_score": 0.8250578750137195, "v_measure_score": 0.8246037249848258}, "classification": {"f1_score": 0.9357850676056534, "hamming_loss": 0.06, "jaccard_score": 0.8822927551375827, "accuracy_score": 0.94, "recall_score": 0.9365049438578851, "precision_score": 0.935176193118757}, "time": 0.01}, "DecisionTreeClassifier": {"clustering": {"adjusted_mutual_info_score": 0.6130805698751511, "adjusted_rand_score": 0.6623263866881788, "completeness_score": 0.6203782952345543, "fowlkes_mallows_score": 0.7472575798275399, "homogeneity_score": 0.6187410151081432, "v_measure_score": 0.6195585734812363}, "classification": {"f1_score": 0.8402120083536013, "hamming_loss": 0.15, "jaccard_score": 0.7328667507356033, "accuracy_score": 0.85, "recall_score": 0.8394323541382365, "precision_score": 0.8418311403508771}, "time": 0.005}, "RandomForestClassifier": {"clustering": {"adjusted_mutual_info_score": 0.7859511209535941, "adjusted_rand_score": 0.8289790099262403, "completeness_score": 0.7900756783580877, "fowlkes_mallows_score": 0.8719248998383878, "homogeneity_score": 0.7889893171461804, "v_measure_score": 0.7895321240560904}, "classification": {"f1_score": 0.92624426999427, "hamming_loss": 0.07, "jaccard_score": 0.8650018553491374, "accuracy_score": 0.93, "recall_score": 0.9255234144940027, "precision_score": 0.9280225162768266}, "time": 0.321}, "LinearSVC": {"clustering": {"adjusted_mutual_info_score": 0.6957822539841395, "adjusted_rand_score": 0.7200518539274782, "completeness_score": 0.6999712797987444, "fowlkes_mallows_score": 0.7899859870600211, "homogeneity_score": 0.7017511152554452, "v_measure_score": 0.700860067555046}, "classification": {"f1_score": 0.8754416231633357, "hamming_loss": 0.12, "jaccard_score": 0.7825044029365535, "accuracy_score": 0.88, "recall_score": 0.8766579281285163, "precision_score": 0.8754372031831601}, "time": 0.048}, "LogisticRegression": {"clustering": {"adjusted_mutual_info_score": 0.7215113048902523, "adjusted_rand_score": 0.7460587914082474, "completeness_score": 0.7248089053105808, "fowlkes_mallows_score": 0.8093989460455595, "homogeneity_score": 0.7275090537951727, "v_measure_score": 0.7261564694958355}, "classification": {"f1_score": 0.8925002264600891, "hamming_loss": 0.105,