{"clustering_alg": {"affinity_propagation": {"clustering": {"adjusted_mutual_info_score": 0.3425203547087805, "adjusted_rand_score": 0.03375323001737572, "completeness_score": 0.22559400432153054, "fowlkes_mallows_score": 0.14274562952640715, "homogeneity_score": 0.8072713681249833, "v_measure_score": 0.3526414678382803}, "classification": {"f1_score": 0.0002408924005178083, "hamming_loss": 0.9952, "jaccard_score": 0.00012258109899923155, "accuracy_score": 0.0048, "recall_score": 0.0001226651562576911, "precision_score": 0.006658946149392009}, "found_clusters": 157, "expected_clusters": 4, "time": 59.9963}, "agglomerative": {"clustering": {"adjusted_mutual_info_score": 0.458498809111356, "adjusted_rand_score": 0.34954378568503014, "completeness_score": 0.48725953273005257, "fowlkes_mallows_score": 0.5401697616467782, "homogeneity_score": 0.43360874716802816, "v_measure_score": 0.45887126344745166}, "classification": {"f1_score": 0.6408091900848724, "hamming_loss": 0.3464, "jaccard_score": 0.47869045260102394, "accuracy_score": 0.6536, "recall_score": 0.6539849824859143, "precision_score": 0.7283350253549761}, "found_clusters": 4, "expected_clusters": 4, "time": 1.4249}, "birch": {"clustering": {"adjusted_mutual_info_score": 0.2742933015818893, "adjusted_rand_score": 0.18721465522007166, "completeness_score": 0.32161874448839145, "fowlkes_mallows_score": 0.44168169914697386, "homogeneity_score": 0.2396570026066233, "v_measure_score": 0.2746535359317611}, "classification": {"f1_score": 0.23198758651796747, "hamming_loss": 0.7058, "jaccard_score": 0.15114827933151065, "accuracy_score": 0.2942, "recall_score": 0.29470179875361346, "precision_score": 0.20158430703738245}, "found_clusters": 3, "expected_clusters": 4, "time": 0.9202}, "dbscan": {"clustering": {"adjusted_mutual_info_score": 0.19999822961884295, "adjusted_rand_score": 0.05552745567076602, "completeness_score": 0.23883290216345612, "fowlkes_mallows_score": 0.4265628088617411, "homogeneity_score": 0.19318008354333518, "v_measure_score": 0.21359432016771604}, "classification": {"f1_score": 0.0004165177737571439, "hamming_loss": 0.9968, "jaccard_score": 0.00020959021783922157, "accuracy_score": 0.0032, "recall_score": 0.00020959021783922157, "precision_score": 0.03278688524590164}, "found_clusters": 61, "expected_clusters": 4, "time": 0.068}, "k_means": {"clustering": {"adjusted_mutual_info_score": 0.3555280113923887, "adjusted_rand_score": 0.3055848612610856, "completeness_score": 0.3563658838909534, "fowlkes_mallows_score": 0.4796518531668426, "homogeneity_score": 0.35552961282073803, "v_measure_score": 0.35594725716766845}, "classification": {"f1_score": 0.6201186098359048, "hamming_loss": 0.3802, "jaccard_score": 0.4540945638458763, "accuracy_score": 0.6198, "recall_score": 0.6200902865829702, "precision_score": 0.6222903442442502}, "found_clusters": 4, "expected_clusters": 4, "time": 0.154}, "mini_batch_k_means": {"clustering": {"adjusted_mutual_info_score": 0.37000461132195156, "adjusted_rand_score": 0.3373531580013842, "completeness_score": 0.3718630771028763, "fowlkes_mallows_score": 0.5047300532860151, "homogeneity_score": 0.3689792638223561, "v_measure_score": 0.37041555767661744}, "classification": {"f1_score": 0.6472081282067423, "hamming_loss": 0.352, "jaccard_score": 0.48658059924020913, "accuracy_score": 0.648, "recall_score": 0.6484269035569441, "precision_score": 0.6527191104003405}, "found_clusters": 4, "expected_clusters": 4, "time": 0.062}, "mean_shift": {"clustering": {"adjusted_mutual_info_score": -1.5376541131187617e-18, "adjusted_rand_score": 0.0, "completeness_score": 1.0, "fowlkes_mallows_score": 0.4998541895814903, "homogeneity_score": 6.406892167013344e-16, "v_measure_score": 1.2813784334026681e-15}, "classification": {"f1_score": 0.09974383605507524, "hamming_loss": 0.7508, "jaccard_score": 0.0623, "accuracy_score": 0.2492, "recall_score": 0.25, "precision_score": 0.0623}, "found_clusters": 1, "expected_clusters": 4, "time": 41.8232}, "optics": {"clustering": {"adjusted_mutual_info_score": 0.12071362861878801, "adjusted_rand_score": 0.0008886490217426225, "completeness_score": 0.17194765473187557, "fowlkes_mallows_score": 0.4315622663127171, "homogeneity_score": 0.12751098280331394, "v_measure_score": 0.14643233954478876}, "classification": {"f1_score": 0.00017630365208562285, "hamming_loss": 0.9978, "jaccard_score": 8.856746480044041e-05, "accuracy_score": 0.0022, "recall_score": 8.86381193899885e-05, "precision_score": 0.01691919191919192}, "found_clusters": 99, "expected_clusters": 4, "time": 5.0989}, "spectral_clustering": {"clustering": {"adjusted_mutual_info_score": 0.5322579488682975, "adjusted_rand_score": 0.38119899234430316, "completeness_score": 0.5851501116263992, "fowlkes_mallows_score": 0.5772536574607521, "homogeneity_score": 0.48869281174554347, "v_measure_score": 0.5325893519808153}, "classification": {"f1_score": 0.6869922135728741, "hamming_loss": 0.306, "jaccard_score": 0.5458884970340527, "accuracy_score": 0.694, "recall_score": 0.6937066289014038, "precision_score": 0.8428805100453953}, "found_clusters": 4, "expected_clusters": 4, "time": 5.0371}, "gaussian_mixture_model": {"clustering": {"adjusted_mutual_info_score": 0.8726295223144888, "adjusted_rand_score": 0.912686776089118, "completeness_score": 0.872796343818078, "fowlkes_mallows_score": 0.9345081617718622, "homogeneity_score": 0.8726282532178784, "v_measure_score": 0.8727122904241167}, "classification": {"f1_score": 0.9663310639895923, "hamming_loss": 0.0336, "jaccard_score": 0.9349592928075855, "accuracy_score": 0.9664, "recall_score": 0.9663649681399952, "precision_score": 0.9665332115853833}, "found_clusters": 4, "expected_clusters": 4, "time": 0.065}}, "classification_alg": {"KNeighborsClassifier": {"clustering": {"adjusted_mutual_info_score": 0.7420873236931101, "adjusted_rand_score": 0.7885167745827429, "completeness_score": 0.7421032287102846, "fowlkes_mallows_score": 0.8414440119069081, "homogeneity_score": 0.7437572014671427, "v_measure_score": 0.7429292945359401}, "classification": {"f1_score": 0.9160455316287579, "hamming_loss": 0.084, "jaccard_score": 0.84551574350611, "accuracy_score": 0.916, "recall_score": 0.9182015671329662, "precision_score": 0.9158444716109126}, "time": 0.042}, "DecisionTreeClassifier": {"clustering": {"adjusted_mutual_info_score": 0.5975404832880002, "adjusted_rand_score": 0.6513498512206829, "completeness_score": 0.5984206459843077, "fowlkes_mallows_score": 0.7386946581134771, "homogeneity_score": 0.5992897014508358, "v_measure_score": 0.5988548584253954}, "classification": {"f1_score": 0.8551164918624867, "hamming_loss": 0.145, "jaccard_score": 0.7475904360113078, "accuracy_score": 0.855, "recall_score": 0.8560657866327495, "precision_score": 0.8546181460895157}, "time": 0.017}, "RandomForestClassifier": {"clustering": {"adjusted_mutual_info_score": 0.7544735812627409, "adjusted_rand_score": 0.8002881782594014, "completeness_score": 0.7548056289255468, "fowlkes_mallows_score": 0.8503363672874859, "homogeneity_score": 0.7557459962456062, "v_measure_score": 0.7552755198810168}, "classification": {"f1_score": 0.9208189776115544, "hamming_loss": 0.079, "jaccard_score": 0.8535354666468797, "accuracy_score": 0.921, "recall_score": 0.9223929403657185, "precision_score": 0.921169480204965}, "time": 0.606}, "LinearSVC": {"clustering": {"adjusted_mutual_info_score": 0.5107501940791873, "adjusted_rand_score": 0.5264637376011355, "completeness_score": 0.5120370228878618, "fowlkes_mallows_score": 0.6451323174611686, "homogeneity_score": 0.5126597703976875, "v_measure_score": 0.5123482074090113}, "classification": {"f1_score": 0.7872442413501151, "hamming_loss": 0.212, "jaccard_score": 0.6518049220256513, "accuracy_score": 0.788, "recall_score": 0.7899145283673977, "precision_score": 0.7902743853355916}, "time": 0.243}, "LogisticRegression": {"clustering": {"adjusted_mutual_info_score": 0.5396401613578976, "adjusted_rand_score": 0.560358607206402,