{"clustering_alg": {"affinity_propagation": {"clustering": {"adjusted_mutual_info_score": 0.4138719838947713, "adjusted_rand_score": 0.16778503735551073, "completeness_score": 0.3045445740660871, "fowlkes_mallows_score": 0.32111685274687907, "homogeneity_score": 0.7013032126916879, "v_measure_score": 0.42467278053831764}, "classification": {"f1_score": 0.006641929499072357, "hamming_loss": 0.974, "jaccard_score": 0.003575514874141876, "accuracy_score": 0.026, "recall_score": 0.0037017643710870805, "precision_score": 0.035201149425287355}, "found_clusters": 28, "expected_clusters": 4, "time": 9.7646}, "agglomerative": {"clustering": {"adjusted_mutual_info_score": 0.5488809765667181, "adjusted_rand_score": 0.5228060407773245, "completeness_score": 0.5616137703655931, "fowlkes_mallows_score": 0.649077448405133, "homogeneity_score": 0.5395900623965535, "v_measure_score": 0.5503816829881831}, "classification": {"f1_score": 0.7941765634944793, "hamming_loss": 0.204, "jaccard_score": 0.6615741654857592, "accuracy_score": 0.796, "recall_score": 0.7959944479111666, "precision_score": 0.8339615355635925}, "found_clusters": 4, "expected_clusters": 4, "time": 0.053}, "birch": {"clustering": {"adjusted_mutual_info_score": 0.41144983581711786, "adjusted_rand_score": 0.3305272736834512, "completeness_score": 0.5091132014803882, "fowlkes_mallows_score": 0.5569372683116107, "homogeneity_score": 0.3473749196680823, "v_measure_score": 0.41297282028632576}, "classification": {"f1_score": 0.46465678638092434, "hamming_loss": 0.447, "jaccard_score": 0.3389107844198701, "accuracy_score": 0.553, "recall_score": 0.5531592985487768, "precision_score": 0.500220598217114}, "found_clusters": 3, "expected_clusters": 4, "time": 0.018}, "dbscan": {"clustering": {"adjusted_mutual_info_score": 0.0211131372903875, "adjusted_rand_score": 0.0007470757649087168, "completeness_score": 0.19018896102522118, "fowlkes_mallows_score": 0.4908959365818066, "homogeneity_score": 0.012367914099822566, "v_measure_score": 0.023225484015216336}, "classification": {"f1_score": 0.08090982940698618, "hamming_loss": 0.751, "jaccard_score": 0.050712830957230136, "accuracy_score": 0.249, "recall_score": 0.2, "precision_score": 0.050712830957230136}, "found_clusters": 2, "expected_clusters": 4, "time": 0.013}, "k_means": {"clustering": {"adjusted_mutual_info_score": 0.5749169549756725, "adjusted_rand_score": 0.5518866367273951, "completeness_score": 0.5910760465612287, "fowlkes_mallows_score": 0.6716132171746387, "homogeneity_score": 0.5623175173192013, "v_measure_score": 0.5763382516735027}, "classification": {"f1_score": 0.7903059148235395, "hamming_loss": 0.2, "jaccard_score": 0.6611158351487119, "accuracy_score": 0.8, "recall_score": 0.800214915438647, "precision_score": 0.8396077801658473}, "found_clusters": 4, "expected_clusters": 4, "time": 0.042}, "mini_batch_k_means": {"clustering": {"adjusted_mutual_info_score": 0.5776553350777425, "adjusted_rand_score": 0.5528200091861682, "completeness_score": 0.5940868201423436, "fowlkes_mallows_score": 0.6724266927346871, "homogeneity_score": 0.5647897679782526, "v_measure_score": 0.5790679710792733}, "classification": {"f1_score": 0.790262169836174, "hamming_loss": 0.2, "jaccard_score": 0.661626331044686, "accuracy_score": 0.8, "recall_score": 0.800210931374902, "precision_score": 0.8401137224886126}, "found_clusters": 4, "expected_clusters": 4, "time": 0.031}, "mean_shift": {"clustering": {"adjusted_mutual_info_score": 0.0, "adjusted_rand_score": 0.0, "completeness_score": 1.0, "fowlkes_mallows_score": 0.4992506897854536, "homogeneity_score": 0.0, "v_measure_score": 0.0}, "classification": {"f1_score": 0.09967974379503602, "hamming_loss": 0.751, "jaccard_score": 0.06225, "accuracy_score": 0.249, "recall_score": 0.25, "precision_score": 0.06225}, "found_clusters": 1, "expected_clusters": 4, "time": 10.3051}, "optics": {"clustering": {"adjusted_mutual_info_score": 0.22421233217039582, "adjusted_rand_score": 0.014192918150403489, "completeness_score": 0.19886012791348848, "fowlkes_mallows_score": 0.2614375240242568, "homogeneity_score": 0.3854226051908939, "v_measure_score": 0.26235650730865745}, "classification": {"f1_score": 0.0006734913793103449, "hamming_loss": 0.995, "jaccard_score": 0.00034345377112240694, "accuracy_score": 0.005, "recall_score": 0.00034345377112240694, "precision_score": 0.017241379310344827}, "found_clusters": 58, "expected_clusters": 4, "time": 1.1296}, "spectral_clustering": {"clustering": {"adjusted_mutual_info_score": 0.47694812505923767, "adjusted_rand_score": 0.39780637590908097, "completeness_score": 0.5136780365479553, "fowlkes_mallows_score": 0.5748718362626138, "homogeneity_score": 0.4483110549721763, "v_measure_score": 0.47877370858114504}, "classification": {"f1_score": 0.6787947950782642, "hamming_loss": 0.295, "jaccard_score": 0.5263522292609177, "accuracy_score": 0.705, "recall_score": 0.7054181346901551, "precision_score": 0.8073363968417113}, "found_clusters": 4, "expected_clusters": 4, "time": 0.3156}, "gaussian_mixture_model": {"clustering": {"adjusted_mutual_info_score": 0.6527692811314982, "adjusted_rand_score": 0.6787352742960346, "completeness_score": 0.6590105010012728, "fowlkes_mallows_score": 0.7605433629516076, "homogeneity_score": 0.6488882092003612, "v_measure_score": 0.653910185098391}, "classification": {"f1_score": 0.8569299976632605, "hamming_loss": 0.138, "jaccard_score": 0.7552932950079153, "accuracy_score": 0.862, "recall_score": 0.8620633610137762, "precision_score": 0.8714334180766196}, "found_clusters": 4, "expected_clusters": 4, "time": 0.024}}, "classification_alg": {"KNeighborsClassifier": {"clustering": {"adjusted_mutual_info_score": 0.6112437865999089, "adjusted_rand_score": 0.6277157122723199, "completeness_score": 0.6164609553190915, "fowlkes_mallows_score": 0.7200844997954096, "homogeneity_score": 0.618968953493765, "v_measure_score": 0.6177124087116871}, "classification": {"f1_score": 0.8464048086911522, "hamming_loss": 0.155, "jaccard_score": 0.7365229337858434, "accuracy_score": 0.845, "recall_score": 0.8551700282049918, "precision_score": 0.8475838371355089}, "time": 0.009}, "DecisionTreeClassifier": {"clustering": {"adjusted_mutual_info_score": 0.5544321257383334, "adjusted_rand_score": 0.5699521381443655, "completeness_score": 0.5606249103344013, "fowlkes_mallows_score": 0.6766082466809756, "homogeneity_score": 0.5630700091897405, "v_measure_score": 0.5618447995611977}, "classification": {"f1_score": 0.8162297714494412, "hamming_loss": 0.185, "jaccard_score": 0.6931198573399919, "accuracy_score": 0.815, "recall_score": 0.8232309793695564, "precision_score": 0.8154939860559608}, "time": 0.002}, "RandomForestClassifier": {"clustering": {"adjusted_mutual_info_score": 0.6213045028689613, "adjusted_rand_score": 0.6204424302400136, "completeness_score": 0.6263323897326161, "fowlkes_mallows_score": 0.7146155035944317, "homogeneity_score": 0.6288841867162916, "v_measure_score": 0.6276056943820971}, "classification": {"f1_score": 0.8414192885406903, "hamming_loss": 0.16, "jaccard_score": 0.728861838389327, "accuracy_score": 0.84, "recall_score": 0.8512100453921005, "precision_score": 0.8413105808361081}, "time": 0.3169}, "LinearSVC": {"clustering": {"adjusted_mutual_info_score": 0.5373259070154618, "adjusted_rand_score": 0.51690923773686, "completeness_score": 0.5443677254401319, "fowlkes_mallows_score": 0.6370288204659177, "homogeneity_score": 0.545697345056385, "v_measure_score": 0.545031724338721}, "classification": {"f1_score": 0.7895458578688392, "hamming_loss": 0.215, "jaccard_score": 0.6596687596687597, "accuracy_score": 0.785, "recall_score": 0.7952903478221449, "precision_score": 0.7931922387784921}, "time": 0.023}, "LogisticRegression": {"clustering": {"adjusted_mutual_info_score": 0.5634490527998418, "adjusted_rand_score": 0.5565691797497856, "completeness_score": 0.5697153187150158, "fowlkes_mallows_score": 0.6666745313131518, "homogeneity_score": 0.5717186324713196,