{"clustering_alg": {"affinity_propagation": {"clustering": {"adjusted_mutual_info_score": 0.0, "adjusted_rand_score": 0.0, "completeness_score": 1.0, "fowlkes_mallows_score": 0.4992506897854536, "homogeneity_score": 0.0, "v_measure_score": 0.0}, "classification": {"f1_score": 0.0, "hamming_loss": 1.0, "jaccard_score": 0.0, "accuracy_score": 0.0, "recall_score": 0.0, "precision_score": 0.0}, "found_clusters": 1, "expected_clusters": 4, "time": 8.0035}, "agglomerative": {"clustering": {"adjusted_mutual_info_score": 0.5166134366650706, "adjusted_rand_score": 0.4535935389458835, "completeness_score": 0.5272010511439613, "fowlkes_mallows_score": 0.5966822811847418, "homogeneity_score": 0.5095334090731691, "v_measure_score": 0.5182166874246285}, "classification": {"f1_score": 0.7394220004817283, "hamming_loss": 0.26, "jaccard_score": 0.5869419162605897, "accuracy_score": 0.74, "recall_score": 0.7399730235683771, "precision_score": 0.7726240665035278}, "found_clusters": 4, "expected_clusters": 4, "time": 0.0342}, "birch": {"clustering": {"adjusted_mutual_info_score": 0.39939175409265965, "adjusted_rand_score": 0.30860177744787154, "completeness_score": 0.4873585628514096, "fowlkes_mallows_score": 0.5380368278967055, "homogeneity_score": 0.34053843090244157, "v_measure_score": 0.40092987782881645}, "classification": {"f1_score": 0.2173401255725711, "hamming_loss": 0.709, "jaccard_score": 0.15267948924148445, "accuracy_score": 0.291, "recall_score": 0.2901434262948207, "precision_score": 0.17422550898824016}, "found_clusters": 3, "expected_clusters": 4, "time": 0.021}, "dbscan": {"clustering": {"adjusted_mutual_info_score": 0.005253618391994845, "adjusted_rand_score": 5.138686997249289e-05, "completeness_score": 0.13287403950811366, "fowlkes_mallows_score": 0.495803301010124, "homogeneity_score": 0.003997689254854027, "v_measure_score": 0.007761853010719846}, "classification": {"f1_score": 0.10242785957953687, "hamming_loss": 0.753, "jaccard_score": 0.06332587049098196, "accuracy_score": 0.247, "recall_score": 0.24699203187250995, "precision_score": 0.13311034383541936}, "found_clusters": 2, "expected_clusters": 4, "time": 0.007}, "k_means": {"clustering": {"adjusted_mutual_info_score": 0.38374153261434274, "adjusted_rand_score": 0.3041234514189999, "completeness_score": 0.38741554818690455, "fowlkes_mallows_score": 0.4795804764268969, "homogeneity_score": 0.3841169532911719, "v_measure_score": 0.38575919936513925}, "classification": {"f1_score": 0.5878560134915022, "hamming_loss": 0.406, "jaccard_score": 0.42113639385679147, "accuracy_score": 0.594, "recall_score": 0.5940957935326965, "precision_score": 0.5886560104280338}, "found_clusters": 4, "expected_clusters": 4, "time": 0.031}, "mini_batch_k_means": {"clustering": {"adjusted_mutual_info_score": 0.48667641958331787, "adjusted_rand_score": 0.4547721859170553, "completeness_score": 0.4911918009076324, "fowlkes_mallows_score": 0.5930146405236195, "homogeneity_score": 0.48555985673305446, "v_measure_score": 0.48835959194224987}, "classification": {"f1_score": 0.736797522879653, "hamming_loss": 0.262, "jaccard_score": 0.5846812129876213, "accuracy_score": 0.738, "recall_score": 0.7379933278932462, "precision_score": 0.7465402016758252}, "found_clusters": 4, "expected_clusters": 4, "time": 0.029}, "mean_shift": {"clustering": {"adjusted_mutual_info_score": 0.0, "adjusted_rand_score": 0.0, "completeness_score": 1.0, "fowlkes_mallows_score": 0.4992506897854536, "homogeneity_score": 0.0, "v_measure_score": 0.0}, "classification": {"f1_score": 0.1, "hamming_loss": 0.75, "jaccard_score": 0.0625, "accuracy_score": 0.25, "recall_score": 0.25, "precision_score": 0.0625}, "found_clusters": 1, "expected_clusters": 4, "time": 8.5024}, "optics": {"clustering": {"adjusted_mutual_info_score": 0.254802093305427, "adjusted_rand_score": 0.014102568922110467, "completeness_score": 0.22328621807212995, "fowlkes_mallows_score": 0.27154858841826, "homogeneity_score": 0.41531667487487917, "v_measure_score": 0.2904292813556021}, "classification": {"f1_score": 0.0008489564909798373, "hamming_loss": 0.994, "jaccard_score": 0.0004346251358203549, "accuracy_score": 0.006, "recall_score": 0.0004346251358203549, "precision_score": 0.01818181818181818}, "found_clusters": 55, "expected_clusters": 4, "time": 0.606}, "spectral_clustering": {"clustering": {"adjusted_mutual_info_score": 0.5367036411321593, "adjusted_rand_score": 0.4778309123828868, "completeness_score": 0.556765020106284, "fowlkes_mallows_score": 0.6208281846144131, "homogeneity_score": 0.5209559384863186, "v_measure_score": 0.5382655709778532}, "classification": {"f1_score": 0.7334060013512995, "hamming_loss": 0.259, "jaccard_score": 0.5868722392663314, "accuracy_score": 0.741, "recall_score": 0.7407326037216596, "precision_score": 0.7934873780262677}, "found_clusters": 4, "expected_clusters": 4, "time": 0.35}, "gaussian_mixture_model": {"clustering": {"adjusted_mutual_info_score": 0.784668599372472, "adjusted_rand_score": 0.8263034205728761, "completeness_score": 0.7856774033786939, "fowlkes_mallows_score": 0.8696449146497359, "homogeneity_score": 0.7850644452757941, "v_measure_score": 0.7853708047284582}, "classification": {"f1_score": 0.930703016378382, "hamming_loss": 0.069, "jaccard_score": 0.8711929076034326, "accuracy_score": 0.931, "recall_score": 0.9310591849469592, "precision_score": 0.9313744711434349}, "found_clusters": 4, "expected_clusters": 4, "time": 0.0261}}, "classification_alg": {"KNeighborsClassifier": {"clustering": {"adjusted_mutual_info_score": 0.6755563121106667, "adjusted_rand_score": 0.6984149224090741, "completeness_score": 0.678903323285426, "fowlkes_mallows_score": 0.774053534459799, "homogeneity_score": 0.6830655180962276, "v_measure_score": 0.6809780608296035}, "classification": {"f1_score": 0.8724452746973044, "hamming_loss": 0.125, "jaccard_score": 0.775789124668435, "accuracy_score": 0.875, "recall_score": 0.8797294745927284, "precision_score": 0.871579974182949}, "time": 0.007}, "DecisionTreeClassifier": {"clustering": {"adjusted_mutual_info_score": 0.6077177438269742, "adjusted_rand_score": 0.6259746842888142, "completeness_score": 0.6135799668959351, "fowlkes_mallows_score": 0.7202820311195465, "homogeneity_score": 0.614996394021595, "v_measure_score": 0.6142873639585189}, "classification": {"f1_score": 0.8460859910875881, "hamming_loss": 0.155, "jaccard_score": 0.7337114189583548, "accuracy_score": 0.845, "recall_score": 0.8478901445679146, "precision_score": 0.845665260238993}, "time": 0.001}, "RandomForestClassifier": {"clustering": {"adjusted_mutual_info_score": 0.6409957426516013, "adjusted_rand_score": 0.6696634119528285, "completeness_score": 0.6448943860202752, "fowlkes_mallows_score": 0.752462890528892, "homogeneity_score": 0.6491066822396689, "v_measure_score": 0.6469936780925718}, "classification": {"f1_score": 0.864972813971511, "hamming_loss": 0.135, "jaccard_score": 0.7630247722431147, "accuracy_score": 0.865, "recall_score": 0.8707411802783471, "precision_score": 0.862340799297321}, "time": 0.2006}, "LinearSVC": {"clustering": {"adjusted_mutual_info_score": 0.5994813583064831, "adjusted_rand_score": 0.6141073193211101, "completeness_score": 0.6042950716100931, "fowlkes_mallows_score": 0.7108619475810093, "homogeneity_score": 0.6080646916271082, "v_measure_score": 0.6061740211325043}, "classification": {"f1_score": 0.8335338795016214, "hamming_loss": 0.165, "jaccard_score": 0.7170210580380072, "accuracy_score": 0.835, "recall_score": 0.8400825331750998, "precision_score": 0.831040609831758}, "time": 0.013}, "LogisticRegression": {"clustering": {"adjusted_mutual_info_score": 0.6233829100466957, "adjusted_rand_score": 0.6414414221635155, "completeness_score": 0.6277580866795791, "fowlkes_mallows_score": 0.7313623374530829, "homogeneity_score": 0.6316067222086733, "v_measure_score": 0.6296765237035611}, "classification": {"f1_score": 0.849004527451632, "hamming_loss": 0.15, "jaccard_score": 0.7387850840138928,