{"clustering_alg": {"affinity_propagation": {"clustering": {"adjusted_mutual_info_score": 0.34407390496652696, "adjusted_rand_score": 0.06678616475142518, "completeness_score": 0.24779966029672812, "fowlkes_mallows_score": 0.19486633672921655, "homogeneity_score": 0.7196121434550127, "v_measure_score": 0.3686530265642971}, "classification": {"f1_score": 0.004023720630523147, "hamming_loss": 0.966, "jaccard_score": 0.002100807757267109, "accuracy_score": 0.034, "recall_score": 0.0021531872008062483, "precision_score": 0.03373015873015873}, "found_clusters": 63, "expected_clusters": 4, "time": 3.2972}, "agglomerative": {"clustering": {"adjusted_mutual_info_score": 0.3071922042305327, "adjusted_rand_score": 0.2440991027898361, "completeness_score": 0.3214012761431798, "fowlkes_mallows_score": 0.45228410406636804, "homogeneity_score": 0.29851594035942985, "v_measure_score": 0.3095361820143875}, "classification": {"f1_score": 0.5108864853693131, "hamming_loss": 0.469, "jaccard_score": 0.3534646574926389, "accuracy_score": 0.531, "recall_score": 0.5319339477726575, "precision_score": 0.5465879179566057}, "found_clusters": 4, "expected_clusters": 4, "time": 0.1022}, "birch": {"clustering": {"adjusted_mutual_info_score": 0.14824094564811818, "adjusted_rand_score": 0.10294196035789456, "completeness_score": 0.17281452937194222, "fowlkes_mallows_score": 0.3709370946687588, "homogeneity_score": 0.13302510267432321, "v_measure_score": 0.15033153394482165}, "classification": {"f1_score": 0.20753973962909772, "hamming_loss": 0.754, "jaccard_score": 0.1289326375711575, "accuracy_score": 0.246, "recall_score": 0.24713709677419354, "precision_score": 0.1816647200623151}, "found_clusters": 3, "expected_clusters": 4, "time": 0.1736}, "dbscan": {"clustering": {"adjusted_mutual_info_score": 0.015149291472688637, "adjusted_rand_score": 0.0002921569825266247, "completeness_score": 0.2453551644870517, "fowlkes_mallows_score": 0.4949983052420765, "homogeneity_score": 0.009089088686472497, "v_measure_score": 0.017528828589310066}, "classification": {"f1_score": 0.0, "hamming_loss": 1.0, "jaccard_score": 0.0, "accuracy_score": 0.0, "recall_score": 0.0, "precision_score": 0.0}, "found_clusters": 2, "expected_clusters": 4, "time": 0.011}, "k_means": {"clustering": {"adjusted_mutual_info_score": 0.23897903557827715, "adjusted_rand_score": 0.19090312452604946, "completeness_score": 0.24317321134774908, "fowlkes_mallows_score": 0.39641361616135884, "homogeneity_score": 0.23980538539522817, "v_measure_score": 0.2414775563898325}, "classification": {"f1_score": 0.4517716119797468, "hamming_loss": 0.546, "jaccard_score": 0.30594770467207477, "accuracy_score": 0.454, "recall_score": 0.45438709677419353, "precision_score": 0.4617781883491316}, "found_clusters": 4, "expected_clusters": 4, "time": 0.1138}, "mini_batch_k_means": {"clustering": {"adjusted_mutual_info_score": 0.23536946405352094, "adjusted_rand_score": 0.18389339955662826, "completeness_score": 0.23829654028698, "fowlkes_mallows_score": 0.3883062126171573, "homogeneity_score": 0.23743821287653646, "v_measure_score": 0.2378666022784951}, "classification": {"f1_score": 0.4441091976280843, "hamming_loss": 0.556, "jaccard_score": 0.2974770013905559, "accuracy_score": 0.444, "recall_score": 0.44433038914490525, "precision_score": 0.44715571014032796}, "found_clusters": 4, "expected_clusters": 4, "time": 0.052}, "mean_shift": {"clustering": {"adjusted_mutual_info_score": 0.002429216270321695, "adjusted_rand_score": 1.64018563984172e-05, "completeness_score": 0.11372594235171703, "fowlkes_mallows_score": 0.4967765058433065, "homogeneity_score": 0.0025824441468898433, "v_measure_score": 0.0050502101012164105}, "classification": {"f1_score": 0.10564100137239127, "hamming_loss": 0.749, "jaccard_score": 0.0652877482651352, "accuracy_score": 0.251, "recall_score": 0.253, "precision_score": 0.21231155778894473}, "found_clusters": 2, "expected_clusters": 4, "time": 8.6326}, "optics": {"clustering": {"adjusted_mutual_info_score": 0.14199948915492225, "adjusted_rand_score": 0.004104878328622635, "completeness_score": 0.20919290198534454, "fowlkes_mallows_score": 0.4181023261319957, "homogeneity_score": 0.14984955331346733, "v_measure_score": 0.1746170262386548}, "classification": {"f1_score": 0.002396840208696469, "hamming_loss": 0.992, "jaccard_score": 0.0012283464566929135, "accuracy_score": 0.008, "recall_score": 0.0012307692307692308, "precision_score": 0.04615384615384615}, "found_clusters": 26, "expected_clusters": 4, "time": 1.2047}, "spectral_clustering": {"clustering": {"adjusted_mutual_info_score": 0.004373581405398175, "adjusted_rand_score": -1.3110948287602937e-05, "completeness_score": 0.19200065977760536, "fowlkes_mallows_score": 0.4962513357399141, "homogeneity_score": 0.005992875874657721, "v_measure_score": 0.011622966559074369}, "classification": {"f1_score": 0.10838757695480991, "hamming_loss": 0.746, "jaccard_score": 0.06686139056561591, "accuracy_score": 0.254, "recall_score": 0.253984126984127, "precision_score": 0.5628772635814889}, "found_clusters": 4, "expected_clusters": 4, "time": 3.6028}, "gaussian_mixture_model": {"clustering": {"adjusted_mutual_info_score": 0.9052109333743246, "adjusted_rand_score": 0.937104026497793, "completeness_score": 0.9055680996188128, "fowlkes_mallows_score": 0.9527836439949614, "homogeneity_score": 0.9054717869104888, "v_measure_score": 0.9055199407036532}, "classification": {"f1_score": 0.9759694664597313, "hamming_loss": 0.024, "jaccard_score": 0.9531628143351454, "accuracy_score": 0.976, "recall_score": 0.9759912954429084, "precision_score": 0.9760822106531326}, "found_clusters": 4, "expected_clusters": 4, "time": 0.049}}, "classification_alg": {"KNeighborsClassifier": {"clustering": {"adjusted_mutual_info_score": 0.6997401271318493, "adjusted_rand_score": 0.7368960958452524, "completeness_score": 0.7054458829059579, "fowlkes_mallows_score": 0.8019540395860644, "homogeneity_score": 0.7040147527388476, "v_measure_score": 0.7047295912559761}, "classification": {"f1_score": 0.8959249250290008, "hamming_loss": 0.105, "jaccard_score": 0.8132342390816967, "accuracy_score": 0.895, "recall_score": 0.894835868309588, "precision_score": 0.8991065052611654}, "time": 0.0171}, "DecisionTreeClassifier": {"clustering": {"adjusted_mutual_info_score": 0.37704108179080703, "adjusted_rand_score": 0.41262534039900006, "completeness_score": 0.38782837118611313, "fowlkes_mallows_score": 0.5579058821292567, "homogeneity_score": 0.38696082305212615, "v_measure_score": 0.3873941114129622}, "classification": {"f1_score": 0.7353497634960965, "hamming_loss": 0.265, "jaccard_score": 0.5824489489546196, "accuracy_score": 0.735, "recall_score": 0.7348569663714541, "precision_score": 0.739015812653373}, "time": 0.005}, "RandomForestClassifier": {"clustering": {"adjusted_mutual_info_score": 0.5590373606309498, "adjusted_rand_score": 0.6065474087713355, "completeness_score": 0.5664368507053247, "fowlkes_mallows_score": 0.7036056807210199, "homogeneity_score": 0.5662780075414134, "v_measure_score": 0.5663574179859012}, "classification": {"f1_score": 0.8348048790473285, "hamming_loss": 0.165, "jaccard_score": 0.718502824858757, "accuracy_score": 0.835, "recall_score": 0.8359490919009113, "precision_score": 0.8361914210128496}, "time": 0.362}, "LinearSVC": {"clustering": {"adjusted_mutual_info_score": 0.4126177117886635, "adjusted_rand_score": 0.43008033027996, "completeness_score": 0.4252709651044044, "fowlkes_mallows_score": 0.5732368697836427, "homogeneity_score": 0.41965070908704283, "v_measure_score": 0.422442144666197}, "classification": {"f1_score": 0.735543837391844, "hamming_loss": 0.26, "jaccard_score": 0.5843464596426825, "accuracy_score": 0.74, "recall_score": 0.7412101302785264, "precision_score": 0.7456120002490969}, "time": 0.065}, "LogisticRegression": {"clustering": {"adjusted_mutual_info_score": 0.4104577520408162, "adjusted_rand_score": 0.4420519333843606, "completeness_score": 0.42133480536292056,