{"clustering_alg": {"affinity_propagation": {"clustering": {"adjusted_mutual_info_score": 0.24798892879054096, "adjusted_rand_score": 0.017885449051360525, "completeness_score": 0.16532800190125616, "fowlkes_mallows_score": 0.09834171589991224, "homogeneity_score": 0.6196083038301361, "v_measure_score": 0.2610112491566103}, "classification": {"f1_score": 0.00020312881731870041, "hamming_loss": 0.9954, "jaccard_score": 0.00010252797111581357, "accuracy_score": 0.0046, "recall_score": 0.00010482554667135224, "precision_score": 0.0032648510909380475}, "found_clusters": 182, "expected_clusters": 4, "time": 45.384}, "agglomerative": {"clustering": {"adjusted_mutual_info_score": 0.2876196076924569, "adjusted_rand_score": 0.21855908393048779, "completeness_score": 0.30581734198894406, "fowlkes_mallows_score": 0.44508965252900806, "homogeneity_score": 0.27234570312987344, "v_measure_score": 0.28811263444266494}, "classification": {"f1_score": 0.5049178869894999, "hamming_loss": 0.4632, "jaccard_score": 0.3563607339794809, "accuracy_score": 0.5368, "recall_score": 0.580722267899054, "precision_score": 0.5581973002244544}, "found_clusters": 4, "expected_clusters": 4, "time": 1.0572}, "birch": {"clustering": {"adjusted_mutual_info_score": 0.26347153158281933, "adjusted_rand_score": 0.24049515115360381, "completeness_score": 0.29739789955999973, "fowlkes_mallows_score": 0.46390444062454156, "homogeneity_score": 0.23706937912066356, "v_measure_score": 0.2638288187614334}, "classification": {"f1_score": 0.3914242727850601, "hamming_loss": 0.5446, "jaccard_score": 0.2805572124358727, "accuracy_score": 0.4554, "recall_score": 0.4727087292789771, "precision_score": 0.3379353701679093}, "found_clusters": 3, "expected_clusters": 4, "time": 0.098}, "dbscan": {"clustering": {"adjusted_mutual_info_score": 1.8116678946192883e-15, "adjusted_rand_score": 0.0, "completeness_score": 1.0, "fowlkes_mallows_score": 0.5042121438216214, "homogeneity_score": 4.836100943045648e-16, "v_measure_score": 9.672201886091293e-16}, "classification": {"f1_score": 0.11210240496508922, "hamming_loss": 0.711, "jaccard_score": 0.07225, "accuracy_score": 0.289, "recall_score": 0.25, "precision_score": 0.07225}, "found_clusters": 1, "expected_clusters": 4, "time": 0.416}, "k_means": {"clustering": {"adjusted_mutual_info_score": 0.40792161747387556, "adjusted_rand_score": 0.36558486524092054, "completeness_score": 0.4096709637462422, "fowlkes_mallows_score": 0.5283473777372858, "homogeneity_score": 0.4069582627353189, "v_measure_score": 0.4083101076790543}, "classification": {"f1_score": 0.6193418766113397, "hamming_loss": 0.3762, "jaccard_score": 0.47473027510717425, "accuracy_score": 0.6238, "recall_score": 0.6597323098986649, "precision_score": 0.6107312139090079}, "found_clusters": 4, "expected_clusters": 4, "time": 0.187}, "mini_batch_k_means": {"clustering": {"adjusted_mutual_info_score": 0.360423382495082, "adjusted_rand_score": 0.33238617443170143, "completeness_score": 0.36087101431587615, "fowlkes_mallows_score": 0.5021346899694027, "homogeneity_score": 0.3608123434500743, "v_measure_score": 0.3608416764980854}, "classification": {"f1_score": 0.6288915584420426, "hamming_loss": 0.369, "jaccard_score": 0.47883337531026665, "accuracy_score": 0.631, "recall_score": 0.6570653947542663, "precision_score": 0.6203666726931448}, "found_clusters": 4, "expected_clusters": 4, "time": 0.056}, "mean_shift": {"clustering": {"adjusted_mutual_info_score": 1.8116678946192883e-15, "adjusted_rand_score": 0.0, "completeness_score": 1.0, "fowlkes_mallows_score": 0.5042121438216214, "homogeneity_score": 4.836100943045648e-16, "v_measure_score": 9.672201886091293e-16}, "classification": {"f1_score": 0.11210240496508922, "hamming_loss": 0.711, "jaccard_score": 0.07225, "accuracy_score": 0.289, "recall_score": 0.25, "precision_score": 0.07225}, "found_clusters": 1, "expected_clusters": 4, "time": 63.1587}, "optics": {"clustering": {"adjusted_mutual_info_score": 0.09657820947904856, "adjusted_rand_score": 0.006409702345819071, "completeness_score": 0.14373338288304827, "fowlkes_mallows_score": 0.440262500353394, "homogeneity_score": 0.10449283897153006, "v_measure_score": 0.12101146381892307}, "classification": {"f1_score": 0.00016592878638177198, "hamming_loss": 0.9978, "jaccard_score": 8.359551928016658e-05, "accuracy_score": 0.0022, "recall_score": 8.365337085060269e-05, "precision_score": 0.010073260073260072}, "found_clusters": 91, "expected_clusters": 4, "time": 7.0294}, "spectral_clustering": {"clustering": {"adjusted_mutual_info_score": 0.40194102138789445, "adjusted_rand_score": 0.36109718689495224, "completeness_score": 0.4034676817529007, "fowlkes_mallows_score": 0.5247999337640701, "homogeneity_score": 0.4012051500675264, "v_measure_score": 0.40233323508353164}, "classification": {"f1_score": 0.613406861359901, "hamming_loss": 0.3828, "jaccard_score": 0.47007563019756093, "accuracy_score": 0.6172, "recall_score": 0.653642597979684, "precision_score": 0.6033252322695188}, "found_clusters": 4, "expected_clusters": 4, "time": 4.7816}, "gaussian_mixture_model": {"clustering": {"adjusted_mutual_info_score": 0.4483788607721918, "adjusted_rand_score": 0.39717224723353545, "completeness_score": 0.4493807102077783, "fowlkes_mallows_score": 0.5510278768022614, "homogeneity_score": 0.4481013486724644, "v_measure_score": 0.4487401175745738}, "classification": {"f1_score": 0.6395040067036232, "hamming_loss": 0.3572, "jaccard_score": 0.5006045738055833, "accuracy_score": 0.6428, "recall_score": 0.6797487116158683, "precision_score": 0.626040019594014}, "found_clusters": 4, "expected_clusters": 4, "time": 0.06}}, "classification_alg": {"KNeighborsClassifier": {"clustering": {"adjusted_mutual_info_score": 0.48297930630300817, "adjusted_rand_score": 0.5073338422180923, "completeness_score": 0.4845970487141507, "fowlkes_mallows_score": 0.6306656154568813, "homogeneity_score": 0.4847376619803908, "v_measure_score": 0.4846673451484764}, "classification": {"f1_score": 0.7760807531208643, "hamming_loss": 0.225, "jaccard_score": 0.6418775670132009, "accuracy_score": 0.775, "recall_score": 0.7798255007121517, "precision_score": 0.7739816764057678}, "time": 0.055}, "DecisionTreeClassifier": {"clustering": {"adjusted_mutual_info_score": 0.4014895863184613, "adjusted_rand_score": 0.40029666110267026, "completeness_score": 0.40456190565958244, "fowlkes_mallows_score": 0.5516313441972583, "homogeneity_score": 0.4023431703455102, "v_measure_score": 0.4034494875902114}, "classification": {"f1_score": 0.7250061315091132, "hamming_loss": 0.283, "jaccard_score": 0.5759535841528279, "accuracy_score": 0.717, "recall_score": 0.7199275503594169, "precision_score": 0.73212135980708}, "time": 0.019}, "RandomForestClassifier": {"clustering": {"adjusted_mutual_info_score": 0.5033612321722809, "adjusted_rand_score": 0.5246509907346907, "completeness_score": 0.5052807678481448, "fowlkes_mallows_score": 0.6438961458910796, "homogeneity_score": 0.5046874651291331, "v_measure_score": 0.504983942221714}, "classification": {"f1_score": 0.7892910279790206, "hamming_loss": 0.214, "jaccard_score": 0.6597593004133372, "accuracy_score": 0.786, "recall_score": 0.7902486706956461, "precision_score": 0.7891583027583697}, "time": 0.6992}, "LinearSVC": {"clustering": {"adjusted_mutual_info_score": 0.4466117725752796, "adjusted_rand_score": 0.4588222592629547, "completeness_score": 0.44994996017983313, "fowlkes_mallows_score": 0.595646076262232, "homogeneity_score": 0.44691053865402836, "v_measure_score": 0.4484250991827396}, "classification": {"f1_score": 0.7319896474001001, "hamming_loss": 0.266, "jaccard_score": 0.5927924066298813, "accuracy_score": 0.734, "recall_score": 0.7412181178454557, "precision_score": 0.7301390679028568}, "time": 0.02}, "LogisticRegression": {"clustering": {"adjusted_mutual_info_score": 0.4251749197801445, "adjusted_rand_score": 0.4121450105028284, "completeness_score": 0.42794387384026705,