{"clustering_alg": {"affinity_propagation": {"clustering": {"adjusted_mutual_info_score": -3.1931847437453177e-16, "adjusted_rand_score": 0.0, "completeness_score": 1.0, "fowlkes_mallows_score": 0.49985194847482467, "homogeneity_score": 1.6017178690653025e-16, "v_measure_score": 3.2034357381306045e-16}, "classification": {"f1_score": 0.0, "hamming_loss": 1.0, "jaccard_score": 0.0, "accuracy_score": 0.0, "recall_score": 0.0, "precision_score": 0.0}, "found_clusters": 1, "expected_clusters": 4, "time": 147.9636}, "agglomerative": {"clustering": {"adjusted_mutual_info_score": 0.5996340790676176, "adjusted_rand_score": 0.5311387011898978, "completeness_score": 0.6116798173737062, "fowlkes_mallows_score": 0.6556393049022599, "homogeneity_score": 0.588563884137594, "v_measure_score": 0.5998992516415271}, "classification": {"f1_score": 0.7817178824502099, "hamming_loss": 0.2202, "jaccard_score": 0.6518912443667757, "accuracy_score": 0.7798, "recall_score": 0.7801631921105053, "precision_score": 0.8179279118690893}, "found_clusters": 4, "expected_clusters": 4, "time": 0.635}, "birch": {"clustering": {"adjusted_mutual_info_score": 0.33691035696852606, "adjusted_rand_score": 0.28004000889217145, "completeness_score": 0.4074084848102518, "fowlkes_mallows_score": 0.5156010673402563, "homogeneity_score": 0.28770100773387725, "v_measure_score": 0.33724710393535673}, "classification": {"f1_score": 0.12785227040514222, "hamming_loss": 0.8482, "jaccard_score": 0.07371027456881502, "accuracy_score": 0.1518, "recall_score": 0.15212665500771888, "precision_score": 0.12862950580001917}, "found_clusters": 3, "expected_clusters": 4, "time": 0.082}, "dbscan": {"clustering": {"adjusted_mutual_info_score": -5.753888748930787e-05, "adjusted_rand_score": 6.521692025145382e-07, "completeness_score": 0.0420170146699726, "fowlkes_mallows_score": 0.4993527359172675, "homogeneity_score": 0.00023966065295587488, "v_measure_score": 0.00047660281335944665}, "classification": {"f1_score": 0.07978212111502722, "hamming_loss": 0.751, "jaccard_score": 0.04982989793876326, "accuracy_score": 0.249, "recall_score": 0.1996792301523657, "precision_score": 0.049849849849849845}, "found_clusters": 2, "expected_clusters": 4, "time": 0.083}, "k_means": {"clustering": {"adjusted_mutual_info_score": 0.4305201581775149, "adjusted_rand_score": 0.30600010143047623, "completeness_score": 0.43120618373452685, "fowlkes_mallows_score": 0.4797559947609151, "homogeneity_score": 0.4305751858732384, "v_measure_score": 0.43089045379500096}, "classification": {"f1_score": 0.5156160184405141, "hamming_loss": 0.4842, "jaccard_score": 0.3479113362462663, "accuracy_score": 0.5158, "recall_score": 0.515877409927615, "precision_score": 0.5163911823086833}, "found_clusters": 4, "expected_clusters": 4, "time": 0.116}, "mini_batch_k_means": {"clustering": {"adjusted_mutual_info_score": 0.5546611579881975, "adjusted_rand_score": 0.5321212177705364, "completeness_score": 0.5583196144074102, "fowlkes_mallows_score": 0.6510116825507491, "homogeneity_score": 0.5516253084875914, "v_measure_score": 0.5549522740801712}, "classification": {"f1_score": 0.7932533778691395, "hamming_loss": 0.2094, "jaccard_score": 0.6602088310553729, "accuracy_score": 0.7906, "recall_score": 0.7905265415692282, "precision_score": 0.8091565887175973}, "found_clusters": 4, "expected_clusters": 4, "time": 0.028}, "mean_shift": {"clustering": {"adjusted_mutual_info_score": -3.1931847437453177e-16, "adjusted_rand_score": 0.0, "completeness_score": 1.0, "fowlkes_mallows_score": 0.49985194847482467, "homogeneity_score": 1.6017178690653025e-16, "v_measure_score": 3.2034357381306045e-16}, "classification": {"f1_score": 0.09980790779574196, "hamming_loss": 0.7506, "jaccard_score": 0.06235, "accuracy_score": 0.2494, "recall_score": 0.25, "precision_score": 0.06235}, "found_clusters": 1, "expected_clusters": 4, "time": 91.655}, "optics": {"clustering": {"adjusted_mutual_info_score": 0.18659215948254396, "adjusted_rand_score": 0.0033274295858610014, "completeness_score": 0.1574619360641899, "fowlkes_mallows_score": 0.2650211000505615, "homogeneity_score": 0.38327991189190247, "v_measure_score": 0.22321925779974625}, "classification": {"f1_score": 4.720796215069929e-05, "hamming_loss": 0.9982, "jaccard_score": 2.3714605161309905e-05, "accuracy_score": 0.0018, "recall_score": 2.3845467042624003e-05, "precision_score": 0.002869757174392936}, "found_clusters": 302, "expected_clusters": 4, "time": 3.3257}, "spectral_clustering": {"clustering": {"adjusted_mutual_info_score": 0.5364527359448307, "adjusted_rand_score": 0.4792460544682469, "completeness_score": 0.552558369904258, "fowlkes_mallows_score": 0.618961641827914, "homogeneity_score": 0.5218448325197766, "v_measure_score": 0.5367626033681261}, "classification": {"f1_score": 0.7273421290753187, "hamming_loss": 0.2646, "jaccard_score": 0.5838337057438573, "accuracy_score": 0.7354, "recall_score": 0.7350292204462872, "precision_score": 0.7900969886965873}, "found_clusters": 4, "expected_clusters": 4, "time": 2.9801}, "gaussian_mixture_model": {"clustering": {"adjusted_mutual_info_score": 0.6637443265044028, "adjusted_rand_score": 0.6743505045897924, "completeness_score": 0.6671129741610463, "fowlkes_mallows_score": 0.7568693098215097, "homogeneity_score": 0.6608443114702006, "v_measure_score": 0.6639638471093321}, "classification": {"f1_score": 0.8662570756978945, "hamming_loss": 0.1352, "jaccard_score": 0.7663657715592058, "accuracy_score": 0.8648, "recall_score": 0.8648734172387287, "precision_score": 0.8781233835898411}, "found_clusters": 4, "expected_clusters": 4, "time": 0.043}}, "classification_alg": {"KNeighborsClassifier": {"clustering": {"adjusted_mutual_info_score": 0.652302861909059, "adjusted_rand_score": 0.6808212389753455, "completeness_score": 0.6539798312476355, "fowlkes_mallows_score": 0.7606450033602163, "homogeneity_score": 0.6528963889582488, "v_measure_score": 0.6534376609987439}, "classification": {"f1_score": 0.8698330932000994, "hamming_loss": 0.132, "jaccard_score": 0.7719339944546326, "accuracy_score": 0.868, "recall_score": 0.8686102124703715, "precision_score": 0.8719591821161374}, "time": 0.027}, "DecisionTreeClassifier": {"clustering": {"adjusted_mutual_info_score": 0.5274948091644528, "adjusted_rand_score": 0.5432942779289163, "completeness_score": 0.5291208194119283, "fowlkes_mallows_score": 0.6572993180115919, "homogeneity_score": 0.5289509974502835, "v_measure_score": 0.5290358948027784}, "classification": {"f1_score": 0.7985149876161647, "hamming_loss": 0.203, "jaccard_score": 0.669095141334889, "accuracy_score": 0.797, "recall_score": 0.7988348950262758, "precision_score": 0.7986622055262032}, "time": 0.008}, "RandomForestClassifier": {"clustering": {"adjusted_mutual_info_score": 0.6135961226898439, "adjusted_rand_score": 0.6390386400115873, "completeness_score": 0.6153940535366185, "fowlkes_mallows_score": 0.7293232406500402, "homogeneity_score": 0.6143214955135984, "v_measure_score": 0.6148573067825017}, "classification": {"f1_score": 0.8500564958751462, "hamming_loss": 0.152, "jaccard_score": 0.7419968668698002, "accuracy_score": 0.848, "recall_score": 0.8487885941723443, "precision_score": 0.8523067232085055}, "time": 0.36}, "LinearSVC": {"clustering": {"adjusted_mutual_info_score": 0.5627874094615041, "adjusted_rand_score": 0.5688541859220656, "completeness_score": 0.5646008335224019, "fowlkes_mallows_score": 0.6766332595218015, "homogeneity_score": 0.5638280058565087, "v_measure_score": 0.5642141550460058}, "classification": {"f1_score": 0.8135683353306811, "hamming_loss": 0.189, "jaccard_score": 0.6895986963487404, "accuracy_score": 0.811, "recall_score": 0.8123404580588673, "precision_score": 0.8155124812444997}, "time": 0.088}, "LogisticRegression": {"clustering": {"adjusted_mutual_info_score": 0.5552172733256144, "adjusted_rand_score": 0.5620493667290565, "completeness_score": 0.5568920324898584, "fowlkes_mallows_score": 0.6714439270715574,