{"clustering_alg": {"affinity_propagation": {"clustering": {"adjusted_mutual_info_score": 0.45942098886305577, "adjusted_rand_score": 0.18672958786272692, "completeness_score": 0.33899593609764034, "fowlkes_mallows_score": 0.341734443841229, "homogeneity_score": 0.7598449584899989, "v_measure_score": 0.4688292076880762}, "classification": {"f1_score": 0.017240401899066535, "hamming_loss": 0.936, "jaccard_score": 0.009557101197982346, "accuracy_score": 0.064, "recall_score": 0.009846153846153846, "precision_score": 0.07493694829760404}, "found_clusters": 26, "expected_clusters": 4, "time": 6.7678}, "agglomerative": {"clustering": {"adjusted_mutual_info_score": 0.5887066503894595, "adjusted_rand_score": 0.5124998220068231, "completeness_score": 0.60904954498347, "fowlkes_mallows_score": 0.6460746157569657, "homogeneity_score": 0.5722755396891281, "v_measure_score": 0.5900901649767838}, "classification": {"f1_score": 0.7786538191365183, "hamming_loss": 0.223, "jaccard_score": 0.6497639806037091, "accuracy_score": 0.777, "recall_score": 0.777, "precision_score": 0.8410862393019375}, "found_clusters": 4, "expected_clusters": 4, "time": 0.0378}, "birch": {"clustering": {"adjusted_mutual_info_score": 0.5109480501907633, "adjusted_rand_score": 0.42292941077457785, "completeness_score": 0.5981678376789485, "fowlkes_mallows_score": 0.606166035508982, "homogeneity_score": 0.4477814580402531, "v_measure_score": 0.5121633861314293}, "classification": {"f1_score": 0.06775483485777158, "hamming_loss": 0.912, "jaccard_score": 0.03738310271511325, "accuracy_score": 0.088, "recall_score": 0.088, "precision_score": 0.0553469746962833}, "found_clusters": 3, "expected_clusters": 4, "time": 0.026}, "dbscan": {"clustering": {"adjusted_mutual_info_score": -0.002663335837789865, "adjusted_rand_score": -1.603739844027605e-05, "completeness_score": 0.0, "fowlkes_mallows_score": 0.49724165898516093, "homogeneity_score": 0.0, "v_measure_score": 0.0}, "classification": {"f1_score": 0.07993579454253612, "hamming_loss": 0.751, "jaccard_score": 0.04994984954864594, "accuracy_score": 0.249, "recall_score": 0.1992, "precision_score": 0.05}, "found_clusters": 2, "expected_clusters": 4, "time": 0.015}, "k_means": {"clustering": {"adjusted_mutual_info_score": 0.5877376976006053, "adjusted_rand_score": 0.5617630956539166, "completeness_score": 0.5928711965557195, "fowlkes_mallows_score": 0.6729515959414417, "homogeneity_score": 0.585357446578934, "v_measure_score": 0.5890903633827067}, "classification": {"f1_score": 0.8142845358799904, "hamming_loss": 0.19, "jaccard_score": 0.69011843882816, "accuracy_score": 0.81, "recall_score": 0.8099999999999999, "precision_score": 0.8338529851277339}, "found_clusters": 4, "expected_clusters": 4, "time": 0.048}, "mini_batch_k_means": {"clustering": {"adjusted_mutual_info_score": 0.5861737240210405, "adjusted_rand_score": 0.55562897679312, "completeness_score": 0.5916197596937516, "fowlkes_mallows_score": 0.6685638147688481, "homogeneity_score": 0.5835008427017613, "v_measure_score": 0.5875322543687806}, "classification": {"f1_score": 0.8105499955305383, "hamming_loss": 0.194, "jaccard_score": 0.6854793688007067, "accuracy_score": 0.806, "recall_score": 0.8059999999999999, "precision_score": 0.8313194906622965}, "found_clusters": 4, "expected_clusters": 4, "time": 0.025}, "mean_shift": {"clustering": {"adjusted_mutual_info_score": 0.0, "adjusted_rand_score": 0.0, "completeness_score": 1.0, "fowlkes_mallows_score": 0.49924868477468143, "homogeneity_score": 0.0, "v_measure_score": 0.0}, "classification": {"f1_score": 0.1, "hamming_loss": 0.75, "jaccard_score": 0.0625, "accuracy_score": 0.25, "recall_score": 0.25, "precision_score": 0.0625}, "found_clusters": 1, "expected_clusters": 4, "time": 12.4361}, "optics": {"clustering": {"adjusted_mutual_info_score": 0.23347359365723194, "adjusted_rand_score": 0.00846124739930894, "completeness_score": 0.21730993413360877, "fowlkes_mallows_score": 0.2939003749304985, "homogeneity_score": 0.3740003207513264, "v_measure_score": 0.27489455627396364}, "classification": {"f1_score": 0.0006605892456070815, "hamming_loss": 0.995, "jaccard_score": 0.00033674568965517244, "accuracy_score": 0.005, "recall_score": 0.0003448275862068966, "precision_score": 0.007836990595611285}, "found_clusters": 58, "expected_clusters": 4, "time": 0.8922}, "spectral_clustering": {"clustering": {"adjusted_mutual_info_score": 0.531109472096578, "adjusted_rand_score": 0.48222302932103156, "completeness_score": 0.5407875731882107, "fowlkes_mallows_score": 0.6171306845050823, "homogeneity_score": 0.5247759653281041, "v_measure_score": 0.5326614706663799}, "classification": {"f1_score": 0.7807911978921938, "hamming_loss": 0.226, "jaccard_score": 0.6455345213967383, "accuracy_score": 0.774, "recall_score": 0.7739999999999999, "precision_score": 0.8180890045358957}, "found_clusters": 4, "expected_clusters": 4, "time": 0.311}, "gaussian_mixture_model": {"clustering": {"adjusted_mutual_info_score": 0.7283152665950798, "adjusted_rand_score": 0.7469883328362291, "completeness_score": 0.730235291547006, "fowlkes_mallows_score": 0.8103118846774866, "homogeneity_score": 0.72817196539881, "v_measure_score": 0.7292021688961081}, "classification": {"f1_score": 0.8934987004039415, "hamming_loss": 0.107, "jaccard_score": 0.8134362700190011, "accuracy_score": 0.893, "recall_score": 0.893, "precision_score": 0.8972155957546439}, "found_clusters": 4, "expected_clusters": 4, "time": 0.021}}, "classification_alg": {"KNeighborsClassifier": {"clustering": {"adjusted_mutual_info_score": 0.749779112353653, "adjusted_rand_score": 0.7877191751991316, "completeness_score": 0.7521945971729755, "fowlkes_mallows_score": 0.8407464231460778, "homogeneity_score": 0.755721468939608, "v_measure_score": 0.7539539085480589}, "classification": {"f1_score": 0.9051244933731324, "hamming_loss": 0.09, "jaccard_score": 0.8301547987616099, "accuracy_score": 0.91, "recall_score": 0.908306159744867, "precision_score": 0.9041077044025158}, "time": 0.006}, "DecisionTreeClassifier": {"clustering": {"adjusted_mutual_info_score": 0.6456319256260027, "adjusted_rand_score": 0.6888041260575111, "completeness_score": 0.6519182706814106, "fowlkes_mallows_score": 0.7671432891506377, "homogeneity_score": 0.6512103848943255, "v_measure_score": 0.6515641355189447}, "classification": {"f1_score": 0.8435888413466952, "hamming_loss": 0.145, "jaccard_score": 0.7408166201703353, "accuracy_score": 0.855, "recall_score": 0.842776006019995, "precision_score": 0.8461340586514985}, "time": 0.002}, "RandomForestClassifier": {"clustering": {"adjusted_mutual_info_score": 0.7832547296175745, "adjusted_rand_score": 0.8205832317230172, "completeness_score": 0.7853820721448325, "fowlkes_mallows_score": 0.8654529346068582, "homogeneity_score": 0.7883693213168587, "v_measure_score": 0.7868728615760514}, "classification": {"f1_score": 0.9209010758555753, "hamming_loss": 0.075, "jaccard_score": 0.8562563323201622, "accuracy_score": 0.925, "recall_score": 0.9229028559142867, "precision_score": 0.9206879192001505}, "time": 0.3025}, "LinearSVC": {"clustering": {"adjusted_mutual_info_score": 0.6268599905516478, "adjusted_rand_score": 0.6411624400019386, "completeness_score": 0.6308424611017118, "fowlkes_mallows_score": 0.7305021324931893, "homogeneity_score": 0.6353272738888431, "v_measure_score": 0.6330769248217244}, "classification": {"f1_score": 0.8413505535185883, "hamming_loss": 0.155, "jaccard_score": 0.7305915427408707, "accuracy_score": 0.845, "recall_score": 0.8456820869315942, "precision_score": 0.8457852564102565}, "time": 0.011}, "LogisticRegression": {"clustering": {"adjusted_mutual_info_score": 0.7113339489272972, "adjusted_rand_score": 0.7470521936083677, "completeness_score": 0.7142086157359083, "fowlkes_mallows_score": 0.8101751933159422, "homogeneity_score": 0.7180980505252701, "v_measure_score": 0.7161480522423072}, "classification": {"f1_score": 0.8839701111436579, "hamming_loss": 0.11,