{"clustering_alg": {"affinity_propagation": {"clustering": {"adjusted_mutual_info_score": 0.4470065450223279, "adjusted_rand_score": 0.17599741396433743, "completeness_score": 0.3276401696385627, "fowlkes_mallows_score": 0.3332493115648182, "homogeneity_score": 0.7541133911423896, "v_measure_score": 0.4568098471933496}, "classification": {"f1_score": 0.0012740849753358954, "hamming_loss": 0.995, "jaccard_score": 0.0006446950436468943, "accuracy_score": 0.005, "recall_score": 0.000738974786559548, "precision_score": 0.00470281602357074}, "found_clusters": 27, "expected_clusters": 4, "time": 5.4712}, "agglomerative": {"clustering": {"adjusted_mutual_info_score": 0.5504015221719778, "adjusted_rand_score": 0.5058439870501513, "completeness_score": 0.5597160952959963, "fowlkes_mallows_score": 0.6339605518164754, "homogeneity_score": 0.5442762770956369, "v_measure_score": 0.5518882198764734}, "classification": {"f1_score": 0.7511819494832311, "hamming_loss": 0.241, "jaccard_score": 0.6054151957438005, "accuracy_score": 0.759, "recall_score": 0.7606977813046967, "precision_score": 0.7736959927246561}, "found_clusters": 4, "expected_clusters": 4, "time": 0.026}, "birch": {"clustering": {"adjusted_mutual_info_score": 0.4151115131570828, "adjusted_rand_score": 0.3532972534056136, "completeness_score": 0.4797876099110157, "fowlkes_mallows_score": 0.5510153629802074, "homogeneity_score": 0.3680400726738721, "v_measure_score": 0.41654942495226593}, "classification": {"f1_score": 0.21645247012961907, "hamming_loss": 0.72, "jaccard_score": 0.15400427686943746, "accuracy_score": 0.28, "recall_score": 0.2781983881820849, "precision_score": 0.17728240148326022}, "found_clusters": 3, "expected_clusters": 4, "time": 0.018}, "dbscan": {"clustering": {"adjusted_mutual_info_score": 0.012282922137145408, "adjusted_rand_score": 9.092915462672083e-05, "completeness_score": 0.21903485574287404, "fowlkes_mallows_score": 0.4948642082739248, "homogeneity_score": 0.009019536237325454, "v_measure_score": 0.017325628342046873}, "classification": {"f1_score": 0.09005433498700684, "hamming_loss": 0.743, "jaccard_score": 0.05532229521708565, "accuracy_score": 0.257, "recall_score": 0.2024570723840243, "precision_score": 0.2506559031281534}, "found_clusters": 3, "expected_clusters": 4, "time": 0.009}, "k_means": {"clustering": {"adjusted_mutual_info_score": 0.5208132245911411, "adjusted_rand_score": 0.460460596071964, "completeness_score": 0.5236803547025773, "fowlkes_mallows_score": 0.595898627116977, "homogeneity_score": 0.5210847000541918, "v_measure_score": 0.5223793030060613}, "classification": {"f1_score": 0.7260794337562053, "hamming_loss": 0.274, "jaccard_score": 0.5735408602634873, "accuracy_score": 0.726, "recall_score": 0.7265738030183747, "precision_score": 0.7307635903961667}, "found_clusters": 4, "expected_clusters": 4, "time": 0.048}, "mini_batch_k_means": {"clustering": {"adjusted_mutual_info_score": 0.5243543387067235, "adjusted_rand_score": 0.4692072806689377, "completeness_score": 0.5263163890165529, "fowlkes_mallows_score": 0.6018196808859542, "homogeneity_score": 0.5254965129919653, "v_measure_score": 0.5259061314623071}, "classification": {"f1_score": 0.7337383421968877, "hamming_loss": 0.266, "jaccard_score": 0.5821085045201866, "accuracy_score": 0.734, "recall_score": 0.7346417961354561, "precision_score": 0.7345324740129895}, "found_clusters": 4, "expected_clusters": 4, "time": 0.024}, "mean_shift": {"clustering": {"adjusted_mutual_info_score": -3.15232631273641e-16, "adjusted_rand_score": 0.0, "completeness_score": 1.0, "fowlkes_mallows_score": 0.49928276886277906, "homogeneity_score": 0.0, "v_measure_score": 0.0}, "classification": {"f1_score": 0.10127591706539076, "hamming_loss": 0.746, "jaccard_score": 0.0635, "accuracy_score": 0.254, "recall_score": 0.25, "precision_score": 0.0635}, "found_clusters": 1, "expected_clusters": 4, "time": 7.5147}, "optics": {"clustering": {"adjusted_mutual_info_score": 0.23572973991863894, "adjusted_rand_score": 0.013893851861030862, "completeness_score": 0.21710226997426382, "fowlkes_mallows_score": 0.29307218210550734, "homogeneity_score": 0.37826214213627785, "v_measure_score": 0.2758699311972513}, "classification": {"f1_score": 0.0009390647308281611, "hamming_loss": 0.993, "jaccard_score": 0.00047705868353053175, "accuracy_score": 0.007, "recall_score": 0.0004851432782476944, "precision_score": 0.014759120022277918}, "found_clusters": 57, "expected_clusters": 4, "time": 0.496}, "spectral_clustering": {"clustering": {"adjusted_mutual_info_score": 0.5549538782987559, "adjusted_rand_score": 0.5067730025782278, "completeness_score": 0.5604119707553924, "fowlkes_mallows_score": 0.6321919793108101, "homogeneity_score": 0.5524752427459454, "v_measure_score": 0.556415305746429}, "classification": {"f1_score": 0.7561098844515456, "hamming_loss": 0.241, "jaccard_score": 0.612159539045346, "accuracy_score": 0.759, "recall_score": 0.7599247675921332, "precision_score": 0.7675745089228586}, "found_clusters": 4, "expected_clusters": 4, "time": 0.227}, "gaussian_mixture_model": {"clustering": {"adjusted_mutual_info_score": 0.7129227296110311, "adjusted_rand_score": 0.7394246075972292, "completeness_score": 0.7144628251730566, "fowlkes_mallows_score": 0.8045340010695613, "homogeneity_score": 0.713256958250023, "v_measure_score": 0.7138593824676907}, "classification": {"f1_score": 0.8914882440717129, "hamming_loss": 0.108, "jaccard_score": 0.8054911270166706, "accuracy_score": 0.892, "recall_score": 0.8926225838626285, "precision_score": 0.8930487092850155}, "found_clusters": 4, "expected_clusters": 4, "time": 0.018}}, "classification_alg": {"KNeighborsClassifier": {"clustering": {"adjusted_mutual_info_score": 0.70539336594714, "adjusted_rand_score": 0.7162234059540825, "completeness_score": 0.7097606410037582, "fowlkes_mallows_score": 0.7868842450163973, "homogeneity_score": 0.7108458813210314, "v_measure_score": 0.710302846639961}, "classification": {"f1_score": 0.8767908185888257, "hamming_loss": 0.12, "jaccard_score": 0.7836671802773498, "accuracy_score": 0.88, "recall_score": 0.8831827968006389, "precision_score": 0.8810344529684153}, "time": 0.006}, "DecisionTreeClassifier": {"clustering": {"adjusted_mutual_info_score": 0.6382122578869291, "adjusted_rand_score": 0.6542450216866565, "completeness_score": 0.6427254756207883, "fowlkes_mallows_score": 0.7399841230493461, "homogeneity_score": 0.6457419210838862, "v_measure_score": 0.6442301674351968}, "classification": {"f1_score": 0.8538353067762916, "hamming_loss": 0.145, "jaccard_score": 0.7470120392789884, "accuracy_score": 0.855, "recall_score": 0.8584592894570571, "precision_score": 0.8561764705882352}, "time": 0.002}, "RandomForestClassifier": {"clustering": {"adjusted_mutual_info_score": 0.693881101052375, "adjusted_rand_score": 0.6954950946107723, "completeness_score": 0.6976979627965109, "fowlkes_mallows_score": 0.7711096437605042, "homogeneity_score": 0.7002587853192354, "v_measure_score": 0.6989760285589863}, "classification": {"f1_score": 0.867440962394842, "hamming_loss": 0.13, "jaccard_score": 0.7693346872189654, "accuracy_score": 0.87, "recall_score": 0.8732249398050906, "precision_score": 0.868868343071437}, "time": 0.134}, "LinearSVC": {"clustering": {"adjusted_mutual_info_score": 0.6066200719423914, "adjusted_rand_score": 0.5773381589463987, "completeness_score": 0.6134108719940088, "fowlkes_mallows_score": 0.6828975087158391, "homogeneity_score": 0.6129578626412299, "v_measure_score": 0.613184283648871}, "classification": {"f1_score": 0.8078681880076665, "hamming_loss": 0.19, "jaccard_score": 0.6799567803918398, "accuracy_score": 0.81, "recall_score": 0.8161650588419196, "precision_score": 0.814859811849268}, "time": 0.016}, "LogisticRegression": {"clustering": {"adjusted_mutual_info_score": 0.6630577796071196, "adjusted_rand_score": 0.6452247507090829, "completeness_score": 0.6695889699126907, "fowlkes_mallows_score": 0.7340458803176255,