{"clustering_alg": {"affinity_propagation": {"clustering": {"adjusted_mutual_info_score": 0.26917108892186026, "adjusted_rand_score": 0.04891438891552245, "completeness_score": 0.1978039995398201, "fowlkes_mallows_score": 0.163239528338639, "homogeneity_score": 0.5710674338527508, "v_measure_score": 0.2938317578651433}, "classification": {"f1_score": 0.005639244945289944, "hamming_loss": 0.958, "jaccard_score": 0.0030305416657149496, "accuracy_score": 0.042, "recall_score": 0.00318824695620144, "precision_score": 0.025195396881505048}, "found_clusters": 56, "expected_clusters": 4, "time": 2.9034}, "agglomerative": {"clustering": {"adjusted_mutual_info_score": 0.3255926927673935, "adjusted_rand_score": 0.25753664107028795, "completeness_score": 0.3561721590175501, "fowlkes_mallows_score": 0.4905822080648995, "homogeneity_score": 0.30396396016518334, "v_measure_score": 0.32800356414247145}, "classification": {"f1_score": 0.4654725298010634, "hamming_loss": 0.467, "jaccard_score": 0.3374669449808007, "accuracy_score": 0.533, "recall_score": 0.4863952849867752, "precision_score": 0.5039565412458791}, "found_clusters": 4, "expected_clusters": 4, "time": 0.0621}, "birch": {"clustering": {"adjusted_mutual_info_score": 0.33281414326859876, "adjusted_rand_score": 0.2809093011941951, "completeness_score": 0.3885484966118435, "fowlkes_mallows_score": 0.5083442217121101, "homogeneity_score": 0.2936337831149051, "v_measure_score": 0.33448821048076527}, "classification": {"f1_score": 0.16495500509068522, "hamming_loss": 0.835, "jaccard_score": 0.1114357521851396, "accuracy_score": 0.165, "recall_score": 0.14464179398348906, "precision_score": 0.21571295611912686}, "found_clusters": 3, "expected_clusters": 4, "time": 0.024}, "dbscan": {"clustering": {"adjusted_mutual_info_score": 0.0013658507952945592, "adjusted_rand_score": -0.000571677710101148, "completeness_score": 0.10760320911142517, "fowlkes_mallows_score": 0.5059342762424683, "homogeneity_score": 0.0020516070071881845, "v_measure_score": 0.004026444174967023}, "classification": {"f1_score": 0.06408094435075887, "hamming_loss": 0.81, "jaccard_score": 0.03815261044176707, "accuracy_score": 0.19, "recall_score": 0.2, "precision_score": 0.03815261044176707}, "found_clusters": 2, "expected_clusters": 4, "time": 0.043}, "k_means": {"clustering": {"adjusted_mutual_info_score": 0.3781673257228267, "adjusted_rand_score": 0.3351747769275211, "completeness_score": 0.3918341057248876, "fowlkes_mallows_score": 0.5224507437751842, "homogeneity_score": 0.3693963594833621, "v_measure_score": 0.38028454927009575}, "classification": {"f1_score": 0.4940543942420431, "hamming_loss": 0.476, "jaccard_score": 0.3630816970874924, "accuracy_score": 0.524, "recall_score": 0.4915496424827638, "precision_score": 0.537292957933173}, "found_clusters": 4, "expected_clusters": 4, "time": 0.089}, "mini_batch_k_means": {"clustering": {"adjusted_mutual_info_score": 0.3082319274605159, "adjusted_rand_score": 0.2584471207342516, "completeness_score": 0.3113914206935645, "fowlkes_mallows_score": 0.45177364243704954, "homogeneity_score": 0.3096630240555016, "v_measure_score": 0.3105248173076635}, "classification": {"f1_score": 0.46135769583058, "hamming_loss": 0.524, "jaccard_score": 0.31118379078259795, "accuracy_score": 0.476, "recall_score": 0.4939551428480068, "precision_score": 0.46621816492586843}, "found_clusters": 4, "expected_clusters": 4, "time": 0.044}, "mean_shift": {"clustering": {"adjusted_mutual_info_score": 1.7013707359946056e-16, "adjusted_rand_score": 0.0, "completeness_score": 1.0, "fowlkes_mallows_score": 0.5083821913211088, "homogeneity_score": 1.6234453587695957e-16, "v_measure_score": 3.246890717539191e-16}, "classification": {"f1_score": 0.07983193277310925, "hamming_loss": 0.81, "jaccard_score": 0.0475, "accuracy_score": 0.19, "recall_score": 0.25, "precision_score": 0.0475}, "found_clusters": 1, "expected_clusters": 4, "time": 9.7877}, "optics": {"clustering": {"adjusted_mutual_info_score": 0.11433250544910785, "adjusted_rand_score": 0.0045704096862315136, "completeness_score": 0.21411467019975414, "fowlkes_mallows_score": 0.45384901457072846, "homogeneity_score": 0.10512388374190569, "v_measure_score": 0.1410140812856133}, "classification": {"f1_score": 0.00414102005510862, "hamming_loss": 0.992, "jaccard_score": 0.0021254531169347824, "accuracy_score": 0.008, "recall_score": 0.0021304867904281804, "precision_score": 0.07777777777777778}, "found_clusters": 18, "expected_clusters": 4, "time": 1.1716}, "spectral_clustering": {"clustering": {"adjusted_mutual_info_score": 0.3643828722008261, "adjusted_rand_score": 0.3224755445513215, "completeness_score": 0.3782793490611072, "fowlkes_mallows_score": 0.5136727789494484, "homogeneity_score": 0.3555270115807366, "v_measure_score": 0.3665504518024829}, "classification": {"f1_score": 0.5155048456415752, "hamming_loss": 0.458, "jaccard_score": 0.37666357152517127, "accuracy_score": 0.542, "recall_score": 0.5101809807269783, "precision_score": 0.5679905810987091}, "found_clusters": 4, "expected_clusters": 4, "time": 3.0989}, "gaussian_mixture_model": {"clustering": {"adjusted_mutual_info_score": 0.4636215885180207, "adjusted_rand_score": 0.46474777504101455, "completeness_score": 0.4680431764324687, "fowlkes_mallows_score": 0.6049998047641816, "homogeneity_score": 0.462795880207087, "v_measure_score": 0.4654047383743622}, "classification": {"f1_score": 0.7475336464884138, "hamming_loss": 0.248, "jaccard_score": 0.5995471274431738, "accuracy_score": 0.752, "recall_score": 0.755327363440123, "precision_score": 0.7743151943753761}, "found_clusters": 4, "expected_clusters": 4, "time": 0.0555}}, "classification_alg": {"KNeighborsClassifier": {"clustering": {"adjusted_mutual_info_score": 0.4647448192777335, "adjusted_rand_score": 0.4810960713505826, "completeness_score": 0.4723491805649197, "fowlkes_mallows_score": 0.612177458184386, "homogeneity_score": 0.4750873878275809, "v_measure_score": 0.4737143273197356}, "classification": {"f1_score": 0.7571684981684981, "hamming_loss": 0.24, "jaccard_score": 0.614444545540857, "accuracy_score": 0.76, "recall_score": 0.7589057841383422, "precision_score": 0.7570833333333333}, "time": 0.01}, "DecisionTreeClassifier": {"clustering": {"adjusted_mutual_info_score": 0.29489177574563097, "adjusted_rand_score": 0.3007954958035245, "completeness_score": 0.306454566686828, "fowlkes_mallows_score": 0.47844303721200176, "homogeneity_score": 0.30701421457224526, "v_measure_score": 0.30673413535513205}, "classification": {"f1_score": 0.6376220678546259, "hamming_loss": 0.355, "jaccard_score": 0.46969948449582133, "accuracy_score": 0.645, "recall_score": 0.6380492375841212, "precision_score": 0.6374025651927437}, "time": 0.005}, "RandomForestClassifier": {"clustering": {"adjusted_mutual_info_score": 0.5032441396706856, "adjusted_rand_score": 0.498388929678768, "completeness_score": 0.5104241546012969, "fowlkes_mallows_score": 0.6253002119779147, "homogeneity_score": 0.5127306271473918, "v_measure_score": 0.5115747911623062}, "classification": {"f1_score": 0.7667260232877448, "hamming_loss": 0.23, "jaccard_score": 0.6243269755959013, "accuracy_score": 0.77, "recall_score": 0.7691072493398075, "precision_score": 0.7669241677862368}, "time": 0.3155}, "LinearSVC": {"clustering": {"adjusted_mutual_info_score": 0.47526317808257934, "adjusted_rand_score": 0.47598684241537703, "completeness_score": 0.4928717975907729, "fowlkes_mallows_score": 0.6158682621634681, "homogeneity_score": 0.47595988430743585, "v_measure_score": 0.48426823387955503}, "classification": {"f1_score": 0.7307298282118426, "hamming_loss": 0.255, "jaccard_score": 0.5875957938032322, "accuracy_score": 0.745, "recall_score": 0.7271398756282477, "precision_score": 0.7498842736745963}, "time": 0.006}, "LogisticRegression": {"clustering": {"adjusted_mutual_info_score": 0.5038233149505801, "adjusted_rand_score": 0.49458397739668003, "completeness_score": 0.5144234991603621,