{"clustering_alg": {"affinity_propagation": {"clustering": {"adjusted_mutual_info_score": -1.281370601507323e-15, "adjusted_rand_score": 0.0, "completeness_score": 1.0, "fowlkes_mallows_score": 0.4998499474782395, "homogeneity_score": 6.40685300762983e-16, "v_measure_score": 1.2813706015259653e-15}, "classification": {"f1_score": 0.0, "hamming_loss": 1.0, "jaccard_score": 0.0, "accuracy_score": 0.0, "recall_score": 0.0, "precision_score": 0.0}, "found_clusters": 1, "expected_clusters": 4, "time": 148.9186}, "agglomerative": {"clustering": {"adjusted_mutual_info_score": 0.7505238476468066, "adjusted_rand_score": 0.6982361366080315, "completeness_score": 0.762691532919945, "fowlkes_mallows_score": 0.7772879091292478, "homogeneity_score": 0.7390574371905958, "v_measure_score": 0.7506885117361399}, "classification": {"f1_score": 0.8330689052650032, "hamming_loss": 0.1602, "jaccard_score": 0.742055443576403, "accuracy_score": 0.8398, "recall_score": 0.8398, "precision_score": 0.8593741694956555}, "found_clusters": 4, "expected_clusters": 4, "time": 0.7285}, "birch": {"clustering": {"adjusted_mutual_info_score": 0.6365585012837253, "adjusted_rand_score": 0.5641653126907036, "completeness_score": 0.7239327777564696, "fowlkes_mallows_score": 0.6978695604527289, "homogeneity_score": 0.5682848036687425, "v_measure_score": 0.636734869406376}, "classification": {"f1_score": 0.010130115446445355, "hamming_loss": 0.9878, "jaccard_score": 0.005165842541513991, "accuracy_score": 0.0122, "recall_score": 0.0122, "precision_score": 0.008665934038119183}, "found_clusters": 3, "expected_clusters": 4, "time": 0.156}, "dbscan": {"clustering": {"adjusted_mutual_info_score": 0.0005901972395511971, "adjusted_rand_score": 7.58361506179311e-06, "completeness_score": 0.016696556824518472, "fowlkes_mallows_score": 0.49616978234269504, "homogeneity_score": 0.0005260706145204128, "v_measure_score": 0.0010200032416818737}, "classification": {"f1_score": 0.080218895863512, "hamming_loss": 0.7508, "jaccard_score": 0.050171129454399034, "accuracy_score": 0.2492, "recall_score": 0.19936, "precision_score": 0.05021156558533145}, "found_clusters": 2, "expected_clusters": 4, "time": 0.064}, "k_means": {"clustering": {"adjusted_mutual_info_score": 0.7627893370668886, "adjusted_rand_score": 0.7345077413877966, "completeness_score": 0.7629477463952706, "fowlkes_mallows_score": 0.8008420046323194, "homogeneity_score": 0.7629391871014922, "v_measure_score": 0.7629434667243753}, "classification": {"f1_score": 0.8735683522284194, "hamming_loss": 0.1266, "jaccard_score": 0.7917505275341548, "accuracy_score": 0.8734, "recall_score": 0.8734000000000001, "precision_score": 0.8737514267894263}, "found_clusters": 4, "expected_clusters": 4, "time": 0.091}, "mini_batch_k_means": {"clustering": {"adjusted_mutual_info_score": 0.7626222143577228, "adjusted_rand_score": 0.7342287490031133, "completeness_score": 0.7627813896556478, "fowlkes_mallows_score": 0.800632879090732, "homogeneity_score": 0.7627715158849834, "v_measure_score": 0.7627764527383627}, "classification": {"f1_score": 0.8733669563426233, "hamming_loss": 0.1268, "jaccard_score": 0.7914867210098231, "accuracy_score": 0.8732, "recall_score": 0.8732, "precision_score": 0.8735504656595819}, "found_clusters": 4, "expected_clusters": 4, "time": 0.046}, "mean_shift": {"clustering": {"adjusted_mutual_info_score": 0.6470363076236796, "adjusted_rand_score": 0.49309450312150727, "completeness_score": 0.9707079758367726, "fowlkes_mallows_score": 0.7021873054627996, "homogeneity_score": 0.48535348376145543, "v_measure_score": 0.6471382024181992}, "classification": {"f1_score": 0.33199914581278667, "hamming_loss": 0.502, "jaccard_score": 0.24850394922981134, "accuracy_score": 0.498, "recall_score": 0.498, "precision_score": 0.24899915855878832}, "found_clusters": 2, "expected_clusters": 4, "time": 16.7983}, "optics": {"clustering": {"adjusted_mutual_info_score": 0.19368199081898765, "adjusted_rand_score": 0.002634943303145072, "completeness_score": 0.16035500465007008, "fowlkes_mallows_score": 0.2524744358090006, "homogeneity_score": 0.4090649674784759, "v_measure_score": 0.23039449957116584}, "classification": {"f1_score": 5.0231062889290733e-05, "hamming_loss": 0.998, "jaccard_score": 2.5316455696202533e-05, "accuracy_score": 0.002, "recall_score": 2.5316455696202533e-05, "precision_score": 0.0031645569620253164}, "found_clusters": 316, "expected_clusters": 4, "time": 3.3971}, "spectral_clustering": {"clustering": {"adjusted_mutual_info_score": 0.7634797372098111, "adjusted_rand_score": 0.7344769101844034, "completeness_score": 0.7638793007069316, "fowlkes_mallows_score": 0.8008774854925751, "homogeneity_score": 0.7633877916913694, "v_measure_score": 0.763633467109804}, "classification": {"f1_score": 0.8730317130207914, "hamming_loss": 0.127, "jaccard_score": 0.7912118347860528, "accuracy_score": 0.873, "recall_score": 0.873, "precision_score": 0.8737472196263962}, "found_clusters": 4, "expected_clusters": 4, "time": 3.343}, "gaussian_mixture_model": {"clustering": {"adjusted_mutual_info_score": 0.7618717745870952, "adjusted_rand_score": 0.7354239426692101, "completeness_score": 0.7620720689737407, "fowlkes_mallows_score": 0.8015392274833416, "homogeneity_score": 0.7619809541986219, "v_measure_score": 0.7620265088625549}, "classification": {"f1_score": 0.87391915792851, "hamming_loss": 0.126, "jaccard_score": 0.7919988535019591, "accuracy_score": 0.874, "recall_score": 0.874, "precision_score": 0.8739661091582434}, "found_clusters": 4, "expected_clusters": 4, "time": 0.027}}, "classification_alg": {"KNeighborsClassifier": {"clustering": {"adjusted_mutual_info_score": 0.7593695095401938, "adjusted_rand_score": 0.7126026224903406, "completeness_score": 0.7601647340771184, "fowlkes_mallows_score": 0.7842937405993673, "homogeneity_score": 0.7601435274565582, "v_measure_score": 0.7601541306189339}, "classification": {"f1_score": 0.8601449903806038, "hamming_loss": 0.142, "jaccard_score": 0.776530453098783, "accuracy_score": 0.858, "recall_score": 0.8605577623098688, "precision_score": 0.8603322302174995}, "time": 0.027}, "DecisionTreeClassifier": {"clustering": {"adjusted_mutual_info_score": 0.7258168868420375, "adjusted_rand_score": 0.6707411633864163, "completeness_score": 0.7267120347789313, "fowlkes_mallows_score": 0.7528713030217905, "homogeneity_score": 0.7267097678425221, "v_measure_score": 0.7267109013089588}, "classification": {"f1_score": 0.828871737189815, "hamming_loss": 0.174, "jaccard_score": 0.7369383700225652, "accuracy_score": 0.826, "recall_score": 0.8287810774502662, "precision_score": 0.8292256223503163}, "time": 0.007}, "RandomForestClassifier": {"clustering": {"adjusted_mutual_info_score": 0.757974937296087, "adjusted_rand_score": 0.7151412622503925, "completeness_score": 0.7591442914144201, "fowlkes_mallows_score": 0.7862972774461797, "homogeneity_score": 0.7583850863014502, "v_measure_score": 0.758764498946487}, "classification": {"f1_score": 0.863290128917618, "hamming_loss": 0.139, "jaccard_score": 0.7804655056987301, "accuracy_score": 0.861, "recall_score": 0.8636785510661589, "precision_score": 0.8647871175192379}, "time": 0.386}, "LinearSVC": {"clustering": {"adjusted_mutual_info_score": 0.7511204339469066, "adjusted_rand_score": 0.7239784808866766, "completeness_score": 0.7554139589332179, "fowlkes_mallows_score": 0.793753537559838, "homogeneity_score": 0.7484894766726012, "v_measure_score": 0.7519357764686981}, "classification": {"f1_score": 0.867668300963937, "hamming_loss": 0.131, "jaccard_score": 0.7836400683432332, "accuracy_score": 0.869, "recall_score": 0.8695378708071175, "precision_score": 0.8740486167985881}, "time": 0.137}, "LogisticRegression": {"clustering": {"adjusted_mutual_info_score": 0.7679166752595958, "adjusted_rand_score": 0.7304221321070399, "completeness_score": 0.7688784024657607, "fowlkes_mallows_score": 0.797716132321972, "homogeneity_score": 0.7684689514639579, "v_measure_score": 0.7686736224390808},