{"clustering_alg": {"affinity_propagation": {"clustering": {"adjusted_mutual_info_score": 2.5984486264063135e-15, "adjusted_rand_score": 0.0, "completeness_score": 1.0, "fowlkes_mallows_score": 0.5004950539813675, "homogeneity_score": 6.412755741384107e-16, "v_measure_score": 1.2825511482768206e-15}, "classification": {"f1_score": 0.0, "hamming_loss": 1.0, "jaccard_score": 0.0, "accuracy_score": 0.0, "recall_score": 0.0, "precision_score": 0.0}, "found_clusters": 1, "expected_clusters": 4, "time": 150.7505}, "agglomerative": {"clustering": {"adjusted_mutual_info_score": 0.42497044939654655, "adjusted_rand_score": 0.3877816469398759, "completeness_score": 0.4280977176011489, "fowlkes_mallows_score": 0.5438689936166172, "homogeneity_score": 0.422631088313435, "v_measure_score": 0.4253468391722399}, "classification": {"f1_score": 0.662518671752357, "hamming_loss": 0.3374, "jaccard_score": 0.5274903593217335, "accuracy_score": 0.6626, "recall_score": 0.6726574183771531, "precision_score": 0.6680214904565638}, "found_clusters": 4, "expected_clusters": 4, "time": 0.6869}, "birch": {"clustering": {"adjusted_mutual_info_score": 0.38560284246589027, "adjusted_rand_score": 0.308895427520301, "completeness_score": 0.45972152395315297, "fowlkes_mallows_score": 0.5351975345197812, "homogeneity_score": 0.3325243227571715, "v_measure_score": 0.3859119969998697}, "classification": {"f1_score": 0.18952735671860216, "hamming_loss": 0.7264, "jaccard_score": 0.12814691352091415, "accuracy_score": 0.2736, "recall_score": 0.2805658658719512, "precision_score": 0.14595724785283154}, "found_clusters": 3, "expected_clusters": 4, "time": 0.086}, "dbscan": {"clustering": {"adjusted_mutual_info_score": 2.5984486264063135e-15, "adjusted_rand_score": 0.0, "completeness_score": 1.0, "fowlkes_mallows_score": 0.5004950539813675, "homogeneity_score": 6.412755741384107e-16, "v_measure_score": 1.2825511482768206e-15}, "classification": {"f1_score": 0.09573091849935317, "hamming_loss": 0.7632, "jaccard_score": 0.0592, "accuracy_score": 0.2368, "recall_score": 0.25, "precision_score": 0.0592}, "found_clusters": 1, "expected_clusters": 4, "time": 0.204}, "k_means": {"clustering": {"adjusted_mutual_info_score": 0.41861424121538443, "adjusted_rand_score": 0.3566613849238282, "completeness_score": 0.42143488505074617, "fowlkes_mallows_score": 0.5204908514259005, "homogeneity_score": 0.4165823121959245, "v_measure_score": 0.4189945491125444}, "classification": {"f1_score": 0.6432214087447259, "hamming_loss": 0.3608, "jaccard_score": 0.5045996858977383, "accuracy_score": 0.6392, "recall_score": 0.6460136639833111, "precision_score": 0.6521901224738432}, "found_clusters": 4, "expected_clusters": 4, "time": 0.102}, "mini_batch_k_means": {"clustering": {"adjusted_mutual_info_score": 0.393990940642721, "adjusted_rand_score": 0.31447618326475196, "completeness_score": 0.3990129309525312, "fowlkes_mallows_score": 0.4916410689123347, "homogeneity_score": 0.3898722870688965, "v_measure_score": 0.39438965367025447}, "classification": {"f1_score": 0.6096391584228825, "hamming_loss": 0.394, "jaccard_score": 0.461729279508141, "accuracy_score": 0.606, "recall_score": 0.6100380937125428, "precision_score": 0.6322095668737195}, "found_clusters": 4, "expected_clusters": 4, "time": 0.029}, "mean_shift": {"clustering": {"adjusted_mutual_info_score": 2.5984486264063135e-15, "adjusted_rand_score": 0.0, "completeness_score": 1.0, "fowlkes_mallows_score": 0.5004950539813675, "homogeneity_score": 6.412755741384107e-16, "v_measure_score": 1.2825511482768206e-15}, "classification": {"f1_score": 0.09573091849935317, "hamming_loss": 0.7632, "jaccard_score": 0.0592, "accuracy_score": 0.2368, "recall_score": 0.25, "precision_score": 0.0592}, "found_clusters": 1, "expected_clusters": 4, "time": 40.7672}, "optics": {"clustering": {"adjusted_mutual_info_score": 0.13660759609662057, "adjusted_rand_score": 0.001360190391777126, "completeness_score": 0.12271166820058095, "fowlkes_mallows_score": 0.24795553091921962, "homogeneity_score": 0.31874318114262373, "v_measure_score": 0.1772027537754508}, "classification": {"f1_score": 1.5261156541313225e-05, "hamming_loss": 0.9994, "jaccard_score": 7.649782746170009e-06, "accuracy_score": 0.0006, "recall_score": 7.701470467427914e-06, "precision_score": 0.0008289582757667863}, "found_clusters": 329, "expected_clusters": 4, "time": 3.7626}, "spectral_clustering": {"clustering": {"adjusted_mutual_info_score": 0.3271390016477846, "adjusted_rand_score": 0.22846709994531908, "completeness_score": 0.3359352358263527, "fowlkes_mallows_score": 0.43322044032559986, "homogeneity_score": 0.3196446821453901, "v_measure_score": 0.3275875564015661}, "classification": {"f1_score": 0.5604803127932968, "hamming_loss": 0.4524, "jaccard_score": 0.39868539789519225, "accuracy_score": 0.5476, "recall_score": 0.5490035756964198, "precision_score": 0.6279393712779966}, "found_clusters": 4, "expected_clusters": 4, "time": 3.155}, "gaussian_mixture_model": {"clustering": {"adjusted_mutual_info_score": 0.43258747384585233, "adjusted_rand_score": 0.3790390904653557, "completeness_score": 0.4363816488289977, "fowlkes_mallows_score": 0.5381080154574526, "homogeneity_score": 0.42959041440114465, "v_measure_score": 0.4329594020810409}, "classification": {"f1_score": 0.6538272745075228, "hamming_loss": 0.3462, "jaccard_score": 0.5183417417450351, "accuracy_score": 0.6538, "recall_score": 0.6609789064204852, "precision_score": 0.6610734376713708}, "found_clusters": 4, "expected_clusters": 4, "time": 0.035}}, "classification_alg": {"KNeighborsClassifier": {"clustering": {"adjusted_mutual_info_score": 0.44114444913902023, "adjusted_rand_score": 0.4207537204663333, "completeness_score": 0.443736250683185, "fowlkes_mallows_score": 0.5660779844653073, "homogeneity_score": 0.4422076052016408, "v_measure_score": 0.4429706091472135}, "classification": {"f1_score": 0.6815483867934379, "hamming_loss": 0.318, "jaccard_score": 0.5471509968766594, "accuracy_score": 0.682, "recall_score": 0.684237122146262, "precision_score": 0.6846365307908548}, "time": 0.028}, "DecisionTreeClassifier": {"clustering": {"adjusted_mutual_info_score": 0.3963802278818327, "adjusted_rand_score": 0.3669731901024087, "completeness_score": 0.3986405156782563, "fowlkes_mallows_score": 0.5253544941467998, "homogeneity_score": 0.3980611962251592, "v_measure_score": 0.39835064532643627}, "classification": {"f1_score": 0.6386120274392826, "hamming_loss": 0.364, "jaccard_score": 0.5034905070064544, "accuracy_score": 0.636, "recall_score": 0.6360437875976208, "precision_score": 0.642185180668147}, "time": 0.008}, "RandomForestClassifier": {"clustering": {"adjusted_mutual_info_score": 0.4261747585078892, "adjusted_rand_score": 0.40897933334223285, "completeness_score": 0.42799342513444655, "fowlkes_mallows_score": 0.5565073371714657, "homogeneity_score": 0.42809915247254243, "v_measure_score": 0.42804628227483726}, "classification": {"f1_score": 0.6719988678264136, "hamming_loss": 0.328, "jaccard_score": 0.5373964876133092, "accuracy_score": 0.672, "recall_score": 0.6734108979934411, "precision_score": 0.6719672824416054}, "time": 0.398}, "LinearSVC": {"clustering": {"adjusted_mutual_info_score": 0.47011888136613716, "adjusted_rand_score": 0.4463935498273597, "completeness_score": 0.5029499167318751, "fowlkes_mallows_score": 0.6032119397598775, "homogeneity_score": 0.444572158071309, "v_measure_score": 0.47196268209312114}, "classification": {"f1_score": 0.6268446454967017, "hamming_loss": 0.324, "jaccard_score": 0.5104145470056658, "accuracy_score": 0.676, "recall_score": 0.6705285325562516, "precision_score": 0.6938763414717555}, "time": 0.015}, "LogisticRegression": {"clustering": {"adjusted_mutual_info_score": 0.4770968164569358, "adjusted_rand_score": 0.4506724554099441, "completeness_score": 0.48169992690362295, "fowlkes_mallows_score": 0.590039484842185, "homogeneity_score": 0.4759604622548836, "v_measure_score": 0.4788129956563224},