{"clustering_alg": {"affinity_propagation": {"clustering": {"adjusted_mutual_info_score": -1.281370601507323e-15, "adjusted_rand_score": 0.0, "completeness_score": 1.0, "fowlkes_mallows_score": 0.4998499474782395, "homogeneity_score": 6.40685300762983e-16, "v_measure_score": 1.2813706015259653e-15}, "classification": {"f1_score": 0.0, "hamming_loss": 1.0, "jaccard_score": 0.0, "accuracy_score": 0.0, "recall_score": 0.0, "precision_score": 0.0}, "found_clusters": 1, "expected_clusters": 4, "time": 149.4826}, "agglomerative": {"clustering": {"adjusted_mutual_info_score": 0.9432643340921752, "adjusted_rand_score": 0.9517301516030691, "completeness_score": 0.9433798320258795, "fowlkes_mallows_score": 0.9637931855088617, "homogeneity_score": 0.9432225839937594, "v_measure_score": 0.9433012014565193}, "classification": {"f1_score": 0.9811956554442338, "hamming_loss": 0.0188, "jaccard_score": 0.9637547507265818, "accuracy_score": 0.9812, "recall_score": 0.9812000000000001, "precision_score": 0.9814138634360331}, "found_clusters": 4, "expected_clusters": 4, "time": 0.7132}, "birch": {"clustering": {"adjusted_mutual_info_score": 0.8570721064109494, "adjusted_rand_score": 0.7141631882897822, "completeness_score": 1.0, "fowlkes_mallows_score": 0.8163876493575091, "homogeneity_score": 0.7500000000000001, "v_measure_score": 0.8571428571428573}, "classification": {"f1_score": 0.0, "hamming_loss": 1.0, "jaccard_score": 0.0, "accuracy_score": 0.0, "recall_score": 0.0, "precision_score": 0.0}, "found_clusters": 3, "expected_clusters": 4, "time": 0.169}, "dbscan": {"clustering": {"adjusted_mutual_info_score": 0.8286776119101319, "adjusted_rand_score": 0.7024749134008205, "completeness_score": 0.9409702627535996, "fowlkes_mallows_score": 0.805580242826654, "homogeneity_score": 0.7405287242788344, "v_measure_score": 0.8288027689995892}, "classification": {"f1_score": 0.6670479713119613, "hamming_loss": 0.2572, "jaccard_score": 0.6192098011286223, "accuracy_score": 0.7428, "recall_score": 0.7428, "precision_score": 0.6751512706736587}, "found_clusters": 4, "expected_clusters": 4, "time": 0.049}, "k_means": {"clustering": {"adjusted_mutual_info_score": 0.9480722316904022, "adjusted_rand_score": 0.9576766062560265, "completeness_score": 0.9481166966320556, "fowlkes_mallows_score": 0.968251437261216, "homogeneity_score": 0.9480952484013707, "v_measure_score": 0.9481059723954116}, "classification": {"f1_score": 0.9835994856798709, "hamming_loss": 0.0164, "jaccard_score": 0.9682407394073796, "accuracy_score": 0.9836, "recall_score": 0.9836, "precision_score": 0.9836293064602024}, "found_clusters": 4, "expected_clusters": 4, "time": 0.043}, "mini_batch_k_means": {"clustering": {"adjusted_mutual_info_score": 0.9466855767064024, "adjusted_rand_score": 0.956183056115508, "completeness_score": 0.9467360085860195, "fowlkes_mallows_score": 0.9671312258675198, "homogeneity_score": 0.9467044291294006, "v_measure_score": 0.9467202185943635}, "classification": {"f1_score": 0.98299921388365, "hamming_loss": 0.017, "jaccard_score": 0.9671165662167373, "accuracy_score": 0.983, "recall_score": 0.983, "precision_score": 0.9830431036524516}, "found_clusters": 4, "expected_clusters": 4, "time": 0.034}, "mean_shift": {"clustering": {"adjusted_mutual_info_score": 0.8570721064109494, "adjusted_rand_score": 0.7141631882897822, "completeness_score": 1.0, "fowlkes_mallows_score": 0.8163876493575091, "homogeneity_score": 0.7500000000000001, "v_measure_score": 0.8571428571428573}, "classification": {"f1_score": 0.0, "hamming_loss": 1.0, "jaccard_score": 0.0, "accuracy_score": 0.0, "recall_score": 0.0, "precision_score": 0.0}, "found_clusters": 3, "expected_clusters": 4, "time": 6.2576}, "optics": {"clustering": {"adjusted_mutual_info_score": 0.23906942201624906, "adjusted_rand_score": 0.0033750940583273867, "completeness_score": 0.19112472382318926, "fowlkes_mallows_score": 0.25809431361886126, "homogeneity_score": 0.4777908897167907, "v_measure_score": 0.2730319041563218}, "classification": {"f1_score": 2.6039632320391637e-05, "hamming_loss": 0.999, "jaccard_score": 1.3071895424836602e-05, "accuracy_score": 0.001, "recall_score": 1.3071895424836602e-05, "precision_score": 0.0032679738562091504}, "found_clusters": 306, "expected_clusters": 4, "time": 3.7315}, "spectral_clustering": {"clustering": {"adjusted_mutual_info_score": 0.9461733563066832, "adjusted_rand_score": 0.9556857636063298, "completeness_score": 0.946222310268058, "fowlkes_mallows_score": 0.966758128901753, "homogeneity_score": 0.9461943520469783, "v_measure_score": 0.9462083309509932}, "classification": {"f1_score": 0.982799295459142, "hamming_loss": 0.0172, "jaccard_score": 0.966742733066752, "accuracy_score": 0.9828, "recall_score": 0.9828, "precision_score": 0.9828381482022015}, "found_clusters": 4, "expected_clusters": 4, "time": 3.5784}, "gaussian_mixture_model": {"clustering": {"adjusted_mutual_info_score": 0.9470511857713094, "adjusted_rand_score": 0.9566799485650005, "completeness_score": 0.9470934602701206, "fowlkes_mallows_score": 0.9675037119410249, "homogeneity_score": 0.9470777194800546, "v_measure_score": 0.9470855898096837}, "classification": {"f1_score": 0.9831996129190816, "hamming_loss": 0.0168, "jaccard_score": 0.9674915589721715, "accuracy_score": 0.9832, "recall_score": 0.9832, "precision_score": 0.9832214936928587}, "found_clusters": 4, "expected_clusters": 4, "time": 0.018}}, "classification_alg": {"KNeighborsClassifier": {"clustering": {"adjusted_mutual_info_score": 0.9377556929114428, "adjusted_rand_score": 0.9462398508283233, "completeness_score": 0.9377595905107466, "fowlkes_mallows_score": 0.9596581479479739, "homogeneity_score": 0.9381578853334592, "v_measure_score": 0.9379586956391219}, "classification": {"f1_score": 0.9789628905389106, "hamming_loss": 0.021, "jaccard_score": 0.9596273062730627, "accuracy_score": 0.979, "recall_score": 0.9793271700051361, "precision_score": 0.9787873692975293}, "time": 0.029}, "DecisionTreeClassifier": {"clustering": {"adjusted_mutual_info_score": 0.9292881324276354, "adjusted_rand_score": 0.9365301958650434, "completeness_score": 0.929289245559162, "fowlkes_mallows_score": 0.9523704805837854, "homogeneity_score": 0.9297483537151406, "v_measure_score": 0.9295187429464478}, "classification": {"f1_score": 0.9749638477962177, "hamming_loss": 0.025, "jaccard_score": 0.9523185015112765, "accuracy_score": 0.975, "recall_score": 0.9754269388803287, "precision_score": 0.9748099239695879}, "time": 0.004}, "RandomForestClassifier": {"clustering": {"adjusted_mutual_info_score": 0.9377556929114428, "adjusted_rand_score": 0.9462398508283233, "completeness_score": 0.9377595905107466, "fowlkes_mallows_score": 0.9596581479479739, "homogeneity_score": 0.9381578853334592, "v_measure_score": 0.9379586956391219}, "classification": {"f1_score": 0.9789628905389106, "hamming_loss": 0.021, "jaccard_score": 0.9596273062730627, "accuracy_score": 0.979, "recall_score": 0.9793271700051361, "precision_score": 0.9787873692975293}, "time": 0.242}, "LinearSVC": {"clustering": {"adjusted_mutual_info_score": 0.9468137738608018, "adjusted_rand_score": 0.9561202105764539, "completeness_score": 0.9468299530915631, "fowlkes_mallows_score": 0.9670737870404453, "homogeneity_score": 0.9471445849911009, "v_measure_score": 0.9469872429076036}, "classification": {"f1_score": 0.9829639517218434, "hamming_loss": 0.017, "jaccard_score": 0.9670527815264658, "accuracy_score": 0.983, "recall_score": 0.9832274011299436, "precision_score": 0.9827977058267515}, "time": 0.061}, "LogisticRegression": {"clustering": {"adjusted_mutual_info_score": 0.9502058790365949, "adjusted_rand_score": 0.958610888428932, "completeness_score": 0.9501487093659605, "fowlkes_mallows_score": 0.9689409607471777, "homogeneity_score": 0.9505879396785417, "v_measure_score": 0.9503682737726463}, "classification": {"f1_score": 0.983974358974359, "hamming_loss": 0.016, "jaccard_score": 0.9689455946076071, "accuracy_score": 0.984,