{"clustering_alg": {"affinity_propagation": {"clustering": {"adjusted_mutual_info_score": -2.0502017209001985e-18, "adjusted_rand_score": 0.0, "completeness_score": 1.0, "fowlkes_mallows_score": 0.49985290895034035, "homogeneity_score": 6.406880392380487e-16, "v_measure_score": 1.2813760784760967e-15}, "classification": {"f1_score": 0.0, "hamming_loss": 1.0, "jaccard_score": 0.0, "accuracy_score": 0.0, "recall_score": 0.0, "precision_score": 0.0}, "found_clusters": 1, "expected_clusters": 4, "time": 150.9093}, "agglomerative": {"clustering": {"adjusted_mutual_info_score": 0.5932126173494435, "adjusted_rand_score": 0.5180345929923856, "completeness_score": 0.6105139738010386, "fowlkes_mallows_score": 0.6482195845790649, "homogeneity_score": 0.5773789829915188, "v_measure_score": 0.5934843460089837}, "classification": {"f1_score": 0.7584045207407075, "hamming_loss": 0.2364, "jaccard_score": 0.6158368525849274, "accuracy_score": 0.7636, "recall_score": 0.7640782108734581, "precision_score": 0.8158232115477642}, "found_clusters": 4, "expected_clusters": 4, "time": 0.7456}, "birch": {"clustering": {"adjusted_mutual_info_score": 0.45597485723560366, "adjusted_rand_score": 0.3569335336707495, "completeness_score": 0.5362642096279373, "fowlkes_mallows_score": 0.5635684794927778, "homogeneity_score": 0.3970064366927771, "v_measure_score": 0.4562456642766702}, "classification": {"f1_score": 0.2539025972241995, "hamming_loss": 0.7568, "jaccard_score": 0.18173455575966146, "accuracy_score": 0.2432, "recall_score": 0.2429902679502209, "precision_score": 0.2723926920678112}, "found_clusters": 3, "expected_clusters": 4, "time": 0.082}, "dbscan": {"clustering": {"adjusted_mutual_info_score": 1.6211493692943442e-06, "adjusted_rand_score": 1.4968959015989483e-06, "completeness_score": 0.1462854704420266, "fowlkes_mallows_score": 0.49975405151700647, "homogeneity_score": 0.00020085465879954108, "v_measure_score": 0.00040115851404887073}, "classification": {"f1_score": 0.08021749560211099, "hamming_loss": 0.7492, "jaccard_score": 0.05017003400680135, "accuracy_score": 0.2508, "recall_score": 0.2, "precision_score": 0.05017003400680135}, "found_clusters": 2, "expected_clusters": 4, "time": 0.083}, "k_means": {"clustering": {"adjusted_mutual_info_score": 0.541708987799929, "adjusted_rand_score": 0.47893668162465575, "completeness_score": 0.5426953540429148, "fowlkes_mallows_score": 0.6095878725819255, "homogeneity_score": 0.5413206800061231, "v_measure_score": 0.542007145391329}, "classification": {"f1_score": 0.7432133620423005, "hamming_loss": 0.2566, "jaccard_score": 0.5914923025497838, "accuracy_score": 0.7434, "recall_score": 0.7433757172068767, "precision_score": 0.7455786788354001}, "found_clusters": 4, "expected_clusters": 4, "time": 0.095}, "mini_batch_k_means": {"clustering": {"adjusted_mutual_info_score": 0.46823969118119674, "adjusted_rand_score": 0.34611540708594885, "completeness_score": 0.4699322339318568, "fowlkes_mallows_score": 0.5107738537993194, "homogeneity_score": 0.46724785753060616, "v_measure_score": 0.4685862012851484}, "classification": {"f1_score": 0.5703205178311322, "hamming_loss": 0.427, "jaccard_score": 0.4023011654423261, "accuracy_score": 0.573, "recall_score": 0.572707873645065, "precision_score": 0.5720985427062792}, "found_clusters": 4, "expected_clusters": 4, "time": 0.028}, "mean_shift": {"clustering": {"adjusted_mutual_info_score": 0.46737067262786813, "adjusted_rand_score": 0.38285710539769613, "completeness_score": 0.7043926093265889, "fowlkes_mallows_score": 0.6258298981107172, "homogeneity_score": 0.3498723417122551, "v_measure_score": 0.4675247744261187}, "classification": {"f1_score": 0.3259375648990742, "hamming_loss": 0.5124, "jaccard_score": 0.24232414418826603, "accuracy_score": 0.4876, "recall_score": 0.48623717750445183, "precision_score": 0.24587506069471082}, "found_clusters": 2, "expected_clusters": 4, "time": 42.1789}, "optics": {"clustering": {"adjusted_mutual_info_score": 0.22778082617236883, "adjusted_rand_score": 0.003999289109105772, "completeness_score": 0.1842403041630749, "fowlkes_mallows_score": 0.2612563533018851, "homogeneity_score": 0.45492891958405557, "v_measure_score": 0.26226620244752274}, "classification": {"f1_score": 3.664125334024283e-05, "hamming_loss": 0.9986, "jaccard_score": 1.8422894921071053e-05, "accuracy_score": 0.0014, "recall_score": 1.8422894921071053e-05, "precision_score": 0.0033003300330033004}, "found_clusters": 303, "expected_clusters": 4, "time": 4.047}, "spectral_clustering": {"clustering": {"adjusted_mutual_info_score": 0.5758996486736635, "adjusted_rand_score": 0.5360757657037625, "completeness_score": 0.578380912385837, "fowlkes_mallows_score": 0.6532596144610865, "homogeneity_score": 0.5739883641247774, "v_measure_score": 0.5761762665984872}, "classification": {"f1_score": 0.7856264368745833, "hamming_loss": 0.214, "jaccard_score": 0.6471845350746259, "accuracy_score": 0.786, "recall_score": 0.7859131309241387, "precision_score": 0.793211350727054}, "found_clusters": 4, "expected_clusters": 4, "time": 2.8951}, "gaussian_mixture_model": {"clustering": {"adjusted_mutual_info_score": 0.8574272767554996, "adjusted_rand_score": 0.8960006223883944, "completeness_score": 0.8576370033582714, "fowlkes_mallows_score": 0.9219951206605425, "homogeneity_score": 0.8574028829734849, "v_measure_score": 0.8575199271859715}, "classification": {"f1_score": 0.959855661820081, "hamming_loss": 0.0402, "jaccard_score": 0.9230270832619955, "accuracy_score": 0.9598, "recall_score": 0.9597706022315436, "precision_score": 0.9602721291558172}, "found_clusters": 4, "expected_clusters": 4, "time": 0.042}}, "classification_alg": {"KNeighborsClassifier": {"clustering": {"adjusted_mutual_info_score": 0.8582832599853762, "adjusted_rand_score": 0.8903940143285051, "completeness_score": 0.858433852605313, "fowlkes_mallows_score": 0.9177827707486387, "homogeneity_score": 0.8590576838297497, "v_measure_score": 0.8587456549228256}, "classification": {"f1_score": 0.9583129557725686, "hamming_loss": 0.042, "jaccard_score": 0.9201339922096561, "accuracy_score": 0.958, "recall_score": 0.9592140106042797, "precision_score": 0.9582270215267638}, "time": 0.029}, "DecisionTreeClassifier": {"clustering": {"adjusted_mutual_info_score": 0.803298267984234, "adjusted_rand_score": 0.8441038513473798, "completeness_score": 0.8038921421751591, "fowlkes_mallows_score": 0.8830913203765324, "homogeneity_score": 0.8039884006298175, "v_measure_score": 0.8039402685211516}, "classification": {"f1_score": 0.9391156683964947, "hamming_loss": 0.061, "jaccard_score": 0.8853190578816611, "accuracy_score": 0.939, "recall_score": 0.9392001487794563, "precision_score": 0.9391434597321668}, "time": 0.006}, "RandomForestClassifier": {"clustering": {"adjusted_mutual_info_score": 0.8583343747678408, "adjusted_rand_score": 0.8905632392361549, "completeness_score": 0.8586182619055958, "fowlkes_mallows_score": 0.9179208201869307, "homogeneity_score": 0.858975165796326, "v_measure_score": 0.8587966767698959}, "classification": {"f1_score": 0.9583783175888438, "hamming_loss": 0.042, "jaccard_score": 0.9202863556578726, "accuracy_score": 0.958, "recall_score": 0.9587821834986895, "precision_score": 0.9583111503457504}, "time": 0.331}, "LinearSVC": {"clustering": {"adjusted_mutual_info_score": 0.7271649134451135, "adjusted_rand_score": 0.7485255091658155, "completeness_score": 0.7281986748395431, "fowlkes_mallows_score": 0.8114617019855015, "homogeneity_score": 0.7279126491607892, "v_measure_score": 0.7280556339079842}, "classification": {"f1_score": 0.8980507557296199, "hamming_loss": 0.102, "jaccard_score": 0.8151086494240709, "accuracy_score": 0.898, "recall_score": 0.9000825754996198, "precision_score": 0.9000626283718937}, "time": 0.05}, "LogisticRegression": {"clustering": {"adjusted_mutual_info_score": 0.7681344958422498, "adjusted_rand_score": 0.8027624066811151, "completeness_score": 0.7687196063583797,