{"clustering_alg": {"affinity_propagation": {"clustering": {"adjusted_mutual_info_score": 0.36204349424740223, "adjusted_rand_score": 0.03288366915623452, "completeness_score": 0.23725413455401925, "fowlkes_mallows_score": 0.14219813084970703, "homogeneity_score": 0.8550300367866137, "v_measure_score": 0.37144072342734114}, "classification": {"f1_score": 0.0006467131938532392, "hamming_loss": 0.9876, "jaccard_score": 0.0003327071160763955, "accuracy_score": 0.0124, "recall_score": 0.0003333516101698005, "precision_score": 0.011278195488721806}, "found_clusters": 152, "expected_clusters": 4, "time": 50.767}, "agglomerative": {"clustering": {"adjusted_mutual_info_score": 0.704368706023275, "adjusted_rand_score": 0.6932622112850622, "completeness_score": 0.7060571913911539, "fowlkes_mallows_score": 0.7711018424179322, "homogeneity_score": 0.7030728873209685, "v_measure_score": 0.7045618792252408}, "classification": {"f1_score": 0.8825157876089724, "hamming_loss": 0.1252, "jaccard_score": 0.7969727127337228, "accuracy_score": 0.8748, "recall_score": 0.8801326524769821, "precision_score": 0.8874172325760629}, "found_clusters": 4, "expected_clusters": 4, "time": 1.1895}, "birch": {"clustering": {"adjusted_mutual_info_score": 0.6786075875314227, "adjusted_rand_score": 0.5675858462793497, "completeness_score": 0.8003728150154168, "fowlkes_mallows_score": 0.7170633205592585, "homogeneity_score": 0.5892422415765466, "v_measure_score": 0.6787685112929747}, "classification": {"f1_score": 0.38367051168299027, "hamming_loss": 0.5294, "jaccard_score": 0.3197110497322645, "accuracy_score": 0.4706, "recall_score": 0.4757066221294164, "precision_score": 0.3426480938118276}, "found_clusters": 3, "expected_clusters": 4, "time": 0.0982}, "dbscan": {"clustering": {"adjusted_mutual_info_score": -1.3514294623510374e-16, "adjusted_rand_score": 0.0, "completeness_score": 1.0, "fowlkes_mallows_score": 0.5022752791957994, "homogeneity_score": 5.2237699248101475e-16, "v_measure_score": 1.0447539849620291e-15}, "classification": {"f1_score": 0.09683921948072892, "hamming_loss": 0.7598, "jaccard_score": 0.06005, "accuracy_score": 0.2402, "recall_score": 0.25, "precision_score": 0.06005}, "found_clusters": 1, "expected_clusters": 4, "time": 0.339}, "k_means": {"clustering": {"adjusted_mutual_info_score": 0.7310388740972801, "adjusted_rand_score": 0.750072241498011, "completeness_score": 0.7312717767954586, "fowlkes_mallows_score": 0.8131370235822206, "homogeneity_score": 0.7311567540004489, "v_measure_score": 0.7312142608745726}, "classification": {"f1_score": 0.9049652017725083, "hamming_loss": 0.0992, "jaccard_score": 0.8299000171327009, "accuracy_score": 0.9008, "recall_score": 0.9048523132176102, "precision_score": 0.9050934933546301}, "found_clusters": 4, "expected_clusters": 4, "time": 0.1233}, "mini_batch_k_means": {"clustering": {"adjusted_mutual_info_score": 0.7108343363345754, "adjusted_rand_score": 0.7159382653795261, "completeness_score": 0.7111228618168284, "fowlkes_mallows_score": 0.7876270553965811, "homogeneity_score": 0.7109229863333068, "v_measure_score": 0.7110229100283302}, "classification": {"f1_score": 0.8871092987135746, "hamming_loss": 0.1168, "jaccard_score": 0.8024929570638204, "accuracy_score": 0.8832, "recall_score": 0.8902197865253751, "precision_score": 0.8877516018981193}, "found_clusters": 4, "expected_clusters": 4, "time": 0.061}, "mean_shift": {"clustering": {"adjusted_mutual_info_score": -1.3514294623510374e-16, "adjusted_rand_score": 0.0, "completeness_score": 1.0, "fowlkes_mallows_score": 0.5022752791957994, "homogeneity_score": 5.2237699248101475e-16, "v_measure_score": 1.0447539849620291e-15}, "classification": {"f1_score": 0.09683921948072892, "hamming_loss": 0.7598, "jaccard_score": 0.06005, "accuracy_score": 0.2402, "recall_score": 0.25, "precision_score": 0.06005}, "found_clusters": 1, "expected_clusters": 4, "time": 56.9124}, "optics": {"clustering": {"adjusted_mutual_info_score": 0.11154312650102904, "adjusted_rand_score": -0.001383390284930278, "completeness_score": 0.16323670439950058, "fowlkes_mallows_score": 0.43372089102718014, "homogeneity_score": 0.11887033141065274, "v_measure_score": 0.13756481538737306}, "classification": {"f1_score": 0.0001350416096959876, "hamming_loss": 0.9984, "jaccard_score": 6.797056874373397e-05, "accuracy_score": 0.0016, "recall_score": 6.797056874373397e-05, "precision_score": 0.01020408163265306}, "found_clusters": 98, "expected_clusters": 4, "time": 5.2922}, "spectral_clustering": {"clustering": {"adjusted_mutual_info_score": 0.6128531068555356, "adjusted_rand_score": 0.5867718828837138, "completeness_score": 0.617105093833781, "fowlkes_mallows_score": 0.6928769792546057, "homogeneity_score": 0.6091607452536387, "v_measure_score": 0.6131071858600537}, "classification": {"f1_score": 0.831568079680569, "hamming_loss": 0.1762, "jaccard_score": 0.7171590558568895, "accuracy_score": 0.8238, "recall_score": 0.8246177095969389, "precision_score": 0.8453361123606227}, "found_clusters": 4, "expected_clusters": 4, "time": 4.1149}, "gaussian_mixture_model": {"clustering": {"adjusted_mutual_info_score": 0.8017204958470234, "adjusted_rand_score": 0.8265360074301855, "completeness_score": 0.8028377488700452, "fowlkes_mallows_score": 0.8704586191640673, "homogeneity_score": 0.800864561793923, "v_measure_score": 0.8018499414323683}, "classification": {"f1_score": 0.9375195761785773, "hamming_loss": 0.0658, "jaccard_score": 0.8841390110176797, "accuracy_score": 0.9342, "recall_score": 0.9360121524456941, "precision_score": 0.9395972133757061}, "found_clusters": 4, "expected_clusters": 4, "time": 0.032}}, "classification_alg": {"KNeighborsClassifier": {"clustering": {"adjusted_mutual_info_score": 0.8111851994362249, "adjusted_rand_score": 0.8290666988484021, "completeness_score": 0.8117702611235618, "fowlkes_mallows_score": 0.8723583422857801, "homogeneity_score": 0.8118381627805346, "v_measure_score": 0.8118042105321753}, "classification": {"f1_score": 0.938222597923366, "hamming_loss": 0.065, "jaccard_score": 0.8860196009120447, "accuracy_score": 0.935, "recall_score": 0.9383472886762361, "precision_score": 0.9381104496544248}, "time": 0.048}, "DecisionTreeClassifier": {"clustering": {"adjusted_mutual_info_score": 0.7051842090440475, "adjusted_rand_score": 0.7309404429098897, "completeness_score": 0.705325740220696, "fowlkes_mallows_score": 0.7988641775245994, "homogeneity_score": 0.7069754283226394, "v_measure_score": 0.7061496207835342}, "classification": {"f1_score": 0.896892154030369, "hamming_loss": 0.107, "jaccard_score": 0.8163865602995195, "accuracy_score": 0.893, "recall_score": 0.8988885205315637, "precision_score": 0.8953538110612086}, "time": 0.017}, "RandomForestClassifier": {"clustering": {"adjusted_mutual_info_score": 0.815209526179897, "adjusted_rand_score": 0.8439237970014694, "completeness_score": 0.8148209617015951, "fowlkes_mallows_score": 0.8833218030269804, "homogeneity_score": 0.8168106932547964, "v_measure_score": 0.8158146142657523}, "classification": {"f1_score": 0.9434088428575755, "hamming_loss": 0.059, "jaccard_score": 0.8941572691509964, "accuracy_score": 0.941, "recall_score": 0.9453592831178363, "precision_score": 0.9420549748848702}, "time": 0.6255}, "LinearSVC": {"clustering": {"adjusted_mutual_info_score": 0.7688480368335546, "adjusted_rand_score": 0.7845292057180382, "completeness_score": 0.7679000979272562, "fowlkes_mallows_score": 0.8387736395195239, "homogeneity_score": 0.7713157972256919, "v_measure_score": 0.7696041576592395}, "classification": {"f1_score": 0.9192203862997246, "hamming_loss": 0.084, "jaccard_score": 0.8535521289172783, "accuracy_score": 0.916, "recall_score": 0.9245453567088936, "precision_score": 0.9173443571909342}, "time": 0.014}, "LogisticRegression": {"clustering": {"adjusted_mutual_info_score": 0.7983753996572267, "adjusted_rand_score": 0.8152616705687252, "completeness_score": 0.7979757528047101, "fowlkes_mallows_score": 0.8618804466997513,