{"clustering_alg": {"affinity_propagation": {"clustering": {"adjusted_mutual_info_score": 0.3039044343832123, "adjusted_rand_score": 0.06059762040832086, "completeness_score": 0.22023236626007728, "fowlkes_mallows_score": 0.1848943213037094, "homogeneity_score": 0.633639721264962, "v_measure_score": 0.3268592034084174}, "classification": {"f1_score": 0.0029448190962541644, "hamming_loss": 0.975, "jaccard_score": 0.0015666441259956025, "accuracy_score": 0.025, "recall_score": 0.0015805317025254285, "precision_score": 0.021900826446280993}, "found_clusters": 55, "expected_clusters": 4, "time": 2.8904}, "agglomerative": {"clustering": {"adjusted_mutual_info_score": 0.3610797410060871, "adjusted_rand_score": 0.30393633275168724, "completeness_score": 0.3642820962521081, "fowlkes_mallows_score": 0.4839681414265027, "homogeneity_score": 0.36211179289481243, "v_measure_score": 0.3631937023816322}, "classification": {"f1_score": 0.5907778678063663, "hamming_loss": 0.403, "jaccard_score": 0.4353405156628099, "accuracy_score": 0.597, "recall_score": 0.5883057843424068, "precision_score": 0.6387373375737737}, "found_clusters": 4, "expected_clusters": 4, "time": 0.055}, "birch": {"clustering": {"adjusted_mutual_info_score": 0.36129306759664287, "adjusted_rand_score": 0.35969543772921175, "completeness_score": 0.415626939552023, "fowlkes_mallows_score": 0.5579921392465688, "homogeneity_score": 0.32200514626477456, "v_measure_score": 0.36287470687729695}, "classification": {"f1_score": 0.20584482243938684, "hamming_loss": 0.755, "jaccard_score": 0.1361894790359404, "accuracy_score": 0.245, "recall_score": 0.2839629464782463, "precision_score": 0.16364195881763682}, "found_clusters": 3, "expected_clusters": 4, "time": 0.031}, "dbscan": {"clustering": {"adjusted_mutual_info_score": 0.002902420716898167, "adjusted_rand_score": 0.0008416775807089453, "completeness_score": 0.14882290854082136, "fowlkes_mallows_score": 0.5056547822670249, "homogeneity_score": 0.0028318332755574963, "v_measure_score": 0.005557909492621374}, "classification": {"f1_score": 0.0886807181889149, "hamming_loss": 0.716, "jaccard_score": 0.05697091273821464, "accuracy_score": 0.284, "recall_score": 0.19929824561403509, "precision_score": 0.0570281124497992}, "found_clusters": 2, "expected_clusters": 4, "time": 0.061}, "k_means": {"clustering": {"adjusted_mutual_info_score": 0.4722618793309359, "adjusted_rand_score": 0.5083142864719814, "completeness_score": 0.47387271689400656, "fowlkes_mallows_score": 0.6347104974385288, "homogeneity_score": 0.47413142918572465, "v_measure_score": 0.4740020377383059}, "classification": {"f1_score": 0.7809868645168269, "hamming_loss": 0.217, "jaccard_score": 0.6411101540792579, "accuracy_score": 0.783, "recall_score": 0.7838853632337708, "precision_score": 0.7823778415386019}, "found_clusters": 4, "expected_clusters": 4, "time": 0.124}, "mini_batch_k_means": {"clustering": {"adjusted_mutual_info_score": 0.38636527188951275, "adjusted_rand_score": 0.3728994380622077, "completeness_score": 0.38866247103011897, "fowlkes_mallows_score": 0.5345476868289804, "homogeneity_score": 0.38811927057784473, "v_measure_score": 0.38839068087499956}, "classification": {"f1_score": 0.6480276298501622, "hamming_loss": 0.338, "jaccard_score": 0.4938358505155373, "accuracy_score": 0.662, "recall_score": 0.6511260685351001, "precision_score": 0.6673365726056826}, "found_clusters": 4, "expected_clusters": 4, "time": 0.046}, "mean_shift": {"clustering": {"adjusted_mutual_info_score": 9.26750112430334e-16, "adjusted_rand_score": 0.0, "completeness_score": 1.0, "fowlkes_mallows_score": 0.5070651980910493, "homogeneity_score": 0.0, "v_measure_score": 0.0}, "classification": {"f1_score": 0.11089494163424124, "hamming_loss": 0.715, "jaccard_score": 0.07125, "accuracy_score": 0.285, "recall_score": 0.25, "precision_score": 0.07125}, "found_clusters": 1, "expected_clusters": 4, "time": 9.4346}, "optics": {"clustering": {"adjusted_mutual_info_score": 0.08539410216694024, "adjusted_rand_score": -0.0030734113783122854, "completeness_score": 0.17790659176583523, "fowlkes_mallows_score": 0.4507617936594456, "homogeneity_score": 0.0832988842636057, "v_measure_score": 0.11346944805678218}, "classification": {"f1_score": 0.0, "hamming_loss": 1.0, "jaccard_score": 0.0, "accuracy_score": 0.0, "recall_score": 0.0, "precision_score": 0.0}, "found_clusters": 18, "expected_clusters": 4, "time": 1.1022}, "spectral_clustering": {"clustering": {"adjusted_mutual_info_score": 0.47561010260924924, "adjusted_rand_score": 0.4741497314942486, "completeness_score": 0.4780868687321885, "fowlkes_mallows_score": 0.6099513029954526, "homogeneity_score": 0.4766004052945959, "v_measure_score": 0.4773424797896544}, "classification": {"f1_score": 0.7711975291792434, "hamming_loss": 0.231, "jaccard_score": 0.6290486091311707, "accuracy_score": 0.769, "recall_score": 0.7819705972153548, "precision_score": 0.7877953471318326}, "found_clusters": 4, "expected_clusters": 4, "time": 0.269}, "gaussian_mixture_model": {"clustering": {"adjusted_mutual_info_score": 0.5687254041973667, "adjusted_rand_score": 0.6007138328555996, "completeness_score": 0.5708026056202989, "fowlkes_mallows_score": 0.703787914090099, "homogeneity_score": 0.5694979771628121, "v_measure_score": 0.5701495450728052}, "classification": {"f1_score": 0.83441627917001, "hamming_loss": 0.166, "jaccard_score": 0.7160311841702758, "accuracy_score": 0.834, "recall_score": 0.837846079772, "precision_score": 0.8392466780703058}, "found_clusters": 4, "expected_clusters": 4, "time": 0.029}}, "classification_alg": {"KNeighborsClassifier": {"clustering": {"adjusted_mutual_info_score": 0.4756137073598688, "adjusted_rand_score": 0.4884962602390701, "completeness_score": 0.4800532816836914, "fowlkes_mallows_score": 0.6211362806693084, "homogeneity_score": 0.48906188819217467, "v_measure_score": 0.48451571427397727}, "classification": {"f1_score": 0.7818196928280515, "hamming_loss": 0.22, "jaccard_score": 0.6419255261995593, "accuracy_score": 0.78, "recall_score": 0.7963380819984315, "precision_score": 0.7740492515738822}, "time": 0.01}, "DecisionTreeClassifier": {"clustering": {"adjusted_mutual_info_score": 0.2895521284673099, "adjusted_rand_score": 0.31248971132426345, "completeness_score": 0.3000464400804773, "fowlkes_mallows_score": 0.4924119058575021, "homogeneity_score": 0.3033121232489448, "v_measure_score": 0.3016704438962555}, "classification": {"f1_score": 0.6808418007877006, "hamming_loss": 0.32, "jaccard_score": 0.5162716423029728, "accuracy_score": 0.68, "recall_score": 0.6874753682115359, "precision_score": 0.6761029278522238}, "time": 0.004}, "RandomForestClassifier": {"clustering": {"adjusted_mutual_info_score": 0.4915649986565891, "adjusted_rand_score": 0.5299306331223727, "completeness_score": 0.4957150401050739, "fowlkes_mallows_score": 0.6519791737786436, "homogeneity_score": 0.5047624257342807, "v_measure_score": 0.5001978248585173}, "classification": {"f1_score": 0.7984899379064201, "hamming_loss": 0.2, "jaccard_score": 0.6653063932679174, "accuracy_score": 0.8, "recall_score": 0.8130142876198243, "precision_score": 0.7915814904924361}, "time": 0.3206}, "LinearSVC": {"clustering": {"adjusted_mutual_info_score": 0.5427322579301664, "adjusted_rand_score": 0.5709469289346948, "completeness_score": 0.5467520143107605, "fowlkes_mallows_score": 0.6829417661780005, "homogeneity_score": 0.5543333863411699, "v_measure_score": 0.5505166000789592}, "classification": {"f1_score": 0.819476302925465, "hamming_loss": 0.18, "jaccard_score": 0.6947793263646922, "accuracy_score": 0.82, "recall_score": 0.8308711162658257, "precision_score": 0.8132857323915513}, "time": 0.007}, "LogisticRegression": {"clustering": {"adjusted_mutual_info_score": 0.5585868659948967, "adjusted_rand_score": 0.5918219308616917, "completeness_score": 0.5627106169823102, "fowlkes_mallows_score": 0.6985838982533912, "homogeneity_score": 0.5695489212612347, "v_measure_score": 0.5661091190835826},