{"clustering_alg": {"affinity_propagation": {"clustering": {"adjusted_mutual_info_score": 0.34919221071403167, "adjusted_rand_score": 0.034308132327560484, "completeness_score": 0.2300064181672887, "fowlkes_mallows_score": 0.14306658276426204, "homogeneity_score": 0.8180481355147506, "v_measure_score": 0.35905825870827673}, "classification": {"f1_score": 0.00013301873485470784, "hamming_loss": 0.9974, "jaccard_score": 6.702023702309079e-05, "accuracy_score": 0.0026, "recall_score": 6.759916725998131e-05, "precision_score": 0.004526355996944233}, "found_clusters": 154, "expected_clusters": 4, "time": 57.401}, "agglomerative": {"clustering": {"adjusted_mutual_info_score": 0.5911672795149999, "adjusted_rand_score": 0.5294311319918461, "completeness_score": 0.6080409323016829, "fowlkes_mallows_score": 0.6559237099131674, "homogeneity_score": 0.5757218865400053, "v_measure_score": 0.5914402227649026}, "classification": {"f1_score": 0.7518930288302261, "hamming_loss": 0.245, "jaccard_score": 0.6260443588770717, "accuracy_score": 0.755, "recall_score": 0.7548518731518561, "precision_score": 0.8094471377283459}, "found_clusters": 4, "expected_clusters": 4, "time": 1.352}, "birch": {"clustering": {"adjusted_mutual_info_score": 0.5280279764066272, "adjusted_rand_score": 0.4466221117687054, "completeness_score": 0.6229479737091221, "fowlkes_mallows_score": 0.6299297993715947, "homogeneity_score": 0.45856435172397236, "v_measure_score": 0.5282634825401399}, "classification": {"f1_score": 0.34162616385157757, "hamming_loss": 0.5836, "jaccard_score": 0.26936038734902157, "accuracy_score": 0.4164, "recall_score": 0.41625275620561936, "precision_score": 0.30452973920462056}, "found_clusters": 3, "expected_clusters": 4, "time": 0.7074}, "dbscan": {"clustering": {"adjusted_mutual_info_score": 0.19430991404847722, "adjusted_rand_score": 0.033930186550000976, "completeness_score": 0.22330715517841204, "fowlkes_mallows_score": 0.4082032270427926, "homogeneity_score": 0.19534213275643836, "v_measure_score": 0.20839063726826274}, "classification": {"f1_score": 0.008059802559319687, "hamming_loss": 0.9078, "jaccard_score": 0.005333634434353859, "accuracy_score": 0.0922, "recall_score": 0.005660546271257101, "precision_score": 0.02867374625842043}, "found_clusters": 65, "expected_clusters": 4, "time": 0.0732}, "k_means": {"clustering": {"adjusted_mutual_info_score": 0.5464847746074387, "adjusted_rand_score": 0.5509988691657152, "completeness_score": 0.5472301557994416, "fowlkes_mallows_score": 0.6634439241165531, "homogeneity_score": 0.5463299699728302, "v_measure_score": 0.546779692383178}, "classification": {"f1_score": 0.7837357968313083, "hamming_loss": 0.2152, "jaccard_score": 0.6558795038807849, "accuracy_score": 0.7848, "recall_score": 0.7848577651476952, "precision_score": 0.7843826163579428}, "found_clusters": 4, "expected_clusters": 4, "time": 0.1889}, "mini_batch_k_means": {"clustering": {"adjusted_mutual_info_score": 0.5527625846480931, "adjusted_rand_score": 0.5483733714877544, "completeness_score": 0.5546700454212731, "fowlkes_mallows_score": 0.6621122129726734, "homogeneity_score": 0.5514474051982049, "v_measure_score": 0.5530540307766216}, "classification": {"f1_score": 0.7792402574595637, "hamming_loss": 0.2202, "jaccard_score": 0.6505060171009196, "accuracy_score": 0.7798, "recall_score": 0.7798214556232722, "precision_score": 0.7850000117598939}, "found_clusters": 4, "expected_clusters": 4, "time": 0.0585}, "mean_shift": {"clustering": {"adjusted_mutual_info_score": 0.01223253512403474, "adjusted_rand_score": 0.00021051241564713392, "completeness_score": 0.20278486790474504, "fowlkes_mallows_score": 0.4962231554902008, "homogeneity_score": 0.006532222078317361, "v_measure_score": 0.012656738075072919}, "classification": {"f1_score": 0.1146404937635205, "hamming_loss": 0.7426, "jaccard_score": 0.07020362610797744, "accuracy_score": 0.2574, "recall_score": 0.2568124961630548, "precision_score": 0.29987112581938524}, "found_clusters": 2, "expected_clusters": 4, "time": 42.7273}, "optics": {"clustering": {"adjusted_mutual_info_score": 0.11432322745303443, "adjusted_rand_score": 0.0006877245349414136, "completeness_score": 0.17050848996336118, "fowlkes_mallows_score": 0.4367136381188713, "homogeneity_score": 0.11599602038700162, "v_measure_score": 0.1380662821242169}, "classification": {"f1_score": 0.0001985702938840349, "hamming_loss": 0.9978, "jaccard_score": 0.00010016025641025641, "accuracy_score": 0.0022, "recall_score": 0.00010016025641025641, "precision_score": 0.011363636363636364}, "found_clusters": 88, "expected_clusters": 4, "time": 6.5856}, "spectral_clustering": {"clustering": {"adjusted_mutual_info_score": 0.6692498402092816, "adjusted_rand_score": 0.6708401506517003, "completeness_score": 0.671474355014012, "fowlkes_mallows_score": 0.7538073882976951, "homogeneity_score": 0.6674684161215875, "v_measure_score": 0.6694653929493115}, "classification": {"f1_score": 0.8501612127577853, "hamming_loss": 0.149, "jaccard_score": 0.7485928704611238, "accuracy_score": 0.851, "recall_score": 0.8511064314488613, "precision_score": 0.8556546730594907}, "found_clusters": 4, "expected_clusters": 4, "time": 6.5508}, "gaussian_mixture_model": {"clustering": {"adjusted_mutual_info_score": 0.879544468915955, "adjusted_rand_score": 0.9154446357830446, "completeness_score": 0.8796488830158649, "fowlkes_mallows_score": 0.9365726005116154, "homogeneity_score": 0.8795965943501813, "v_measure_score": 0.8796227379059558}, "classification": {"f1_score": 0.9674337169407506, "hamming_loss": 0.0326, "jaccard_score": 0.9373220203630116, "accuracy_score": 0.9674, "recall_score": 0.9673950879354225, "precision_score": 0.9675344903286028}, "found_clusters": 4, "expected_clusters": 4, "time": 0.051}}, "classification_alg": {"KNeighborsClassifier": {"clustering": {"adjusted_mutual_info_score": 0.7957762709824717, "adjusted_rand_score": 0.8389541620463282, "completeness_score": 0.7962792974872004, "fowlkes_mallows_score": 0.8792479954849777, "homogeneity_score": 0.796606619267047, "v_measure_score": 0.796442924746483}, "classification": {"f1_score": 0.9338904714199744, "hamming_loss": 0.065, "jaccard_score": 0.8774978658117167, "accuracy_score": 0.935, "recall_score": 0.9344093678037119, "precision_score": 0.9345094298613479}, "time": 0.047}, "DecisionTreeClassifier": {"clustering": {"adjusted_mutual_info_score": 0.6449709021362678, "adjusted_rand_score": 0.7040015720987864, "completeness_score": 0.6462561207564648, "fowlkes_mallows_score": 0.7781411125940461, "homogeneity_score": 0.646004549621387, "v_measure_score": 0.6461303107015924}, "classification": {"f1_score": 0.8738408376167545, "hamming_loss": 0.124, "jaccard_score": 0.7778313963021911, "accuracy_score": 0.876, "recall_score": 0.8741290477189995, "precision_score": 0.8739700410649502}, "time": 0.02}, "RandomForestClassifier": {"clustering": {"adjusted_mutual_info_score": 0.7720452708526788, "adjusted_rand_score": 0.8231774492161171, "completeness_score": 0.7728722654812707, "fowlkes_mallows_score": 0.867457106800272, "homogeneity_score": 0.7727070098134642, "v_measure_score": 0.7727896288126748}, "classification": {"f1_score": 0.9263381969308586, "hamming_loss": 0.072, "jaccard_score": 0.8643831682304888, "accuracy_score": 0.928, "recall_score": 0.9262691536751585, "precision_score": 0.9264350254916294}, "time": 0.7887}, "LinearSVC": {"clustering": {"adjusted_mutual_info_score": 0.5812690115020708, "adjusted_rand_score": 0.6245082843721088, "completeness_score": 0.583940155153805, "fowlkes_mallows_score": 0.7190981061939405, "homogeneity_score": 0.5813442283924332, "v_measure_score": 0.5826393002747666}, "classification": {"f1_score": 0.8197806315933256, "hamming_loss": 0.173, "jaccard_score": 0.7032610946748633, "accuracy_score": 0.827, "recall_score": 0.8202451621455276, "precision_score": 0.8210472482604264}, "time": 0.2445}, "LogisticRegression": {"clustering": {"adjusted_mutual_info_score": 0.6227152557438018,