{"clustering_alg": {"affinity_propagation": {"clustering": {"adjusted_mutual_info_score": 0.30449458403058344, "adjusted_rand_score": 0.028852201179096596, "completeness_score": 0.20163079679200702, "fowlkes_mallows_score": 0.1280149860016599, "homogeneity_score": 0.718902884658525, "v_measure_score": 0.3149324448864509}, "classification": {"f1_score": 3.0967906060128275e-05, "hamming_loss": 0.9994, "jaccard_score": 1.55043653365653e-05, "accuracy_score": 0.0006, "recall_score": 1.5707226430755958e-05, "precision_score": 0.0010957324106113035}, "found_clusters": 153, "expected_clusters": 4, "time": 51.6773}, "agglomerative": {"clustering": {"adjusted_mutual_info_score": 0.39448828611629133, "adjusted_rand_score": 0.31788562323348457, "completeness_score": 0.4096465236340659, "fowlkes_mallows_score": 0.5058624684434954, "homogeneity_score": 0.3811707595857014, "v_measure_score": 0.39489596367824015}, "classification": {"f1_score": 0.6724268506945078, "hamming_loss": 0.329, "jaccard_score": 0.5111138146381285, "accuracy_score": 0.671, "recall_score": 0.6710458092513198, "precision_score": 0.7401289426769523}, "found_clusters": 4, "expected_clusters": 4, "time": 1.4089}, "birch": {"clustering": {"adjusted_mutual_info_score": 0.3166531084631003, "adjusted_rand_score": 0.2750795974221595, "completeness_score": 0.36674059233612416, "fowlkes_mallows_score": 0.49747271771470797, "homogeneity_score": 0.27912381647139045, "v_measure_score": 0.316989239202203}, "classification": {"f1_score": 0.26129534128338155, "hamming_loss": 0.669, "jaccard_score": 0.17967028102539967, "accuracy_score": 0.331, "recall_score": 0.3311082969519759, "precision_score": 0.21726631431517435}, "found_clusters": 3, "expected_clusters": 4, "time": 0.7227}, "dbscan": {"clustering": {"adjusted_mutual_info_score": 0.0728804125876352, "adjusted_rand_score": 0.0014940238186691131, "completeness_score": 0.15602119316172522, "fowlkes_mallows_score": 0.4621874084778466, "homogeneity_score": 0.06454895630318973, "v_measure_score": 0.09131793403775768}, "classification": {"f1_score": 0.00011599246049006813, "hamming_loss": 0.9992, "jaccard_score": 5.8181818181818185e-05, "accuracy_score": 0.0008, "recall_score": 5.822840090254021e-05, "precision_score": 0.014545454545454545}, "found_clusters": 55, "expected_clusters": 4, "time": 0.066}, "k_means": {"clustering": {"adjusted_mutual_info_score": 0.4164639283714301, "adjusted_rand_score": 0.4021967327415307, "completeness_score": 0.4190035180969383, "fowlkes_mallows_score": 0.5537240290622496, "homogeneity_score": 0.4147087008472927, "v_measure_score": 0.41684504722858073}, "classification": {"f1_score": 0.7239615321021575, "hamming_loss": 0.2812, "jaccard_score": 0.5712506058677599, "accuracy_score": 0.7188, "recall_score": 0.7188045412319181, "precision_score": 0.7398915128285762}, "found_clusters": 4, "expected_clusters": 4, "time": 0.0875}, "mini_batch_k_means": {"clustering": {"adjusted_mutual_info_score": 0.41838847538203455, "adjusted_rand_score": 0.40872900783761934, "completeness_score": 0.4204349539802918, "fowlkes_mallows_score": 0.5580615764409191, "homogeneity_score": 0.4171139880929097, "v_measure_score": 0.41876788705453644}, "classification": {"f1_score": 0.7225364149473429, "hamming_loss": 0.2808, "jaccard_score": 0.5700358011289297, "accuracy_score": 0.7192, "recall_score": 0.7191281010434485, "precision_score": 0.7350044870851654}, "found_clusters": 4, "expected_clusters": 4, "time": 0.038}, "mean_shift": {"clustering": {"adjusted_mutual_info_score": 6.406860402152885e-16, "adjusted_rand_score": 0.0, "completeness_score": 1.0, "fowlkes_mallows_score": 0.49985074787783484, "homogeneity_score": 3.2034302010764425e-16, "v_measure_score": 6.406860402152884e-16}, "classification": {"f1_score": 0.10019190788421557, "hamming_loss": 0.7494, "jaccard_score": 0.06265, "accuracy_score": 0.2506, "recall_score": 0.25, "precision_score": 0.06265}, "found_clusters": 1, "expected_clusters": 4, "time": 38.5842}, "optics": {"clustering": {"adjusted_mutual_info_score": 0.10954159938740617, "adjusted_rand_score": 0.0006539488399317466, "completeness_score": 0.169953799415139, "fowlkes_mallows_score": 0.4404863745554246, "homogeneity_score": 0.10873423714796858, "v_measure_score": 0.13261994994621412}, "classification": {"f1_score": 0.00011530904641718966, "hamming_loss": 0.9988, "jaccard_score": 5.785451333467559e-05, "accuracy_score": 0.0012, "recall_score": 5.789309856789693e-05, "precision_score": 0.014056224899598395}, "found_clusters": 83, "expected_clusters": 4, "time": 5.0353}, "spectral_clustering": {"clustering": {"adjusted_mutual_info_score": 0.5033871865003189, "adjusted_rand_score": 0.4691971863571659, "completeness_score": 0.5124095646523951, "fowlkes_mallows_score": 0.6083919484666979, "homogeneity_score": 0.4953112807632054, "v_measure_score": 0.5037153670044845}, "classification": {"f1_score": 0.7633507023574766, "hamming_loss": 0.2392, "jaccard_score": 0.6250189516008932, "accuracy_score": 0.7608, "recall_score": 0.7609048847726496, "precision_score": 0.8014488770389224}, "found_clusters": 4, "expected_clusters": 4, "time": 4.6676}, "gaussian_mixture_model": {"clustering": {"adjusted_mutual_info_score": 0.7543386934779491, "adjusted_rand_score": 0.8060673962268189, "completeness_score": 0.7546461367929715, "fowlkes_mallows_score": 0.8545479893577896, "homogeneity_score": 0.7543506105135983, "v_measure_score": 0.7544983447149252}, "classification": {"f1_score": 0.9225426652943298, "hamming_loss": 0.0774, "jaccard_score": 0.8572550375546082, "accuracy_score": 0.9226, "recall_score": 0.9226289633570812, "precision_score": 0.9230074751375232}, "found_clusters": 4, "expected_clusters": 4, "time": 0.046}}, "classification_alg": {"KNeighborsClassifier": {"clustering": {"adjusted_mutual_info_score": 0.6976152155744499, "adjusted_rand_score": 0.7407306033560785, "completeness_score": 0.6988061195422113, "fowlkes_mallows_score": 0.8057056631776809, "homogeneity_score": 0.6983998503514931, "v_measure_score": 0.6986029258808808}, "classification": {"f1_score": 0.8872933997734223, "hamming_loss": 0.11, "jaccard_score": 0.8019086755928861, "accuracy_score": 0.89, "recall_score": 0.8870502658443312, "precision_score": 0.8885850892336491}, "time": 0.045}, "DecisionTreeClassifier": {"clustering": {"adjusted_mutual_info_score": 0.5831199919239695, "adjusted_rand_score": 0.6400342404544702, "completeness_score": 0.5843575569300349, "fowlkes_mallows_score": 0.7301277425652845, "homogeneity_score": 0.584604467613729, "v_measure_score": 0.5844809861953779}, "classification": {"f1_score": 0.8409233923263347, "hamming_loss": 0.156, "jaccard_score": 0.7292381997357785, "accuracy_score": 0.844, "recall_score": 0.8412663626807535, "precision_score": 0.840845429807287}, "time": 0.018}, "RandomForestClassifier": {"clustering": {"adjusted_mutual_info_score": 0.6708410913141469, "adjusted_rand_score": 0.7282857670033, "completeness_score": 0.6721301970624661, "fowlkes_mallows_score": 0.796390008869303, "homogeneity_score": 0.6717025097194685, "v_measure_score": 0.6719162853332163}, "classification": {"f1_score": 0.8833678475408415, "hamming_loss": 0.114, "jaccard_score": 0.7938910662514764, "accuracy_score": 0.886, "recall_score": 0.8833624949730103, "precision_score": 0.8838719947017868}, "time": 0.615}, "LinearSVC": {"clustering": {"adjusted_mutual_info_score": 0.5707500940289203, "adjusted_rand_score": 0.5947039469375665, "completeness_score": 0.5721242285330983, "fowlkes_mallows_score": 0.6961882161838059, "homogeneity_score": 0.572179188510931, "v_measure_score": 0.5721517072021727}, "classification": {"f1_score": 0.8138766684548757, "hamming_loss": 0.183, "jaccard_score": 0.6931921631513557, "accuracy_score": 0.817, "recall_score": 0.813936122973874, "precision_score": 0.8140311986970588}, "time": 0.228}, "LogisticRegression": {"clustering": {"adjusted_mutual_info_score": 0.5739996199100426, "adjusted_rand_score": 0.6018590094605702,