{"clustering_alg": {"affinity_propagation": {"clustering": {"adjusted_mutual_info_score": 0.23775191156991105, "adjusted_rand_score": 0.016828931010822317, "completeness_score": 0.1591213408948741, "fowlkes_mallows_score": 0.09457322191634426, "homogeneity_score": 0.5949717859418, "v_measure_score": 0.2510902301173791}, "classification": {"f1_score": 0.00011607557412764742, "hamming_loss": 0.9974, "jaccard_score": 5.86608186342859e-05, "accuracy_score": 0.0026, "recall_score": 5.885522068444094e-05, "precision_score": 0.004178720668595307}, "found_clusters": 183, "expected_clusters": 4, "time": 92.396}, "agglomerative": {"clustering": {"adjusted_mutual_info_score": 0.30859420167314305, "adjusted_rand_score": 0.30389678634872413, "completeness_score": 0.3095017386318125, "fowlkes_mallows_score": 0.48162104542253825, "homogeneity_score": 0.3085936597737264, "v_measure_score": 0.3090470321478014}, "classification": {"f1_score": 0.6553328439553118, "hamming_loss": 0.3456, "jaccard_score": 0.490697013694009, "accuracy_score": 0.6544, "recall_score": 0.6597882437195711, "precision_score": 0.6584408532936599}, "found_clusters": 4, "expected_clusters": 4, "time": 2.659}, "birch": {"clustering": {"adjusted_mutual_info_score": 0.20694745095282077, "adjusted_rand_score": 0.07542727610311782, "completeness_score": 0.3527803908927795, "fowlkes_mallows_score": 0.4760219499157946, "homogeneity_score": 0.14690993338716432, "v_measure_score": 0.20743625084611717}, "classification": {"f1_score": 0.07742021479505942, "hamming_loss": 0.8776, "jaccard_score": 0.04194686481018601, "accuracy_score": 0.1224, "recall_score": 0.12287682708738445, "precision_score": 0.09144270636935356}, "found_clusters": 3, "expected_clusters": 4, "time": 0.163}, "dbscan": {"clustering": {"adjusted_mutual_info_score": 2.4458260442392976e-15, "adjusted_rand_score": 0.0, "completeness_score": 1.0, "fowlkes_mallows_score": 0.504213334033565, "homogeneity_score": 8.463344801118061e-16, "v_measure_score": 1.6926689602236107e-15}, "classification": {"f1_score": 0.09722893507330434, "hamming_loss": 0.7586, "jaccard_score": 0.06035, "accuracy_score": 0.2414, "recall_score": 0.25, "precision_score": 0.06035}, "found_clusters": 1, "expected_clusters": 4, "time": 0.6185}, "k_means": {"clustering": {"adjusted_mutual_info_score": 0.3566993353385673, "adjusted_rand_score": 0.3660949353737067, "completeness_score": 0.35701624330090403, "fowlkes_mallows_score": 0.5271247162168836, "homogeneity_score": 0.35722364913550975, "v_measure_score": 0.3571199161042489}, "classification": {"f1_score": 0.6955443494345708, "hamming_loss": 0.305, "jaccard_score": 0.537980580173212, "accuracy_score": 0.695, "recall_score": 0.7062356688797423, "precision_score": 0.7005349083484396}, "found_clusters": 4, "expected_clusters": 4, "time": 1.09}, "mini_batch_k_means": {"clustering": {"adjusted_mutual_info_score": 0.34718893279096336, "adjusted_rand_score": 0.3520839582883092, "completeness_score": 0.34859972837277087, "fowlkes_mallows_score": 0.5180850731914828, "homogeneity_score": 0.34663992682562594, "v_measure_score": 0.3476170653703213}, "classification": {"f1_score": 0.6708180110438102, "hamming_loss": 0.327, "jaccard_score": 0.5127636901127428, "accuracy_score": 0.673, "recall_score": 0.6885965969747256, "precision_score": 0.6793789356696363}, "found_clusters": 4, "expected_clusters": 4, "time": 0.198}, "mean_shift": {"clustering": {"adjusted_mutual_info_score": 2.4458260442392976e-15, "adjusted_rand_score": 0.0, "completeness_score": 1.0, "fowlkes_mallows_score": 0.504213334033565, "homogeneity_score": 8.463344801118061e-16, "v_measure_score": 1.6926689602236107e-15}, "classification": {"f1_score": 0.09722893507330434, "hamming_loss": 0.7586, "jaccard_score": 0.06035, "accuracy_score": 0.2414, "recall_score": 0.25, "precision_score": 0.06035}, "found_clusters": 1, "expected_clusters": 4, "time": 78.5867}, "optics": {"clustering": {"adjusted_mutual_info_score": 0.06870814700637749, "adjusted_rand_score": 0.00184632553549118, "completeness_score": 0.13317865068933235, "fowlkes_mallows_score": 0.45777299412155936, "homogeneity_score": 0.0686163847852322, "v_measure_score": 0.09056949809876859}, "classification": {"f1_score": 0.0003115367515428398, "hamming_loss": 0.9972, "jaccard_score": 0.00015639090016650786, "accuracy_score": 0.0028, "recall_score": 0.00015655408770096242, "precision_score": 0.03140096618357488}, "found_clusters": 69, "expected_clusters": 4, "time": 11.7315}, "spectral_clustering": {"clustering": {"adjusted_mutual_info_score": 0.3678135626481765, "adjusted_rand_score": 0.3731089394224617, "completeness_score": 0.36951930289157103, "fowlkes_mallows_score": 0.5337956819145362, "homogeneity_score": 0.3669465883037336, "v_measure_score": 0.3682284519337708}, "classification": {"f1_score": 0.7056315166227836, "hamming_loss": 0.2948, "jaccard_score": 0.5478265191005136, "accuracy_score": 0.7052, "recall_score": 0.711733015867675, "precision_score": 0.7186951450522253}, "found_clusters": 4, "expected_clusters": 4, "time": 9.5319}, "gaussian_mixture_model": {"clustering": {"adjusted_mutual_info_score": 0.42548160599603224, "adjusted_rand_score": 0.4343166064321153, "completeness_score": 0.42589391882477867, "fowlkes_mallows_score": 0.5781493347523784, "homogeneity_score": 0.42582080772160696, "v_measure_score": 0.4258573601352681}, "classification": {"f1_score": 0.7427283826830199, "hamming_loss": 0.258, "jaccard_score": 0.5932225020367922, "accuracy_score": 0.742, "recall_score": 0.7529720266192538, "precision_score": 0.7482169344584955}, "found_clusters": 4, "expected_clusters": 4, "time": 0.062}}, "classification_alg": {"KNeighborsClassifier": {"clustering": {"adjusted_mutual_info_score": 0.4147998650192352, "adjusted_rand_score": 0.44465856371426987, "completeness_score": 0.41595748770734947, "fowlkes_mallows_score": 0.5851442566465361, "homogeneity_score": 0.41748196198407045, "v_measure_score": 0.41671833061015917}, "classification": {"f1_score": 0.7502094943425985, "hamming_loss": 0.251, "jaccard_score": 0.6020855511904902, "accuracy_score": 0.749, "recall_score": 0.7543458123364211, "precision_score": 0.7495966888818364}, "time": 0.051}, "DecisionTreeClassifier": {"clustering": {"adjusted_mutual_info_score": 0.34065503852641305, "adjusted_rand_score": 0.3594397285940777, "completeness_score": 0.3431406959678416, "fowlkes_mallows_score": 0.5226749807277302, "homogeneity_score": 0.3425053109978674, "v_measure_score": 0.34282270907870427}, "classification": {"f1_score": 0.6986829342062577, "hamming_loss": 0.303, "jaccard_score": 0.5397390681179371, "accuracy_score": 0.697, "recall_score": 0.6971091735988109, "precision_score": 0.7007213910225039}, "time": 0.02}, "RandomForestClassifier": {"clustering": {"adjusted_mutual_info_score": 0.48299655135094705, "adjusted_rand_score": 0.5207463774601804, "completeness_score": 0.4838368173949018, "fowlkes_mallows_score": 0.6419901738239441, "homogeneity_score": 0.48554933020614266, "v_measure_score": 0.484691561142158}, "classification": {"f1_score": 0.7908850827573154, "hamming_loss": 0.21, "jaccard_score": 0.6561148003204733, "accuracy_score": 0.79, "recall_score": 0.7941128956349164, "precision_score": 0.7888807659288526}, "time": 0.8747}, "LinearSVC": {"clustering": {"adjusted_mutual_info_score": 0.3848431303909156, "adjusted_rand_score": 0.4093842249159742, "completeness_score": 0.38672168293681475, "fowlkes_mallows_score": 0.5593227288038563, "homogeneity_score": 0.3870041384488523, "v_measure_score": 0.3868628591363816}, "classification": {"f1_score": 0.7298363396153885, "hamming_loss": 0.273, "jaccard_score": 0.5780425307853805, "accuracy_score": 0.727, "recall_score": 0.7322940422843273, "precision_score": 0.7284239313848689}, "time": 0.031}, "LogisticRegression": {"clustering": {"adjusted_mutual_info_score": 0.382546929860023, "adjusted_rand_score": 0.40282075936249223, "completeness_score": 0.38427757992108647,