{"clustering_alg": {"affinity_propagation": {"clustering": {"adjusted_mutual_info_score": 3.8442557419312195e-18, "adjusted_rand_score": 0.0, "completeness_score": 1.0, "fowlkes_mallows_score": 0.4992747492866781, "homogeneity_score": 1.6017732256847247e-16, "v_measure_score": 3.203546451369449e-16}, "classification": {"f1_score": 0.0, "hamming_loss": 1.0, "jaccard_score": 0.0, "accuracy_score": 0.0, "recall_score": 0.0, "precision_score": 0.0}, "found_clusters": 1, "expected_clusters": 4, "time": 7.5521}, "agglomerative": {"clustering": {"adjusted_mutual_info_score": 0.5544171223336807, "adjusted_rand_score": 0.46070834699347907, "completeness_score": 0.5605553293089195, "fowlkes_mallows_score": 0.598208245626241, "homogeneity_score": 0.5512861710919197, "v_measure_score": 0.5558821128163947}, "classification": {"f1_score": 0.699250110084821, "hamming_loss": 0.297, "jaccard_score": 0.5444529955800846, "accuracy_score": 0.703, "recall_score": 0.7032190806645242, "precision_score": 0.7155151020711006}, "found_clusters": 4, "expected_clusters": 4, "time": 0.03}, "birch": {"clustering": {"adjusted_mutual_info_score": 0.3577712095611547, "adjusted_rand_score": 0.2461393776989147, "completeness_score": 0.45524080056443883, "fowlkes_mallows_score": 0.5116400500619732, "homogeneity_score": 0.29698166110844193, "v_measure_score": 0.3594632599917168}, "classification": {"f1_score": 0.24104706713402368, "hamming_loss": 0.698, "jaccard_score": 0.15949090909090907, "accuracy_score": 0.302, "recall_score": 0.2993640218049667, "precision_score": 0.2773321736889576}, "found_clusters": 3, "expected_clusters": 4, "time": 0.029}, "dbscan": {"clustering": {"adjusted_mutual_info_score": 0.005750440085162038, "adjusted_rand_score": 0.0003732729765758705, "completeness_score": 0.061977652978763675, "fowlkes_mallows_score": 0.49014978141590393, "homogeneity_score": 0.0042080811256372235, "v_measure_score": 0.007881063653379866}, "classification": {"f1_score": 0.08129554655870445, "hamming_loss": 0.749, "jaccard_score": 0.05101626016260162, "accuracy_score": 0.251, "recall_score": 0.19763779527559056, "precision_score": 0.05117227319062182}, "found_clusters": 2, "expected_clusters": 4, "time": 0.009}, "k_means": {"clustering": {"adjusted_mutual_info_score": 0.49394622947593697, "adjusted_rand_score": 0.40423137234839424, "completeness_score": 0.49567103900675596, "fowlkes_mallows_score": 0.5528038052422931, "homogeneity_score": 0.49552127857626926, "v_measure_score": 0.4955961474777715}, "classification": {"f1_score": 0.6831506145090589, "hamming_loss": 0.317, "jaccard_score": 0.519020844274187, "accuracy_score": 0.683, "recall_score": 0.683062018100135, "precision_score": 0.6835148582667765}, "found_clusters": 4, "expected_clusters": 4, "time": 0.041}, "mini_batch_k_means": {"clustering": {"adjusted_mutual_info_score": 0.5129931644773463, "adjusted_rand_score": 0.42815055101673366, "completeness_score": 0.5149219240593961, "fowlkes_mallows_score": 0.5709599808382091, "homogeneity_score": 0.5142421491664915, "v_measure_score": 0.5145818121133149}, "classification": {"f1_score": 0.7017161710416141, "hamming_loss": 0.298, "jaccard_score": 0.5406366196146596, "accuracy_score": 0.702, "recall_score": 0.702128222923893, "precision_score": 0.7027892628767245}, "found_clusters": 4, "expected_clusters": 4, "time": 0.034}, "mean_shift": {"clustering": {"adjusted_mutual_info_score": 3.8442557419312195e-18, "adjusted_rand_score": 0.0, "completeness_score": 1.0, "fowlkes_mallows_score": 0.4992747492866781, "homogeneity_score": 1.6017732256847247e-16, "v_measure_score": 3.203546451369449e-16}, "classification": {"f1_score": 0.10127591706539076, "hamming_loss": 0.746, "jaccard_score": 0.0635, "accuracy_score": 0.254, "recall_score": 0.25, "precision_score": 0.0635}, "found_clusters": 1, "expected_clusters": 4, "time": 6.8435}, "optics": {"clustering": {"adjusted_mutual_info_score": 0.25091573722195426, "adjusted_rand_score": 0.013002445978354397, "completeness_score": 0.22088931898998737, "fowlkes_mallows_score": 0.2695721350869915, "homogeneity_score": 0.41855842395042275, "v_measure_score": 0.28917166803588873}, "classification": {"f1_score": 0.0012890819310144013, "hamming_loss": 0.99, "jaccard_score": 0.0006651980816443948, "accuracy_score": 0.01, "recall_score": 0.0006686294088672855, "precision_score": 0.01864406779661017}, "found_clusters": 59, "expected_clusters": 4, "time": 0.7918}, "spectral_clustering": {"clustering": {"adjusted_mutual_info_score": 0.5198686441849686, "adjusted_rand_score": 0.4376765212420046, "completeness_score": 0.5214490676237493, "fowlkes_mallows_score": 0.5778611198897383, "homogeneity_score": 0.5214186333280707, "v_measure_score": 0.5214338500318239}, "classification": {"f1_score": 0.710055601007659, "hamming_loss": 0.29, "jaccard_score": 0.5508763523457814, "accuracy_score": 0.71, "recall_score": 0.710108045046391, "precision_score": 0.7101392635812925}, "found_clusters": 4, "expected_clusters": 4, "time": 0.273}, "gaussian_mixture_model": {"clustering": {"adjusted_mutual_info_score": 0.742068219977658, "adjusted_rand_score": 0.7740235120183757, "completeness_score": 0.7440846099749312, "fowlkes_mallows_score": 0.8306034202514738, "homogeneity_score": 0.741739895118735, "v_measure_score": 0.7429104025007012}, "classification": {"f1_score": 0.9085622301824574, "hamming_loss": 0.091, "jaccard_score": 0.8328156885796207, "accuracy_score": 0.909, "recall_score": 0.9086061519820876, "precision_score": 0.9118668681365216}, "found_clusters": 4, "expected_clusters": 4, "time": 0.024}}, "classification_alg": {"KNeighborsClassifier": {"clustering": {"adjusted_mutual_info_score": 0.7314042797745866, "adjusted_rand_score": 0.7537428667338033, "completeness_score": 0.7366578213719062, "fowlkes_mallows_score": 0.8151246952124204, "homogeneity_score": 0.7351062804913235, "v_measure_score": 0.7358812331106404}, "classification": {"f1_score": 0.8994551334817626, "hamming_loss": 0.1, "jaccard_score": 0.8186119683887542, "accuracy_score": 0.9, "recall_score": 0.8985938261872103, "precision_score": 0.9022222222222223}, "time": 0.008}, "DecisionTreeClassifier": {"clustering": {"adjusted_mutual_info_score": 0.6924489289585158, "adjusted_rand_score": 0.6966244256394251, "completeness_score": 0.6984250617013665, "fowlkes_mallows_score": 0.7722737786576809, "homogeneity_score": 0.6967293492720729, "v_measure_score": 0.6975761749768993}, "classification": {"f1_score": 0.8684920127837271, "hamming_loss": 0.13, "jaccard_score": 0.7716015214453731, "accuracy_score": 0.87, "recall_score": 0.8679921600207279, "precision_score": 0.8716200725713343}, "time": 0.002}, "RandomForestClassifier": {"clustering": {"adjusted_mutual_info_score": 0.7619472746567132, "adjusted_rand_score": 0.7853191284119954, "completeness_score": 0.766260966146724, "fowlkes_mallows_score": 0.8387364593301602, "homogeneity_score": 0.7655641876418025, "v_measure_score": 0.7659124184230816}, "classification": {"f1_score": 0.9153153637475417, "hamming_loss": 0.085, "jaccard_score": 0.8446882358712715, "accuracy_score": 0.915, "recall_score": 0.9146916446249302, "precision_score": 0.9162441440093287}, "time": 0.205}, "LinearSVC": {"clustering": {"adjusted_mutual_info_score": 0.6267320845065776, "adjusted_rand_score": 0.6435017022481059, "completeness_score": 0.6330118172943924, "fowlkes_mallows_score": 0.7321067678952659, "homogeneity_score": 0.6328822275473074, "v_measure_score": 0.6329470157877898}, "classification": {"f1_score": 0.8495516742165974, "hamming_loss": 0.15, "jaccard_score": 0.7396844367183351, "accuracy_score": 0.85, "recall_score": 0.8494233940346371, "precision_score": 0.851846554792779}, "time": 0.016}, "LogisticRegression": {"clustering": {"adjusted_mutual_info_score": 0.6593845714975213, "adjusted_rand_score": 0.6748881203715684, "completeness_score": 0.6653114029939432, "fowlkes_mallows_score": 0.7557579613091288, "homogeneity_score": 0.664804080405335, "v_measure_score": 0.6650576449500666},