{"clustering_alg": {"affinity_propagation": {"clustering": {"adjusted_mutual_info_score": 0.1593858591141942, "adjusted_rand_score": 0.03590575163698785, "completeness_score": 0.12408451041529789, "fowlkes_mallows_score": 0.14739460010257396, "homogeneity_score": 0.3061502508677758, "v_measure_score": 0.17659430344101829}, "classification": {"f1_score": 0.009247181719480888, "hamming_loss": 0.959, "jaccard_score": 0.004906931458157191, "accuracy_score": 0.041, "recall_score": 0.005673367249377836, "precision_score": 0.026686968825470565}, "found_clusters": 32, "expected_clusters": 4, "time": 4.2368}, "agglomerative": {"clustering": {"adjusted_mutual_info_score": 0.16183426778684123, "adjusted_rand_score": 0.12886559411717727, "completeness_score": 0.1693388922730116, "fowlkes_mallows_score": 0.3677505400826071, "homogeneity_score": 0.16027171170162163, "v_measure_score": 0.16468058851857073}, "classification": {"f1_score": 0.45872353661598175, "hamming_loss": 0.524, "jaccard_score": 0.3029286422945471, "accuracy_score": 0.476, "recall_score": 0.47299755587199666, "precision_score": 0.4981139678871126}, "found_clusters": 4, "expected_clusters": 4, "time": 0.0466}, "birch": {"clustering": {"adjusted_mutual_info_score": 0.09182893696200288, "adjusted_rand_score": 0.03742342360411953, "completeness_score": 0.16059509484562137, "fowlkes_mallows_score": 0.4280384298773655, "homogeneity_score": 0.06569568480275158, "v_measure_score": 0.09324643936655236}, "classification": {"f1_score": 0.13542236818098888, "hamming_loss": 0.787, "jaccard_score": 0.0792070131598604, "accuracy_score": 0.213, "recall_score": 0.25561155024393933, "precision_score": 0.10661890871654084}, "found_clusters": 2, "expected_clusters": 4, "time": 0.018}, "dbscan": {"clustering": {"adjusted_mutual_info_score": 3.3600663632348927e-16, "adjusted_rand_score": 0.0, "completeness_score": 1.0, "fowlkes_mallows_score": 0.5077083491215875, "homogeneity_score": 0.0, "v_measure_score": 0.0}, "classification": {"f1_score": 0.08088851634534786, "hamming_loss": 0.807, "jaccard_score": 0.04825, "accuracy_score": 0.193, "recall_score": 0.25, "precision_score": 0.04825}, "found_clusters": 1, "expected_clusters": 4, "time": 0.08}, "k_means": {"clustering": {"adjusted_mutual_info_score": 0.14572660170709936, "adjusted_rand_score": 0.12348153667393626, "completeness_score": 0.14845579821411042, "fowlkes_mallows_score": 0.34885965151932236, "homogeneity_score": 0.14863473249702314, "v_measure_score": 0.14854521147051444}, "classification": {"f1_score": 0.4151989264256648, "hamming_loss": 0.581, "jaccard_score": 0.2641215534022983, "accuracy_score": 0.419, "recall_score": 0.42766314453882726, "precision_score": 0.42366491087398916}, "found_clusters": 4, "expected_clusters": 4, "time": 0.069}, "mini_batch_k_means": {"clustering": {"adjusted_mutual_info_score": 0.13927285835460487, "adjusted_rand_score": 0.11693143953239098, "completeness_score": 0.1428130809138736, "fowlkes_mallows_score": 0.3468893841516748, "homogeneity_score": 0.14145073958055981, "v_measure_score": 0.14212864572008618}, "classification": {"f1_score": 0.4234683848840641, "hamming_loss": 0.573, "jaccard_score": 0.270647853718626, "accuracy_score": 0.427, "recall_score": 0.4290008417100756, "precision_score": 0.4504682941369025}, "found_clusters": 4, "expected_clusters": 4, "time": 0.041}, "mean_shift": {"clustering": {"adjusted_mutual_info_score": 3.3600663632348927e-16, "adjusted_rand_score": 0.0, "completeness_score": 1.0, "fowlkes_mallows_score": 0.5077083491215875, "homogeneity_score": 0.0, "v_measure_score": 0.0}, "classification": {"f1_score": 0.08088851634534786, "hamming_loss": 0.807, "jaccard_score": 0.04825, "accuracy_score": 0.193, "recall_score": 0.25, "precision_score": 0.04825}, "found_clusters": 1, "expected_clusters": 4, "time": 13.1916}, "optics": {"clustering": {"adjusted_mutual_info_score": 0.08658946915114796, "adjusted_rand_score": 0.010681957244562763, "completeness_score": 0.10353612329592352, "fowlkes_mallows_score": 0.26507659669096917, "homogeneity_score": 0.2072289234638908, "v_measure_score": 0.13808296392368521}, "classification": {"f1_score": 0.0011207379927384365, "hamming_loss": 0.992, "jaccard_score": 0.0005714280478431422, "accuracy_score": 0.008, "recall_score": 0.0005782066320012068, "precision_score": 0.019047619047619046}, "found_clusters": 66, "expected_clusters": 4, "time": 0.7492}, "spectral_clustering": {"clustering": {"adjusted_mutual_info_score": 0.12880446862156827, "adjusted_rand_score": 0.10232798133740915, "completeness_score": 0.13789806249980116, "fowlkes_mallows_score": 0.35800744150631675, "homogeneity_score": 0.12624058193988622, "v_measure_score": 0.131812076913514}, "classification": {"f1_score": 0.40979135196772765, "hamming_loss": 0.576, "jaccard_score": 0.26156255290481784, "accuracy_score": 0.424, "recall_score": 0.44885045081445163, "precision_score": 0.45941957438894465}, "found_clusters": 4, "expected_clusters": 4, "time": 0.2235}, "gaussian_mixture_model": {"clustering": {"adjusted_mutual_info_score": 0.14806981317347911, "adjusted_rand_score": 0.12262209970490709, "completeness_score": 0.15161335226909434, "fowlkes_mallows_score": 0.3512156025149436, "homogeneity_score": 0.1501857590928516, "v_measure_score": 0.15089617922590712}, "classification": {"f1_score": 0.415706066843192, "hamming_loss": 0.581, "jaccard_score": 0.26452549913427775, "accuracy_score": 0.419, "recall_score": 0.4326002728377355, "precision_score": 0.4311254789470557}, "found_clusters": 4, "expected_clusters": 4, "time": 0.011}}, "classification_alg": {"KNeighborsClassifier": {"clustering": {"adjusted_mutual_info_score": 0.10447504490137832, "adjusted_rand_score": 0.11667695460775408, "completeness_score": 0.1204587894276574, "fowlkes_mallows_score": 0.3432575001007321, "homogeneity_score": 0.11873149697041695, "v_measure_score": 0.11958890645071898}, "classification": {"f1_score": 0.49355922190644275, "hamming_loss": 0.495, "jaccard_score": 0.33007643533119846, "accuracy_score": 0.505, "recall_score": 0.4931808786500808, "precision_score": 0.4980270032447891}, "time": 0.007}, "DecisionTreeClassifier": {"clustering": {"adjusted_mutual_info_score": 0.10369748886275537, "adjusted_rand_score": 0.1144326958052743, "completeness_score": 0.12023841325664084, "fowlkes_mallows_score": 0.34343567289753424, "homogeneity_score": 0.11759143247093931, "v_measure_score": 0.11890019277964432}, "classification": {"f1_score": 0.494926736368536, "hamming_loss": 0.495, "jaccard_score": 0.33081893705622634, "accuracy_score": 0.505, "recall_score": 0.49403146804965736, "precision_score": 0.5025087060117301}, "time": 0.002}, "RandomForestClassifier": {"clustering": {"adjusted_mutual_info_score": 0.12072403932808738, "adjusted_rand_score": 0.12288914588148794, "completeness_score": 0.13808443829372663, "fowlkes_mallows_score": 0.3530699413484825, "homogeneity_score": 0.13347616306621307, "v_measure_score": 0.1357412003825295}, "classification": {"f1_score": 0.49270896528479946, "hamming_loss": 0.495, "jaccard_score": 0.3287064683132099, "accuracy_score": 0.505, "recall_score": 0.4924793616195021, "precision_score": 0.5050979608156737}, "time": 0.2671}, "LinearSVC": {"clustering": {"adjusted_mutual_info_score": 0.09872707863779134, "adjusted_rand_score": 0.11828481009123161, "completeness_score": 0.1253244130566866, "fowlkes_mallows_score": 0.3796659262808532, "homogeneity_score": 0.09796280864236094, "v_measure_score": 0.10996716606591876}, "classification": {"f1_score": 0.38665938177622866, "hamming_loss": 0.525, "jaccard_score": 0.2635299625468165, "accuracy_score": 0.475, "recall_score": 0.43775894538606397, "precision_score": 0.3480492943446035}, "time": 0.007}, "LogisticRegression": {"clustering": {"adjusted_mutual_info_score": 0.12328063595905074, "adjusted_rand_score": 0.13183099010590135, "completeness_score": 0.14756823310255487, "fowlkes_mallows_score": 0.3753642946355298, "homogeneity_score": 0.13184487247510435,