{"clustering_alg": {"affinity_propagation": {"clustering": {"adjusted_mutual_info_score": 0.3287917648244301, "adjusted_rand_score": 0.030680415551553455, "completeness_score": 0.2162016420452174, "fowlkes_mallows_score": 0.13603471496398112, "homogeneity_score": 0.7851679308334619, "v_measure_score": 0.339044845230197}, "classification": {"f1_score": 0.00016195368864980794, "hamming_loss": 0.996, "jaccard_score": 8.18051373419846e-05, "accuracy_score": 0.004, "recall_score": 8.213545587092656e-05, "precision_score": 0.006106612685560055}, "found_clusters": 156, "expected_clusters": 4, "time": 71.4531}, "agglomerative": {"clustering": {"adjusted_mutual_info_score": 0.5942830862871038, "adjusted_rand_score": 0.556932951363095, "completeness_score": 0.6053712605911841, "fowlkes_mallows_score": 0.6776136636881278, "homogeneity_score": 0.5841186081076652, "v_measure_score": 0.5945550734479277}, "classification": {"f1_score": 0.7969496317223695, "hamming_loss": 0.2024, "jaccard_score": 0.6804810389863027, "accuracy_score": 0.7976, "recall_score": 0.8161973807319969, "precision_score": 0.8237940901423472}, "found_clusters": 4, "expected_clusters": 4, "time": 2.3887}, "birch": {"clustering": {"adjusted_mutual_info_score": 0.4251844283286497, "adjusted_rand_score": 0.2994924483571143, "completeness_score": 0.5013274015203566, "fowlkes_mallows_score": 0.5312301716645944, "homogeneity_score": 0.36955942559180666, "v_measure_score": 0.42547495442926175}, "classification": {"f1_score": 0.03620396132173878, "hamming_loss": 0.9548, "jaccard_score": 0.01875619266064819, "accuracy_score": 0.0452, "recall_score": 0.05005247186919572, "precision_score": 0.032433278413450145}, "found_clusters": 3, "expected_clusters": 4, "time": 0.151}, "dbscan": {"clustering": {"adjusted_mutual_info_score": -1.8830144498718748e-16, "adjusted_rand_score": 0.0, "completeness_score": 1.0, "fowlkes_mallows_score": 0.5090705162923027, "homogeneity_score": 4.058220797073107e-16, "v_measure_score": 8.11644159414621e-16}, "classification": {"f1_score": 0.12034927866362946, "hamming_loss": 0.683, "jaccard_score": 0.07925, "accuracy_score": 0.317, "recall_score": 0.25, "precision_score": 0.07925}, "found_clusters": 1, "expected_clusters": 4, "time": 0.5356}, "k_means": {"clustering": {"adjusted_mutual_info_score": 0.6259534225082972, "adjusted_rand_score": 0.6013308712664172, "completeness_score": 0.6261623926395192, "fowlkes_mallows_score": 0.7045790428444897, "homogeneity_score": 0.6262370862299241, "v_measure_score": 0.6261997372073445}, "classification": {"f1_score": 0.8252732282921309, "hamming_loss": 0.1758, "jaccard_score": 0.7126846774901047, "accuracy_score": 0.8242, "recall_score": 0.8459094126981332, "precision_score": 0.830891359310571}, "found_clusters": 4, "expected_clusters": 4, "time": 0.224}, "mini_batch_k_means": {"clustering": {"adjusted_mutual_info_score": 0.6049849470441443, "adjusted_rand_score": 0.5710233016073538, "completeness_score": 0.6037625516073191, "fowlkes_mallows_score": 0.6814633721536744, "homogeneity_score": 0.6067336269381717, "v_measure_score": 0.6052444431279751}, "classification": {"f1_score": 0.810621848886756, "hamming_loss": 0.1926, "jaccard_score": 0.6927432075811665, "accuracy_score": 0.8074, "recall_score": 0.8326505988788233, "precision_score": 0.81329133307369}, "found_clusters": 4, "expected_clusters": 4, "time": 0.0601}, "mean_shift": {"clustering": {"adjusted_mutual_info_score": -1.8830144498718748e-16, "adjusted_rand_score": 0.0, "completeness_score": 1.0, "fowlkes_mallows_score": 0.5090705162923027, "homogeneity_score": 4.058220797073107e-16, "v_measure_score": 8.11644159414621e-16}, "classification": {"f1_score": 0.12034927866362946, "hamming_loss": 0.683, "jaccard_score": 0.07925, "accuracy_score": 0.317, "recall_score": 0.25, "precision_score": 0.07925}, "found_clusters": 1, "expected_clusters": 4, "time": 122.7074}, "optics": {"clustering": {"adjusted_mutual_info_score": 0.09707327466444807, "adjusted_rand_score": 0.0016092133271032288, "completeness_score": 0.15893670756394168, "fowlkes_mallows_score": 0.4523087546545198, "homogeneity_score": 0.09978581458589676, "v_measure_score": 0.1225995224542788}, "classification": {"f1_score": 0.00030577546888762967, "hamming_loss": 0.9968, "jaccard_score": 0.00015406087655211035, "accuracy_score": 0.0032, "recall_score": 0.00015413009502609955, "precision_score": 0.021753246753246754}, "found_clusters": 88, "expected_clusters": 4, "time": 9.674}, "spectral_clustering": {"clustering": {"adjusted_mutual_info_score": 0.6061493332632475, "adjusted_rand_score": 0.5654839741977876, "completeness_score": 0.6069230807557981, "fowlkes_mallows_score": 0.6783014647373262, "homogeneity_score": 0.6058956407063664, "v_measure_score": 0.6064089255328796}, "classification": {"f1_score": 0.8042773363717761, "hamming_loss": 0.1978, "jaccard_score": 0.6865172296535543, "accuracy_score": 0.8022, "recall_score": 0.8274027975872437, "precision_score": 0.8127395557442274}, "found_clusters": 4, "expected_clusters": 4, "time": 5.7752}, "gaussian_mixture_model": {"clustering": {"adjusted_mutual_info_score": 0.7092938726498743, "adjusted_rand_score": 0.70341960858364, "completeness_score": 0.7103258558372938, "fowlkes_mallows_score": 0.7805986847890787, "homogeneity_score": 0.7086472192917521, "v_measure_score": 0.7094855446560945}, "classification": {"f1_score": 0.8844731496016494, "hamming_loss": 0.1202, "jaccard_score": 0.7991903864217639, "accuracy_score": 0.8798, "recall_score": 0.8931714195337359, "precision_score": 0.8875510683267094}, "found_clusters": 4, "expected_clusters": 4, "time": 0.0635}}, "classification_alg": {"KNeighborsClassifier": {"clustering": {"adjusted_mutual_info_score": 0.7084017059641083, "adjusted_rand_score": 0.7095566378610896, "completeness_score": 0.7083551914968044, "fowlkes_mallows_score": 0.7855198962660495, "homogeneity_score": 0.7103858657081245, "v_measure_score": 0.7093690753288978}, "classification": {"f1_score": 0.8891408664836664, "hamming_loss": 0.117, "jaccard_score": 0.8077141466466656, "accuracy_score": 0.883, "recall_score": 0.895225147224605, "precision_score": 0.8861429914695289}, "time": 0.07}, "DecisionTreeClassifier": {"clustering": {"adjusted_mutual_info_score": 0.6102595391563761, "adjusted_rand_score": 0.6185980744634042, "completeness_score": 0.6118505350768697, "fowlkes_mallows_score": 0.7188405582873424, "homogeneity_score": 0.6112598354827378, "v_measure_score": 0.6115550426409957}, "classification": {"f1_score": 0.8476347184496278, "hamming_loss": 0.16, "jaccard_score": 0.7442800089226799, "accuracy_score": 0.84, "recall_score": 0.8475676440578374, "precision_score": 0.8478179837182105}, "time": 0.022}, "RandomForestClassifier": {"clustering": {"adjusted_mutual_info_score": 0.7020466503915136, "adjusted_rand_score": 0.7184359997495818, "completeness_score": 0.7042928039462409, "fowlkes_mallows_score": 0.7927383262352162, "homogeneity_score": 0.7017883831323712, "v_measure_score": 0.7030383631831679}, "classification": {"f1_score": 0.8952178031714288, "hamming_loss": 0.111, "jaccard_score": 0.8153811119860026, "accuracy_score": 0.889, "recall_score": 0.8948688855075023, "precision_score": 0.8968533238150016}, "time": 0.794}, "LinearSVC": {"clustering": {"adjusted_mutual_info_score": 0.6712713597100839, "adjusted_rand_score": 0.6818486954604975, "completeness_score": 0.6730023505213242, "fowlkes_mallows_score": 0.7656291342309282, "homogeneity_score": 0.6717279876431026, "v_measure_score": 0.6723645652433993}, "classification": {"f1_score": 0.8730563055429758, "hamming_loss": 0.131, "jaccard_score": 0.7820691247110674, "accuracy_score": 0.869, "recall_score": 0.8782373262205149, "precision_score": 0.8727626546452381}, "time": 0.028}, "LogisticRegression": {"clustering": {"adjusted_mutual_info_score": 0.6768154524333303, "adjusted_rand_score": 0.6899686470967084, "completeness_score": 0.6771363960274405, "fowlkes_mallows_score": 0.7711219312466384,