{"clustering_alg": {"affinity_propagation": {"clustering": {"adjusted_mutual_info_score": 6.442758890425054e-16, "adjusted_rand_score": 0.0, "completeness_score": 1.0, "fowlkes_mallows_score": 0.49985290895034035, "homogeneity_score": 3.2034401802035825e-16, "v_measure_score": 6.406880360407164e-16}, "classification": {"f1_score": 0.0, "hamming_loss": 1.0, "jaccard_score": 0.0, "accuracy_score": 0.0, "recall_score": 0.0, "precision_score": 0.0}, "found_clusters": 1, "expected_clusters": 4, "time": 151.3424}, "agglomerative": {"clustering": {"adjusted_mutual_info_score": 0.47118479114829076, "adjusted_rand_score": 0.4143638259990697, "completeness_score": 0.4767147627079996, "fowlkes_mallows_score": 0.565114535700931, "homogeneity_score": 0.46646100712225047, "v_measure_score": 0.47153214795337545}, "classification": {"f1_score": 0.6931352071522671, "hamming_loss": 0.3036, "jaccard_score": 0.5310629068369956, "accuracy_score": 0.6964, "recall_score": 0.6965299623449288, "precision_score": 0.7115446941220424}, "found_clusters": 4, "expected_clusters": 4, "time": 0.644}, "birch": {"clustering": {"adjusted_mutual_info_score": 0.3023732124301927, "adjusted_rand_score": 0.20750981705438554, "completeness_score": 0.3589522237839277, "fowlkes_mallows_score": 0.46203075318657866, "homogeneity_score": 0.2617239449268523, "v_measure_score": 0.3027227297743168}, "classification": {"f1_score": 0.16064605952930663, "hamming_loss": 0.7498, "jaccard_score": 0.116256743202977, "accuracy_score": 0.2502, "recall_score": 0.2497960556792316, "precision_score": 0.11897227786153737}, "found_clusters": 3, "expected_clusters": 4, "time": 0.084}, "dbscan": {"clustering": {"adjusted_mutual_info_score": 0.0008188172369172602, "adjusted_rand_score": 1.0529036188649803e-05, "completeness_score": 0.05377587703320098, "fowlkes_mallows_score": 0.49866235937063846, "homogeneity_score": 0.0006545872249198069, "v_measure_score": 0.0012934301624862577}, "classification": {"f1_score": 0.08012820512820512, "hamming_loss": 0.75, "jaccard_score": 0.0501002004008016, "accuracy_score": 0.25, "recall_score": 0.19968051118210864, "precision_score": 0.05012028869286287}, "found_clusters": 2, "expected_clusters": 4, "time": 0.07}, "k_means": {"clustering": {"adjusted_mutual_info_score": 0.4401602435637358, "adjusted_rand_score": 0.3383977204386547, "completeness_score": 0.44199366520971123, "fowlkes_mallows_score": 0.505279334466302, "homogeneity_score": 0.4390664957099016, "v_measure_score": 0.4405252179534415}, "classification": {"f1_score": 0.6096694549213095, "hamming_loss": 0.3892, "jaccard_score": 0.43911558046722454, "accuracy_score": 0.6108, "recall_score": 0.6108023575041139, "precision_score": 0.6138767559101823}, "found_clusters": 4, "expected_clusters": 4, "time": 0.093}, "mini_batch_k_means": {"clustering": {"adjusted_mutual_info_score": 0.44072577986404365, "adjusted_rand_score": 0.34408384092674854, "completeness_score": 0.4431037154969208, "fowlkes_mallows_score": 0.5100880199080136, "homogeneity_score": 0.4390961522774429, "v_measure_score": 0.4410908313223636}, "classification": {"f1_score": 0.6204111719569744, "hamming_loss": 0.3776, "jaccard_score": 0.4503448662382783, "accuracy_score": 0.6224, "recall_score": 0.622383167535247, "precision_score": 0.6260430919391693}, "found_clusters": 4, "expected_clusters": 4, "time": 0.028}, "mean_shift": {"clustering": {"adjusted_mutual_info_score": 6.442758890425054e-16, "adjusted_rand_score": 0.0, "completeness_score": 1.0, "fowlkes_mallows_score": 0.49985290895034035, "homogeneity_score": 3.2034401802035825e-16, "v_measure_score": 6.406880360407164e-16}, "classification": {"f1_score": 0.10012795905310301, "hamming_loss": 0.7496, "jaccard_score": 0.0626, "accuracy_score": 0.2504, "recall_score": 0.25, "precision_score": 0.0626}, "found_clusters": 1, "expected_clusters": 4, "time": 45.9227}, "optics": {"clustering": {"adjusted_mutual_info_score": 0.2093077058011582, "adjusted_rand_score": 0.0033050832907506426, "completeness_score": 0.17197545985168775, "fowlkes_mallows_score": 0.2618492964254719, "homogeneity_score": 0.4217276384031224, "v_measure_score": 0.24432011475006868}, "classification": {"f1_score": 2.6522455236726172e-05, "hamming_loss": 0.999, "jaccard_score": 1.3314019129582685e-05, "accuracy_score": 0.001, "recall_score": 1.3314019129582685e-05, "precision_score": 0.0033444816053511705}, "found_clusters": 299, "expected_clusters": 4, "time": 3.2891}, "spectral_clustering": {"clustering": {"adjusted_mutual_info_score": 0.46627085871530183, "adjusted_rand_score": 0.37675350580761874, "completeness_score": 0.47222602130918473, "fowlkes_mallows_score": 0.5375915963173961, "homogeneity_score": 0.46114901823551196, "v_measure_score": 0.46662179056817227}, "classification": {"f1_score": 0.6425172794007826, "hamming_loss": 0.3518, "jaccard_score": 0.47626505261057894, "accuracy_score": 0.6482, "recall_score": 0.6479400653427493, "precision_score": 0.6586579463996238}, "found_clusters": 4, "expected_clusters": 4, "time": 3.474}, "gaussian_mixture_model": {"clustering": {"adjusted_mutual_info_score": 0.7575188804119145, "adjusted_rand_score": 0.7991972330985965, "completeness_score": 0.758470376680649, "fowlkes_mallows_score": 0.8495175252516952, "homogeneity_score": 0.7568844832068012, "v_measure_score": 0.757676600085922}, "classification": {"f1_score": 0.919270329842789, "hamming_loss": 0.0804, "jaccard_score": 0.8515641759576776, "accuracy_score": 0.9196, "recall_score": 0.9194978184090348, "precision_score": 0.9216156640956101}, "found_clusters": 4, "expected_clusters": 4, "time": 0.053}}, "classification_alg": {"KNeighborsClassifier": {"clustering": {"adjusted_mutual_info_score": 0.7033366338290966, "adjusted_rand_score": 0.7411753319478974, "completeness_score": 0.7063804916663408, "fowlkes_mallows_score": 0.8065230483185564, "homogeneity_score": 0.7022478960322827, "v_measure_score": 0.7043081318010016}, "classification": {"f1_score": 0.8940856168460556, "hamming_loss": 0.105, "jaccard_score": 0.8097248872618706, "accuracy_score": 0.895, "recall_score": 0.8952389399785697, "precision_score": 0.8994183956325075}, "time": 0.028}, "DecisionTreeClassifier": {"clustering": {"adjusted_mutual_info_score": 0.6172169180815716, "adjusted_rand_score": 0.6536717300362531, "completeness_score": 0.618170014454816, "fowlkes_mallows_score": 0.7402550101997869, "homogeneity_score": 0.6187623961600734, "v_measure_score": 0.6184660634581076}, "classification": {"f1_score": 0.8557656678133015, "hamming_loss": 0.145, "jaccard_score": 0.7496098942872464, "accuracy_score": 0.855, "recall_score": 0.8578797696637335, "precision_score": 0.8549207253047123}, "time": 0.008}, "RandomForestClassifier": {"clustering": {"adjusted_mutual_info_score": 0.7049500466662213, "adjusted_rand_score": 0.7494903006727712, "completeness_score": 0.7070261054835096, "fowlkes_mallows_score": 0.8124901330560884, "homogeneity_score": 0.7048072098094162, "v_measure_score": 0.7059149139923222}, "classification": {"f1_score": 0.8987723734528359, "hamming_loss": 0.101, "jaccard_score": 0.8170275371195534, "accuracy_score": 0.899, "recall_score": 0.8991962741309343, "precision_score": 0.9014222786394775}, "time": 0.353}, "LinearSVC": {"clustering": {"adjusted_mutual_info_score": 0.5134806471544231, "adjusted_rand_score": 0.5201630932470078, "completeness_score": 0.5161140340060019, "fowlkes_mallows_score": 0.6409593694833223, "homogeneity_score": 0.5140349346372827, "v_measure_score": 0.515072386249268}, "classification": {"f1_score": 0.7838832313336672, "hamming_loss": 0.215, "jaccard_score": 0.6461422986646002, "accuracy_score": 0.785, "recall_score": 0.7858135756390443, "precision_score": 0.7870100430267171}, "time": 0.131}, "LogisticRegression": {"clustering": {"adjusted_mutual_info_score": 0.5124449624114766, "adjusted_rand_score": 0.5207825280077718, "completeness_score": 0.5145277589261343, "fowlkes_mallows_score": 0.6410684643959185,