{"clustering_alg": {"affinity_propagation": {"clustering": {"adjusted_mutual_info_score": 0.3472255625427192, "adjusted_rand_score": 0.0719626857992355, "completeness_score": 0.24983537833580258, "fowlkes_mallows_score": 0.20295808289477768, "homogeneity_score": 0.7127539642052355, "v_measure_score": 0.36998364398568306}, "classification": {"f1_score": 0.004332260636944116, "hamming_loss": 0.966, "jaccard_score": 0.002311729289416916, "accuracy_score": 0.034, "recall_score": 0.002358229791986598, "precision_score": 0.026629542371671304}, "found_clusters": 58, "expected_clusters": 4, "time": 2.134}, "agglomerative": {"clustering": {"adjusted_mutual_info_score": 0.3624530920257786, "adjusted_rand_score": 0.26013890809806084, "completeness_score": 0.4012960287409263, "fowlkes_mallows_score": 0.4863581664989186, "homogeneity_score": 0.33426956456734186, "v_measure_score": 0.36472899224805305}, "classification": {"f1_score": 0.411766143841249, "hamming_loss": 0.533, "jaccard_score": 0.2870377680918926, "accuracy_score": 0.467, "recall_score": 0.46375271163393733, "precision_score": 0.43308042649591205}, "found_clusters": 4, "expected_clusters": 4, "time": 0.047}, "birch": {"clustering": {"adjusted_mutual_info_score": 0.38315579042223086, "adjusted_rand_score": 0.29422345159539715, "completeness_score": 0.46296215345995256, "fowlkes_mallows_score": 0.5243690873301039, "homogeneity_score": 0.3291065124598628, "v_measure_score": 0.38472386620464355}, "classification": {"f1_score": 0.43200504122759853, "hamming_loss": 0.502, "jaccard_score": 0.3043956648959628, "accuracy_score": 0.498, "recall_score": 0.5006643415768336, "precision_score": 0.44296846128972656}, "found_clusters": 3, "expected_clusters": 4, "time": 0.112}, "dbscan": {"clustering": {"adjusted_mutual_info_score": 3.8442557419312195e-18, "adjusted_rand_score": 0.0, "completeness_score": 1.0, "fowlkes_mallows_score": 0.4992747492866781, "homogeneity_score": 1.6017732256847247e-16, "v_measure_score": 3.203546451369449e-16}, "classification": {"f1_score": 0.0, "hamming_loss": 1.0, "jaccard_score": 0.0, "accuracy_score": 0.0, "recall_score": 0.0, "precision_score": 0.0}, "found_clusters": 1, "expected_clusters": 4, "time": 0.015}, "k_means": {"clustering": {"adjusted_mutual_info_score": 0.34488815251483707, "adjusted_rand_score": 0.2683436710340496, "completeness_score": 0.36088872757918977, "fowlkes_mallows_score": 0.4703975714550979, "homogeneity_score": 0.3343401675317163, "v_measure_score": 0.34710754540743327}, "classification": {"f1_score": 0.5392920290496264, "hamming_loss": 0.459, "jaccard_score": 0.381203106570998, "accuracy_score": 0.541, "recall_score": 0.5390168404818867, "precision_score": 0.6051331927920499}, "found_clusters": 4, "expected_clusters": 4, "time": 0.122}, "mini_batch_k_means": {"clustering": {"adjusted_mutual_info_score": 0.32773597401748883, "adjusted_rand_score": 0.27345967821516776, "completeness_score": 0.33251231662625846, "fowlkes_mallows_score": 0.4582775296484674, "homogeneity_score": 0.3274167703240654, "v_measure_score": 0.3299448712159517}, "classification": {"f1_score": 0.6083316384694468, "hamming_loss": 0.395, "jaccard_score": 0.43894061968053766, "accuracy_score": 0.605, "recall_score": 0.6053074400954259, "precision_score": 0.6274465803201023}, "found_clusters": 4, "expected_clusters": 4, "time": 0.049}, "mean_shift": {"clustering": {"adjusted_mutual_info_score": 3.8442557419312195e-18, "adjusted_rand_score": 0.0, "completeness_score": 1.0, "fowlkes_mallows_score": 0.4992747492866781, "homogeneity_score": 1.6017732256847247e-16, "v_measure_score": 3.203546451369449e-16}, "classification": {"f1_score": 0.1, "hamming_loss": 0.75, "jaccard_score": 0.0625, "accuracy_score": 0.25, "recall_score": 0.25, "precision_score": 0.0625}, "found_clusters": 1, "expected_clusters": 4, "time": 8.5746}, "optics": {"clustering": {"adjusted_mutual_info_score": 0.08923651468217238, "adjusted_rand_score": 0.0010396354370073733, "completeness_score": 0.20427516295153847, "fowlkes_mallows_score": 0.4557169384539951, "homogeneity_score": 0.07852797395716435, "v_measure_score": 0.11344509719163774}, "classification": {"f1_score": 0.004161304161304161, "hamming_loss": 0.992, "jaccard_score": 0.002115548809410872, "accuracy_score": 0.008, "recall_score": 0.0021220525571955325, "precision_score": 0.10666666666666667}, "found_clusters": 15, "expected_clusters": 4, "time": 1.8615}, "spectral_clustering": {"clustering": {"adjusted_mutual_info_score": 0.004441948187260196, "adjusted_rand_score": 5.198546335740235e-05, "completeness_score": 0.1931167170968073, "fowlkes_mallows_score": 0.49631811500412987, "homogeneity_score": 0.006027867261236759, "v_measure_score": 0.011690821925565913}, "classification": {"f1_score": 0.1097151382260944, "hamming_loss": 0.742, "jaccard_score": 0.06789133192730681, "accuracy_score": 0.258, "recall_score": 0.2540080321285141, "precision_score": 0.5638832997987928}, "found_clusters": 4, "expected_clusters": 4, "time": 2.1685}, "gaussian_mixture_model": {"clustering": {"adjusted_mutual_info_score": 0.7778329837841012, "adjusted_rand_score": 0.8256809020635699, "completeness_score": 0.7785707361895999, "fowlkes_mallows_score": 0.8691364380186085, "homogeneity_score": 0.7785437224871373, "v_measure_score": 0.7785572291040441}, "classification": {"f1_score": 0.9310231728342221, "hamming_loss": 0.069, "jaccard_score": 0.8719789628612149, "accuracy_score": 0.931, "recall_score": 0.9310544238223575, "precision_score": 0.9312385134281947}, "found_clusters": 4, "expected_clusters": 4, "time": 0.065}}, "classification_alg": {"KNeighborsClassifier": {"clustering": {"adjusted_mutual_info_score": 0.6382141541047819, "adjusted_rand_score": 0.6708026044523545, "completeness_score": 0.6443309963145082, "fowlkes_mallows_score": 0.7529696603964009, "homogeneity_score": 0.6441671899916515, "v_measure_score": 0.6442490827407596}, "classification": {"f1_score": 0.8577400732623379, "hamming_loss": 0.14, "jaccard_score": 0.755087575259989, "accuracy_score": 0.86, "recall_score": 0.8601009369264947, "precision_score": 0.8638361271316952}, "time": 0.01}, "DecisionTreeClassifier": {"clustering": {"adjusted_mutual_info_score": 0.45873777303583585, "adjusted_rand_score": 0.5006371393121724, "completeness_score": 0.4680450557969146, "fowlkes_mallows_score": 0.6254533760873172, "homogeneity_score": 0.4674976053361944, "v_measure_score": 0.4677711703910652}, "classification": {"f1_score": 0.7560498147723175, "hamming_loss": 0.235, "jaccard_score": 0.6167887759170654, "accuracy_score": 0.765, "recall_score": 0.7598021967407653, "precision_score": 0.7556419635599436}, "time": 0.004}, "RandomForestClassifier": {"clustering": {"adjusted_mutual_info_score": 0.6000248251981328, "adjusted_rand_score": 0.6468614451798067, "completeness_score": 0.6067960893488775, "fowlkes_mallows_score": 0.7350308757414713, "homogeneity_score": 0.6065977605460192, "v_measure_score": 0.6066969087390615}, "classification": {"f1_score": 0.8400238028176792, "hamming_loss": 0.155, "jaccard_score": 0.7293375851216866, "accuracy_score": 0.845, "recall_score": 0.8417108222599384, "precision_score": 0.8418560606060606}, "time": 0.4}, "LinearSVC": {"clustering": {"adjusted_mutual_info_score": 0.5143865904317843, "adjusted_rand_score": 0.5368538152896352, "completeness_score": 0.5262146199880406, "fowlkes_mallows_score": 0.6548166784423735, "homogeneity_score": 0.5189370700273975, "v_measure_score": 0.522550507664855}, "classification": {"f1_score": 0.7682233161534735, "hamming_loss": 0.22, "jaccard_score": 0.6326618948590221, "accuracy_score": 0.78, "recall_score": 0.7754015399263153, "precision_score": 0.7771010374130891}, "time": 0.076}, "LogisticRegression": {"clustering": {"adjusted_mutual_info_score": 0.5060664046953489, "adjusted_rand_score": 0.5371068216621772, "completeness_score": 0.5166139955311877, "fowlkes_mallows_score": 0.6540473778279597, "homogeneity_score": 0.5120985606211068,