{"clustering_alg": {"affinity_propagation": {"clustering": {"adjusted_mutual_info_score": -3.1522901447974626e-16, "adjusted_rand_score": 0.0, "completeness_score": 1.0, "fowlkes_mallows_score": 0.4992747492866781, "homogeneity_score": 0.0, "v_measure_score": 0.0}, "classification": {"f1_score": 0.0, "hamming_loss": 1.0, "jaccard_score": 0.0, "accuracy_score": 0.0, "recall_score": 0.0, "precision_score": 0.0}, "found_clusters": 1, "expected_clusters": 4, "time": 7.683}, "agglomerative": {"clustering": {"adjusted_mutual_info_score": 0.42103060627654126, "adjusted_rand_score": 0.34361033660753426, "completeness_score": 0.4432001187722518, "fowlkes_mallows_score": 0.5295403451527727, "homogeneity_score": 0.40457253353744604, "v_measure_score": 0.4230063199780708}, "classification": {"f1_score": 0.6849738885051632, "hamming_loss": 0.315, "jaccard_score": 0.5252593046575765, "accuracy_score": 0.685, "recall_score": 0.6839186364538952, "precision_score": 0.7659749340531602}, "found_clusters": 4, "expected_clusters": 4, "time": 0.036}, "birch": {"clustering": {"adjusted_mutual_info_score": 0.3746049318727119, "adjusted_rand_score": 0.3417870609703874, "completeness_score": 0.43081330806343177, "fowlkes_mallows_score": 0.5404541753428244, "homogeneity_score": 0.3337738837199613, "v_measure_score": 0.37613559980040195}, "classification": {"f1_score": 0.3582907833933584, "hamming_loss": 0.6, "jaccard_score": 0.2572369616473589, "accuracy_score": 0.4, "recall_score": 0.400474502260888, "precision_score": 0.33272906155876464}, "found_clusters": 3, "expected_clusters": 4, "time": 0.023}, "dbscan": {"clustering": {"adjusted_mutual_info_score": 0.009201631069184809, "adjusted_rand_score": 0.0003404538535997031, "completeness_score": 0.08906007529070231, "fowlkes_mallows_score": 0.49012526064474876, "homogeneity_score": 0.006046890383536222, "v_measure_score": 0.011324859520320755}, "classification": {"f1_score": 0.08136142625607781, "hamming_loss": 0.749, "jaccard_score": 0.051068158697863686, "accuracy_score": 0.251, "recall_score": 0.19841897233201583, "precision_score": 0.05117227319062182}, "found_clusters": 2, "expected_clusters": 4, "time": 0.01}, "k_means": {"clustering": {"adjusted_mutual_info_score": 0.44445828845354457, "adjusted_rand_score": 0.3900202996886942, "completeness_score": 0.4534292990922491, "fowlkes_mallows_score": 0.5488316351609442, "homogeneity_score": 0.4393885961736165, "v_measure_score": 0.44629854363033905}, "classification": {"f1_score": 0.7046236492159806, "hamming_loss": 0.298, "jaccard_score": 0.5476437970168686, "accuracy_score": 0.702, "recall_score": 0.7012772617233753, "precision_score": 0.7386846319855878}, "found_clusters": 4, "expected_clusters": 4, "time": 0.047}, "mini_batch_k_means": {"clustering": {"adjusted_mutual_info_score": 0.34754558811978903, "adjusted_rand_score": 0.2745979365373379, "completeness_score": 0.35463459285564436, "fowlkes_mallows_score": 0.46237459020295696, "homogeneity_score": 0.3449064769846586, "v_measure_score": 0.3497028932601551}, "classification": {"f1_score": 0.5730695334983147, "hamming_loss": 0.426, "jaccard_score": 0.40674223786611075, "accuracy_score": 0.574, "recall_score": 0.573142861568924, "precision_score": 0.5998580019440227}, "found_clusters": 4, "expected_clusters": 4, "time": 0.03}, "mean_shift": {"clustering": {"adjusted_mutual_info_score": -3.1522901447974626e-16, "adjusted_rand_score": 0.0, "completeness_score": 1.0, "fowlkes_mallows_score": 0.4992747492866781, "homogeneity_score": 0.0, "v_measure_score": 0.0}, "classification": {"f1_score": 0.10095770151636073, "hamming_loss": 0.747, "jaccard_score": 0.06325, "accuracy_score": 0.253, "recall_score": 0.25, "precision_score": 0.06325}, "found_clusters": 1, "expected_clusters": 4, "time": 6.008}, "optics": {"clustering": {"adjusted_mutual_info_score": 0.22973698564714992, "adjusted_rand_score": 0.02942330895803005, "completeness_score": 0.2083627867980598, "fowlkes_mallows_score": 0.2897903428671448, "homogeneity_score": 0.38583755621255467, "v_measure_score": 0.2705962371427471}, "classification": {"f1_score": 0.0001287001287001287, "hamming_loss": 0.999, "jaccard_score": 6.459948320413436e-05, "accuracy_score": 0.001, "recall_score": 6.640106241699867e-05, "precision_score": 0.0020833333333333333}, "found_clusters": 60, "expected_clusters": 4, "time": 0.6727}, "spectral_clustering": {"clustering": {"adjusted_mutual_info_score": 0.38364901614365365, "adjusted_rand_score": 0.24969640289933254, "completeness_score": 0.41982894840046076, "fowlkes_mallows_score": 0.48026409658393265, "homogeneity_score": 0.3569174750174689, "v_measure_score": 0.38582549899095636}, "classification": {"f1_score": 0.6305191156770367, "hamming_loss": 0.368, "jaccard_score": 0.4663459380533638, "accuracy_score": 0.632, "recall_score": 0.6313465372418869, "precision_score": 0.7593519293269747}, "found_clusters": 4, "expected_clusters": 4, "time": 0.2339}, "gaussian_mixture_model": {"clustering": {"adjusted_mutual_info_score": 0.6913648866319357, "adjusted_rand_score": 0.7264684380192995, "completeness_score": 0.6942967734838743, "fowlkes_mallows_score": 0.7951722463204444, "homogeneity_score": 0.6904615642729662, "v_measure_score": 0.6923738579049131}, "classification": {"f1_score": 0.8814401727894926, "hamming_loss": 0.116, "jaccard_score": 0.7925518511406834, "accuracy_score": 0.884, "recall_score": 0.8842994172607427, "precision_score": 0.8856097504155227}, "found_clusters": 4, "expected_clusters": 4, "time": 0.0199}}, "classification_alg": {"KNeighborsClassifier": {"clustering": {"adjusted_mutual_info_score": 0.5992335069832728, "adjusted_rand_score": 0.622921015419837, "completeness_score": 0.6075604703659612, "fowlkes_mallows_score": 0.7165045205435366, "homogeneity_score": 0.6042545039094043, "v_measure_score": 0.6059029776150064}, "classification": {"f1_score": 0.8315348500847963, "hamming_loss": 0.165, "jaccard_score": 0.7189187068424356, "accuracy_score": 0.835, "recall_score": 0.8362505002000801, "precision_score": 0.8335539687633718}, "time": 0.007}, "DecisionTreeClassifier": {"clustering": {"adjusted_mutual_info_score": 0.5054085861685054, "adjusted_rand_score": 0.5245187573774326, "completeness_score": 0.5143478483255207, "fowlkes_mallows_score": 0.6420779585359085, "homogeneity_score": 0.5129078922632685, "v_measure_score": 0.5136268610649597}, "classification": {"f1_score": 0.7841932817504381, "hamming_loss": 0.215, "jaccard_score": 0.6511779317220752, "accuracy_score": 0.785, "recall_score": 0.7857523009203682, "precision_score": 0.7858485119531632}, "time": 0.002}, "RandomForestClassifier": {"clustering": {"adjusted_mutual_info_score": 0.6065710277890864, "adjusted_rand_score": 0.6457303966888287, "completeness_score": 0.6136847815565366, "fowlkes_mallows_score": 0.733213798981655, "homogeneity_score": 0.6125260537369802, "v_measure_score": 0.6131048701674339}, "classification": {"f1_score": 0.8483475120817557, "hamming_loss": 0.15, "jaccard_score": 0.7405451091199653, "accuracy_score": 0.85, "recall_score": 0.8508623449379752, "precision_score": 0.8488666142557652}, "time": 0.199}, "LinearSVC": {"clustering": {"adjusted_mutual_info_score": 0.4983208393883391, "adjusted_rand_score": 0.4979034050719031, "completeness_score": 0.5086390867670133, "fowlkes_mallows_score": 0.6229971904338454, "homogeneity_score": 0.5047354697809084, "v_measure_score": 0.5066797597185186}, "classification": {"f1_score": 0.782033220942594, "hamming_loss": 0.22, "jaccard_score": 0.6448605120458824, "accuracy_score": 0.78, "recall_score": 0.7805482192877151, "precision_score": 0.7909420289855073}, "time": 0.026}, "LogisticRegression": {"clustering": {"adjusted_mutual_info_score": 0.5018943818834796, "adjusted_rand_score": 0.5060620150189984, "completeness_score": 0.5118649635048802, "fowlkes_mallows_score": 0.6289064114502382, "homogeneity_score": 0.5085227209872529, "v_measure_score": 0.5101883685495411}, "classification": {"f1_score": 0.7866635015373484,