{"clustering_alg": {"affinity_propagation": {"clustering": {"adjusted_mutual_info_score": -1.281370601507323e-15, "adjusted_rand_score": 0.0, "completeness_score": 1.0, "fowlkes_mallows_score": 0.4998499474782395, "homogeneity_score": 6.40685300762983e-16, "v_measure_score": 1.2813706015259653e-15}, "classification": {"f1_score": 0.0, "hamming_loss": 1.0, "jaccard_score": 0.0, "accuracy_score": 0.0, "recall_score": 0.0, "precision_score": 0.0}, "found_clusters": 1, "expected_clusters": 4, "time": 146.305}, "agglomerative": {"clustering": {"adjusted_mutual_info_score": 0.9925767970347892, "adjusted_rand_score": 0.9957444491765263, "completeness_score": 0.9925836823931016, "fowlkes_mallows_score": 0.9968077045678249, "homogeneity_score": 0.9925795582300626, "v_measure_score": 0.9925816203072981}, "classification": {"f1_score": 0.9983999907839469, "hamming_loss": 0.0016, "jaccard_score": 0.9968101890802393, "accuracy_score": 0.9984, "recall_score": 0.9984, "precision_score": 0.998405723267864}, "found_clusters": 4, "expected_clusters": 4, "time": 0.665}, "birch": {"clustering": {"adjusted_mutual_info_score": 0.8570721064109494, "adjusted_rand_score": 0.7141631882897822, "completeness_score": 1.0, "fowlkes_mallows_score": 0.8163876493575091, "homogeneity_score": 0.7500000000000001, "v_measure_score": 0.8571428571428573}, "classification": {"f1_score": 0.6666666666666666, "hamming_loss": 0.25, "jaccard_score": 0.625, "accuracy_score": 0.75, "recall_score": 0.75, "precision_score": 0.625}, "found_clusters": 3, "expected_clusters": 4, "time": 0.162}, "dbscan": {"clustering": {"adjusted_mutual_info_score": 0.8306409625393503, "adjusted_rand_score": 0.7037922941396928, "completeness_score": 0.9446848696129627, "fowlkes_mallows_score": 0.8066677575218182, "homogeneity_score": 0.7413635359653785, "v_measure_score": 0.8307648973684428}, "classification": {"f1_score": 0.6675728394594798, "hamming_loss": 0.2562, "jaccard_score": 0.6202187386695115, "accuracy_score": 0.7438, "recall_score": 0.7438, "precision_score": 0.6796967252191133}, "found_clusters": 4, "expected_clusters": 4, "time": 0.044}, "k_means": {"clustering": {"adjusted_mutual_info_score": 0.9976525086683296, "adjusted_rand_score": 0.9989335466666667, "completeness_score": 0.9976540339623056, "fowlkes_mallows_score": 0.9992000000000001, "homogeneity_score": 0.9976540339623056, "v_measure_score": 0.9976540339623056}, "classification": {"f1_score": 0.9996, "hamming_loss": 0.0004, "jaccard_score": 0.9992006394884092, "accuracy_score": 0.9996, "recall_score": 0.9996, "precision_score": 0.9996}, "found_clusters": 4, "expected_clusters": 4, "time": 0.04}, "mini_batch_k_means": {"clustering": {"adjusted_mutual_info_score": 0.9969543864554749, "adjusted_rand_score": 0.9984009619212275, "completeness_score": 0.9969568831492832, "fowlkes_mallows_score": 0.9988004821140335, "homogeneity_score": 0.996955847568868, "v_measure_score": 0.9969563653588066}, "classification": {"f1_score": 0.9993999991359988, "hamming_loss": 0.0006, "jaccard_score": 0.9988014365522746, "accuracy_score": 0.9994, "recall_score": 0.9994000000000001, "precision_score": 0.9994014365522745}, "found_clusters": 4, "expected_clusters": 4, "time": 0.029}, "mean_shift": {"clustering": {"adjusted_mutual_info_score": 0.6665704110789465, "adjusted_rand_score": 0.49984992496248126, "completeness_score": 1.0, "fowlkes_mallows_score": 0.7069652890828426, "homogeneity_score": 0.5000000000000003, "v_measure_score": 0.666666666666667}, "classification": {"f1_score": 0.3333333333333333, "hamming_loss": 0.5, "jaccard_score": 0.25, "accuracy_score": 0.5, "recall_score": 0.5, "precision_score": 0.25}, "found_clusters": 2, "expected_clusters": 4, "time": 11.4384}, "optics": {"clustering": {"adjusted_mutual_info_score": 0.2399335892324791, "adjusted_rand_score": 0.003975421806620638, "completeness_score": 0.194865753525901, "fowlkes_mallows_score": 0.2716529904939889, "homogeneity_score": 0.4637527560018301, "v_measure_score": 0.2744214714305867}, "classification": {"f1_score": 3.1953645910998444e-05, "hamming_loss": 0.9988, "jaccard_score": 1.6053511705685617e-05, "accuracy_score": 0.0012, "recall_score": 1.6053511705685617e-05, "precision_score": 0.0033444816053511705}, "found_clusters": 299, "expected_clusters": 4, "time": 3.0067}, "spectral_clustering": {"clustering": {"adjusted_mutual_info_score": 0.9976525086683296, "adjusted_rand_score": 0.9989335466666667, "completeness_score": 0.9976540339623056, "fowlkes_mallows_score": 0.9992000000000001, "homogeneity_score": 0.9976540339623056, "v_measure_score": 0.9976540339623056}, "classification": {"f1_score": 0.9996, "hamming_loss": 0.0004, "jaccard_score": 0.9992006394884092, "accuracy_score": 0.9996, "recall_score": 0.9996, "precision_score": 0.9996}, "found_clusters": 4, "expected_clusters": 4, "time": 3.3102}, "gaussian_mixture_model": {"clustering": {"adjusted_mutual_info_score": 0.9976525086683296, "adjusted_rand_score": 0.9989335466666667, "completeness_score": 0.9976540339623056, "fowlkes_mallows_score": 0.9992000000000001, "homogeneity_score": 0.9976540339623056, "v_measure_score": 0.9976540339623056}, "classification": {"f1_score": 0.9996, "hamming_loss": 0.0004, "jaccard_score": 0.9992006394884092, "accuracy_score": 0.9996, "recall_score": 0.9996, "precision_score": 0.9996}, "found_clusters": 4, "expected_clusters": 4, "time": 0.014}}, "classification_alg": {"KNeighborsClassifier": {"clustering": {"adjusted_mutual_info_score": 1.0, "adjusted_rand_score": 1.0, "completeness_score": 1.0, "fowlkes_mallows_score": 1.0, "homogeneity_score": 1.0, "v_measure_score": 1.0}, "classification": {"f1_score": 1.0, "hamming_loss": 0.0, "jaccard_score": 1.0, "accuracy_score": 1.0, "recall_score": 1.0, "precision_score": 1.0}, "time": 0.028}, "DecisionTreeClassifier": {"clustering": {"adjusted_mutual_info_score": 0.9868572644570809, "adjusted_rand_score": 0.9920794548634692, "completeness_score": 0.9868940048406579, "fowlkes_mallows_score": 0.9940563564577718, "homogeneity_score": 0.9869062510614078, "v_measure_score": 0.9869001279130428}, "classification": {"f1_score": 0.996976389946687, "hamming_loss": 0.003, "jaccard_score": 0.993980694894163, "accuracy_score": 0.997, "recall_score": 0.9969918074756785, "precision_score": 0.9969732952469526}, "time": 0.003}, "RandomForestClassifier": {"clustering": {"adjusted_mutual_info_score": 1.0, "adjusted_rand_score": 1.0, "completeness_score": 1.0, "fowlkes_mallows_score": 1.0, "homogeneity_score": 1.0, "v_measure_score": 1.0}, "classification": {"f1_score": 1.0, "hamming_loss": 0.0, "jaccard_score": 1.0, "accuracy_score": 1.0, "recall_score": 1.0, "precision_score": 1.0}, "time": 0.221}, "LinearSVC": {"clustering": {"adjusted_mutual_info_score": 0.9882205120264204, "adjusted_rand_score": 0.9920313757155232, "completeness_score": 0.9882546500627787, "fowlkes_mallows_score": 0.9940202853817411, "homogeneity_score": 0.9882632089515844, "v_measure_score": 0.9882589294886504}, "classification": {"f1_score": 0.996999987999952, "hamming_loss": 0.003, "jaccard_score": 0.9940357617150446, "accuracy_score": 0.997, "recall_score": 0.9970238095238095, "precision_score": 0.9970119521912351}, "time": 0.039}, "LogisticRegression": {"clustering": {"adjusted_mutual_info_score": 1.0, "adjusted_rand_score": 1.0, "completeness_score": 1.0, "fowlkes_mallows_score": 1.0, "homogeneity_score": 1.0, "v_measure_score": 1.0}, "classification": {"f1_score": 1.0, "hamming_loss": 0.0, "jaccard_score": 1.0, "accuracy_score": 1.0, "recall_score": 1.0, "precision_score": 1.0}, "time": 0.094}, "GaussianNB": {"clustering": {"adjusted_mutual_info_score": 1.0, "adjusted_rand_score": 1.0, "completeness_score": 1.0, "fowlkes_mallows_score": 1.0, "homogeneity_score": 1.0, "v_measure_score": 1.0}, "classification": {"f1_score": 1.0, "hamming_loss": 0.0, "jaccard_score": 1.0, "accuracy_score": 1.0, "recall_score": 1.0, "precision_score": 1.0}, "time": 0.001}}}