{"clustering_alg": {"affinity_propagation": {"clustering": {"adjusted_mutual_info_score": -1.281370601507323e-15, "adjusted_rand_score": 0.0, "completeness_score": 1.0, "fowlkes_mallows_score": 0.4998499474782395, "homogeneity_score": 6.40685300762983e-16, "v_measure_score": 1.2813706015259653e-15}, "classification": {"f1_score": 0.0, "hamming_loss": 1.0, "jaccard_score": 0.0, "accuracy_score": 0.0, "recall_score": 0.0, "precision_score": 0.0}, "found_clusters": 1, "expected_clusters": 4, "time": 151.8035}, "agglomerative": {"clustering": {"adjusted_mutual_info_score": 0.9826616335094556, "adjusted_rand_score": 0.9888874692641378, "completeness_score": 0.9826756779468943, "fowlkes_mallows_score": 0.9916639565503217, "homogeneity_score": 0.9826701205286438, "v_measure_score": 0.9826728992299116}, "classification": {"f1_score": 0.9957999670717419, "hamming_loss": 0.0042, "jaccard_score": 0.9916699080088215, "accuracy_score": 0.9958, "recall_score": 0.9958, "precision_score": 0.9958077085297394}, "found_clusters": 4, "expected_clusters": 4, "time": 0.738}, "birch": {"clustering": {"adjusted_mutual_info_score": 0.8570721064109494, "adjusted_rand_score": 0.7141631882897822, "completeness_score": 1.0, "fowlkes_mallows_score": 0.8163876493575091, "homogeneity_score": 0.7500000000000001, "v_measure_score": 0.8571428571428573}, "classification": {"f1_score": 0.25, "hamming_loss": 0.75, "jaccard_score": 0.25, "accuracy_score": 0.25, "recall_score": 0.25, "precision_score": 0.25}, "found_clusters": 3, "expected_clusters": 4, "time": 0.165}, "dbscan": {"clustering": {"adjusted_mutual_info_score": 0.8352704636930576, "adjusted_rand_score": 0.7068885876467823, "completeness_score": 0.9533650340727752, "fowlkes_mallows_score": 0.809174485565525, "homogeneity_score": 0.7434000000000001, "v_measure_score": 0.8353915269323061}, "classification": {"f1_score": 0.668215556322393, "hamming_loss": 0.2544, "jaccard_score": 0.6221909831786752, "accuracy_score": 0.7456, "recall_score": 0.7455999999999999, "precision_score": 0.6875}, "found_clusters": 4, "expected_clusters": 4, "time": 0.176}, "k_means": {"clustering": {"adjusted_mutual_info_score": 0.9890224950344465, "adjusted_rand_score": 0.9936268953722979, "completeness_score": 0.989029627721997, "fowlkes_mallows_score": 0.9952192153722977, "homogeneity_score": 0.989029627721997, "v_measure_score": 0.989029627721997}, "classification": {"f1_score": 0.9976, "hamming_loss": 0.0024, "jaccard_score": 0.9952229299363058, "accuracy_score": 0.9976, "recall_score": 0.9976, "precision_score": 0.9976}, "found_clusters": 4, "expected_clusters": 4, "time": 0.042}, "mini_batch_k_means": {"clustering": {"adjusted_mutual_info_score": 0.9875258502777604, "adjusted_rand_score": 0.9925706913615289, "completeness_score": 0.9875341833732998, "fowlkes_mallows_score": 0.9944269050910575, "homogeneity_score": 0.9875337274656911, "v_measure_score": 0.9875339554194428}, "classification": {"f1_score": 0.9971999982079989, "hamming_loss": 0.0028, "jaccard_score": 0.9944311818375138, "accuracy_score": 0.9972, "recall_score": 0.9972000000000001, "precision_score": 0.99720063283362}, "found_clusters": 4, "expected_clusters": 4, "time": 0.029}, "mean_shift": {"clustering": {"adjusted_mutual_info_score": 0.8496128106552623, "adjusted_rand_score": 0.7120837183538081, "completeness_score": 0.9907023492454333, "fowlkes_mallows_score": 0.8146541725742913, "homogeneity_score": 0.7438138411993502, "v_measure_score": 0.849687219914047}, "classification": {"f1_score": 0.2492025518341308, "hamming_loss": 0.75, "jaccard_score": 0.2484101748807631, "accuracy_score": 0.25, "recall_score": 0.25, "precision_score": 0.2484101748807631}, "found_clusters": 3, "expected_clusters": 4, "time": 8.5313}, "optics": {"clustering": {"adjusted_mutual_info_score": 0.24285437555217487, "adjusted_rand_score": 0.0030073127219265453, "completeness_score": 0.19472331464812992, "fowlkes_mallows_score": 0.2612974583037542, "homogeneity_score": 0.48123745149362757, "v_measure_score": 0.2772591439663704}, "classification": {"f1_score": 5.664438654129377e-05, "hamming_loss": 0.9978, "jaccard_score": 2.8571428571428574e-05, "accuracy_score": 0.0022, "recall_score": 2.8571428571428574e-05, "precision_score": 0.003246753246753247}, "found_clusters": 308, "expected_clusters": 4, "time": 3.4308}, "spectral_clustering": {"clustering": {"adjusted_mutual_info_score": 0.9890224950344465, "adjusted_rand_score": 0.9936268953722979, "completeness_score": 0.989029627721997, "fowlkes_mallows_score": 0.9952192153722977, "homogeneity_score": 0.989029627721997, "v_measure_score": 0.989029627721997}, "classification": {"f1_score": 0.9976, "hamming_loss": 0.0024, "jaccard_score": 0.9952229299363058, "accuracy_score": 0.9976, "recall_score": 0.9976, "precision_score": 0.9976}, "found_clusters": 4, "expected_clusters": 4, "time": 3.714}, "gaussian_mixture_model": {"clustering": {"adjusted_mutual_info_score": 0.9882638260660791, "adjusted_rand_score": 0.9930985790556905, "completeness_score": 0.9882715087339308, "fowlkes_mallows_score": 0.9948228991476671, "homogeneity_score": 0.9882713946719659, "v_measure_score": 0.9882714517029451}, "classification": {"f1_score": 0.9973999995839999, "hamming_loss": 0.0026, "jaccard_score": 0.9948268993002245, "accuracy_score": 0.9974, "recall_score": 0.9974000000000001, "precision_score": 0.9974001583361013}, "found_clusters": 4, "expected_clusters": 4, "time": 0.014}}, "classification_alg": {"KNeighborsClassifier": {"clustering": {"adjusted_mutual_info_score": 0.988342810874636, "adjusted_rand_score": 0.9925286310791352, "completeness_score": 0.9882942233034204, "fowlkes_mallows_score": 0.9943995429172598, "homogeneity_score": 0.9884675435495636, "v_measure_score": 0.98838087582823}, "classification": {"f1_score": 0.9968032864935453, "hamming_loss": 0.003, "jaccard_score": 0.9936472547544859, "accuracy_score": 0.997, "recall_score": 0.9969512195121951, "precision_score": 0.9966960352422908}, "time": 0.0281}, "DecisionTreeClassifier": {"clustering": {"adjusted_mutual_info_score": 0.9806215355989574, "adjusted_rand_score": 0.9876010472940681, "completeness_score": 0.9805988355169721, "fowlkes_mallows_score": 0.9907058624526458, "homogeneity_score": 0.9807708061989127, "v_measure_score": 0.9806848133188445}, "classification": {"f1_score": 0.994672144155909, "hamming_loss": 0.005, "jaccard_score": 0.98945681511471, "accuracy_score": 0.995, "recall_score": 0.9948188879210221, "precision_score": 0.9945659070720255}, "time": 0.003}, "RandomForestClassifier": {"clustering": {"adjusted_mutual_info_score": 0.9852913906141065, "adjusted_rand_score": 0.9900591094403671, "completeness_score": 0.9852303093990965, "fowlkes_mallows_score": 0.9925482737201224, "homogeneity_score": 0.9854485516146526, "v_measure_score": 0.9853394184222914}, "classification": {"f1_score": 0.9957384302916001, "hamming_loss": 0.004, "jaccard_score": 0.9915489944373128, "accuracy_score": 0.996, "recall_score": 0.9959349593495935, "precision_score": 0.9956140350877193}, "time": 0.259}, "LinearSVC": {"clustering": {"adjusted_mutual_info_score": 0.9916405767751432, "adjusted_rand_score": 0.9950086474555087, "completeness_score": 0.9916068567181531, "fowlkes_mallows_score": 0.9962586167459859, "homogeneity_score": 0.9917288989127421, "v_measure_score": 0.9916678740605874}, "classification": {"f1_score": 0.9978684807256236, "hamming_loss": 0.002, "jaccard_score": 0.9957550902942657, "accuracy_score": 0.998, "recall_score": 0.9979674796747967, "precision_score": 0.997787610619469}, "time": 0.084}, "LogisticRegression": {"clustering": {"adjusted_mutual_info_score": 0.9852913906141065, "adjusted_rand_score": 0.9900591094403671, "completeness_score": 0.9852303093990965, "fowlkes_mallows_score": 0.9925482737201224, "homogeneity_score": 0.9854485516146526, "v_measure_score": 0.9853394184222914}, "classification": {"f1_score": 0.9957384302916001, "hamming_loss": 0.004, "jaccard_score": 0.9915489944373128,