{"clustering_alg": {"affinity_propagation": {"clustering": {"adjusted_mutual_info_score": 0.28013770585488673, "adjusted_rand_score": 0.022593779910473167, "completeness_score": 0.18535642845844819, "fowlkes_mallows_score": 0.11267561146870085, "homogeneity_score": 0.6810594091969112, "v_measure_score": 0.2914045061742631}, "classification": {"f1_score": 0.00043820267695239464, "hamming_loss": 0.9906, "jaccard_score": 0.00022237039705099346, "accuracy_score": 0.0094, "recall_score": 0.00022519691622309028, "precision_score": 0.008160106147722246}, "found_clusters": 162, "expected_clusters": 4, "time": 41.2428}, "agglomerative": {"clustering": {"adjusted_mutual_info_score": 0.5160614922415819, "adjusted_rand_score": 0.4534816491964036, "completeness_score": 0.5155742052601561, "fowlkes_mallows_score": 0.5932918623606608, "homogeneity_score": 0.5171858681614157, "v_measure_score": 0.516378779178967}, "classification": {"f1_score": 0.7395515212257315, "hamming_loss": 0.2786, "jaccard_score": 0.6197236629324503, "accuracy_score": 0.7214, "recall_score": 0.7395812445023952, "precision_score": 0.7419741546324097}, "found_clusters": 4, "expected_clusters": 4, "time": 0.7741}, "birch": {"clustering": {"adjusted_mutual_info_score": 0.490196363434643, "adjusted_rand_score": 0.3520276793240719, "completeness_score": 0.5806723821531053, "fowlkes_mallows_score": 0.568216431032756, "homogeneity_score": 0.4245002552125385, "v_measure_score": 0.4904542070800523}, "classification": {"f1_score": 0.14244770366924128, "hamming_loss": 0.8094, "jaccard_score": 0.08302570829365923, "accuracy_score": 0.1906, "recall_score": 0.17599840796222338, "precision_score": 0.12178628772523087}, "found_clusters": 3, "expected_clusters": 4, "time": 0.088}, "dbscan": {"clustering": {"adjusted_mutual_info_score": 1.564526300329657e-15, "adjusted_rand_score": 0.0, "completeness_score": 1.0, "fowlkes_mallows_score": 0.5069155676032604, "homogeneity_score": 7.283943419441223e-16, "v_measure_score": 1.4567886838882435e-15}, "classification": {"f1_score": 0.11585740626920711, "hamming_loss": 0.6984, "jaccard_score": 0.0754, "accuracy_score": 0.3016, "recall_score": 0.25, "precision_score": 0.0754}, "found_clusters": 1, "expected_clusters": 4, "time": 0.48}, "k_means": {"clustering": {"adjusted_mutual_info_score": 0.5204383768963966, "adjusted_rand_score": 0.4645361135087006, "completeness_score": 0.5204954652184564, "fowlkes_mallows_score": 0.6019792558980892, "homogeneity_score": 0.5210110516718263, "v_measure_score": 0.5207531308274133}, "classification": {"f1_score": 0.7494757001922591, "hamming_loss": 0.268, "jaccard_score": 0.6269232337299055, "accuracy_score": 0.732, "recall_score": 0.7534590309060727, "precision_score": 0.7557226127722816}, "found_clusters": 4, "expected_clusters": 4, "time": 0.3136}, "mini_batch_k_means": {"clustering": {"adjusted_mutual_info_score": 0.4770439369495996, "adjusted_rand_score": 0.37457105904926336, "completeness_score": 0.47804633274034264, "fowlkes_mallows_score": 0.5358950169235343, "homogeneity_score": 0.47673111643582394, "v_measure_score": 0.47738781872571234}, "classification": {"f1_score": 0.6583812557222328, "hamming_loss": 0.366, "jaccard_score": 0.5334028913924356, "accuracy_score": 0.634, "recall_score": 0.6549551134462217, "precision_score": 0.6693348057231532}, "found_clusters": 4, "expected_clusters": 4, "time": 0.061}, "mean_shift": {"clustering": {"adjusted_mutual_info_score": 1.564526300329657e-15, "adjusted_rand_score": 0.0, "completeness_score": 1.0, "fowlkes_mallows_score": 0.5069155676032604, "homogeneity_score": 7.283943419441223e-16, "v_measure_score": 1.4567886838882435e-15}, "classification": {"f1_score": 0.11585740626920711, "hamming_loss": 0.6984, "jaccard_score": 0.0754, "accuracy_score": 0.3016, "recall_score": 0.25, "precision_score": 0.0754}, "found_clusters": 1, "expected_clusters": 4, "time": 36.4705}, "optics": {"clustering": {"adjusted_mutual_info_score": 0.10294379244111143, "adjusted_rand_score": 0.006053891784163094, "completeness_score": 0.15589246536235252, "fowlkes_mallows_score": 0.4461643934592474, "homogeneity_score": 0.10841089407085099, "v_measure_score": 0.127886694933312}, "classification": {"f1_score": 0.00010119546761455898, "hamming_loss": 0.9988, "jaccard_score": 5.0722303695349196e-05, "accuracy_score": 0.0012, "recall_score": 5.084037381969325e-05, "precision_score": 0.010675039246467817}, "found_clusters": 91, "expected_clusters": 4, "time": 4.3456}, "spectral_clustering": {"clustering": {"adjusted_mutual_info_score": 0.478661290526802, "adjusted_rand_score": 0.39575792012808925, "completeness_score": 0.48131213983383114, "fowlkes_mallows_score": 0.5530902736280644, "homogeneity_score": 0.476720435944154, "v_measure_score": 0.4790052842210884}, "classification": {"f1_score": 0.6973272353968745, "hamming_loss": 0.328, "jaccard_score": 0.5692458840205962, "accuracy_score": 0.672, "recall_score": 0.6934137320738822, "precision_score": 0.7161418172048287}, "found_clusters": 4, "expected_clusters": 4, "time": 3.3769}, "gaussian_mixture_model": {"clustering": {"adjusted_mutual_info_score": 0.5669867753335623, "adjusted_rand_score": 0.49628930554209083, "completeness_score": 0.5692331361766444, "fowlkes_mallows_score": 0.6270315275319904, "homogeneity_score": 0.5653245361339747, "v_measure_score": 0.567272103507571}, "classification": {"f1_score": 0.7759832184476247, "hamming_loss": 0.2414, "jaccard_score": 0.6610461080825263, "accuracy_score": 0.7586, "recall_score": 0.7829088333679334, "precision_score": 0.7896646642713979}, "found_clusters": 4, "expected_clusters": 4, "time": 0.04}}, "classification_alg": {"KNeighborsClassifier": {"clustering": {"adjusted_mutual_info_score": 0.6095237974302096, "adjusted_rand_score": 0.5859120693351947, "completeness_score": 0.6098847971408703, "fowlkes_mallows_score": 0.6912025188940736, "homogeneity_score": 0.6117308138605606, "v_measure_score": 0.6108064107175698}, "classification": {"f1_score": 0.8309444220142814, "hamming_loss": 0.179, "jaccard_score": 0.7258427443944084, "accuracy_score": 0.821, "recall_score": 0.8323646236464444, "precision_score": 0.8310204284621913}, "time": 0.049}, "DecisionTreeClassifier": {"clustering": {"adjusted_mutual_info_score": 0.5075523880858681, "adjusted_rand_score": 0.4728792254061016, "completeness_score": 0.5105245740724015, "fowlkes_mallows_score": 0.6084893882025598, "homogeneity_score": 0.5078362033093753, "v_measure_score": 0.509176840175706}, "classification": {"f1_score": 0.7629834548903218, "hamming_loss": 0.248, "jaccard_score": 0.6388312005138117, "accuracy_score": 0.752, "recall_score": 0.7598501082583018, "precision_score": 0.767467245320069}, "time": 0.017}, "RandomForestClassifier": {"clustering": {"adjusted_mutual_info_score": 0.6124267761538968, "adjusted_rand_score": 0.5921011544203915, "completeness_score": 0.6128529377209677, "fowlkes_mallows_score": 0.6958588853585639, "homogeneity_score": 0.6145494495401551, "v_measure_score": 0.613700021173842}, "classification": {"f1_score": 0.8304769814712036, "hamming_loss": 0.178, "jaccard_score": 0.7255898481091881, "accuracy_score": 0.822, "recall_score": 0.831613598983963, "precision_score": 0.8301965628333777}, "time": 0.5625}, "LinearSVC": {"clustering": {"adjusted_mutual_info_score": 0.5403436123465025, "adjusted_rand_score": 0.506191032473416, "completeness_score": 0.5456661632345663, "fowlkes_mallows_score": 0.634660226092185, "homogeneity_score": 0.5381196465318786, "v_measure_score": 0.5418666312810814}, "classification": {"f1_score": 0.7705704583015542, "hamming_loss": 0.234, "jaccard_score": 0.6523370953241237, "accuracy_score": 0.766, "recall_score": 0.7716556905897805, "precision_score": 0.7754788763037794}, "time": 0.016}, "LogisticRegression": {"clustering": {"adjusted_mutual_info_score": 0.5535712461152991, "adjusted_rand_score": 0.5240532041288358, "completeness_score": 0.5565449887311869, "fowlkes_mallows_score": 0.6464992545453375,