{"clustering_alg": {"affinity_propagation": {"clustering": {"adjusted_mutual_info_score": -1.281370601507323e-15, "adjusted_rand_score": 0.0, "completeness_score": 1.0, "fowlkes_mallows_score": 0.4998499474782395, "homogeneity_score": 6.40685300762983e-16, "v_measure_score": 1.2813706015259653e-15}, "classification": {"f1_score": 0.0, "hamming_loss": 1.0, "jaccard_score": 0.0, "accuracy_score": 0.0, "recall_score": 0.0, "precision_score": 0.0}, "found_clusters": 1, "expected_clusters": 4, "time": 152.1251}, "agglomerative": {"clustering": {"adjusted_mutual_info_score": 0.8874459181021374, "adjusted_rand_score": 0.8849600236053421, "completeness_score": 0.888746672204471, "fowlkes_mallows_score": 0.9138182839953606, "homogeneity_score": 0.886295018348275, "v_measure_score": 0.8875191521875112}, "classification": {"f1_score": 0.9524291277466913, "hamming_loss": 0.0474, "jaccard_score": 0.9126896834709548, "accuracy_score": 0.9526, "recall_score": 0.9526, "precision_score": 0.9557947596918185}, "found_clusters": 4, "expected_clusters": 4, "time": 0.619}, "birch": {"clustering": {"adjusted_mutual_info_score": 0.8452792185814699, "adjusted_rand_score": 0.7081788426401544, "completeness_score": 0.9866260608625368, "fowlkes_mallows_score": 0.812267967679939, "homogeneity_score": 0.7394740960880044, "v_measure_score": 0.8453558289712825}, "classification": {"f1_score": 0.0010652463382157123, "hamming_loss": 0.9984, "jaccard_score": 0.0005337603416066186, "accuracy_score": 0.0016, "recall_score": 0.0016, "precision_score": 0.0007984031936127744}, "found_clusters": 3, "expected_clusters": 4, "time": 0.154}, "dbscan": {"clustering": {"adjusted_mutual_info_score": 0.5620391564013804, "adjusted_rand_score": 0.3298811225239767, "completeness_score": 0.9308847763283371, "fowlkes_mallows_score": 0.627266273242258, "homogeneity_score": 0.4028152854558068, "v_measure_score": 0.5623072648006711}, "classification": {"f1_score": 0.10020088388911208, "hamming_loss": 0.7506, "jaccard_score": 0.06684534977217904, "accuracy_score": 0.2494, "recall_score": 0.19952, "precision_score": 0.06689914163090128}, "found_clusters": 3, "expected_clusters": 4, "time": 0.046}, "k_means": {"clustering": {"adjusted_mutual_info_score": 0.9131496634900127, "adjusted_rand_score": 0.9229942833186104, "completeness_score": 0.9132201987491887, "fowlkes_mallows_score": 0.942234985819361, "homogeneity_score": 0.9131919932799829, "v_measure_score": 0.9132060957967958}, "classification": {"f1_score": 0.969424349384598, "hamming_loss": 0.0306, "jaccard_score": 0.9422423863780671, "accuracy_score": 0.9694, "recall_score": 0.9694, "precision_score": 0.9694889029312859}, "found_clusters": 4, "expected_clusters": 4, "time": 0.067}, "mini_batch_k_means": {"clustering": {"adjusted_mutual_info_score": 0.9142567402265926, "adjusted_rand_score": 0.9244170393564473, "completeness_score": 0.914313138544828, "fowlkes_mallows_score": 0.9433014791182602, "homogeneity_score": 0.9143117661983665, "v_measure_score": 0.9143124523710823}, "classification": {"f1_score": 0.9700223752235176, "hamming_loss": 0.03, "jaccard_score": 0.9433085976068942, "accuracy_score": 0.97, "recall_score": 0.97, "precision_score": 0.9700467833092046}, "found_clusters": 4, "expected_clusters": 4, "time": 0.039}, "mean_shift": {"clustering": {"adjusted_mutual_info_score": 0.5163861591223181, "adjusted_rand_score": 0.32184386904436557, "completeness_score": 0.8690163799679972, "fowlkes_mallows_score": 0.6167997885216252, "homogeneity_score": 0.3674794729651249, "v_measure_score": 0.5165333641049789}, "classification": {"f1_score": 0.11617195496417605, "hamming_loss": 0.773, "jaccard_score": 0.07566666666666666, "accuracy_score": 0.227, "recall_score": 0.227, "precision_score": 0.078060522696011}, "found_clusters": 2, "expected_clusters": 4, "time": 14.4633}, "optics": {"clustering": {"adjusted_mutual_info_score": 0.2321799985817573, "adjusted_rand_score": 0.0051350623990063975, "completeness_score": 0.1865981693461139, "fowlkes_mallows_score": 0.2597139402701074, "homogeneity_score": 0.46495544528323085, "v_measure_score": 0.2663167941036255}, "classification": {"f1_score": 4.70298064462188e-05, "hamming_loss": 0.9982, "jaccard_score": 2.368421052631579e-05, "accuracy_score": 0.0018, "recall_score": 2.368421052631579e-05, "precision_score": 0.003289473684210526}, "found_clusters": 304, "expected_clusters": 4, "time": 3.5075}, "spectral_clustering": {"clustering": {"adjusted_mutual_info_score": 0.9127245858715688, "adjusted_rand_score": 0.9229316668356091, "completeness_score": 0.9127949132005215, "fowlkes_mallows_score": 0.9421879869289763, "homogeneity_score": 0.9127676759040256, "v_measure_score": 0.9127812943490842}, "classification": {"f1_score": 0.9694304152934603, "hamming_loss": 0.0306, "jaccard_score": 0.9422323716108376, "accuracy_score": 0.9694, "recall_score": 0.9694, "precision_score": 0.9694996971326981}, "found_clusters": 4, "expected_clusters": 4, "time": 3.0836}, "gaussian_mixture_model": {"clustering": {"adjusted_mutual_info_score": 0.9126769309470112, "adjusted_rand_score": 0.9225268624802552, "completeness_score": 0.9127385619379534, "fowlkes_mallows_score": 0.9418838119227719, "homogeneity_score": 0.9127287778022914, "v_measure_score": 0.9127336698439018}, "classification": {"f1_score": 0.969224226407141, "hamming_loss": 0.0308, "jaccard_score": 0.9418864084213939, "accuracy_score": 0.9692, "recall_score": 0.9692000000000001, "precision_score": 0.9692624511882832}, "found_clusters": 4, "expected_clusters": 4, "time": 0.02}}, "classification_alg": {"KNeighborsClassifier": {"clustering": {"adjusted_mutual_info_score": 0.88959935320398, "adjusted_rand_score": 0.8958139755580696, "completeness_score": 0.8899631203448878, "fowlkes_mallows_score": 0.9217838283503313, "homogeneity_score": 0.889955354802974, "v_measure_score": 0.8899592375569909}, "classification": {"f1_score": 0.9582358239445733, "hamming_loss": 0.042, "jaccard_score": 0.9226233020969161, "accuracy_score": 0.958, "recall_score": 0.9581646745083099, "precision_score": 0.9583333333333333}, "time": 0.028}, "DecisionTreeClassifier": {"clustering": {"adjusted_mutual_info_score": 0.8681401530163149, "adjusted_rand_score": 0.8714009972891885, "completeness_score": 0.8685762322341605, "fowlkes_mallows_score": 0.903456390709675, "homogeneity_score": 0.8685637506070857, "v_measure_score": 0.8685699913757818}, "classification": {"f1_score": 0.9472385990092788, "hamming_loss": 0.053, "jaccard_score": 0.90402834799609, "accuracy_score": 0.947, "recall_score": 0.9471839928885503, "precision_score": 0.9472969666320858}, "time": 0.004}, "RandomForestClassifier": {"clustering": {"adjusted_mutual_info_score": 0.8949779480003525, "adjusted_rand_score": 0.9026344442245107, "completeness_score": 0.8953254873483802, "fowlkes_mallows_score": 0.9269042954259089, "homogeneity_score": 0.8953151121047399, "v_measure_score": 0.8953202996965022}, "classification": {"f1_score": 0.9612172319265587, "hamming_loss": 0.039, "jaccard_score": 0.9277495121531392, "accuracy_score": 0.961, "recall_score": 0.9611449751575472, "precision_score": 0.9613049777175882}, "time": 0.256}, "LinearSVC": {"clustering": {"adjusted_mutual_info_score": 0.8500086987518185, "adjusted_rand_score": 0.8628618185304968, "completeness_score": 0.8506047430517789, "fowlkes_mallows_score": 0.8970570481164841, "homogeneity_score": 0.8503906873893382, "v_measure_score": 0.8504977017520253}, "classification": {"f1_score": 0.9454594554909816, "hamming_loss": 0.055, "jaccard_score": 0.8995305554469255, "accuracy_score": 0.945, "recall_score": 0.9451124656729686, "precision_score": 0.9461456992706992}, "time": 0.11}, "LogisticRegression": {"clustering": {"adjusted_mutual_info_score": 0.8951946460324989, "adjusted_rand_score": 0.9045698457022879, "completeness_score": 0.8955633276538788, "fowlkes_mallows_score": 0.9283588954957456, "homogeneity_score": 0.895509273728318, "v_measure_score": 0.8955362998754345},