{"clustering_alg": {"affinity_propagation": {"clustering": {"adjusted_mutual_info_score": 0.1973452700605894, "adjusted_rand_score": 0.012828058144644409, "completeness_score": 0.13374769373636236, "fowlkes_mallows_score": 0.08156565370843141, "homogeneity_score": 0.5011282285202987, "v_measure_score": 0.21114281541041857}, "classification": {"f1_score": 0.00025494263561976605, "hamming_loss": 0.995, "jaccard_score": 0.00012898711271097448, "accuracy_score": 0.005, "recall_score": 0.00013082383269328617, "precision_score": 0.005157088122605364}, "found_clusters": 180, "expected_clusters": 4, "time": 102.531}, "agglomerative": {"clustering": {"adjusted_mutual_info_score": 0.278804954161659, "adjusted_rand_score": 0.21867398658942777, "completeness_score": 0.27962630504528413, "fowlkes_mallows_score": 0.41914667670122796, "homogeneity_score": 0.278931244201409, "v_measure_score": 0.27927834216157305}, "classification": {"f1_score": 0.5810751072900882, "hamming_loss": 0.4298, "jaccard_score": 0.4168281175973858, "accuracy_score": 0.5702, "recall_score": 0.5770995241979489, "precision_score": 0.5888275546101539}, "found_clusters": 4, "expected_clusters": 4, "time": 2.2596}, "birch": {"clustering": {"adjusted_mutual_info_score": 0.29080053647337734, "adjusted_rand_score": 0.2535289358808594, "completeness_score": 0.33433715973660677, "fowlkes_mallows_score": 0.483860571298359, "homogeneity_score": 0.25784444403726126, "v_measure_score": 0.2911504799335225}, "classification": {"f1_score": 0.09959526160926382, "hamming_loss": 0.8862, "jaccard_score": 0.06029583515105662, "accuracy_score": 0.1138, "recall_score": 0.09969953033429821, "precision_score": 0.10012261073577172}, "found_clusters": 3, "expected_clusters": 4, "time": 0.146}, "dbscan": {"clustering": {"adjusted_mutual_info_score": 1.6776435495253644e-15, "adjusted_rand_score": 0.0, "completeness_score": 1.0, "fowlkes_mallows_score": 0.5057140984290135, "homogeneity_score": 5.25192796481991e-16, "v_measure_score": 1.0503855929639817e-15}, "classification": {"f1_score": 0.0799731182795699, "hamming_loss": 0.8096, "jaccard_score": 0.0476, "accuracy_score": 0.1904, "recall_score": 0.25, "precision_score": 0.0476}, "found_clusters": 1, "expected_clusters": 4, "time": 0.6806}, "k_means": {"clustering": {"adjusted_mutual_info_score": 0.3137313871061055, "adjusted_rand_score": 0.23883102461027317, "completeness_score": 0.3134393046341473, "fowlkes_mallows_score": 0.43234397645311423, "homogeneity_score": 0.3149246400345473, "v_measure_score": 0.31418021680614555}, "classification": {"f1_score": 0.5538291721907412, "hamming_loss": 0.46, "jaccard_score": 0.39507226938410117, "accuracy_score": 0.54, "recall_score": 0.5609164130575797, "precision_score": 0.5538350743598037}, "found_clusters": 4, "expected_clusters": 4, "time": 0.135}, "mini_batch_k_means": {"clustering": {"adjusted_mutual_info_score": 0.3154595945781186, "adjusted_rand_score": 0.24084415771496026, "completeness_score": 0.31578782637601116, "fowlkes_mallows_score": 0.43487932726139256, "homogeneity_score": 0.3160286422375371, "v_measure_score": 0.3159081884134791}, "classification": {"f1_score": 0.5571619523029641, "hamming_loss": 0.4578, "jaccard_score": 0.39941479441236705, "accuracy_score": 0.5422, "recall_score": 0.563841773033845, "precision_score": 0.564741976638595}, "found_clusters": 4, "expected_clusters": 4, "time": 0.085}, "mean_shift": {"clustering": {"adjusted_mutual_info_score": 1.6776435495253644e-15, "adjusted_rand_score": 0.0, "completeness_score": 1.0, "fowlkes_mallows_score": 0.5057140984290135, "homogeneity_score": 5.25192796481991e-16, "v_measure_score": 1.0503855929639817e-15}, "classification": {"f1_score": 0.0799731182795699, "hamming_loss": 0.8096, "jaccard_score": 0.0476, "accuracy_score": 0.1904, "recall_score": 0.25, "precision_score": 0.0476}, "found_clusters": 1, "expected_clusters": 4, "time": 85.8763}, "optics": {"clustering": {"adjusted_mutual_info_score": 0.05684920763710123, "adjusted_rand_score": 0.00010518223811291033, "completeness_score": 0.10920901137662976, "fowlkes_mallows_score": 0.45171348049224413, "homogeneity_score": 0.06339522287278541, "v_measure_score": 0.08022201362608182}, "classification": {"f1_score": 0.00042928864854144375, "hamming_loss": 0.9966, "jaccard_score": 0.00021669302536565032, "accuracy_score": 0.0034, "recall_score": 0.00021711889077234575, "precision_score": 0.021002024291497976}, "found_clusters": 76, "expected_clusters": 4, "time": 10.6079}, "spectral_clustering": {"clustering": {"adjusted_mutual_info_score": 0.2593711004872111, "adjusted_rand_score": 0.19736158920185445, "completeness_score": 0.26083042570356124, "fowlkes_mallows_score": 0.40466910846893467, "homogeneity_score": 0.2588937037649744, "v_measure_score": 0.259858456193068}, "classification": {"f1_score": 0.5436761513338447, "hamming_loss": 0.4764, "jaccard_score": 0.3841047418731543, "accuracy_score": 0.5236, "recall_score": 0.5379140337567576, "precision_score": 0.5564810906173289}, "found_clusters": 4, "expected_clusters": 4, "time": 8.187}, "gaussian_mixture_model": {"clustering": {"adjusted_mutual_info_score": 0.3147796592288313, "adjusted_rand_score": 0.23856418622490344, "completeness_score": 0.31518693879605725, "fowlkes_mallows_score": 0.433329689143491, "homogeneity_score": 0.31527069351599374, "v_measure_score": 0.31522881059272295}, "classification": {"f1_score": 0.5524938213292421, "hamming_loss": 0.463, "jaccard_score": 0.3945018313759171, "accuracy_score": 0.537, "recall_score": 0.5589272944386078, "precision_score": 0.5587885660679409}, "found_clusters": 4, "expected_clusters": 4, "time": 0.068}}, "classification_alg": {"KNeighborsClassifier": {"clustering": {"adjusted_mutual_info_score": 0.3587801465552906, "adjusted_rand_score": 0.355025737658118, "completeness_score": 0.3618710689134433, "fowlkes_mallows_score": 0.5217299494448211, "homogeneity_score": 0.3599339654719752, "v_measure_score": 0.3608999178968023}, "classification": {"f1_score": 0.6805699864028896, "hamming_loss": 0.318, "jaccard_score": 0.5223632760732, "accuracy_score": 0.682, "recall_score": 0.6869744436285977, "precision_score": 0.6804376188878716}, "time": 0.073}, "DecisionTreeClassifier": {"clustering": {"adjusted_mutual_info_score": 0.2742415446858499, "adjusted_rand_score": 0.24632057991350198, "completeness_score": 0.2768250565880608, "fowlkes_mallows_score": 0.43996046153313617, "homogeneity_score": 0.2764470201501992, "v_measure_score": 0.27663590921789105}, "classification": {"f1_score": 0.6071138631735802, "hamming_loss": 0.399, "jaccard_score": 0.4424203727361694, "accuracy_score": 0.601, "recall_score": 0.6074198637246246, "precision_score": 0.6070059958025322}, "time": 0.025}, "RandomForestClassifier": {"clustering": {"adjusted_mutual_info_score": 0.41696791800552485, "adjusted_rand_score": 0.396803814402332, "completeness_score": 0.41885257072459164, "fowlkes_mallows_score": 0.5515438836246331, "homogeneity_score": 0.41892715456556306, "v_measure_score": 0.41888985932514183}, "classification": {"f1_score": 0.7087376612499618, "hamming_loss": 0.294, "jaccard_score": 0.5579336925022542, "accuracy_score": 0.706, "recall_score": 0.7134562052840048, "precision_score": 0.7059744024736603}, "time": 1.1696}, "LinearSVC": {"clustering": {"adjusted_mutual_info_score": 0.3465883115712064, "adjusted_rand_score": 0.32377181436174995, "completeness_score": 0.3536584840214734, "fowlkes_mallows_score": 0.5033909049883722, "homogeneity_score": 0.3440210197452782, "v_measure_score": 0.34877318785420947}, "classification": {"f1_score": 0.6164562945102435, "hamming_loss": 0.37, "jaccard_score": 0.46108003138245074, "accuracy_score": 0.63, "recall_score": 0.6352215015467633, "precision_score": 0.6203491715756323}, "time": 0.046}, "LogisticRegression": {"clustering": {"adjusted_mutual_info_score": 0.37866354978072364, "adjusted_rand_score": 0.3456860390117546, "completeness_score": 0.3811385911092635,