{"clustering_alg": {"affinity_propagation": {"clustering": {"adjusted_mutual_info_score": 0.36251840887140424, "adjusted_rand_score": 0.07288510506907397, "completeness_score": 0.25856542338153243, "fowlkes_mallows_score": 0.20855168784560985, "homogeneity_score": 0.7469583076022962, "v_measure_score": 0.3841532230464022}, "classification": {"f1_score": 0.0014836795252225518, "hamming_loss": 0.986, "jaccard_score": 0.0007739938080495357, "accuracy_score": 0.014, "recall_score": 0.0007739938080495357, "precision_score": 0.017857142857142856}, "found_clusters": 56, "expected_clusters": 4, "time": 2.5872}, "agglomerative": {"clustering": {"adjusted_mutual_info_score": 0.5560827881367362, "adjusted_rand_score": 0.5387678986107042, "completeness_score": 0.5541458230876627, "fowlkes_mallows_score": 0.6572144990576413, "homogeneity_score": 0.5609880589529445, "v_measure_score": 0.5575459497328941}, "classification": {"f1_score": 0.803785636259344, "hamming_loss": 0.2, "jaccard_score": 0.6749674654172397, "accuracy_score": 0.8, "recall_score": 0.8214784836080591, "precision_score": 0.8054824228257785}, "found_clusters": 4, "expected_clusters": 4, "time": 0.072}, "birch": {"clustering": {"adjusted_mutual_info_score": 0.4441372351090014, "adjusted_rand_score": 0.3540021917187077, "completeness_score": 0.5174156674298795, "fowlkes_mallows_score": 0.5635728915672622, "homogeneity_score": 0.391192047642441, "v_measure_score": 0.44553637629648374}, "classification": {"f1_score": 0.23331932638491137, "hamming_loss": 0.745, "jaccard_score": 0.1757221483909289, "accuracy_score": 0.255, "recall_score": 0.20836183757224405, "precision_score": 0.28047097942877}, "found_clusters": 3, "expected_clusters": 4, "time": 0.034}, "dbscan": {"clustering": {"adjusted_mutual_info_score": 0.0022876618255079175, "adjusted_rand_score": -0.0009777466855721217, "completeness_score": 0.1664687929114141, "fowlkes_mallows_score": 0.5084972747800934, "homogeneity_score": 0.002494322882375076, "v_measure_score": 0.004915000737404265}, "classification": {"f1_score": 0.09696969696969696, "hamming_loss": 0.68, "jaccard_score": 0.064, "accuracy_score": 0.32, "recall_score": 0.19814241486068113, "precision_score": 0.0641925777331996}, "found_clusters": 2, "expected_clusters": 4, "time": 0.04}, "k_means": {"clustering": {"adjusted_mutual_info_score": 0.5937451442462545, "adjusted_rand_score": 0.5537146669104213, "completeness_score": 0.5914515072675479, "fowlkes_mallows_score": 0.6682903429369476, "homogeneity_score": 0.5987617332739004, "v_measure_score": 0.595084170762332}, "classification": {"f1_score": 0.8068968119257384, "hamming_loss": 0.193, "jaccard_score": 0.6776637028599424, "accuracy_score": 0.807, "recall_score": 0.8365607792067546, "precision_score": 0.8193393816454123}, "found_clusters": 4, "expected_clusters": 4, "time": 0.369}, "mini_batch_k_means": {"clustering": {"adjusted_mutual_info_score": 0.49424515261183594, "adjusted_rand_score": 0.44805162635940743, "completeness_score": 0.49515312859901783, "fowlkes_mallows_score": 0.5914786846224565, "homogeneity_score": 0.49668932296780754, "v_measure_score": 0.49592003613220603}, "classification": {"f1_score": 0.7145016098979178, "hamming_loss": 0.275, "jaccard_score": 0.567434920191726, "accuracy_score": 0.725, "recall_score": 0.72942406177615, "precision_score": 0.7326261672741807}, "found_clusters": 4, "expected_clusters": 4, "time": 0.059}, "mean_shift": {"clustering": {"adjusted_mutual_info_score": -1.355393695201849e-16, "adjusted_rand_score": 0.0, "completeness_score": 1.0, "fowlkes_mallows_score": 0.5107355977909224, "homogeneity_score": 0.0, "v_measure_score": 0.0}, "classification": {"f1_score": 0.12207105064247922, "hamming_loss": 0.677, "jaccard_score": 0.08075, "accuracy_score": 0.323, "recall_score": 0.25, "precision_score": 0.08075}, "found_clusters": 1, "expected_clusters": 4, "time": 15.1995}, "optics": {"clustering": {"adjusted_mutual_info_score": 0.09207701179729125, "adjusted_rand_score": 0.004205808482643154, "completeness_score": 0.18858400427026373, "fowlkes_mallows_score": 0.4596973429074776, "homogeneity_score": 0.08809537716985902, "v_measure_score": 0.12009119651719732}, "classification": {"f1_score": 0.00333032219211081, "hamming_loss": 0.992, "jaccard_score": 0.0016914014735365497, "accuracy_score": 0.008, "recall_score": 0.0017027078395244984, "precision_score": 0.08148148148148149}, "found_clusters": 18, "expected_clusters": 4, "time": 1.2787}, "spectral_clustering": {"clustering": {"adjusted_mutual_info_score": 0.3952658563812016, "adjusted_rand_score": 0.32229523683616873, "completeness_score": 0.39674393715936684, "fowlkes_mallows_score": 0.4985357935330872, "homogeneity_score": 0.3977954269008917, "v_measure_score": 0.3972689862617845}, "classification": {"f1_score": 0.6282011689477169, "hamming_loss": 0.374, "jaccard_score": 0.47566107074792396, "accuracy_score": 0.626, "recall_score": 0.6331580510495932, "precision_score": 0.6579753399700695}, "found_clusters": 4, "expected_clusters": 4, "time": 2.3123}, "gaussian_mixture_model": {"clustering": {"adjusted_mutual_info_score": 0.6750185954113562, "adjusted_rand_score": 0.6507498219593133, "completeness_score": 0.6710393496380469, "fowlkes_mallows_score": 0.7401703011510632, "homogeneity_score": 0.6812136136991234, "v_measure_score": 0.6760882064153629}, "classification": {"f1_score": 0.8550346166184556, "hamming_loss": 0.146, "jaccard_score": 0.7469758163867999, "accuracy_score": 0.854, "recall_score": 0.8767942177702982, "precision_score": 0.8568885466330639}, "found_clusters": 4, "expected_clusters": 4, "time": 0.032}}, "classification_alg": {"KNeighborsClassifier": {"clustering": {"adjusted_mutual_info_score": 0.7182158596232584, "adjusted_rand_score": 0.7215278765157567, "completeness_score": 0.7218219777831587, "fowlkes_mallows_score": 0.7925178691453061, "homogeneity_score": 0.7241049405646349, "v_measure_score": 0.7229616568977943}, "classification": {"f1_score": 0.8944174006032439, "hamming_loss": 0.11, "jaccard_score": 0.8111306189010757, "accuracy_score": 0.89, "recall_score": 0.8976241538281979, "precision_score": 0.8933093869731801}, "time": 0.012}, "DecisionTreeClassifier": {"clustering": {"adjusted_mutual_info_score": 0.6716090622833814, "adjusted_rand_score": 0.6903203469033526, "completeness_score": 0.6773410589200151, "fowlkes_mallows_score": 0.76962324872694, "homogeneity_score": 0.6769637844276014, "v_measure_score": 0.6771523691243237}, "classification": {"f1_score": 0.8764041997606354, "hamming_loss": 0.125, "jaccard_score": 0.7801171119976876, "accuracy_score": 0.875, "recall_score": 0.8761952697745765, "precision_score": 0.8777722454943575}, "time": 0.004}, "RandomForestClassifier": {"clustering": {"adjusted_mutual_info_score": 0.7167859334579837, "adjusted_rand_score": 0.7412225376148656, "completeness_score": 0.7230043131326955, "fowlkes_mallows_score": 0.8078570049050858, "homogeneity_score": 0.7201521757694641, "v_measure_score": 0.7215754260846721}, "classification": {"f1_score": 0.9031439484140942, "hamming_loss": 0.1, "jaccard_score": 0.8238415584717762, "accuracy_score": 0.9, "recall_score": 0.9014027485994397, "precision_score": 0.9064602064602065}, "time": 0.3792}, "LinearSVC": {"clustering": {"adjusted_mutual_info_score": 0.6592435676679129, "adjusted_rand_score": 0.6860422415202309, "completeness_score": 0.6692146863004191, "fowlkes_mallows_score": 0.767949579472605, "homogeneity_score": 0.660905762942804, "v_measure_score": 0.6650342727586047}, "classification": {"f1_score": 0.875965644550287, "hamming_loss": 0.125, "jaccard_score": 0.7797360482654601, "accuracy_score": 0.875, "recall_score": 0.8720587193210617, "precision_score": 0.8858766233766233}, "time": 0.007}, "LogisticRegression": {"clustering": {"adjusted_mutual_info_score": 0.7307280803751864, "adjusted_rand_score": 0.7516485156694208, "completeness_score": 0.737848644853713, "fowlkes_mallows_score": 0.8158947616504714,