{"clustering_alg": {"affinity_propagation": {"clustering": {"adjusted_mutual_info_score": 0.5591408514238996, "adjusted_rand_score": 0.1653906596349343, "completeness_score": 0.38987989103336995, "fowlkes_mallows_score": 0.3415745578096154, "homogeneity_score": 0.9999999999999997, "v_measure_score": 0.5610267384234128}, "classification": {"f1_score": 0.003923998347790169, "hamming_loss": 0.981, "jaccard_score": 0.002111111111111111, "accuracy_score": 0.019, "recall_score": 0.002111111111111111, "precision_score": 0.027777777777777776}, "found_clusters": 36, "expected_clusters": 4, "time": 98.3156}, "agglomerative": {"clustering": {"adjusted_mutual_info_score": 1.0, "adjusted_rand_score": 1.0, "completeness_score": 1.0, "fowlkes_mallows_score": 1.0, "homogeneity_score": 1.0, "v_measure_score": 1.0}, "classification": {"f1_score": 1.0, "hamming_loss": 0.0, "jaccard_score": 1.0, "accuracy_score": 1.0, "recall_score": 1.0, "precision_score": 1.0}, "found_clusters": 4, "expected_clusters": 4, "time": 0.942}, "birch": {"clustering": {"adjusted_mutual_info_score": 0.8570721064109494, "adjusted_rand_score": 0.7141631882897822, "completeness_score": 1.0, "fowlkes_mallows_score": 0.8163876493575091, "homogeneity_score": 0.7500000000000001, "v_measure_score": 0.8571428571428573}, "classification": {"f1_score": 0.16666666666666666, "hamming_loss": 0.75, "jaccard_score": 0.125, "accuracy_score": 0.25, "recall_score": 0.25, "precision_score": 0.125}, "found_clusters": 3, "expected_clusters": 4, "time": 0.8159}, "dbscan": {"clustering": {"adjusted_mutual_info_score": 0.03200268968475857, "adjusted_rand_score": 0.00015102705282319105, "completeness_score": 0.18371284479476593, "fowlkes_mallows_score": 0.4888720788269575, "homogeneity_score": 0.02225387913228002, "v_measure_score": 0.03969887334381389}, "classification": {"f1_score": 0.0009734593120793541, "hamming_loss": 0.9978, "jaccard_score": 0.0004888888888888889, "accuracy_score": 0.0022, "recall_score": 0.0004888888888888889, "precision_score": 0.1111111111111111}, "found_clusters": 18, "expected_clusters": 4, "time": 0.0561}, "k_means": {"clustering": {"adjusted_mutual_info_score": 1.0, "adjusted_rand_score": 1.0, "completeness_score": 1.0, "fowlkes_mallows_score": 1.0, "homogeneity_score": 1.0, "v_measure_score": 1.0}, "classification": {"f1_score": 1.0, "hamming_loss": 0.0, "jaccard_score": 1.0, "accuracy_score": 1.0, "recall_score": 1.0, "precision_score": 1.0}, "found_clusters": 4, "expected_clusters": 4, "time": 0.0398}, "mini_batch_k_means": {"clustering": {"adjusted_mutual_info_score": 1.0, "adjusted_rand_score": 1.0, "completeness_score": 1.0, "fowlkes_mallows_score": 1.0, "homogeneity_score": 1.0, "v_measure_score": 1.0}, "classification": {"f1_score": 1.0, "hamming_loss": 0.0, "jaccard_score": 1.0, "accuracy_score": 1.0, "recall_score": 1.0, "precision_score": 1.0}, "found_clusters": 4, "expected_clusters": 4, "time": 0.036}, "mean_shift": {"clustering": {"adjusted_mutual_info_score": 0.5770293018153215, "adjusted_rand_score": 0.3331999466453248, "completeness_score": 0.9999999999999988, "fowlkes_mallows_score": 0.6323036758870954, "homogeneity_score": 0.40563906222956625, "v_measure_score": 0.5771596324111231}, "classification": {"f1_score": 0.125, "hamming_loss": 0.75, "jaccard_score": 0.08333333333333333, "accuracy_score": 0.25, "recall_score": 0.25, "precision_score": 0.08333333333333333}, "found_clusters": 2, "expected_clusters": 4, "time": 11.5648}, "optics": {"clustering": {"adjusted_mutual_info_score": 0.08381152183344649, "adjusted_rand_score": 0.0002489756998797078, "completeness_score": 0.18345217212516898, "fowlkes_mallows_score": 0.464363775702507, "homogeneity_score": 0.07144336172953776, "v_measure_score": 0.10283773666021694}, "classification": {"f1_score": 0.00033959701154629834, "hamming_loss": 0.9976, "jaccard_score": 0.00017142857142857143, "accuracy_score": 0.0024, "recall_score": 0.00017142857142857143, "precision_score": 0.017857142857142856}, "found_clusters": 56, "expected_clusters": 4, "time": 4.1439}, "spectral_clustering": {"clustering": {"adjusted_mutual_info_score": 1.0, "adjusted_rand_score": 1.0, "completeness_score": 1.0, "fowlkes_mallows_score": 1.0, "homogeneity_score": 1.0, "v_measure_score": 1.0}, "classification": {"f1_score": 1.0, "hamming_loss": 0.0, "jaccard_score": 1.0, "accuracy_score": 1.0, "recall_score": 1.0, "precision_score": 1.0}, "found_clusters": 4, "expected_clusters": 4, "time": 3.9323}, "gaussian_mixture_model": {"clustering": {"adjusted_mutual_info_score": 1.0, "adjusted_rand_score": 1.0, "completeness_score": 1.0, "fowlkes_mallows_score": 1.0, "homogeneity_score": 1.0, "v_measure_score": 1.0}, "classification": {"f1_score": 1.0, "hamming_loss": 0.0, "jaccard_score": 1.0, "accuracy_score": 1.0, "recall_score": 1.0, "precision_score": 1.0}, "found_clusters": 4, "expected_clusters": 4, "time": 0.017}}, "classification_alg": {"KNeighborsClassifier": {"clustering": {"adjusted_mutual_info_score": 1.0, "adjusted_rand_score": 1.0, "completeness_score": 1.0, "fowlkes_mallows_score": 1.0, "homogeneity_score": 1.0, "v_measure_score": 1.0}, "classification": {"f1_score": 1.0, "hamming_loss": 0.0, "jaccard_score": 1.0, "accuracy_score": 1.0, "recall_score": 1.0, "precision_score": 1.0}, "time": 0.047}, "DecisionTreeClassifier": {"clustering": {"adjusted_mutual_info_score": 1.0, "adjusted_rand_score": 1.0, "completeness_score": 1.0, "fowlkes_mallows_score": 1.0, "homogeneity_score": 1.0, "v_measure_score": 1.0}, "classification": {"f1_score": 1.0, "hamming_loss": 0.0, "jaccard_score": 1.0, "accuracy_score": 1.0, "recall_score": 1.0, "precision_score": 1.0}, "time": 0.006}, "RandomForestClassifier": {"clustering": {"adjusted_mutual_info_score": 1.0, "adjusted_rand_score": 1.0, "completeness_score": 1.0, "fowlkes_mallows_score": 1.0, "homogeneity_score": 1.0, "v_measure_score": 1.0}, "classification": {"f1_score": 1.0, "hamming_loss": 0.0, "jaccard_score": 1.0, "accuracy_score": 1.0, "recall_score": 1.0, "precision_score": 1.0}, "time": 0.27}, "LinearSVC": {"clustering": {"adjusted_mutual_info_score": 1.0, "adjusted_rand_score": 1.0, "completeness_score": 1.0, "fowlkes_mallows_score": 1.0, "homogeneity_score": 1.0, "v_measure_score": 1.0}, "classification": {"f1_score": 1.0, "hamming_loss": 0.0, "jaccard_score": 1.0, "accuracy_score": 1.0, "recall_score": 1.0, "precision_score": 1.0}, "time": 0.007}, "LogisticRegression": {"clustering": {"adjusted_mutual_info_score": 1.0, "adjusted_rand_score": 1.0, "completeness_score": 1.0, "fowlkes_mallows_score": 1.0, "homogeneity_score": 1.0, "v_measure_score": 1.0}, "classification": {"f1_score": 1.0, "hamming_loss": 0.0, "jaccard_score": 1.0, "accuracy_score": 1.0, "recall_score": 1.0, "precision_score": 1.0}, "time": 0.132}, "GaussianNB": {"clustering": {"adjusted_mutual_info_score": 1.0, "adjusted_rand_score": 1.0, "completeness_score": 1.0, "fowlkes_mallows_score": 1.0, "homogeneity_score": 1.0, "v_measure_score": 1.0}, "classification": {"f1_score": 1.0, "hamming_loss": 0.0, "jaccard_score": 1.0, "accuracy_score": 1.0, "recall_score": 1.0, "precision_score": 1.0}, "time": 0.002}}}